<TABLE_DEFINITIONS Table="CAINC4" Name="Personal Income and Employment by Major Component" Source="USDOC/BEA/RD"><LINE><Code>10</Code><Description>Personal income (thousands of dollars)</Description><Definition>Consists of the income that persons receive in return for their provision of labor, land, and capital used in current production as well as other income, such as personal current transfer receipts. In the state and local personal income accounts the personal income of an area represents the income received by or on behalf of the persons residing in that area. It is calculated as the sum of wages and salaries, supplements to wages and salaries, proprietors' income with inventory valuation (IVA) and capital consumption adjustments (CCAdj), rental income of persons with capital consumption adjustment (CCAdj), personal dividend income, personal interest income, and personal current transfer receipts, less contributions for government social insurance plus the adjustment for residence.</Definition></LINE><LINE><Code>11</Code><Description>Nonfarm personal income</Description><Definition>Nonfarm personal income is personal income minus farm income.</Definition></LINE><LINE><Code>12</Code><Description>Farm income</Description><Definition>Consists of wages and salaries, employer contributions for employee pension and insurance funds, and proprietors' income in the farm industry (NAICS subsectors 111-Crop Production and 112-Animal Production). Farm personal income comprises the net personal income of sole proprietors, partners, and hired laborers arising directly from the current production of agricultural commodities, both livestock and crops. It excludes corporate farm income.</Definition></LINE><LINE><Code>20</Code><Description>Population (persons)</Description><Definition>The number of individuals (both civilian and military) who reside in a given area.</Definition></LINE><LINE><Code>30</Code><Description>Per capita personal income (dollars)</Description><Definition>The personal income of a given area divided by the resident population of the area. See "personal income."</Definition></LINE><LINE><Code>35</Code><Description>Earnings by place of work</Description><Definition>Consists of compensation of employees and proprietors' income.</Definition></LINE><LINE><Code>36</Code><Description>Less: Contributions for government social insurance</Description><Definition>Consists of all contributions for government social insurance (by employers, employees, self-employed persons, and by other individuals).</Definition></LINE><LINE><Code>37</Code><Description>Employee and self-employed contributions for government social insurance</Description><Definition>Consists of the contributions, or payments, by employees, by the self-employed, and by other individuals who participate in the following government programs: old-age, survivors, and disability insurance (Social Security); hospital insurance (Medicare Part A); supplementary medical insurance (Medicare Parts B and D); unemployment insurance; railroad retirement; veterans' life insurance; and temporary disability insurance.</Definition></LINE><LINE><Code>38</Code><Description>Employer contributions for government social insurance</Description><Definition>Consists of employer payments under the following federal, state, and local government programs: old-age, survivors, and disability insurance; hospital insurance; unemployment insurance; railroad retirement; pension benefit guaranty; veterans' life insurance; publicly administered workers' compensation; military medical insurance; and temporary disability insurance.</Definition></LINE><LINE><Code>42</Code><Description>Plus: Adjustment for residence</Description><Definition>An adjustment made to those components of earnings and employee contributions to social insurance programs (income subject to adjustment) that are reported on a place-of-work basis to convert them to a place-of-residence basis reflecting the net flow of income of interarea commuters. For example, the source data for wages and salaries represent the wages paid by the establishments located in an area. The wages and salaries that the establishments of a given area pay to workers who live outside that area are treated as an outflow and the wages and salaries that the residents of that area receive from establishments located outside that area are treated as an inflow. The adjustment for residence for an area, then, is the net of the inflows to that area and the outflows from that area.</Definition></LINE><LINE><Code>45</Code><Description>Equals: Net earnings by place of residence</Description><Definition>Consists of earnings by place of work less contributions for government social insurance plus the adjustment for residence.</Definition></LINE><LINE><Code>46</Code><Description>Plus: Dividends, interest, and rent</Description><Definition>Consists of personal dividend income, personal interest income, and rental income of persons with capital consumption adjustment (CCAdj).</Definition></LINE><LINE><Code>47</Code><Description>Plus: Personal current transfer receipts</Description><Definition>Receipts of persons from government and business for which no current services are performed. Current transfer receipts from government include Social Security benefits, medical benefits, veterans' benefits, and unemployment insurance benefits. Current transfer receipts from business include liability payments for personal injury and corporate gifts to nonprofit institutions.</Definition></LINE><LINE><Code>50</Code><Description>Wages and salaries</Description><Definition>The remuneration receivable by employees (including corporate officers) from employers for the provision of labor services. It includes commissions, tips, and bonuses; employee gains from exercising stock options; and pay-in-kind. Judicial fees paid to jurors and witnesses are classified as wages and salaries. Wages and salaries are measured before deductions, such as social security contributions, union dues, and voluntary employee contributions to defined contribution pension plans.</Definition></LINE><LINE><Code>60</Code><Description>Supplements to wages and salaries</Description><Definition>Consists of employer contributions for government social insurance and employer contributions for employee pension and insurance funds.</Definition></LINE><LINE><Code>61</Code><Description>Employer contributions for employee pension and insurance funds</Description><Definition>Consists of employer payments to private and government pension plans and to private insurance funds such as for group health and life insurance; workers' compensation; and supplemental unemployment insurance.</Definition></LINE><LINE><Code>62</Code><Description>Employer contributions for government social insurance</Description><Definition>Consists of employer payments under the following federal, state, and local government programs: old-age, survivors, and disability insurance; hospital insurance; unemployment insurance; railroad retirement; pension benefit guaranty; veterans' life insurance; publicly administered workers' compensation; military medical insurance; and temporary disability insurance.</Definition></LINE><LINE><Code>70</Code><Description>Proprietors' income</Description><Definition>Proprietors' income with inventory valuation and capital consumption adjustments is the current-production income (including income in kind) of sole proprietorships, partnerships, and tax-exempt cooperatives. Corporate directors' fees are included in proprietors' income. Proprietors' income includes the interest income received by financial partnerships and the net rental real estate income of those partnerships primarily engaged in the real estate business.</Definition></LINE><LINE><Code>71</Code><Description>Farm proprietors' income</Description><Definition>Farm proprietors' income consists of the income that is received by the sole proprietorships and the partnerships that operate farms. It excludes the income that is received by corporate farms.</Definition></LINE><LINE><Code>72</Code><Description>Nonfarm proprietors' income</Description><Definition>Nonfarm Proprietors' Income consists of the income that is received by nonfarm sole proprietorships and partnerships and the income that is received by tax-exempt cooperatives.  The national estimates of nonfarm proprietors' income are primarily derived from income tax data. Because these data do not always reflect current production and because they are incomplete, the estimates also include four major adjustments--the inventory valuation adjustment, the capital consumption adjustment, the "misreporting" adjustment, and the adjustment for the net margins on owner-built housing. The inventory valuation adjustment offsets the effects of the gains and the losses that result from changes in the prices of products withdrawn from inventories; this adjustment for recent years has been small, but it is important to the definition of proprietors' income. The capital consumption adjustment changes the value of the consumption, or depreciation, of fixed capital from the historical-cost basis used in the source data to a replacement-cost basis. The "misreporting" adjustment adds an estimate of the income of sole proprietors and partnerships that is not reported on tax returns. The adjustment for the net margins on owner-built housing is an addition to the estimate for the construction industry. It is the imputed net income of individuals from the construction or renovation of their own dwellings.  The source data necessary to prepare these adjustments are available only at the national level. Therefore, the national estimates of nonfarm proprietors' income that include the adjustments are allocated to states, and these state estimates are allocated to the counties, in proportion to tax return data that do not reflect the adjustments.  In addition, the national estimates include adjustments made to reflect decreases in monetary and imputed income that result from damage to fixed capital and to inventories that is caused by disasters, such as hurricanes, floods, and earthquakes. These adjustments are attributed to states and counties on the basis of information from the Federal Emergency Management Agency.</Definition></LINE><LINE><Code>7010</Code><Description>Total employment</Description><Definition>A count of jobs, both full-time and part-time. It includes wage and salary jobs, sole proprietorships, and individual general partners, but not unpaid family workers nor volunteers.</Definition></LINE><LINE><Code>7020</Code><Description>Wage and salary employment</Description><Definition>Wage and salary employment, also referred to as wage and salary jobs, measures the average annual number of full-time and part-time jobs in each area by place of work. All jobs for which wages and salaries are paid are counted. Although compensation paid to jurors, expert legal witnesses, prisoners, and justices of the peace (for marriage fees), is counted in wages and salaries, these activities are not counted as jobs in wage and salary employment. Corporate directorships are counted as self-employment. The following description of the sources and methods used in estimating wage and salary employment is divided into two sections: Employment in industries covered by unemployment insurance (UI) programs, and employment in industries not covered by UI.</Definition></LINE><LINE><Code>7040</Code><Description>Proprietors employment</Description><Definition>Consists of farm proprietors employment and nonfarm proprietors employment.</Definition></LINE></TABLE_DEFINITIONS>
