GeoFIPS,GeoName,Region,TableName,LineCode,IndustryClassification,Description,Unit,2012,2013,2014,2015,2016,2017,2018,2019
 "21000","Kentucky",5,SAOACTVA,1,"...","Total Outdoor Recreation","Thousands of dollars",3624471,3691124,3769814,3952847,3970110,4136937,4323491,4513432
 "21000","Kentucky",5,SAOACTVA,2,"..."," Total Core Outdoor Recreation","Thousands of dollars",1762240,1854664,1896294,1986583,2046275,2130558,2206854,2314306
 "21000","Kentucky",5,SAOACTVA,3,"...","  Conventional Outdoor Recreation","Thousands of dollars",1130625,1194178,1210039,1281878,1336066,1398246,1450903,1540915
 "21000","Kentucky",5,SAOACTVA,4,"...","   Bicycling","Thousands of dollars",10048,10701,10728,11113,11927,11997,11599,11946
 "21000","Kentucky",5,SAOACTVA,5,"...","   Boating/Fishing","Thousands of dollars",139763,143629,150283,160725,178793,188076,194850,208757
 "21000","Kentucky",5,SAOACTVA,6,"...","    Canoeing/Kayaking","Thousands of dollars",2852,2857,3033,2621,2720,2826,2864,3012
 "21000","Kentucky",5,SAOACTVA,7,"...","    Fishing (excludes Boating)","Thousands of dollars",24647,25774,26858,31043,45664,48954,48407,51613
 "21000","Kentucky",5,SAOACTVA,8,"...","    Sailing","Thousands of dollars",12262,12851,13725,14494,15345,16100,17193,18041
 "21000","Kentucky",5,SAOACTVA,9,"...","    Other Boating","Thousands of dollars",100003,102146,106667,112567,115064,120196,126387,136091
 "21000","Kentucky",5,SAOACTVA,10,"...","   Climbing/Hiking/Tent Camping","Thousands of dollars",22457,24811,25188,25333,25157,24604,25196,25469
 "21000","Kentucky",5,SAOACTVA,11,"...","   Equestrian","Thousands of dollars",174013,187041,203755,214777,227797,244322,269793,281922
 "21000","Kentucky",5,SAOACTVA,12,"...","   Hunting/Shooting/Trapping","Thousands of dollars",92989,118812,101529,112503,131123,135698,141557,185137
 "21000","Kentucky",5,SAOACTVA,13,"...","    Hunting/Trapping","Thousands of dollars",44636,55253,47387,54788,61260,65338,67329,87461
 "21000","Kentucky",5,SAOACTVA,14,"...","    Shooting (includes Archery)","Thousands of dollars",48352,63558,54142,57715,69863,70360,74227,97676
 "21000","Kentucky",5,SAOACTVA,15,"...","   Motorcycling/ATVing","Thousands of dollars",84212,81472,83988,88408,89448,92742,94177,98458
 "21000","Kentucky",5,SAOACTVA,16,"...","   Recreational Flying","Thousands of dollars",21508,21317,19659,20363,20784,24494,22500,22028
 "21000","Kentucky",5,SAOACTVA,17,"...","   RVing","Thousands of dollars",96008,100535,105790,111944,113992,119827,127071,136427
 "21000","Kentucky",5,SAOACTVA,18,"...","   Snow Activities","Thousands of dollars",9956,10763,11131,11332,9213,10911,12444,12675
 "21000","Kentucky",5,SAOACTVA,19,"...","    Skiing/Snowboarding","Thousands of dollars",3481,3938,4361,4520,4205,4500,4432,4488
 "21000","Kentucky",5,SAOACTVA,20,"...","    Other Snow Activities (includes Snowmobiling) 2/","Thousands of dollars",6475,6825,6770,6812,5007,6411,8012,8187
 "21000","Kentucky",5,SAOACTVA,21,"...","   Other Conventional Outdoor Recreation Activities","Thousands of dollars",87030,89706,92374,95529,89083,90905,93486,96160
 "21000","Kentucky",5,SAOACTVA,22,"...","    Other Conventional Air and Land Activities 3/","Thousands of dollars",68864,71722,72819,72365,64548,66487,68180,70574
 "21000","Kentucky",5,SAOACTVA,23,"...","    Other Conventional Water Activities 4/","Thousands of dollars",18166,17984,19555,23164,24535,24418,25306,25586
 "21000","Kentucky",5,SAOACTVA,24,"...","   Multi-use Apparel and Accessories (Conventional) 5/","Thousands of dollars",392642,405389,405616,429851,438747,454670,458230,461935
 "21000","Kentucky",5,SAOACTVA,25,"...","  Other Outdoor Recreation","Thousands of dollars",631615,660486,686255,704705,710209,732312,755951,773391
 "21000","Kentucky",5,SAOACTVA,26,"...","   Amusement Parks/Water Parks","Thousands of dollars",38299,40044,42133,46948,51391,56459,59575,61780
 "21000","Kentucky",5,SAOACTVA,27,"...","   Festivals/Sporting Events/Concerts","Thousands of dollars",74045,86868,91655,86512,95652,99253,108016,120473
 "21000","Kentucky",5,SAOACTVA,28,"...","   Field Sports","Thousands of dollars",24790,25183,26102,27118,27082,27984,28625,29230
 "21000","Kentucky",5,SAOACTVA,29,"...","   Game Areas (includes Golfing and Tennis)","Thousands of dollars",154199,155755,152775,152538,152586,151597,151352,147606
 "21000","Kentucky",5,SAOACTVA,30,"...","   Guided Tours/Outfitted Travel","Thousands of dollars",139570,140490,152347,154835,163805,172510,185194,189490
 "21000","Kentucky",5,SAOACTVA,31,"...","    Air and Land Guided Tours/Outfitted Travel","Thousands of dollars",95816,98007,109972,117583,134851,136044,144850,151119
 "21000","Kentucky",5,SAOACTVA,32,"...","    Water Guided Tours/Outfitted Travel (includes Boating and Fishing Charters)","Thousands of dollars",43754,42483,42374,37252,28954,36466,40344,38370
 "21000","Kentucky",5,SAOACTVA,33,"...","   Productive Activities (includes Gardening)","Thousands of dollars",93107,98050,99471,85885,85909,86731,85199,86987
 "21000","Kentucky",5,SAOACTVA,34,"...","   Other Outdoor Recreation Activities 6/","Thousands of dollars",72446,77270,84246,109203,95471,98999,98916,99878
 "21000","Kentucky",5,SAOACTVA,35,"...","   Multi-use Apparel and Accessories (Other) 5/","Thousands of dollars",35160,36825,37526,41666,38311,38779,39073,37948
 "21000","Kentucky",5,SAOACTVA,36,"..."," Supporting Outdoor Recreation","Thousands of dollars",1862231,1836460,1873520,1966264,1923835,2006379,2116636,2199126
 "21000","Kentucky",5,SAOACTVA,37,"...","   Construction","Thousands of dollars",37382,37429,38306,44601,46973,52900,58306,61699
 "21000","Kentucky",5,SAOACTVA,38,"...","   Local Trips 7/","Thousands of dollars",438554,442113,454379,463777,431136,455246,477378,485681
 "21000","Kentucky",5,SAOACTVA,39,"...","   Travel and Tourism 8/","Thousands of dollars",1219020,1173079,1184094,1247675,1229553,1275152,1344157,1397828
 "21000","Kentucky",5,SAOACTVA,40,"...","    Food and Beverages","Thousands of dollars",243088,194666,197231,212065,220007,225870,231539,236698
 "21000","Kentucky",5,SAOACTVA,41,"...","    Lodging","Thousands of dollars",279218,275694,268304,302277,303248,316606,335717,352821
 "21000","Kentucky",5,SAOACTVA,42,"...","    Shopping and Souvenirs","Thousands of dollars",345194,344667,350601,359742,360249,367827,376031,382524
 "21000","Kentucky",5,SAOACTVA,43,"...","    Transportation","Thousands of dollars",351521,358053,367958,373591,346049,364850,400870,425785
 "21000","Kentucky",5,SAOACTVA,44,"...","   Government Expenditures","Thousands of dollars",167274,183838,196741,210211,216173,223080,236795,253918
 "21000","Kentucky",5,SAOACTVA,45,"...","    Federal Government","Thousands of dollars",19482,20830,19801,18190,18949,19361,20465,21231
 "21000","Kentucky",5,SAOACTVA,46,"...","    State and Local Government","Thousands of dollars",147792,163008,176940,192021,197224,203719,216330,232687
"Note: See the included footnote file."
"SAOACTVA: Outdoor Recreation Satellite Account Activities - Value Added 1/"
"Last updated: November 10, 2020-- new statistics for 2018-2019; revised statistics for 2012-2017."
"Source: U.S. Department of Commerce / Bureau of Economic Analysis / Regional Economic Accounts"
