GeoFIPS,GeoName,Region,TableName,LineCode,IndustryClassification,Description,Unit,2012,2013,2014,2015,2016,2017,2018,2019
 "19000","Iowa",4,SAOACTVA,1,"...","Total Outdoor Recreation","Thousands of dollars",2959069,3065375,3076132,3144352,3258963,3383447,3477738,3609307
 "19000","Iowa",4,SAOACTVA,2,"..."," Total Core Outdoor Recreation","Thousands of dollars",1778118,1861048,1876863,1918707,1930371,2034269,2114272,2153969
 "19000","Iowa",4,SAOACTVA,3,"...","  Conventional Outdoor Recreation","Thousands of dollars",1077933,1158077,1182969,1234471,1257752,1307379,1361882,1398928
 "19000","Iowa",4,SAOACTVA,4,"...","   Bicycling","Thousands of dollars",13015,13644,13244,13467,13293,13516,13930,14349
 "19000","Iowa",4,SAOACTVA,5,"...","   Boating/Fishing","Thousands of dollars",123358,124604,126127,131730,141076,143667,142795,154601
 "19000","Iowa",4,SAOACTVA,6,"...","    Canoeing/Kayaking","Thousands of dollars",3692,3698,3938,3502,3627,3590,3636,3879
 "19000","Iowa",4,SAOACTVA,7,"...","    Fishing (excludes Boating)","Thousands of dollars",22902,22931,23480,25686,35200,37880,38030,40905
 "19000","Iowa",4,SAOACTVA,8,"...","    Sailing","Thousands of dollars",5776,5868,6323,6504,6923,6874,7145,7531
 "19000","Iowa",4,SAOACTVA,9,"...","    Other Boating","Thousands of dollars",90988,92108,92387,96038,95327,95324,93983,102287
 "19000","Iowa",4,SAOACTVA,10,"...","   Climbing/Hiking/Tent Camping","Thousands of dollars",28537,30970,31128,31548,32229,31731,32892,33360
 "19000","Iowa",4,SAOACTVA,11,"...","   Equestrian","Thousands of dollars",134805,145806,172516,187138,194026,205270,228853,237677
 "19000","Iowa",4,SAOACTVA,12,"...","   Hunting/Shooting/Trapping","Thousands of dollars",48241,55893,54266,59917,62700,66161,65172,71519
 "19000","Iowa",4,SAOACTVA,13,"...","    Hunting/Trapping","Thousands of dollars",25028,29503,29601,35339,35304,39605,38098,41572
 "19000","Iowa",4,SAOACTVA,14,"...","    Shooting (includes Archery)","Thousands of dollars",23213,26390,24665,24579,27396,26555,27074,29947
 "19000","Iowa",4,SAOACTVA,15,"...","   Motorcycling/ATVing","Thousands of dollars",107816,118158,121090,124634,126952,139905,145317,152120
 "19000","Iowa",4,SAOACTVA,16,"...","   Recreational Flying","Thousands of dollars",6965,7456,7463,7359,7578,7469,7395,7665
 "19000","Iowa",4,SAOACTVA,17,"...","   RVing","Thousands of dollars",264169,296375,293576,309244,315198,332881,355994,352403
 "19000","Iowa",4,SAOACTVA,18,"...","   Snow Activities","Thousands of dollars",11168,10927,12021,12311,12320,14112,14683,16017
 "19000","Iowa",4,SAOACTVA,19,"...","    Skiing/Snowboarding","Thousands of dollars",6218,6058,6726,6948,6686,6985,7166,7458
 "19000","Iowa",4,SAOACTVA,20,"...","    Other Snow Activities (includes Snowmobiling) 2/","Thousands of dollars",4950,4870,5295,5363,5634,7127,7517,8559
 "19000","Iowa",4,SAOACTVA,21,"...","   Other Conventional Outdoor Recreation Activities","Thousands of dollars",67959,69174,70678,74748,75196,73745,71626,73422
 "19000","Iowa",4,SAOACTVA,22,"...","    Other Conventional Air and Land Activities 3/","Thousands of dollars",53066,54529,55267,56454,56448,55803,53280,55127
 "19000","Iowa",4,SAOACTVA,23,"...","    Other Conventional Water Activities 4/","Thousands of dollars",14893,14646,15411,18294,18749,17942,18346,18295
 "19000","Iowa",4,SAOACTVA,24,"...","   Multi-use Apparel and Accessories (Conventional) 5/","Thousands of dollars",271899,285068,280860,282375,277182,278923,283226,285796
 "19000","Iowa",4,SAOACTVA,25,"...","  Other Outdoor Recreation","Thousands of dollars",700185,702971,693894,684236,672619,726890,752390,755041
 "19000","Iowa",4,SAOACTVA,26,"...","   Amusement Parks/Water Parks","Thousands of dollars",34933,35578,37003,41087,44837,50156,53129,55467
 "19000","Iowa",4,SAOACTVA,27,"...","   Festivals/Sporting Events/Concerts","Thousands of dollars",38074,40277,44640,43739,47533,46393,46136,46885
 "19000","Iowa",4,SAOACTVA,28,"...","   Field Sports","Thousands of dollars",22399,21980,22815,23743,23869,25219,26244,26738
 "19000","Iowa",4,SAOACTVA,29,"...","   Game Areas (includes Golfing and Tennis)","Thousands of dollars",159061,153902,150850,149101,151643,154703,158597,155271
 "19000","Iowa",4,SAOACTVA,30,"...","   Guided Tours/Outfitted Travel","Thousands of dollars",122792,123906,118365,101440,72414,88901,100261,99487
 "19000","Iowa",4,SAOACTVA,31,"...","    Air and Land Guided Tours/Outfitted Travel","Thousands of dollars",38420,38286,41510,40341,33584,35578,37269,38860
 "19000","Iowa",4,SAOACTVA,32,"...","    Water Guided Tours/Outfitted Travel (includes Boating and Fishing Charters)","Thousands of dollars",84372,85620,76855,61099,38830,53323,62992,60626
 "19000","Iowa",4,SAOACTVA,33,"...","   Productive Activities (includes Gardening)","Thousands of dollars",226266,227420,221437,221032,226044,250692,253148,254780
 "19000","Iowa",4,SAOACTVA,34,"...","   Other Outdoor Recreation Activities 6/","Thousands of dollars",57056,56594,57810,62099,63133,66440,67691,68698
 "19000","Iowa",4,SAOACTVA,35,"...","   Multi-use Apparel and Accessories (Other) 5/","Thousands of dollars",39604,43315,40973,41997,43147,44386,47184,47718
 "19000","Iowa",4,SAOACTVA,36,"..."," Supporting Outdoor Recreation","Thousands of dollars",1180951,1204328,1199269,1225644,1328592,1349178,1363466,1455338
 "19000","Iowa",4,SAOACTVA,37,"...","   Construction","Thousands of dollars",90886,95681,96194,94780,92979,99967,105609,107572
 "19000","Iowa",4,SAOACTVA,38,"...","   Local Trips 7/","Thousands of dollars",273148,277925,279866,288614,313278,319377,316634,329356
 "19000","Iowa",4,SAOACTVA,39,"...","   Travel and Tourism 8/","Thousands of dollars",669595,679745,666725,684934,759674,760235,761978,831543
 "19000","Iowa",4,SAOACTVA,40,"...","    Food and Beverages","Thousands of dollars",119497,106571,102457,101772,123381,118673,113367,136211
 "19000","Iowa",4,SAOACTVA,41,"...","    Lodging","Thousands of dollars",123393,141723,127540,134471,156591,151406,153428,182786
 "19000","Iowa",4,SAOACTVA,42,"...","    Shopping and Souvenirs","Thousands of dollars",265510,272604,275406,277944,296338,300576,305497,316090
 "19000","Iowa",4,SAOACTVA,43,"...","    Transportation","Thousands of dollars",161195,158847,161321,170747,183364,189580,189687,196455
 "19000","Iowa",4,SAOACTVA,44,"...","   Government Expenditures","Thousands of dollars",147323,150977,156484,157317,162660,169600,179245,186867
 "19000","Iowa",4,SAOACTVA,45,"...","    Federal Government","Thousands of dollars",1918,2136,1936,1781,1834,1848,1949,1980
 "19000","Iowa",4,SAOACTVA,46,"...","    State and Local Government","Thousands of dollars",145405,148841,154548,155535,160827,167752,177296,184887
"Note: See the included footnote file."
"SAOACTVA: Outdoor Recreation Satellite Account Activities - Value Added 1/"
"Last updated: November 10, 2020-- new statistics for 2018-2019; revised statistics for 2012-2017."
"Source: U.S. Department of Commerce / Bureau of Economic Analysis / Regional Economic Accounts"
