GeoFIPS,GeoName,Region,TableName,LineCode,IndustryClassification,Description,Unit,2012,2013,2014,2015,2016,2017,2018,2019
 "46000","South Dakota",4,SAOACTVA,1,"...","Total Outdoor Recreation","Thousands of dollars",1138347,1188791,1201773,1263748,1245098,1303182,1317712,1346993
 "46000","South Dakota",4,SAOACTVA,2,"..."," Total Core Outdoor Recreation","Thousands of dollars",529478,552947,562307,575563,582552,594625,603495,626094
 "46000","South Dakota",4,SAOACTVA,3,"...","  Conventional Outdoor Recreation","Thousands of dollars",361777,379226,388268,407601,417731,425811,432608,453779
 "46000","South Dakota",4,SAOACTVA,4,"...","   Bicycling","Thousands of dollars",4391,5030,5060,4836,5231,4936,4516,5223
 "46000","South Dakota",4,SAOACTVA,5,"...","   Boating/Fishing","Thousands of dollars",43626,44522,45312,48035,55205,57164,57496,63014
 "46000","South Dakota",4,SAOACTVA,6,"...","    Canoeing/Kayaking","Thousands of dollars",1257,1225,1301,1196,1255,1289,1285,1375
 "46000","South Dakota",4,SAOACTVA,7,"...","    Fishing (excludes Boating)","Thousands of dollars",9943,10092,10288,11579,16562,17427,17135,18647
 "46000","South Dakota",4,SAOACTVA,8,"...","    Sailing","Thousands of dollars",1987,2141,2268,2334,2544,2576,2520,2612
 "46000","South Dakota",4,SAOACTVA,9,"...","    Other Boating","Thousands of dollars",30440,31064,31455,32926,34844,35872,36557,40380
 "46000","South Dakota",4,SAOACTVA,10,"...","   Climbing/Hiking/Tent Camping","Thousands of dollars",11434,12006,12291,12896,12434,13002,13766,14103
 "46000","South Dakota",4,SAOACTVA,11,"...","   Equestrian","Thousands of dollars",70936,74402,82243,85513,89063,93011,100086,103452
 "46000","South Dakota",4,SAOACTVA,12,"...","   Hunting/Shooting/Trapping","Thousands of dollars",37495,44936,41682,43476,42273,41964,40287,44048
 "46000","South Dakota",4,SAOACTVA,13,"...","    Hunting/Trapping","Thousands of dollars",22676,27066,25122,26877,23835,24390,22898,24191
 "46000","South Dakota",4,SAOACTVA,14,"...","    Shooting (includes Archery)","Thousands of dollars",14818,17870,16560,16599,18438,17574,17390,19857
 "46000","South Dakota",4,SAOACTVA,15,"...","   Motorcycling/ATVing","Thousands of dollars",33547,34671,35163,37650,38251,38072,35492,37831
 "46000","South Dakota",4,SAOACTVA,16,"...","   Recreational Flying","Thousands of dollars",2759,3116,3136,3226,3295,3374,3312,3513
 "46000","South Dakota",4,SAOACTVA,17,"...","   RVing","Thousands of dollars",56986,59562,61847,67718,68074,70187,71876,74843
 "46000","South Dakota",4,SAOACTVA,18,"...","   Snow Activities","Thousands of dollars",11488,11598,12426,12944,13057,13103,13679,14237
 "46000","South Dakota",4,SAOACTVA,19,"...","    Skiing/Snowboarding","Thousands of dollars",7818,8190,8696,8980,9072,9212,9599,9924
 "46000","South Dakota",4,SAOACTVA,20,"...","    Other Snow Activities (includes Snowmobiling) 2/","Thousands of dollars",3670,3408,3730,3963,3985,3891,4081,4313
 "46000","South Dakota",4,SAOACTVA,21,"...","   Other Conventional Outdoor Recreation Activities","Thousands of dollars",26831,25651,26769,29791,29882,29336,29508,30328
 "46000","South Dakota",4,SAOACTVA,22,"...","    Other Conventional Air and Land Activities 3/","Thousands of dollars",14200,14452,14750,15215,14824,14531,14201,14723
 "46000","South Dakota",4,SAOACTVA,23,"...","    Other Conventional Water Activities 4/","Thousands of dollars",12632,11199,12019,14576,15058,14805,15307,15605
 "46000","South Dakota",4,SAOACTVA,24,"...","   Multi-use Apparel and Accessories (Conventional) 5/","Thousands of dollars",62283,63731,62338,61517,60967,61662,62588,63186
 "46000","South Dakota",4,SAOACTVA,25,"...","  Other Outdoor Recreation","Thousands of dollars",167701,173721,174039,167962,164821,168815,170887,172315
 "46000","South Dakota",4,SAOACTVA,26,"...","   Amusement Parks/Water Parks","Thousands of dollars",9219,9410,9674,10676,11248,11963,12106,12486
 "46000","South Dakota",4,SAOACTVA,27,"...","   Festivals/Sporting Events/Concerts","Thousands of dollars",7378,7401,7660,6577,6685,6260,6197,6292
 "46000","South Dakota",4,SAOACTVA,28,"...","   Field Sports","Thousands of dollars",7098,7171,7406,7522,7310,7429,7642,7976
 "46000","South Dakota",4,SAOACTVA,29,"...","   Game Areas (includes Golfing and Tennis)","Thousands of dollars",44790,46633,45699,44952,44738,44844,45680,45728
 "46000","South Dakota",4,SAOACTVA,30,"...","   Guided Tours/Outfitted Travel","Thousands of dollars",23363,24748,24870,23578,20563,23405,24882,25714
 "46000","South Dakota",4,SAOACTVA,31,"...","    Air and Land Guided Tours/Outfitted Travel","Thousands of dollars",11390,12249,12882,13435,12792,13814,14183,15283
 "46000","South Dakota",4,SAOACTVA,32,"...","    Water Guided Tours/Outfitted Travel (includes Boating and Fishing Charters)","Thousands of dollars",11973,12499,11989,10143,7771,9591,10699,10432
 "46000","South Dakota",4,SAOACTVA,33,"...","   Productive Activities (includes Gardening)","Thousands of dollars",45015,46819,47481,43351,42443,42382,40932,39903
 "46000","South Dakota",4,SAOACTVA,34,"...","   Other Outdoor Recreation Activities 6/","Thousands of dollars",22645,22934,22797,23077,23498,24386,25396,26387
 "46000","South Dakota",4,SAOACTVA,35,"...","   Multi-use Apparel and Accessories (Other) 5/","Thousands of dollars",8192,8603,8452,8231,8336,8144,8054,7829
 "46000","South Dakota",4,SAOACTVA,36,"..."," Supporting Outdoor Recreation","Thousands of dollars",608869,635844,639467,688185,662546,708557,714218,720900
 "46000","South Dakota",4,SAOACTVA,37,"...","   Construction","Thousands of dollars",30245,29605,32201,34259,31962,30890,30482,29402
 "46000","South Dakota",4,SAOACTVA,38,"...","   Local Trips 7/","Thousands of dollars",92686,95616,97930,104629,104037,109320,108887,108695
 "46000","South Dakota",4,SAOACTVA,39,"...","   Travel and Tourism 8/","Thousands of dollars",376092,393096,390813,430681,406879,447223,448244,449374
 "46000","South Dakota",4,SAOACTVA,40,"...","    Food and Beverages","Thousands of dollars",85917,79002,79554,90109,84286,98058,98104,98573
 "46000","South Dakota",4,SAOACTVA,41,"...","    Lodging","Thousands of dollars",131016,148535,141678,162616,148653,168476,169277,170057
 "46000","South Dakota",4,SAOACTVA,42,"...","    Shopping and Souvenirs","Thousands of dollars",91238,95917,97919,102335,98224,106779,107199,105035
 "46000","South Dakota",4,SAOACTVA,43,"...","    Transportation","Thousands of dollars",67921,69642,71662,75621,75716,73911,73664,75708
 "46000","South Dakota",4,SAOACTVA,44,"...","   Government Expenditures","Thousands of dollars",109847,117527,118523,118615,119668,121124,126604,133429
 "46000","South Dakota",4,SAOACTVA,45,"...","    Federal Government","Thousands of dollars",39173,42893,39872,37328,39031,40636,43567,45551
 "46000","South Dakota",4,SAOACTVA,46,"...","    State and Local Government","Thousands of dollars",70674,74634,78651,81287,80637,80488,83038,87878
"Note: See the included footnote file."
"SAOACTVA: Outdoor Recreation Satellite Account Activities - Value Added 1/"
"Last updated: November 10, 2020-- new statistics for 2018-2019; revised statistics for 2012-2017."
"Source: U.S. Department of Commerce / Bureau of Economic Analysis / Regional Economic Accounts"
