GeoFIPS,GeoName,Region,TableName,LineCode,IndustryClassification,Description,Unit,2012,2013,2014,2015,2016,2017,2018,2019
 "12000","Florida",5,SAOACTVA,1,"...","Total Outdoor Recreation","Thousands of dollars",34130656,35444476,36615655,39705302,41471228,43878006,46359705,49080891
 "12000","Florida",5,SAOACTVA,2,"..."," Total Core Outdoor Recreation","Thousands of dollars",15609553,15881304,16459515,17560891,18649344,19882215,21004347,22121001
 "12000","Florida",5,SAOACTVA,3,"...","  Conventional Outdoor Recreation","Thousands of dollars",7664736,7983869,8199729,8809783,9240858,9484168,9760838,10248254
 "12000","Florida",5,SAOACTVA,4,"...","   Bicycling","Thousands of dollars",109867,114986,118870,130809,132837,136803,139705,143210
 "12000","Florida",5,SAOACTVA,5,"...","   Boating/Fishing","Thousands of dollars",2239906,2286343,2375292,2568385,2834986,2962470,3096578,3336317
 "12000","Florida",5,SAOACTVA,6,"...","    Canoeing/Kayaking","Thousands of dollars",70055,71184,74253,62840,67521,70083,71355,77625
 "12000","Florida",5,SAOACTVA,7,"...","    Fishing (excludes Boating)","Thousands of dollars",178284,187109,196877,234343,348588,376310,380036,419407
 "12000","Florida",5,SAOACTVA,8,"...","    Sailing","Thousands of dollars",161125,162763,179091,188481,204310,208061,221702,233694
 "12000","Florida",5,SAOACTVA,9,"...","    Other Boating","Thousands of dollars",1830443,1865288,1925072,2082720,2214565,2308016,2423484,2605590
 "12000","Florida",5,SAOACTVA,10,"...","   Climbing/Hiking/Tent Camping","Thousands of dollars",140060,147588,153104,157311,157137,159819,168173,173501
 "12000","Florida",5,SAOACTVA,11,"...","   Equestrian","Thousands of dollars",260020,270920,301037,321070,342164,362528,411845,424229
 "12000","Florida",5,SAOACTVA,12,"...","   Hunting/Shooting/Trapping","Thousands of dollars",348693,388138,363994,386563,400986,424826,429776,479816
 "12000","Florida",5,SAOACTVA,13,"...","    Hunting/Trapping","Thousands of dollars",201973,217517,199937,214679,206056,231454,232483,261608
 "12000","Florida",5,SAOACTVA,14,"...","    Shooting (includes Archery)","Thousands of dollars",146720,170621,164057,171884,194930,193372,197292,218208
 "12000","Florida",5,SAOACTVA,15,"...","   Motorcycling/ATVing","Thousands of dollars",347617,331682,344343,382542,399091,406784,413158,441316
 "12000","Florida",5,SAOACTVA,16,"...","   Recreational Flying","Thousands of dollars",39003,41442,41237,41997,44323,46886,48329,50143
 "12000","Florida",5,SAOACTVA,17,"...","   RVing","Thousands of dollars",805124,866370,921289,1012362,1069813,1076235,1095272,1151189
 "12000","Florida",5,SAOACTVA,18,"...","   Snow Activities","Thousands of dollars",27701,28065,31149,34393,35667,39958,41097,44061
 "12000","Florida",5,SAOACTVA,19,"...","    Skiing/Snowboarding","Thousands of dollars",21876,22146,24979,27836,28896,32572,33113,35329
 "12000","Florida",5,SAOACTVA,20,"...","    Other Snow Activities (includes Snowmobiling) 2/","Thousands of dollars",5824,5920,6170,6557,6772,7386,7984,8732
 "12000","Florida",5,SAOACTVA,21,"...","   Other Conventional Outdoor Recreation Activities","Thousands of dollars",623225,647382,669858,757531,761769,742058,747482,776740
 "12000","Florida",5,SAOACTVA,22,"...","    Other Conventional Air and Land Activities 3/","Thousands of dollars",354748,372712,377844,383645,367221,360082,350632,371722
 "12000","Florida",5,SAOACTVA,23,"...","    Other Conventional Water Activities 4/","Thousands of dollars",268477,274670,292014,373886,394548,381977,396850,405018
 "12000","Florida",5,SAOACTVA,24,"...","   Multi-use Apparel and Accessories (Conventional) 5/","Thousands of dollars",2723521,2860953,2879556,3016820,3062086,3125800,3169424,3227734
 "12000","Florida",5,SAOACTVA,25,"...","  Other Outdoor Recreation","Thousands of dollars",7944817,7897435,8259786,8751108,9408486,10398046,11243509,11872747
 "12000","Florida",5,SAOACTVA,26,"...","   Amusement Parks/Water Parks","Thousands of dollars",3530325,3399455,3532390,3852637,4243480,4901608,5501957,5939695
 "12000","Florida",5,SAOACTVA,27,"...","   Festivals/Sporting Events/Concerts","Thousands of dollars",915352,965094,1033469,996671,1111222,1187542,1253799,1309842
 "12000","Florida",5,SAOACTVA,28,"...","   Field Sports","Thousands of dollars",174290,175003,185645,196652,198687,205337,213112,218566
 "12000","Florida",5,SAOACTVA,29,"...","   Game Areas (includes Golfing and Tennis)","Thousands of dollars",1530945,1536796,1605224,1712880,1815049,1883188,1978131,2030133
 "12000","Florida",5,SAOACTVA,30,"...","   Guided Tours/Outfitted Travel","Thousands of dollars",754695,752312,795017,840659,860373,986149,1051505,1104278
 "12000","Florida",5,SAOACTVA,31,"...","    Air and Land Guided Tours/Outfitted Travel","Thousands of dollars",402472,393546,417739,442307,462424,536721,575454,606841
 "12000","Florida",5,SAOACTVA,32,"...","    Water Guided Tours/Outfitted Travel (includes Boating and Fishing Charters)","Thousands of dollars",352223,358766,377279,398352,397950,449428,476051,497437
 "12000","Florida",5,SAOACTVA,33,"...","   Productive Activities (includes Gardening)","Thousands of dollars",340053,355225,367404,334706,348795,373453,376999,398045
 "12000","Florida",5,SAOACTVA,34,"...","   Other Outdoor Recreation Activities 6/","Thousands of dollars",508423,494090,519417,577839,588760,618121,620816,624454
 "12000","Florida",5,SAOACTVA,35,"...","   Multi-use Apparel and Accessories (Other) 5/","Thousands of dollars",190733,219461,221221,239064,242120,242648,247189,247735
 "12000","Florida",5,SAOACTVA,36,"..."," Supporting Outdoor Recreation","Thousands of dollars",18521104,19563171,20156140,22144411,22821884,23995792,25355358,26959890
 "12000","Florida",5,SAOACTVA,37,"...","   Construction","Thousands of dollars",366974,420884,456883,527946,592211,688474,770619,810474
 "12000","Florida",5,SAOACTVA,38,"...","   Local Trips 7/","Thousands of dollars",2018500,2073302,2195825,2374041,2420375,2502088,2620397,2783594
 "12000","Florida",5,SAOACTVA,39,"...","   Travel and Tourism 8/","Thousands of dollars",14903724,15754110,16128095,17819033,18331110,19271073,20354057,21691418
 "12000","Florida",5,SAOACTVA,40,"...","    Food and Beverages","Thousands of dollars",2513825,2155559,2332408,2517587,2616730,2780573,2906829,3041035
 "12000","Florida",5,SAOACTVA,41,"...","    Lodging","Thousands of dollars",5769852,6108856,5894571,6653604,6717070,7124290,7643178,8124051
 "12000","Florida",5,SAOACTVA,42,"...","    Shopping and Souvenirs","Thousands of dollars",1364852,1434626,1515514,1591753,1625423,1709183,1766196,1848299
 "12000","Florida",5,SAOACTVA,43,"...","    Transportation","Thousands of dollars",5255194,6055069,6385602,7056089,7371887,7657027,8037854,8678033
 "12000","Florida",5,SAOACTVA,44,"...","   Government Expenditures","Thousands of dollars",1231906,1314875,1375337,1423392,1478188,1534156,1610285,1674404
 "12000","Florida",5,SAOACTVA,45,"...","    Federal Government","Thousands of dollars",91544,107284,101877,96409,98975,99278,102794,107022
 "12000","Florida",5,SAOACTVA,46,"...","    State and Local Government","Thousands of dollars",1140362,1207592,1273461,1326982,1379213,1434878,1507491,1567382
"Note: See the included footnote file."
"SAOACTVA: Outdoor Recreation Satellite Account Activities - Value Added 1/"
"Last updated: November 10, 2020-- new statistics for 2018-2019; revised statistics for 2012-2017."
"Source: U.S. Department of Commerce / Bureau of Economic Analysis / Regional Economic Accounts"
