GeoFIPS,GeoName,Region,TableName,LineCode,IndustryClassification,Description,Unit,2012,2013,2014,2015,2016,2017,2018,2019
 "09000","Connecticut",1,SAOACTVA,1,"...","Total Outdoor Recreation","Thousands of dollars",3295187,3428281,3376335,3430986,3489513,3463947,3543342,3683759
 "09000","Connecticut",1,SAOACTVA,2,"..."," Total Core Outdoor Recreation","Thousands of dollars",1902785,1979962,1984084,2004723,2023843,2009315,2024419,2064186
 "09000","Connecticut",1,SAOACTVA,3,"...","  Conventional Outdoor Recreation","Thousands of dollars",1236814,1296621,1282282,1307437,1325607,1292113,1287109,1330124
 "09000","Connecticut",1,SAOACTVA,4,"...","   Bicycling","Thousands of dollars",18621,19616,19227,18381,19412,18508,17241,18963
 "09000","Connecticut",1,SAOACTVA,5,"...","   Boating/Fishing","Thousands of dollars",225720,224778,233936,239564,248942,247546,252131,269856
 "09000","Connecticut",1,SAOACTVA,6,"...","    Canoeing/Kayaking","Thousands of dollars",4071,3987,4112,3373,3410,3399,3354,3620
 "09000","Connecticut",1,SAOACTVA,7,"...","    Fishing (excludes Boating)","Thousands of dollars",15843,15764,15955,17525,24861,25382,24555,26317
 "09000","Connecticut",1,SAOACTVA,8,"...","    Sailing","Thousands of dollars",31499,31981,34059,35021,35957,35602,36823,37946
 "09000","Connecticut",1,SAOACTVA,9,"...","    Other Boating","Thousands of dollars",174307,173045,179809,183644,184714,183163,187399,201973
 "09000","Connecticut",1,SAOACTVA,10,"...","   Climbing/Hiking/Tent Camping","Thousands of dollars",39154,40063,40723,41570,39259,40050,41112,41550
 "09000","Connecticut",1,SAOACTVA,11,"...","   Equestrian","Thousands of dollars",33132,35326,40358,43275,45187,47283,50267,51050
 "09000","Connecticut",1,SAOACTVA,12,"...","   Hunting/Shooting/Trapping","Thousands of dollars",133025,180580,143083,146165,166851,148378,146270,168375
 "09000","Connecticut",1,SAOACTVA,13,"...","    Hunting/Trapping","Thousands of dollars",55885,74135,57788,61744,70411,62544,61260,70911
 "09000","Connecticut",1,SAOACTVA,14,"...","    Shooting (includes Archery)","Thousands of dollars",77140,106445,85295,84420,96440,85834,85010,97464
 "09000","Connecticut",1,SAOACTVA,15,"...","   Motorcycling/ATVing","Thousands of dollars",94799,92727,97401,98219,97619,92034,89035,93706
 "09000","Connecticut",1,SAOACTVA,16,"...","   Recreational Flying","Thousands of dollars",15794,17049,18160,18878,18907,19184,19456,17900
 "09000","Connecticut",1,SAOACTVA,17,"...","   RVing","Thousands of dollars",95604,95590,98518,103173,101004,101669,104895,108873
 "09000","Connecticut",1,SAOACTVA,18,"...","   Snow Activities","Thousands of dollars",38098,36357,39164,39608,37307,37578,38035,39269
 "09000","Connecticut",1,SAOACTVA,19,"...","    Skiing/Snowboarding","Thousands of dollars",22521,21600,24024,24797,22839,23307,23374,24075
 "09000","Connecticut",1,SAOACTVA,20,"...","    Other Snow Activities (includes Snowmobiling) 2/","Thousands of dollars",15578,14756,15140,14811,14468,14271,14661,15194
 "09000","Connecticut",1,SAOACTVA,21,"...","   Other Conventional Outdoor Recreation Activities","Thousands of dollars",81613,83456,85168,88616,84806,80494,78156,79939
 "09000","Connecticut",1,SAOACTVA,22,"...","    Other Conventional Air and Land Activities 3/","Thousands of dollars",62110,64105,64925,64780,60919,58333,55852,57561
 "09000","Connecticut",1,SAOACTVA,23,"...","    Other Conventional Water Activities 4/","Thousands of dollars",19502,19351,20243,23836,23888,22161,22304,22379
 "09000","Connecticut",1,SAOACTVA,24,"...","   Multi-use Apparel and Accessories (Conventional) 5/","Thousands of dollars",461255,471080,466546,469989,466314,459390,450510,440642
 "09000","Connecticut",1,SAOACTVA,25,"...","  Other Outdoor Recreation","Thousands of dollars",665972,683341,701802,697286,698236,717202,737310,734062
 "09000","Connecticut",1,SAOACTVA,26,"...","   Amusement Parks/Water Parks","Thousands of dollars",36427,38660,40988,45148,48731,52437,54278,54570
 "09000","Connecticut",1,SAOACTVA,27,"...","   Festivals/Sporting Events/Concerts","Thousands of dollars",49832,53454,55956,50357,53613,54268,54736,55934
 "09000","Connecticut",1,SAOACTVA,28,"...","   Field Sports","Thousands of dollars",29756,29777,30804,31127,30536,30662,31603,31917
 "09000","Connecticut",1,SAOACTVA,29,"...","   Game Areas (includes Golfing and Tennis)","Thousands of dollars",227944,226549,230381,232826,235463,232627,238724,239530
 "09000","Connecticut",1,SAOACTVA,30,"...","   Guided Tours/Outfitted Travel","Thousands of dollars",121079,124181,129894,129312,123604,138182,147466,141380
 "09000","Connecticut",1,SAOACTVA,31,"...","    Air and Land Guided Tours/Outfitted Travel","Thousands of dollars",81259,85137,90102,92242,91225,101340,107651,100804
 "09000","Connecticut",1,SAOACTVA,32,"...","    Water Guided Tours/Outfitted Travel (includes Boating and Fishing Charters)","Thousands of dollars",39820,39045,39792,37070,32380,36842,39815,40575
 "09000","Connecticut",1,SAOACTVA,33,"...","   Productive Activities (includes Gardening)","Thousands of dollars",57732,60085,61451,50708,52179,54177,52818,54054
 "09000","Connecticut",1,SAOACTVA,34,"...","   Other Outdoor Recreation Activities 6/","Thousands of dollars",92196,96176,99022,104659,101302,102355,104856,105388
 "09000","Connecticut",1,SAOACTVA,35,"...","   Multi-use Apparel and Accessories (Other) 5/","Thousands of dollars",51007,54460,53306,53147,52808,52494,52828,51289
 "09000","Connecticut",1,SAOACTVA,36,"..."," Supporting Outdoor Recreation","Thousands of dollars",1392401,1448319,1392251,1426263,1465670,1454632,1518923,1619573
 "09000","Connecticut",1,SAOACTVA,37,"...","   Construction","Thousands of dollars",28804,36423,42148,54172,60727,66472,69154,67271
 "09000","Connecticut",1,SAOACTVA,38,"...","   Local Trips 7/","Thousands of dollars",253073,264600,261818,265885,267256,266939,273931,289078
 "09000","Connecticut",1,SAOACTVA,39,"...","   Travel and Tourism 8/","Thousands of dollars",971670,1001637,935706,950655,987856,976847,1030885,1111587
 "09000","Connecticut",1,SAOACTVA,40,"...","    Food and Beverages","Thousands of dollars",238664,222642,199494,195098,217293,212581,234854,262723
 "09000","Connecticut",1,SAOACTVA,41,"...","    Lodging","Thousands of dollars",259876,284267,240858,245730,260267,257397,275186,298722
 "09000","Connecticut",1,SAOACTVA,42,"...","    Shopping and Souvenirs","Thousands of dollars",200058,215361,207213,203535,204554,198323,203529,214360
 "09000","Connecticut",1,SAOACTVA,43,"...","    Transportation","Thousands of dollars",273072,279367,288140,306292,305742,308546,317317,335782
 "09000","Connecticut",1,SAOACTVA,44,"...","   Government Expenditures","Thousands of dollars",138855,145659,152579,155551,149831,144374,144954,151637
 "09000","Connecticut",1,SAOACTVA,45,"...","    Federal Government","Thousands of dollars",220,253,254,268,316,350,369,373
 "09000","Connecticut",1,SAOACTVA,46,"...","    State and Local Government","Thousands of dollars",138635,145406,152325,155283,149515,144024,144585,151264
"Note: See the included footnote file."
"SAOACTVA: Outdoor Recreation Satellite Account Activities - Value Added 1/"
"Last updated: November 10, 2020-- new statistics for 2018-2019; revised statistics for 2012-2017."
"Source: U.S. Department of Commerce / Bureau of Economic Analysis / Regional Economic Accounts"
