GeoFIPS,GeoName,Region,TableName,LineCode,IndustryClassification,Description,Unit,2012,2013,2014,2015,2016,2017,2018,2019
 "31000","Nebraska",4,SAOACTVA,1,"...","Total Outdoor Recreation","Thousands of dollars",2035902,2071232,2059602,2125593,2142526,2213906,2315931,2403887
 "31000","Nebraska",4,SAOACTVA,2,"..."," Total Core Outdoor Recreation","Thousands of dollars",1127944,1172529,1162716,1161889,1176316,1248718,1287274,1354493
 "31000","Nebraska",4,SAOACTVA,3,"...","  Conventional Outdoor Recreation","Thousands of dollars",689322,729789,722916,727346,746869,800477,829474,890214
 "31000","Nebraska",4,SAOACTVA,4,"...","   Bicycling","Thousands of dollars",9293,10368,9434,9173,9420,10203,10395,11175
 "31000","Nebraska",4,SAOACTVA,5,"...","   Boating/Fishing","Thousands of dollars",82020,84097,83556,84119,88239,90959,88710,97950
 "31000","Nebraska",4,SAOACTVA,6,"...","    Canoeing/Kayaking","Thousands of dollars",1752,1784,1902,1651,1641,1660,1644,1706
 "31000","Nebraska",4,SAOACTVA,7,"...","    Fishing (excludes Boating)","Thousands of dollars",16062,16475,16713,18222,24514,26982,26776,29039
 "31000","Nebraska",4,SAOACTVA,8,"...","    Sailing","Thousands of dollars",2459,2553,2758,2799,2931,2926,2925,3038
 "31000","Nebraska",4,SAOACTVA,9,"...","    Other Boating","Thousands of dollars",61747,63285,62183,61447,59154,59391,57365,64167
 "31000","Nebraska",4,SAOACTVA,10,"...","   Climbing/Hiking/Tent Camping","Thousands of dollars",15829,16775,16968,16538,16838,17151,17685,17846
 "31000","Nebraska",4,SAOACTVA,11,"...","   Equestrian","Thousands of dollars",95857,99493,112470,115595,119726,123672,131364,134237
 "31000","Nebraska",4,SAOACTVA,12,"...","   Hunting/Shooting/Trapping","Thousands of dollars",45868,54363,54746,62044,69819,73505,72664,84844
 "31000","Nebraska",4,SAOACTVA,13,"...","    Hunting/Trapping","Thousands of dollars",20585,23501,23647,27985,31283,32940,32371,38187
 "31000","Nebraska",4,SAOACTVA,14,"...","    Shooting (includes Archery)","Thousands of dollars",25282,30862,31099,34059,38536,40564,40294,46657
 "31000","Nebraska",4,SAOACTVA,15,"...","   Motorcycling/ATVing","Thousands of dollars",160507,176000,156499,146231,147202,179333,200894,228019
 "31000","Nebraska",4,SAOACTVA,16,"...","   Recreational Flying","Thousands of dollars",4550,4831,4873,4835,4912,4694,4560,4672
 "31000","Nebraska",4,SAOACTVA,17,"...","   RVing","Thousands of dollars",52934,54947,57549,60100,61564,61487,61172,63378
 "31000","Nebraska",4,SAOACTVA,18,"...","   Snow Activities","Thousands of dollars",8661,8394,8888,8807,8885,12278,12683,15733
 "31000","Nebraska",4,SAOACTVA,19,"...","    Skiing/Snowboarding","Thousands of dollars",3130,3288,3783,3879,3381,3622,3538,3721
 "31000","Nebraska",4,SAOACTVA,20,"...","    Other Snow Activities (includes Snowmobiling) 2/","Thousands of dollars",5531,5106,5105,4928,5504,8655,9145,12012
 "31000","Nebraska",4,SAOACTVA,21,"...","   Other Conventional Outdoor Recreation Activities","Thousands of dollars",46936,47374,48507,49995,48824,48028,47988,49504
 "31000","Nebraska",4,SAOACTVA,22,"...","    Other Conventional Air and Land Activities 3/","Thousands of dollars",34102,34667,34927,34533,33300,33054,32682,34088
 "31000","Nebraska",4,SAOACTVA,23,"...","    Other Conventional Water Activities 4/","Thousands of dollars",12834,12707,13581,15461,15524,14974,15306,15415
 "31000","Nebraska",4,SAOACTVA,24,"...","   Multi-use Apparel and Accessories (Conventional) 5/","Thousands of dollars",166866,173147,169426,169909,171440,179169,181360,182858
 "31000","Nebraska",4,SAOACTVA,25,"...","  Other Outdoor Recreation","Thousands of dollars",438622,442740,439800,434543,429447,448241,457801,464279
 "31000","Nebraska",4,SAOACTVA,26,"...","   Amusement Parks/Water Parks","Thousands of dollars",16728,16952,17571,19093,20908,22752,23972,24793
 "31000","Nebraska",4,SAOACTVA,27,"...","   Festivals/Sporting Events/Concerts","Thousands of dollars",20788,22807,24173,22629,24705,24716,24866,25699
 "31000","Nebraska",4,SAOACTVA,28,"...","   Field Sports","Thousands of dollars",24853,25159,25992,26484,25679,26678,27561,28556
 "31000","Nebraska",4,SAOACTVA,29,"...","   Game Areas (includes Golfing and Tennis)","Thousands of dollars",143884,144570,140729,139208,138466,142836,146329,147017
 "31000","Nebraska",4,SAOACTVA,30,"...","   Guided Tours/Outfitted Travel","Thousands of dollars",60302,57409,57167,50994,42115,43752,43405,42276
 "31000","Nebraska",4,SAOACTVA,31,"...","    Air and Land Guided Tours/Outfitted Travel","Thousands of dollars",32961,31470,31246,28636,24846,24771,23877,23521
 "31000","Nebraska",4,SAOACTVA,32,"...","    Water Guided Tours/Outfitted Travel (includes Boating and Fishing Charters)","Thousands of dollars",27340,25939,25922,22357,17268,18981,19528,18755
 "31000","Nebraska",4,SAOACTVA,33,"...","   Productive Activities (includes Gardening)","Thousands of dollars",97542,97653,96664,93712,95889,101372,102183,105380
 "31000","Nebraska",4,SAOACTVA,34,"...","   Other Outdoor Recreation Activities 6/","Thousands of dollars",51250,52698,54436,59559,58105,61140,62185,62890
 "31000","Nebraska",4,SAOACTVA,35,"...","   Multi-use Apparel and Accessories (Other) 5/","Thousands of dollars",23274,25493,23068,22865,23581,24996,27301,27668
 "31000","Nebraska",4,SAOACTVA,36,"..."," Supporting Outdoor Recreation","Thousands of dollars",907958,898702,896885,963704,966210,965188,1028656,1049394
 "31000","Nebraska",4,SAOACTVA,37,"...","   Construction","Thousands of dollars",55184,53821,57019,62535,65897,72697,78593,80817
 "31000","Nebraska",4,SAOACTVA,38,"...","   Local Trips 7/","Thousands of dollars",192115,191868,194767,204353,204779,205615,212822,216070
 "31000","Nebraska",4,SAOACTVA,39,"...","   Travel and Tourism 8/","Thousands of dollars",572990,557429,543928,591068,589115,580375,628331,639696
 "31000","Nebraska",4,SAOACTVA,40,"...","    Food and Beverages","Thousands of dollars",103346,86549,81684,95709,96940,91133,105508,106007
 "31000","Nebraska",4,SAOACTVA,41,"...","    Lodging","Thousands of dollars",119023,126766,115849,138796,136782,132980,152521,158691
 "31000","Nebraska",4,SAOACTVA,42,"...","    Shopping and Souvenirs","Thousands of dollars",185504,186285,187966,198612,202851,204630,215628,215554
 "31000","Nebraska",4,SAOACTVA,43,"...","    Transportation","Thousands of dollars",165117,157828,158429,157951,152541,151631,154673,159443
 "31000","Nebraska",4,SAOACTVA,44,"...","   Government Expenditures","Thousands of dollars",87669,95585,101171,105748,106419,106501,108910,112811
 "31000","Nebraska",4,SAOACTVA,45,"...","    Federal Government","Thousands of dollars",2940,3257,3032,2753,2800,2975,3272,3547
 "31000","Nebraska",4,SAOACTVA,46,"...","    State and Local Government","Thousands of dollars",84729,92327,98139,102994,103619,103527,105639,109264
"Note: See the included footnote file."
"SAOACTVA: Outdoor Recreation Satellite Account Activities - Value Added 1/"
"Last updated: November 10, 2020-- new statistics for 2018-2019; revised statistics for 2012-2017."
"Source: U.S. Department of Commerce / Bureau of Economic Analysis / Regional Economic Accounts"
