GeoFIPS,GeoName,Region,TableName,LineCode,IndustryClassification,Description,Unit,2012,2013,2014,2015,2016,2017,2018,2019
 "23000","Maine",1,SAOACTVA,1,"...","Total Outdoor Recreation","Thousands of dollars",2365454,2397051,2343951,2483290,2509601,2630791,2713176,2873740
 "23000","Maine",1,SAOACTVA,2,"..."," Total Core Outdoor Recreation","Thousands of dollars",986773,1002458,995845,1011116,1034176,1030801,1062961,1099469
 "23000","Maine",1,SAOACTVA,3,"...","  Conventional Outdoor Recreation","Thousands of dollars",740235,752396,746722,767764,794057,786509,815428,847807
 "23000","Maine",1,SAOACTVA,4,"...","   Bicycling","Thousands of dollars",4383,4550,4353,4518,4654,4620,4713,4917
 "23000","Maine",1,SAOACTVA,5,"...","   Boating/Fishing","Thousands of dollars",246071,239578,238760,245525,273618,262064,275030,284398
 "23000","Maine",1,SAOACTVA,6,"...","    Canoeing/Kayaking","Thousands of dollars",5772,5623,5696,4032,4130,3986,3855,4088
 "23000","Maine",1,SAOACTVA,7,"...","    Fishing (excludes Boating)","Thousands of dollars",39455,38334,31349,31772,57956,47423,53587,61331
 "23000","Maine",1,SAOACTVA,8,"...","    Sailing","Thousands of dollars",23059,21982,23317,23292,24971,25833,27169,27364
 "23000","Maine",1,SAOACTVA,9,"...","    Other Boating","Thousands of dollars",177784,173639,178398,186429,186562,184822,190419,191614
 "23000","Maine",1,SAOACTVA,10,"...","   Climbing/Hiking/Tent Camping","Thousands of dollars",24355,25883,26146,27073,25347,26144,28574,29578
 "23000","Maine",1,SAOACTVA,11,"...","   Equestrian","Thousands of dollars",20712,21685,23640,25091,26595,28437,32945,34403
 "23000","Maine",1,SAOACTVA,12,"...","   Hunting/Shooting/Trapping","Thousands of dollars",46570,53986,43123,42121,50387,46603,45717,53407
 "23000","Maine",1,SAOACTVA,13,"...","    Hunting/Trapping","Thousands of dollars",18261,20853,16274,16693,20333,18664,18322,21841
 "23000","Maine",1,SAOACTVA,14,"...","    Shooting (includes Archery)","Thousands of dollars",28309,33133,26848,25428,30054,27939,27396,31566
 "23000","Maine",1,SAOACTVA,15,"...","   Motorcycling/ATVing","Thousands of dollars",27580,25558,25761,26850,26704,26983,26711,28502
 "23000","Maine",1,SAOACTVA,16,"...","   Recreational Flying","Thousands of dollars",3072,3620,3548,3370,3166,3501,3603,4126
 "23000","Maine",1,SAOACTVA,17,"...","   RVing","Thousands of dollars",117069,124499,129336,136379,127591,135230,143620,151587
 "23000","Maine",1,SAOACTVA,18,"...","   Snow Activities","Thousands of dollars",60513,56954,60712,62943,62752,60471,62433,63881
 "23000","Maine",1,SAOACTVA,19,"...","    Skiing/Snowboarding","Thousands of dollars",40297,38675,41018,42530,42720,41713,42990,43703
 "23000","Maine",1,SAOACTVA,20,"...","    Other Snow Activities (includes Snowmobiling) 2/","Thousands of dollars",20216,18279,19693,20413,20033,18758,19443,20178
 "23000","Maine",1,SAOACTVA,21,"...","   Other Conventional Outdoor Recreation Activities","Thousands of dollars",42404,44294,42938,44805,45474,43005,43058,44714
 "23000","Maine",1,SAOACTVA,22,"...","    Other Conventional Air and Land Activities 3/","Thousands of dollars",28303,30588,29096,27844,28241,26415,25487,26557
 "23000","Maine",1,SAOACTVA,23,"...","    Other Conventional Water Activities 4/","Thousands of dollars",14102,13706,13842,16961,17233,16590,17571,18157
 "23000","Maine",1,SAOACTVA,24,"...","   Multi-use Apparel and Accessories (Conventional) 5/","Thousands of dollars",147507,151789,148406,149089,147768,149451,149023,148294
 "23000","Maine",1,SAOACTVA,25,"...","  Other Outdoor Recreation","Thousands of dollars",246538,250061,249124,243352,240119,244292,247533,251661
 "23000","Maine",1,SAOACTVA,26,"...","   Amusement Parks/Water Parks","Thousands of dollars",14841,14896,14928,15218,15433,16447,17588,18876
 "23000","Maine",1,SAOACTVA,27,"...","   Festivals/Sporting Events/Concerts","Thousands of dollars",18051,19414,19950,17919,17820,16863,16721,17183
 "23000","Maine",1,SAOACTVA,28,"...","   Field Sports","Thousands of dollars",18535,18883,18819,18972,18742,18668,18998,19668
 "23000","Maine",1,SAOACTVA,29,"...","   Game Areas (includes Golfing and Tennis)","Thousands of dollars",82559,83885,80899,80070,79471,79530,81955,82188
 "23000","Maine",1,SAOACTVA,30,"...","   Guided Tours/Outfitted Travel","Thousands of dollars",35807,35290,36022,35164,33307,34833,35518,36449
 "23000","Maine",1,SAOACTVA,31,"...","    Air and Land Guided Tours/Outfitted Travel","Thousands of dollars",17422,16734,17116,16409,15696,16578,16723,17069
 "23000","Maine",1,SAOACTVA,32,"...","    Water Guided Tours/Outfitted Travel (includes Boating and Fishing Charters)","Thousands of dollars",18384,18556,18906,18755,17611,18255,18795,19379
 "23000","Maine",1,SAOACTVA,33,"...","   Productive Activities (includes Gardening)","Thousands of dollars",27052,27828,28213,24341,24593,25434,24843,25532
 "23000","Maine",1,SAOACTVA,34,"...","   Other Outdoor Recreation Activities 6/","Thousands of dollars",40085,39748,40413,41772,40990,43021,42523,42372
 "23000","Maine",1,SAOACTVA,35,"...","   Multi-use Apparel and Accessories (Other) 5/","Thousands of dollars",9607,10117,9879,9896,9764,9495,9387,9393
 "23000","Maine",1,SAOACTVA,36,"..."," Supporting Outdoor Recreation","Thousands of dollars",1378681,1394593,1348106,1472174,1475425,1599990,1650215,1774271
 "23000","Maine",1,SAOACTVA,37,"...","   Construction","Thousands of dollars",35143,29518,30377,29372,28165,29084,30622,30359
 "23000","Maine",1,SAOACTVA,38,"...","   Local Trips 7/","Thousands of dollars",222546,224728,232491,247697,256996,265154,265898,284600
 "23000","Maine",1,SAOACTVA,39,"...","   Travel and Tourism 8/","Thousands of dollars",1059742,1073872,1017963,1127038,1118662,1230047,1270995,1370460
 "23000","Maine",1,SAOACTVA,40,"...","    Food and Beverages","Thousands of dollars",220586,195264,197851,214742,206371,238178,247500,266870
 "23000","Maine",1,SAOACTVA,41,"...","    Lodging","Thousands of dollars",610707,639164,571294,657233,655780,724129,749410,813287
 "23000","Maine",1,SAOACTVA,42,"...","    Shopping and Souvenirs","Thousands of dollars",117330,124049,122896,125086,121359,129083,132395,139595
 "23000","Maine",1,SAOACTVA,43,"...","    Transportation","Thousands of dollars",111120,115395,125923,129976,135152,138656,141691,150708
 "23000","Maine",1,SAOACTVA,44,"...","   Government Expenditures","Thousands of dollars",61250,66476,67275,68066,71602,75705,82700,88853
 "23000","Maine",1,SAOACTVA,45,"...","    Federal Government","Thousands of dollars",21597,24078,22187,20975,22828,24991,28974,32244
 "23000","Maine",1,SAOACTVA,46,"...","    State and Local Government","Thousands of dollars",39653,42397,45088,47091,48775,50715,53727,56609
"Note: See the included footnote file."
"SAOACTVA: Outdoor Recreation Satellite Account Activities - Value Added 1/"
"Last updated: November 10, 2020-- new statistics for 2018-2019; revised statistics for 2012-2017."
"Source: U.S. Department of Commerce / Bureau of Economic Analysis / Regional Economic Accounts"
