GeoFIPS,GeoName,Region,TableName,LineCode,IndustryClassification,Description,Unit,2012,2013,2014,2015,2016,2017,2018,2019
 "01000","Alabama",5,SAOACTVA,1,"...","Total Outdoor Recreation","Thousands of dollars",3606738,3633426,3652139,3740572,3809422,3936511,4068476,4167984
 "01000","Alabama",5,SAOACTVA,2,"..."," Total Core Outdoor Recreation","Thousands of dollars",1889836,1945171,1942712,1967902,2007068,2068581,2137300,2211694
 "01000","Alabama",5,SAOACTVA,3,"...","  Conventional Outdoor Recreation","Thousands of dollars",1228685,1271243,1267650,1306219,1349210,1385381,1427427,1495472
 "01000","Alabama",5,SAOACTVA,4,"...","   Bicycling","Thousands of dollars",9844,10438,10329,10933,10914,11036,10795,10911
 "01000","Alabama",5,SAOACTVA,5,"...","   Boating/Fishing","Thousands of dollars",216896,218854,224136,237716,272193,286207,294260,324238
 "01000","Alabama",5,SAOACTVA,6,"...","    Canoeing/Kayaking","Thousands of dollars",4903,4881,5081,4320,4550,4807,4973,5547
 "01000","Alabama",5,SAOACTVA,7,"...","    Fishing (excludes Boating)","Thousands of dollars",52003,53528,55305,63751,90144,95372,92715,97319
 "01000","Alabama",5,SAOACTVA,8,"...","    Sailing","Thousands of dollars",17316,17205,18360,18744,19837,20242,21445,23096
 "01000","Alabama",5,SAOACTVA,9,"...","    Other Boating","Thousands of dollars",142674,143240,145389,150902,157662,165786,175127,198276
 "01000","Alabama",5,SAOACTVA,10,"...","   Climbing/Hiking/Tent Camping","Thousands of dollars",36991,37595,38401,37792,36576,36345,37393,37748
 "01000","Alabama",5,SAOACTVA,11,"...","   Equestrian","Thousands of dollars",85820,90807,99250,104022,108207,113452,125338,130397
 "01000","Alabama",5,SAOACTVA,12,"...","   Hunting/Shooting/Trapping","Thousands of dollars",76852,89552,84941,90289,96901,95516,94000,101944
 "01000","Alabama",5,SAOACTVA,13,"...","    Hunting/Trapping","Thousands of dollars",34549,40062,38270,43512,45108,45594,43801,48455
 "01000","Alabama",5,SAOACTVA,14,"...","    Shooting (includes Archery)","Thousands of dollars",42303,49491,46671,46777,51793,49922,50198,53489
 "01000","Alabama",5,SAOACTVA,15,"...","   Motorcycling/ATVing","Thousands of dollars",77805,76384,75816,79571,80070,85985,90271,99786
 "01000","Alabama",5,SAOACTVA,16,"...","   Recreational Flying","Thousands of dollars",16109,16700,17164,16773,16457,16514,16812,16223
 "01000","Alabama",5,SAOACTVA,17,"...","   RVing","Thousands of dollars",159686,171702,167996,170549,172171,178970,199691,215630
 "01000","Alabama",5,SAOACTVA,18,"...","   Snow Activities","Thousands of dollars",7601,7754,7907,7430,6284,7099,7763,8053
 "01000","Alabama",5,SAOACTVA,19,"...","    Skiing/Snowboarding","Thousands of dollars",3482,3724,3984,3891,3384,3603,3581,3663
 "01000","Alabama",5,SAOACTVA,20,"...","    Other Snow Activities (includes Snowmobiling) 2/","Thousands of dollars",4119,4029,3923,3539,2900,3496,4182,4389
 "01000","Alabama",5,SAOACTVA,21,"...","   Other Conventional Outdoor Recreation Activities","Thousands of dollars",101456,102466,103781,109159,105788,103847,103309,105961
 "01000","Alabama",5,SAOACTVA,22,"...","    Other Conventional Air and Land Activities 3/","Thousands of dollars",73031,74682,74895,74408,69546,68268,66088,67899
 "01000","Alabama",5,SAOACTVA,23,"...","    Other Conventional Water Activities 4/","Thousands of dollars",28425,27784,28887,34751,36242,35579,37221,38063
 "01000","Alabama",5,SAOACTVA,24,"...","   Multi-use Apparel and Accessories (Conventional) 5/","Thousands of dollars",439624,448990,437928,441986,443650,450411,447794,444580
 "01000","Alabama",5,SAOACTVA,25,"...","  Other Outdoor Recreation","Thousands of dollars",661152,673928,675062,661682,657858,683200,709874,716222
 "01000","Alabama",5,SAOACTVA,26,"...","   Amusement Parks/Water Parks","Thousands of dollars",35307,36483,38131,41436,44684,48932,52545,57081
 "01000","Alabama",5,SAOACTVA,27,"...","   Festivals/Sporting Events/Concerts","Thousands of dollars",35160,39197,39383,35443,37216,37128,37669,38907
 "01000","Alabama",5,SAOACTVA,28,"...","   Field Sports","Thousands of dollars",34216,34072,34824,35621,34785,36042,37251,38026
 "01000","Alabama",5,SAOACTVA,29,"...","   Game Areas (includes Golfing and Tennis)","Thousands of dollars",230970,228310,223181,219659,219063,220880,228063,225983
 "01000","Alabama",5,SAOACTVA,30,"...","   Guided Tours/Outfitted Travel","Thousands of dollars",119924,122320,124531,119644,113681,124132,133250,130374
 "01000","Alabama",5,SAOACTVA,31,"...","    Air and Land Guided Tours/Outfitted Travel","Thousands of dollars",76421,79742,83969,86659,88871,93218,97511,94447
 "01000","Alabama",5,SAOACTVA,32,"...","    Water Guided Tours/Outfitted Travel (includes Boating and Fishing Charters)","Thousands of dollars",43503,42578,40562,32985,24810,30914,35738,35927
 "01000","Alabama",5,SAOACTVA,33,"...","   Productive Activities (includes Gardening)","Thousands of dollars",91511,96036,96915,87250,87980,91162,93179,98838
 "01000","Alabama",5,SAOACTVA,34,"...","   Other Outdoor Recreation Activities 6/","Thousands of dollars",77243,78639,80108,84521,82318,86735,89433,89505
 "01000","Alabama",5,SAOACTVA,35,"...","   Multi-use Apparel and Accessories (Other) 5/","Thousands of dollars",36821,38870,37990,38109,38133,38189,38484,37508
 "01000","Alabama",5,SAOACTVA,36,"..."," Supporting Outdoor Recreation","Thousands of dollars",1716902,1688256,1709427,1772670,1802354,1867930,1931175,1956291
 "01000","Alabama",5,SAOACTVA,37,"...","   Construction","Thousands of dollars",29526,37197,42582,53596,61618,72582,80773,83026
 "01000","Alabama",5,SAOACTVA,38,"...","   Local Trips 7/","Thousands of dollars",381014,377963,384951,388514,382686,396958,402499,404522
 "01000","Alabama",5,SAOACTVA,39,"...","   Travel and Tourism 8/","Thousands of dollars",1105541,1061264,1059640,1102003,1124808,1165264,1211856,1231324
 "01000","Alabama",5,SAOACTVA,40,"...","    Food and Beverages","Thousands of dollars",232771,192112,204847,217961,236357,249079,260351,263303
 "01000","Alabama",5,SAOACTVA,41,"...","    Lodging","Thousands of dollars",348485,346490,322779,351590,363878,386571,406296,414309
 "01000","Alabama",5,SAOACTVA,42,"...","    Shopping and Souvenirs","Thousands of dollars",250524,252042,259374,258964,260664,262736,266439,268034
 "01000","Alabama",5,SAOACTVA,43,"...","    Transportation","Thousands of dollars",273762,270621,272640,273487,263909,266878,278770,285677
 "01000","Alabama",5,SAOACTVA,44,"...","   Government Expenditures","Thousands of dollars",200820,211832,222253,228557,233242,233126,236047,237419
 "01000","Alabama",5,SAOACTVA,45,"...","    Federal Government","Thousands of dollars",8099,8731,8183,7603,8097,8610,9646,10709
 "01000","Alabama",5,SAOACTVA,46,"...","    State and Local Government","Thousands of dollars",192721,203101,214070,220954,225145,224516,226401,226710
"Note: See the included footnote file."
"SAOACTVA: Outdoor Recreation Satellite Account Activities - Value Added 1/"
"Last updated: November 10, 2020-- new statistics for 2018-2019; revised statistics for 2012-2017."
"Source: U.S. Department of Commerce / Bureau of Economic Analysis / Regional Economic Accounts"
