GeoFIPS,GeoName,Region,TableName,LineCode,IndustryClassification,Description,Unit,2012,2013,2014,2015,2016,2017,2018,2019
 "11000","District of Columbia",2,SAOACTVA,1,"...","Total Outdoor Recreation","Thousands of dollars",1313497,1304842,1312774,1440970,1420900,1556415,1587578,1642970
 "11000","District of Columbia",2,SAOACTVA,2,"..."," Total Core Outdoor Recreation","Thousands of dollars",338736,351264,371835,381659,394582,404057,413560,427122
 "11000","District of Columbia",2,SAOACTVA,3,"...","  Conventional Outdoor Recreation","Thousands of dollars",138375,142905,146306,151887,152395,150298,151403,152404
 "11000","District of Columbia",2,SAOACTVA,4,"...","   Bicycling","Thousands of dollars",4154,4072,3993,4165,4496,4835,5035,4862
 "11000","District of Columbia",2,SAOACTVA,5,"...","   Boating/Fishing","Thousands of dollars",22470,21117,22798,22731,23649,23178,23241,24305
 "11000","District of Columbia",2,SAOACTVA,6,"...","    Canoeing/Kayaking","Thousands of dollars",240,234,245,216,225,240,252,271
 "11000","District of Columbia",2,SAOACTVA,7,"...","    Fishing (excludes Boating)","Thousands of dollars",625,671,710,845,1176,1269,1234,1322
 "11000","District of Columbia",2,SAOACTVA,8,"...","    Sailing","Thousands of dollars",1122,1108,1235,1328,1378,1343,1327,1378
 "11000","District of Columbia",2,SAOACTVA,9,"...","    Other Boating","Thousands of dollars",20484,19104,20609,20341,20869,20326,20429,21334
 "11000","District of Columbia",2,SAOACTVA,10,"...","   Climbing/Hiking/Tent Camping","Thousands of dollars",2407,2547,2690,2862,2924,3053,3226,3366
 "11000","District of Columbia",2,SAOACTVA,11,"...","   Equestrian","Thousands of dollars",1274,1376,1724,1723,1771,1804,1905,1961
 "11000","District of Columbia",2,SAOACTVA,12,"...","   Hunting/Shooting/Trapping","Thousands of dollars",4122,4504,4351,4605,5300,5405,5609,6681
 "11000","District of Columbia",2,SAOACTVA,13,"...","    Hunting/Trapping","Thousands of dollars",861,1060,977,1123,1403,1448,1511,1952
 "11000","District of Columbia",2,SAOACTVA,14,"...","    Shooting (includes Archery)","Thousands of dollars",3262,3445,3374,3482,3897,3956,4098,4729
 "11000","District of Columbia",2,SAOACTVA,15,"...","   Motorcycling/ATVing","Thousands of dollars",11619,10329,11575,11834,11318,9932,10812,11119
 "11000","District of Columbia",2,SAOACTVA,16,"...","   Recreational Flying","Thousands of dollars",323,305,325,306,303,284,281,285
 "11000","District of Columbia",2,SAOACTVA,17,"...","   RVing","Thousands of dollars",8993,9130,9659,10292,9890,9685,11002,11613
 "11000","District of Columbia",2,SAOACTVA,18,"...","   Snow Activities","Thousands of dollars",665,671,747,798,799,838,862,894
 "11000","District of Columbia",2,SAOACTVA,19,"...","    Skiing/Snowboarding","Thousands of dollars",589,598,676,729,724,753,769,801
 "11000","District of Columbia",2,SAOACTVA,20,"...","    Other Snow Activities (includes Snowmobiling) 2/","Thousands of dollars",76,73,71,70,75,85,93,93
 "11000","District of Columbia",2,SAOACTVA,21,"...","   Other Conventional Outdoor Recreation Activities","Thousands of dollars",9053,9659,9838,10006,9578,9133,10091,10361
 "11000","District of Columbia",2,SAOACTVA,22,"...","    Other Conventional Air and Land Activities 3/","Thousands of dollars",8177,8791,8909,8918,8455,7993,8932,9189
 "11000","District of Columbia",2,SAOACTVA,23,"...","    Other Conventional Water Activities 4/","Thousands of dollars",876,868,929,1088,1124,1141,1160,1172
 "11000","District of Columbia",2,SAOACTVA,24,"...","   Multi-use Apparel and Accessories (Conventional) 5/","Thousands of dollars",73294,79194,78605,82564,82367,82151,79338,76957
 "11000","District of Columbia",2,SAOACTVA,25,"...","  Other Outdoor Recreation","Thousands of dollars",200361,208359,225529,229772,242187,253759,262158,274718
 "11000","District of Columbia",2,SAOACTVA,26,"...","   Amusement Parks/Water Parks","Thousands of dollars",7068,7336,7625,8278,8842,9457,9746,10171
 "11000","District of Columbia",2,SAOACTVA,27,"...","   Festivals/Sporting Events/Concerts","Thousands of dollars",90578,100312,116091,123020,137086,146440,153031,162795
 "11000","District of Columbia",2,SAOACTVA,28,"...","   Field Sports","Thousands of dollars",6690,6497,6556,6201,5943,5899,6110,6160
 "11000","District of Columbia",2,SAOACTVA,29,"...","   Game Areas (includes Golfing and Tennis)","Thousands of dollars",22332,21823,21412,20693,19955,19937,20827,21133
 "11000","District of Columbia",2,SAOACTVA,30,"...","   Guided Tours/Outfitted Travel","Thousands of dollars",42609,42000,43491,43420,42426,44475,44961,46305
 "11000","District of Columbia",2,SAOACTVA,31,"...","    Air and Land Guided Tours/Outfitted Travel","Thousands of dollars",24103,23584,24143,23814,23111,24448,24637,25231
 "11000","District of Columbia",2,SAOACTVA,32,"...","    Water Guided Tours/Outfitted Travel (includes Boating and Fishing Charters)","Thousands of dollars",18505,18415,19348,19606,19315,20027,20324,21074
 "11000","District of Columbia",2,SAOACTVA,33,"...","   Productive Activities (includes Gardening)","Thousands of dollars",7436,7287,7169,4734,4516,4332,3930,4000
 "11000","District of Columbia",2,SAOACTVA,34,"...","   Other Outdoor Recreation Activities 6/","Thousands of dollars",18835,17625,17740,17445,17314,17517,17909,18402
 "11000","District of Columbia",2,SAOACTVA,35,"...","   Multi-use Apparel and Accessories (Other) 5/","Thousands of dollars",4813,5480,5446,5981,6105,5703,5644,5752
 "11000","District of Columbia",2,SAOACTVA,36,"..."," Supporting Outdoor Recreation","Thousands of dollars",974761,953578,940939,1059311,1026318,1152357,1174017,1215849
 "11000","District of Columbia",2,SAOACTVA,37,"...","   Construction","Thousands of dollars",32450,28967,32181,37838,39188,41541,43915,46310
 "11000","District of Columbia",2,SAOACTVA,38,"...","   Local Trips 7/","Thousands of dollars",32474,35567,36484,39918,37927,43250,50004,52016
 "11000","District of Columbia",2,SAOACTVA,39,"...","   Travel and Tourism 8/","Thousands of dollars",686273,631560,612870,713908,667557,774478,767523,788165
 "11000","District of Columbia",2,SAOACTVA,40,"...","    Food and Beverages","Thousands of dollars",374403,300801,290505,339721,325717,385970,379354,388352
 "11000","District of Columbia",2,SAOACTVA,41,"...","    Lodging","Thousands of dollars",233291,238216,225852,265520,236770,280864,275123,282195
 "11000","District of Columbia",2,SAOACTVA,42,"...","    Shopping and Souvenirs","Thousands of dollars",45133,44448,42401,44747,41937,47182,46633,48198
 "11000","District of Columbia",2,SAOACTVA,43,"...","    Transportation","Thousands of dollars",33445,48095,54113,63921,63134,60462,66413,69420
 "11000","District of Columbia",2,SAOACTVA,44,"...","   Government Expenditures","Thousands of dollars",223563,257484,259404,267646,281646,293089,312575,329357
 "11000","District of Columbia",2,SAOACTVA,45,"...","    Federal Government","Thousands of dollars",137026,159403,154807,152814,166461,175488,189844,198707
 "11000","District of Columbia",2,SAOACTVA,46,"...","    State and Local Government","Thousands of dollars",86537,98081,104598,114832,115185,117601,122731,130650
"Note: See the included footnote file."
"SAOACTVA: Outdoor Recreation Satellite Account Activities - Value Added 1/"
"Last updated: November 10, 2020-- new statistics for 2018-2019; revised statistics for 2012-2017."
"Source: U.S. Department of Commerce / Bureau of Economic Analysis / Regional Economic Accounts"
