GeoFIPS,GeoName,Region,TableName,LineCode,IndustryClassification,Description,Unit,2012,2013,2014,2015,2016,2017,2018,2019
 "36000","New York",2,SAOACTVA,1,"...","Total Outdoor Recreation","Thousands of dollars",23748762,24341628,24922066,26519845,27560949,27410477,28284311,29246321
 "36000","New York",2,SAOACTVA,2,"..."," Total Core Outdoor Recreation","Thousands of dollars",12700358,13027900,13442420,13904097,14040920,14168157,14317452,14740748
 "36000","New York",2,SAOACTVA,3,"...","  Conventional Outdoor Recreation","Thousands of dollars",8241528,8421222,8566669,8920793,8864827,8773071,8694323,8891789
 "36000","New York",2,SAOACTVA,4,"...","   Bicycling","Thousands of dollars",85405,86201,86961,91898,92091,94957,94010,96156
 "36000","New York",2,SAOACTVA,5,"...","   Boating/Fishing","Thousands of dollars",937248,937971,983860,1018406,1082389,1090317,1099723,1153407
 "36000","New York",2,SAOACTVA,6,"...","    Canoeing/Kayaking","Thousands of dollars",17440,17524,18455,16008,16600,16672,16627,17613
 "36000","New York",2,SAOACTVA,7,"...","    Fishing (excludes Boating)","Thousands of dollars",81756,82286,84492,97467,136556,142831,139041,148667
 "36000","New York",2,SAOACTVA,8,"...","    Sailing","Thousands of dollars",77707,77758,82827,83677,86500,85567,87926,90335
 "36000","New York",2,SAOACTVA,9,"...","    Other Boating","Thousands of dollars",760346,760403,798086,821255,842733,845247,856129,896793
 "36000","New York",2,SAOACTVA,10,"...","   Climbing/Hiking/Tent Camping","Thousands of dollars",161344,165794,170161,172381,171192,172526,177807,181028
 "36000","New York",2,SAOACTVA,11,"...","   Equestrian","Thousands of dollars",143371,151688,173524,181472,188797,197584,214235,220523
 "36000","New York",2,SAOACTVA,12,"...","   Hunting/Shooting/Trapping","Thousands of dollars",270049,319096,280140,290242,304438,302550,294994,314883
 "36000","New York",2,SAOACTVA,13,"...","    Hunting/Trapping","Thousands of dollars",137053,154052,131765,138057,136098,143359,135377,143862
 "36000","New York",2,SAOACTVA,14,"...","    Shooting (includes Archery)","Thousands of dollars",132996,165044,148376,152185,168341,159192,159617,171021
 "36000","New York",2,SAOACTVA,15,"...","   Motorcycling/ATVing","Thousands of dollars",307025,282378,294381,298479,292461,284283,288650,302382
 "36000","New York",2,SAOACTVA,16,"...","   Recreational Flying","Thousands of dollars",29452,32376,32288,32407,32937,35868,35914,38613
 "36000","New York",2,SAOACTVA,17,"...","   RVing","Thousands of dollars",479344,493135,510417,537264,538360,540518,559307,581003
 "36000","New York",2,SAOACTVA,18,"...","   Snow Activities","Thousands of dollars",155017,148637,159889,164501,159665,161858,163848,169082
 "36000","New York",2,SAOACTVA,19,"...","    Skiing/Snowboarding","Thousands of dollars",98298,95022,103772,108074,104362,106703,106901,109625
 "36000","New York",2,SAOACTVA,20,"...","    Other Snow Activities (includes Snowmobiling) 2/","Thousands of dollars",56719,53615,56117,56427,55303,55155,56947,59457
 "36000","New York",2,SAOACTVA,21,"...","   Other Conventional Outdoor Recreation Activities","Thousands of dollars",488509,511296,518853,538725,511427,486144,469502,494488
 "36000","New York",2,SAOACTVA,22,"...","    Other Conventional Air and Land Activities 3/","Thousands of dollars",414545,435809,439768,440663,411599,392351,374305,398803
 "36000","New York",2,SAOACTVA,23,"...","    Other Conventional Water Activities 4/","Thousands of dollars",73965,75487,79084,98062,99828,93793,95197,95685
 "36000","New York",2,SAOACTVA,24,"...","   Multi-use Apparel and Accessories (Conventional) 5/","Thousands of dollars",5184763,5292649,5356196,5595016,5491069,5406466,5296333,5340223
 "36000","New York",2,SAOACTVA,25,"...","  Other Outdoor Recreation","Thousands of dollars",4458829,4606678,4875751,4983304,5176093,5395085,5623129,5848959
 "36000","New York",2,SAOACTVA,26,"...","   Amusement Parks/Water Parks","Thousands of dollars",176204,183280,196026,220797,240953,263003,274868,288798
 "36000","New York",2,SAOACTVA,27,"...","   Festivals/Sporting Events/Concerts","Thousands of dollars",1313018,1380767,1520826,1499881,1703062,1807395,1948621,2087775
 "36000","New York",2,SAOACTVA,28,"...","   Field Sports","Thousands of dollars",169493,171699,182487,193480,197493,205753,215964,217477
 "36000","New York",2,SAOACTVA,29,"...","   Game Areas (includes Golfing and Tennis)","Thousands of dollars",889466,894386,914243,933537,951602,963633,999753,1008807
 "36000","New York",2,SAOACTVA,30,"...","   Guided Tours/Outfitted Travel","Thousands of dollars",742022,746129,778997,796502,758551,832013,857175,895233
 "36000","New York",2,SAOACTVA,31,"...","    Air and Land Guided Tours/Outfitted Travel","Thousands of dollars",410938,413222,436406,459463,449205,488616,500296,526908
 "36000","New York",2,SAOACTVA,32,"...","    Water Guided Tours/Outfitted Travel (includes Boating and Fishing Charters)","Thousands of dollars",331085,332908,342591,337039,309347,343397,356879,368325
 "36000","New York",2,SAOACTVA,33,"...","   Productive Activities (includes Gardening)","Thousands of dollars",283662,293679,302798,242679,247736,252223,244056,251860
 "36000","New York",2,SAOACTVA,34,"...","   Other Outdoor Recreation Activities 6/","Thousands of dollars",563393,572038,608009,684630,660324,666644,671587,679142
 "36000","New York",2,SAOACTVA,35,"...","   Multi-use Apparel and Accessories (Other) 5/","Thousands of dollars",321572,364699,372365,411799,416372,404421,411106,419868
 "36000","New York",2,SAOACTVA,36,"..."," Supporting Outdoor Recreation","Thousands of dollars",11048404,11313727,11479646,12615748,13520029,13242321,13966860,14505573
 "36000","New York",2,SAOACTVA,37,"...","   Construction","Thousands of dollars",564873,485395,529129,586229,610752,643995,675451,679359
 "36000","New York",2,SAOACTVA,38,"...","   Local Trips 7/","Thousands of dollars",1556474,1611522,1654513,1788955,1877752,1849066,1900774,1969018
 "36000","New York",2,SAOACTVA,39,"...","   Travel and Tourism 8/","Thousands of dollars",7857485,8067475,8088811,8965690,9720070,9410013,9981034,10366916
 "36000","New York",2,SAOACTVA,40,"...","    Food and Beverages","Thousands of dollars",1604709,1364397,1404556,1511950,1797704,1712121,1923147,2024404
 "36000","New York",2,SAOACTVA,41,"...","    Lodging","Thousands of dollars",2839735,3012145,2744371,3044879,3326770,3125054,3398246,3539145
 "36000","New York",2,SAOACTVA,42,"...","    Shopping and Souvenirs","Thousands of dollars",1263282,1289125,1329817,1391835,1467100,1402549,1431205,1446048
 "36000","New York",2,SAOACTVA,43,"...","    Transportation","Thousands of dollars",2149758,2401807,2610066,3017026,3128497,3170290,3228436,3357320
 "36000","New York",2,SAOACTVA,44,"...","   Government Expenditures","Thousands of dollars",1069572,1149335,1207193,1274874,1311455,1339247,1409600,1490280
 "36000","New York",2,SAOACTVA,45,"...","    Federal Government","Thousands of dollars",145541,151572,128889,117124,129680,143087,164364,180858
 "36000","New York",2,SAOACTVA,46,"...","    State and Local Government","Thousands of dollars",924031,997763,1078303,1157750,1181775,1196160,1245236,1309422
"Note: See the included footnote file."
"SAOACTVA: Outdoor Recreation Satellite Account Activities - Value Added 1/"
"Last updated: November 10, 2020-- new statistics for 2018-2019; revised statistics for 2012-2017."
"Source: U.S. Department of Commerce / Bureau of Economic Analysis / Regional Economic Accounts"
