GeoFIPS,GeoName,Region,TableName,LineCode,IndustryClassification,Description,Unit,2012,2013,2014,2015,2016,2017,2018,2019
 "25000","Massachusetts",1,SAOACTVA,1,"...","Total Outdoor Recreation","Thousands of dollars",8198063,8450417,8504614,9064707,9569947,9912360,10120384,10455153
 "25000","Massachusetts",1,SAOACTVA,2,"..."," Total Core Outdoor Recreation","Thousands of dollars",4293289,4364192,4426854,4544927,4799906,4923177,5068160,5229952
 "25000","Massachusetts",1,SAOACTVA,3,"...","  Conventional Outdoor Recreation","Thousands of dollars",2428364,2490039,2490239,2588812,2735617,2725735,2764346,2871071
 "25000","Massachusetts",1,SAOACTVA,4,"...","   Bicycling","Thousands of dollars",33640,34745,34238,35168,35271,34203,33467,35011
 "25000","Massachusetts",1,SAOACTVA,5,"...","   Boating/Fishing","Thousands of dollars",479067,480305,500257,527507,618310,602515,632408,682208
 "25000","Massachusetts",1,SAOACTVA,6,"...","    Canoeing/Kayaking","Thousands of dollars",10608,10576,11191,9920,10417,10656,10722,11240
 "25000","Massachusetts",1,SAOACTVA,7,"...","    Fishing (excludes Boating)","Thousands of dollars",94675,93334,89079,95801,163035,142096,162170,185416
 "25000","Massachusetts",1,SAOACTVA,8,"...","    Sailing","Thousands of dollars",46227,46853,51173,54633,57894,58418,59982,62027
 "25000","Massachusetts",1,SAOACTVA,9,"...","    Other Boating","Thousands of dollars",327557,329542,348813,367154,386963,391345,399534,423525
 "25000","Massachusetts",1,SAOACTVA,10,"...","   Climbing/Hiking/Tent Camping","Thousands of dollars",70559,76532,77276,77828,74904,73973,76524,76655
 "25000","Massachusetts",1,SAOACTVA,11,"...","   Equestrian","Thousands of dollars",35854,38398,44440,46475,48253,49946,54041,55788
 "25000","Massachusetts",1,SAOACTVA,12,"...","   Hunting/Shooting/Trapping","Thousands of dollars",159482,200339,172556,193455,249913,246487,240990,273829
 "25000","Massachusetts",1,SAOACTVA,13,"...","    Hunting/Trapping","Thousands of dollars",58596,74715,61917,73657,96175,94287,90961,106195
 "25000","Massachusetts",1,SAOACTVA,14,"...","    Shooting (includes Archery)","Thousands of dollars",100886,125624,110638,119797,153737,152200,150029,167633
 "25000","Massachusetts",1,SAOACTVA,15,"...","   Motorcycling/ATVing","Thousands of dollars",113232,106041,111004,116020,116350,114627,114570,118198
 "25000","Massachusetts",1,SAOACTVA,16,"...","   Recreational Flying","Thousands of dollars",11441,14241,13842,13373,13136,14462,14398,15276
 "25000","Massachusetts",1,SAOACTVA,17,"...","   RVing","Thousands of dollars",145203,148304,155312,164916,164327,167177,173188,180749
 "25000","Massachusetts",1,SAOACTVA,18,"...","   Snow Activities","Thousands of dollars",96277,92073,99679,104179,103382,103048,106732,111148
 "25000","Massachusetts",1,SAOACTVA,19,"...","    Skiing/Snowboarding","Thousands of dollars",62921,60949,66368,69625,69096,69793,72124,74568
 "25000","Massachusetts",1,SAOACTVA,20,"...","    Other Snow Activities (includes Snowmobiling) 2/","Thousands of dollars",33356,31124,33311,34554,34286,33255,34608,36581
 "25000","Massachusetts",1,SAOACTVA,21,"...","   Other Conventional Outdoor Recreation Activities","Thousands of dollars",204649,208152,209871,220469,222173,214477,212572,218372
 "25000","Massachusetts",1,SAOACTVA,22,"...","    Other Conventional Air and Land Activities 3/","Thousands of dollars",145143,151387,150157,149299,146281,139014,133830,139268
 "25000","Massachusetts",1,SAOACTVA,23,"...","    Other Conventional Water Activities 4/","Thousands of dollars",59507,56765,59714,71171,75892,75463,78742,79104
 "25000","Massachusetts",1,SAOACTVA,24,"...","   Multi-use Apparel and Accessories (Conventional) 5/","Thousands of dollars",1078960,1090909,1071765,1089422,1089599,1104819,1105456,1103837
 "25000","Massachusetts",1,SAOACTVA,25,"...","  Other Outdoor Recreation","Thousands of dollars",1864925,1874153,1936616,1956114,2064290,2197442,2303814,2358880
 "25000","Massachusetts",1,SAOACTVA,26,"...","   Amusement Parks/Water Parks","Thousands of dollars",83927,85427,89579,99761,110069,122322,128883,133649
 "25000","Massachusetts",1,SAOACTVA,27,"...","   Festivals/Sporting Events/Concerts","Thousands of dollars",378349,403253,433022,416203,461217,495514,539254,574160
 "25000","Massachusetts",1,SAOACTVA,28,"...","   Field Sports","Thousands of dollars",80532,79897,84842,90708,97877,104164,109447,110567
 "25000","Massachusetts",1,SAOACTVA,29,"...","   Game Areas (includes Golfing and Tennis)","Thousands of dollars",586787,574336,569665,577164,612682,637733,665075,656299
 "25000","Massachusetts",1,SAOACTVA,30,"...","   Guided Tours/Outfitted Travel","Thousands of dollars",344716,339955,352171,361029,361384,401127,417979,433680
 "25000","Massachusetts",1,SAOACTVA,31,"...","    Air and Land Guided Tours/Outfitted Travel","Thousands of dollars",194171,189914,196337,200877,202903,225916,235699,246543
 "25000","Massachusetts",1,SAOACTVA,32,"...","    Water Guided Tours/Outfitted Travel (includes Boating and Fishing Charters)","Thousands of dollars",150545,150040,155834,160152,158481,175211,182281,187137
 "25000","Massachusetts",1,SAOACTVA,33,"...","   Productive Activities (includes Gardening)","Thousands of dollars",102310,104828,108415,85249,88291,89201,86454,89245
 "25000","Massachusetts",1,SAOACTVA,34,"...","   Other Outdoor Recreation Activities 6/","Thousands of dollars",199433,193687,206104,229609,237613,249496,254525,256328
 "25000","Massachusetts",1,SAOACTVA,35,"...","   Multi-use Apparel and Accessories (Other) 5/","Thousands of dollars",88871,92770,92818,96391,95157,97885,102197,104952
 "25000","Massachusetts",1,SAOACTVA,36,"..."," Supporting Outdoor Recreation","Thousands of dollars",3904774,4086225,4077760,4519780,4770041,4989183,5052224,5225202
 "25000","Massachusetts",1,SAOACTVA,37,"...","   Construction","Thousands of dollars",61452,77452,89585,113786,125425,137916,146507,146186
 "25000","Massachusetts",1,SAOACTVA,38,"...","   Local Trips 7/","Thousands of dollars",579780,605089,615862,659415,670612,689566,703547,705829
 "25000","Massachusetts",1,SAOACTVA,39,"...","   Travel and Tourism 8/","Thousands of dollars",2989710,3108425,3073307,3439650,3657585,3839233,3867486,4022396
 "25000","Massachusetts",1,SAOACTVA,40,"...","    Food and Beverages","Thousands of dollars",639531,591169,574303,635640,701981,751288,730086,760016
 "25000","Massachusetts",1,SAOACTVA,41,"...","    Lodging","Thousands of dollars",910674,1004183,889813,1035058,1082154,1141720,1165165,1170862
 "25000","Massachusetts",1,SAOACTVA,42,"...","    Shopping and Souvenirs","Thousands of dollars",392147,414173,413872,440819,462941,475196,468535,481149
 "25000","Massachusetts",1,SAOACTVA,43,"...","    Transportation","Thousands of dollars",1047358,1098901,1195319,1328134,1410508,1471029,1503701,1610369
 "25000","Massachusetts",1,SAOACTVA,44,"...","   Government Expenditures","Thousands of dollars",273832,295259,299006,306929,316420,322468,334685,350790
 "25000","Massachusetts",1,SAOACTVA,45,"...","    Federal Government","Thousands of dollars",88127,101035,93057,84930,85007,84507,90063,95126
 "25000","Massachusetts",1,SAOACTVA,46,"...","    State and Local Government","Thousands of dollars",185705,194225,205949,221999,231413,237961,244621,255664
"Note: See the included footnote file."
"SAOACTVA: Outdoor Recreation Satellite Account Activities - Value Added 1/"
"Last updated: November 10, 2020-- new statistics for 2018-2019; revised statistics for 2012-2017."
"Source: U.S. Department of Commerce / Bureau of Economic Analysis / Regional Economic Accounts"
