GeoFIPS,GeoName,Region,TableName,LineCode,IndustryClassification,Description,Unit,2012,2013,2014,2015,2016,2017,2018,2019
 "38000","North Dakota",4,SAOACTVA,1,"...","Total Outdoor Recreation","Thousands of dollars",1147850,1195552,1222207,1278615,1226900,1214869,1234480,1260609
 "38000","North Dakota",4,SAOACTVA,2,"..."," Total Core Outdoor Recreation","Thousands of dollars",534733,551130,568384,572849,563797,552129,544618,557172
 "38000","North Dakota",4,SAOACTVA,3,"...","  Conventional Outdoor Recreation","Thousands of dollars",362887,378703,392887,403037,402160,391079,384450,396579
 "38000","North Dakota",4,SAOACTVA,4,"...","   Bicycling","Thousands of dollars",2501,2614,2646,2722,2631,2570,2524,2590
 "38000","North Dakota",4,SAOACTVA,5,"...","   Boating/Fishing","Thousands of dollars",57560,57218,58532,60604,67407,66719,65826,70830
 "38000","North Dakota",4,SAOACTVA,6,"...","    Canoeing/Kayaking","Thousands of dollars",1396,1394,1467,1275,1260,1207,1143,1193
 "38000","North Dakota",4,SAOACTVA,7,"...","    Fishing (excludes Boating)","Thousands of dollars",13577,14009,14386,16140,22885,23444,23196,25802
 "38000","North Dakota",4,SAOACTVA,8,"...","    Sailing","Thousands of dollars",1542,1533,1678,1703,1845,1755,1673,1701
 "38000","North Dakota",4,SAOACTVA,9,"...","    Other Boating","Thousands of dollars",41046,40282,41000,41486,41417,40313,39814,42135
 "38000","North Dakota",4,SAOACTVA,10,"...","   Climbing/Hiking/Tent Camping","Thousands of dollars",7047,7249,7586,7486,7056,6817,6781,6836
 "38000","North Dakota",4,SAOACTVA,11,"...","   Equestrian","Thousands of dollars",49226,53056,59957,62362,63064,63822,67440,69896
 "38000","North Dakota",4,SAOACTVA,12,"...","   Hunting/Shooting/Trapping","Thousands of dollars",19658,22915,22014,22875,24398,22773,22526,25507
 "38000","North Dakota",4,SAOACTVA,13,"...","    Hunting/Trapping","Thousands of dollars",7648,8895,8525,9369,9899,9302,9091,10512
 "38000","North Dakota",4,SAOACTVA,14,"...","    Shooting (includes Archery)","Thousands of dollars",12010,14020,13489,13505,14499,13471,13435,14995
 "38000","North Dakota",4,SAOACTVA,15,"...","   Motorcycling/ATVing","Thousands of dollars",26293,25217,25372,27092,25800,25152,24147,24479
 "38000","North Dakota",4,SAOACTVA,16,"...","   Recreational Flying","Thousands of dollars",3852,4342,4530,4444,4061,4153,4296,4632
 "38000","North Dakota",4,SAOACTVA,17,"...","   RVing","Thousands of dollars",74338,80254,84323,86883,84750,78966,73962,75546
 "38000","North Dakota",4,SAOACTVA,18,"...","   Snow Activities","Thousands of dollars",6221,6058,6519,6376,5445,5734,6231,6405
 "38000","North Dakota",4,SAOACTVA,19,"...","    Skiing/Snowboarding","Thousands of dollars",2764,2658,3071,3107,2821,2834,2840,3014
 "38000","North Dakota",4,SAOACTVA,20,"...","    Other Snow Activities (includes Snowmobiling) 2/","Thousands of dollars",3457,3400,3448,3269,2624,2900,3391,3390
 "38000","North Dakota",4,SAOACTVA,21,"...","   Other Conventional Outdoor Recreation Activities","Thousands of dollars",30125,31075,32435,34042,31007,29535,29176,29310
 "38000","North Dakota",4,SAOACTVA,22,"...","    Other Conventional Air and Land Activities 3/","Thousands of dollars",21821,22687,23491,23237,20271,19707,19633,19910
 "38000","North Dakota",4,SAOACTVA,23,"...","    Other Conventional Water Activities 4/","Thousands of dollars",8305,8388,8945,10805,10736,9828,9543,9400
 "38000","North Dakota",4,SAOACTVA,24,"...","   Multi-use Apparel and Accessories (Conventional) 5/","Thousands of dollars",86067,88706,88974,88151,86540,84838,81540,80548
 "38000","North Dakota",4,SAOACTVA,25,"...","  Other Outdoor Recreation","Thousands of dollars",171846,172426,175497,169812,161638,161050,160168,160593
 "38000","North Dakota",4,SAOACTVA,26,"...","   Amusement Parks/Water Parks","Thousands of dollars",5512,5803,5971,6388,6484,6413,6290,6533
 "38000","North Dakota",4,SAOACTVA,27,"...","   Festivals/Sporting Events/Concerts","Thousands of dollars",4435,4600,4910,4406,4764,4715,4949,5168
 "38000","North Dakota",4,SAOACTVA,28,"...","   Field Sports","Thousands of dollars",9339,9408,9872,10022,9567,9438,9456,9776
 "38000","North Dakota",4,SAOACTVA,29,"...","   Game Areas (includes Golfing and Tennis)","Thousands of dollars",40318,41384,40580,40048,38804,37662,37630,37250
 "38000","North Dakota",4,SAOACTVA,30,"...","   Guided Tours/Outfitted Travel","Thousands of dollars",36398,34919,35448,31276,24880,26561,27574,27496
 "38000","North Dakota",4,SAOACTVA,31,"...","    Air and Land Guided Tours/Outfitted Travel","Thousands of dollars",16052,15452,16001,15008,13170,13211,13360,13565
 "38000","North Dakota",4,SAOACTVA,32,"...","    Water Guided Tours/Outfitted Travel (includes Boating and Fishing Charters)","Thousands of dollars",20346,19467,19448,16268,11710,13350,14213,13931
 "38000","North Dakota",4,SAOACTVA,33,"...","   Productive Activities (includes Gardening)","Thousands of dollars",37278,37432,38695,36810,36878,36316,35030,35189
 "38000","North Dakota",4,SAOACTVA,34,"...","   Other Outdoor Recreation Activities 6/","Thousands of dollars",27708,27262,28292,29248,28701,28799,28538,28868
 "38000","North Dakota",4,SAOACTVA,35,"...","   Multi-use Apparel and Accessories (Other) 5/","Thousands of dollars",10858,11619,11728,11614,11561,11146,10701,10313
 "38000","North Dakota",4,SAOACTVA,36,"..."," Supporting Outdoor Recreation","Thousands of dollars",613117,644422,653823,705766,663103,662740,689862,703437
 "38000","North Dakota",4,SAOACTVA,37,"...","   Construction","Thousands of dollars",30651,31185,36612,42474,45971,48519,50887,50027
 "38000","North Dakota",4,SAOACTVA,38,"...","   Local Trips 7/","Thousands of dollars",128746,135431,139537,144299,127468,127771,133908,133820
 "38000","North Dakota",4,SAOACTVA,39,"...","   Travel and Tourism 8/","Thousands of dollars",368733,381923,374474,407816,370361,359166,370336,381515
 "38000","North Dakota",4,SAOACTVA,40,"...","    Food and Beverages","Thousands of dollars",73424,66977,64905,75956,72356,71141,74793,82359
 "38000","North Dakota",4,SAOACTVA,41,"...","    Lodging","Thousands of dollars",98607,108398,98876,115906,103512,95464,98992,99282
 "38000","North Dakota",4,SAOACTVA,42,"...","    Shopping and Souvenirs","Thousands of dollars",90938,97795,97316,100836,93451,93625,94947,97191
 "38000","North Dakota",4,SAOACTVA,43,"...","    Transportation","Thousands of dollars",105765,108752,113378,115118,101042,98936,101604,102683
 "38000","North Dakota",4,SAOACTVA,44,"...","   Government Expenditures","Thousands of dollars",84986,95883,103200,111177,119303,127284,134732,138075
 "38000","North Dakota",4,SAOACTVA,45,"...","    Federal Government","Thousands of dollars",5749,6359,5835,5274,5481,5739,6551,7123
 "38000","North Dakota",4,SAOACTVA,46,"...","    State and Local Government","Thousands of dollars",79237,89524,97365,105903,113822,121545,128181,130953
"Note: See the included footnote file."
"SAOACTVA: Outdoor Recreation Satellite Account Activities - Value Added 1/"
"Last updated: November 10, 2020-- new statistics for 2018-2019; revised statistics for 2012-2017."
"Source: U.S. Department of Commerce / Bureau of Economic Analysis / Regional Economic Accounts"
