GeoFIPS,GeoName,Region,TableName,LineCode,IndustryClassification,Description,Unit,2012,2013,2014,2015,2016,2017,2018,2019
 "42000","Pennsylvania",2,SAOACTVA,1,"...","Total Outdoor Recreation","Thousands of dollars",11294639,11490100,11647604,12214360,12365322,12654392,12829595,13214772
 "42000","Pennsylvania",2,SAOACTVA,2,"..."," Total Core Outdoor Recreation","Thousands of dollars",6425558,6599754,6726131,6803031,6819883,6945094,7019571,7229665
 "42000","Pennsylvania",2,SAOACTVA,3,"...","  Conventional Outdoor Recreation","Thousands of dollars",3782886,3893127,3912123,4004188,4020431,4055939,4078878,4236220
 "42000","Pennsylvania",2,SAOACTVA,4,"...","   Bicycling","Thousands of dollars",72567,82829,79138,77458,84856,85398,76598,87152
 "42000","Pennsylvania",2,SAOACTVA,5,"...","   Boating/Fishing","Thousands of dollars",410194,412812,430800,447006,481075,480866,488101,520094
 "42000","Pennsylvania",2,SAOACTVA,6,"...","    Canoeing/Kayaking","Thousands of dollars",6361,6454,7011,5880,5942,6100,6294,6728
 "42000","Pennsylvania",2,SAOACTVA,7,"...","    Fishing (excludes Boating)","Thousands of dollars",71667,72285,70985,77403,110105,111717,111526,120755
 "42000","Pennsylvania",2,SAOACTVA,8,"...","    Sailing","Thousands of dollars",14772,14861,16009,16299,16894,16698,16950,17629
 "42000","Pennsylvania",2,SAOACTVA,9,"...","    Other Boating","Thousands of dollars",317394,319212,336794,347424,348133,346352,353330,374983
 "42000","Pennsylvania",2,SAOACTVA,10,"...","   Climbing/Hiking/Tent Camping","Thousands of dollars",106032,111725,113118,113617,109785,111400,116119,118435
 "42000","Pennsylvania",2,SAOACTVA,11,"...","   Equestrian","Thousands of dollars",178790,189254,212622,224799,235553,246914,271076,280015
 "42000","Pennsylvania",2,SAOACTVA,12,"...","   Hunting/Shooting/Trapping","Thousands of dollars",241489,277054,254357,263067,275624,278379,275362,313837
 "42000","Pennsylvania",2,SAOACTVA,13,"...","    Hunting/Trapping","Thousands of dollars",117219,131782,120409,130387,129195,135627,129903,146880
 "42000","Pennsylvania",2,SAOACTVA,14,"...","    Shooting (includes Archery)","Thousands of dollars",124269,145272,133948,132680,146428,142752,145459,166957
 "42000","Pennsylvania",2,SAOACTVA,15,"...","   Motorcycling/ATVing","Thousands of dollars",385443,410752,399658,410821,414298,419725,400814,429155
 "42000","Pennsylvania",2,SAOACTVA,16,"...","   Recreational Flying","Thousands of dollars",28534,30032,31042,31043,31058,32668,33844,32898
 "42000","Pennsylvania",2,SAOACTVA,17,"...","   RVing","Thousands of dollars",418463,430847,448848,478943,479572,508912,533426,559834
 "42000","Pennsylvania",2,SAOACTVA,18,"...","   Snow Activities","Thousands of dollars",195619,188339,204838,215688,216323,217648,228895,236683
 "42000","Pennsylvania",2,SAOACTVA,19,"...","    Skiing/Snowboarding","Thousands of dollars",126959,124747,135298,142335,144268,146219,152908,158176
 "42000","Pennsylvania",2,SAOACTVA,20,"...","    Other Snow Activities (includes Snowmobiling) 2/","Thousands of dollars",68660,63592,69539,73353,72056,71428,75987,78507
 "42000","Pennsylvania",2,SAOACTVA,21,"...","   Other Conventional Outdoor Recreation Activities","Thousands of dollars",259319,262237,268832,288166,281049,278486,280752,289121
 "42000","Pennsylvania",2,SAOACTVA,22,"...","    Other Conventional Air and Land Activities 3/","Thousands of dollars",222391,226527,230824,242360,232404,230137,229291,236906
 "42000","Pennsylvania",2,SAOACTVA,23,"...","    Other Conventional Water Activities 4/","Thousands of dollars",36928,35710,38008,45806,48644,48349,51462,52215
 "42000","Pennsylvania",2,SAOACTVA,24,"...","   Multi-use Apparel and Accessories (Conventional) 5/","Thousands of dollars",1486438,1497245,1468871,1453581,1411238,1395543,1373892,1368997
 "42000","Pennsylvania",2,SAOACTVA,25,"...","  Other Outdoor Recreation","Thousands of dollars",2642671,2706627,2814008,2798843,2799451,2889154,2940693,2993445
 "42000","Pennsylvania",2,SAOACTVA,26,"...","   Amusement Parks/Water Parks","Thousands of dollars",222352,216683,216402,222028,228010,248836,263915,275960
 "42000","Pennsylvania",2,SAOACTVA,27,"...","   Festivals/Sporting Events/Concerts","Thousands of dollars",489590,530212,586963,580843,644147,658418,667723,691576
 "42000","Pennsylvania",2,SAOACTVA,28,"...","   Field Sports","Thousands of dollars",99564,100329,104232,106846,105095,107048,110222,112062
 "42000","Pennsylvania",2,SAOACTVA,29,"...","   Game Areas (includes Golfing and Tennis)","Thousands of dollars",677572,675075,681767,687298,692929,688418,702446,696600
 "42000","Pennsylvania",2,SAOACTVA,30,"...","   Guided Tours/Outfitted Travel","Thousands of dollars",464983,467972,495257,467189,389738,419412,419836,421905
 "42000","Pennsylvania",2,SAOACTVA,31,"...","    Air and Land Guided Tours/Outfitted Travel","Thousands of dollars",290354,294587,300960,311111,260579,273602,269629,273708
 "42000","Pennsylvania",2,SAOACTVA,32,"...","    Water Guided Tours/Outfitted Travel (includes Boating and Fishing Charters)","Thousands of dollars",174630,173386,194298,156078,129159,145810,150206,148197
 "42000","Pennsylvania",2,SAOACTVA,33,"...","   Productive Activities (includes Gardening)","Thousands of dollars",258004,270187,273295,249530,256661,272645,271977,281325
 "42000","Pennsylvania",2,SAOACTVA,34,"...","   Other Outdoor Recreation Activities 6/","Thousands of dollars",307986,313489,323672,345455,339700,350673,356601,365179
 "42000","Pennsylvania",2,SAOACTVA,35,"...","   Multi-use Apparel and Accessories (Other) 5/","Thousands of dollars",122620,132679,132419,139654,143171,143704,147973,148838
 "42000","Pennsylvania",2,SAOACTVA,36,"..."," Supporting Outdoor Recreation","Thousands of dollars",4869082,4890346,4921473,5411329,5545439,5709299,5810024,5985107
 "42000","Pennsylvania",2,SAOACTVA,37,"...","   Construction","Thousands of dollars",128226,135838,148480,183103,205314,228298,240103,237625
 "42000","Pennsylvania",2,SAOACTVA,38,"...","   Local Trips 7/","Thousands of dollars",1030862,1035573,1071716,1195182,1213544,1253025,1277703,1299984
 "42000","Pennsylvania",2,SAOACTVA,39,"...","   Travel and Tourism 8/","Thousands of dollars",3252311,3234776,3203056,3529708,3602836,3683410,3716146,3850039
 "42000","Pennsylvania",2,SAOACTVA,40,"...","    Food and Beverages","Thousands of dollars",529063,436937,431207,465776,486096,502978,490641,512171
 "42000","Pennsylvania",2,SAOACTVA,41,"...","    Lodging","Thousands of dollars",901101,934825,827022,927942,954452,1001647,991790,1027145
 "42000","Pennsylvania",2,SAOACTVA,42,"...","    Shopping and Souvenirs","Thousands of dollars",735845,752675,762052,791874,793205,780946,778004,802537
 "42000","Pennsylvania",2,SAOACTVA,43,"...","    Transportation","Thousands of dollars",1086302,1110339,1182774,1344116,1369082,1397838,1455712,1508186
 "42000","Pennsylvania",2,SAOACTVA,44,"...","   Government Expenditures","Thousands of dollars",457683,484158,498221,503336,523746,544566,576071,597459
 "42000","Pennsylvania",2,SAOACTVA,45,"...","    Federal Government","Thousands of dollars",81182,91149,85346,80998,85466,89277,96414,100974
 "42000","Pennsylvania",2,SAOACTVA,46,"...","    State and Local Government","Thousands of dollars",376501,393010,412874,422338,438279,455290,479657,496485
"Note: See the included footnote file."
"SAOACTVA: Outdoor Recreation Satellite Account Activities - Value Added 1/"
"Last updated: November 10, 2020-- new statistics for 2018-2019; revised statistics for 2012-2017."
"Source: U.S. Department of Commerce / Bureau of Economic Analysis / Regional Economic Accounts"
