GeoFIPS,GeoName,Region,TableName,LineCode,IndustryClassification,Description,Unit,2012,2013,2014,2015,2016,2017,2018,2019
 "06000","California",8,SAOACTVA,1,"...","Total Outdoor Recreation","Thousands of dollars",43075759,44367144,45944832,48748106,49834699,52788865,55343370,57376843
 "06000","California",8,SAOACTVA,2,"..."," Total Core Outdoor Recreation","Thousands of dollars",21600786,22240635,22952520,24017821,24691339,25888684,26846182,27752628
 "06000","California",8,SAOACTVA,3,"...","  Conventional Outdoor Recreation","Thousands of dollars",12442920,12860677,13156441,13794209,14077425,14618788,15002955,15523878
 "06000","California",8,SAOACTVA,4,"...","   Bicycling","Thousands of dollars",349016,361058,364681,373353,376101,380803,376618,382563
 "06000","California",8,SAOACTVA,5,"...","   Boating/Fishing","Thousands of dollars",1490990,1490978,1544283,1588067,1714135,1777647,1857707,1969348
 "06000","California",8,SAOACTVA,6,"...","    Canoeing/Kayaking","Thousands of dollars",33905,34401,36239,32573,33999,34942,36278,39129
 "06000","California",8,SAOACTVA,7,"...","    Fishing (excludes Boating)","Thousands of dollars",233183,232371,237052,262386,367206,380010,380684,408534
 "06000","California",8,SAOACTVA,8,"...","    Sailing","Thousands of dollars",78333,78122,83335,83460,86888,87710,91438,96688
 "06000","California",8,SAOACTVA,9,"...","    Other Boating","Thousands of dollars",1145568,1146083,1187657,1209648,1226042,1274984,1349307,1424996
 "06000","California",8,SAOACTVA,10,"...","   Climbing/Hiking/Tent Camping","Thousands of dollars",360186,377767,390820,396449,403648,410953,432598,443824
 "06000","California",8,SAOACTVA,11,"...","   Equestrian","Thousands of dollars",409289,431422,490730,519642,547067,578322,655027,682890
 "06000","California",8,SAOACTVA,12,"...","   Hunting/Shooting/Trapping","Thousands of dollars",459516,512958,485597,510041,581009,607883,644042,734649
 "06000","California",8,SAOACTVA,13,"...","    Hunting/Trapping","Thousands of dollars",199003,220478,203568,217952,238459,254948,268701,312222
 "06000","California",8,SAOACTVA,14,"...","    Shooting (includes Archery)","Thousands of dollars",260513,292480,282029,292088,342551,352935,375342,422427
 "06000","California",8,SAOACTVA,15,"...","   Motorcycling/ATVing","Thousands of dollars",700185,737265,741345,731119,710339,711530,714924,723480
 "06000","California",8,SAOACTVA,16,"...","   Recreational Flying","Thousands of dollars",122066,122161,124386,126128,126495,144273,152761,155400
 "06000","California",8,SAOACTVA,17,"...","   RVing","Thousands of dollars",1080996,1118834,1177059,1258164,1298156,1402309,1488691,1556669
 "06000","California",8,SAOACTVA,18,"...","   Snow Activities","Thousands of dollars",570014,538690,569102,575933,546536,553439,581118,590379
 "06000","California",8,SAOACTVA,19,"...","    Skiing/Snowboarding","Thousands of dollars",319606,307552,331403,343555,339235,337086,344388,350877
 "06000","California",8,SAOACTVA,20,"...","    Other Snow Activities (includes Snowmobiling) 2/","Thousands of dollars",250408,231138,237699,232378,207301,216353,236730,239502
 "06000","California",8,SAOACTVA,21,"...","   Other Conventional Outdoor Recreation Activities","Thousands of dollars",1072794,1082223,1102560,1137204,1062686,1076098,1099998,1135998
 "06000","California",8,SAOACTVA,22,"...","    Other Conventional Air and Land Activities 3/","Thousands of dollars",894962,913189,925337,933597,857324,876496,894054,929616
 "06000","California",8,SAOACTVA,23,"...","    Other Conventional Water Activities 4/","Thousands of dollars",177832,169033,177222,203606,205362,199602,205943,206382
 "06000","California",8,SAOACTVA,24,"...","   Multi-use Apparel and Accessories (Conventional) 5/","Thousands of dollars",5827868,6087321,6165877,6578110,6711252,6975531,6999471,7148677
 "06000","California",8,SAOACTVA,25,"...","  Other Outdoor Recreation","Thousands of dollars",9157866,9379958,9796079,10223612,10613915,11269896,11843227,12228750
 "06000","California",8,SAOACTVA,26,"...","   Amusement Parks/Water Parks","Thousands of dollars",1717297,1733422,1816598,2016912,2197585,2433862,2610699,2726548
 "06000","California",8,SAOACTVA,27,"...","   Festivals/Sporting Events/Concerts","Thousands of dollars",1443467,1560740,1730610,1727905,1947378,2098139,2289652,2468872
 "06000","California",8,SAOACTVA,28,"...","   Field Sports","Thousands of dollars",370643,372106,391841,413374,419899,440710,461980,472554
 "06000","California",8,SAOACTVA,29,"...","   Game Areas (includes Golfing and Tennis)","Thousands of dollars",2211622,2196361,2184534,2202644,2238537,2257407,2317022,2306982
 "06000","California",8,SAOACTVA,30,"...","   Guided Tours/Outfitted Travel","Thousands of dollars",1188099,1199464,1252330,1273894,1256728,1397350,1490444,1526114
 "06000","California",8,SAOACTVA,31,"...","    Air and Land Guided Tours/Outfitted Travel","Thousands of dollars",704834,713022,749530,782992,794489,883005,944052,965460
 "06000","California",8,SAOACTVA,32,"...","    Water Guided Tours/Outfitted Travel (includes Boating and Fishing Charters)","Thousands of dollars",483266,486442,502800,490901,462238,514345,546391,560654
 "06000","California",8,SAOACTVA,33,"...","   Productive Activities (includes Gardening)","Thousands of dollars",653684,710458,743572,703263,725929,764198,769262,810509
 "06000","California",8,SAOACTVA,34,"...","   Other Outdoor Recreation Activities 6/","Thousands of dollars",1081130,1070383,1135273,1297560,1245870,1281834,1287711,1294309
 "06000","California",8,SAOACTVA,35,"...","   Multi-use Apparel and Accessories (Other) 5/","Thousands of dollars",491924,537023,541322,588061,581989,596395,616458,622861
 "06000","California",8,SAOACTVA,36,"..."," Supporting Outdoor Recreation","Thousands of dollars",21474973,22126509,22992312,24730285,25143360,26900181,28497187,29624216
 "06000","California",8,SAOACTVA,37,"...","   Construction","Thousands of dollars",687598,718256,765469,884168,928617,979035,986954,950214
 "06000","California",8,SAOACTVA,38,"...","   Local Trips 7/","Thousands of dollars",4127356,4136077,4318273,4417383,4179805,4544048,4915905,5052085
 "06000","California",8,SAOACTVA,39,"...","   Travel and Tourism 8/","Thousands of dollars",13872765,14501729,15114593,16707318,17122541,18255574,19292576,20235273
 "06000","California",8,SAOACTVA,40,"...","    Food and Beverages","Thousands of dollars",1953741,1656270,1777195,1980393,2147744,2329316,2466582,2590220
 "06000","California",8,SAOACTVA,41,"...","    Lodging","Thousands of dollars",3702055,3892599,3863687,4422964,4583130,5033205,5349305,5649706
 "06000","California",8,SAOACTVA,42,"...","    Shopping and Souvenirs","Thousands of dollars",2232991,2357762,2456657,2589472,2652156,2785499,2827374,2907260
 "06000","California",8,SAOACTVA,43,"...","    Transportation","Thousands of dollars",5983979,6595098,7017055,7714489,7739511,8107553,8649316,9088087
 "06000","California",8,SAOACTVA,44,"...","   Government Expenditures","Thousands of dollars",2787254,2770447,2793977,2721415,2912397,3121524,3301752,3386643
 "06000","California",8,SAOACTVA,45,"...","    Federal Government","Thousands of dollars",474990,511904,498189,462804,482869,496714,518524,535358
 "06000","California",8,SAOACTVA,46,"...","    State and Local Government","Thousands of dollars",2312263,2258543,2295788,2258611,2429528,2624810,2783228,2851285
"Note: See the included footnote file."
"SAOACTVA: Outdoor Recreation Satellite Account Activities - Value Added 1/"
"Last updated: November 10, 2020-- new statistics for 2018-2019; revised statistics for 2012-2017."
"Source: U.S. Department of Commerce / Bureau of Economic Analysis / Regional Economic Accounts"
