GeoFIPS,GeoName,Region,TableName,LineCode,IndustryClassification,Description,Unit,2012,2013,2014,2015,2016,2017,2018,2019
 "20000","Kansas",4,SAOACTVA,1,"...","Total Outdoor Recreation","Thousands of dollars",2890129,2855738,2923328,3004485,2965123,3087186,3251660,3250145
 "20000","Kansas",4,SAOACTVA,2,"..."," Total Core Outdoor Recreation","Thousands of dollars",1568484,1582727,1615210,1628505,1615275,1672706,1716782,1698829
 "20000","Kansas",4,SAOACTVA,3,"...","  Conventional Outdoor Recreation","Thousands of dollars",1010096,1023196,1048311,1076388,1061471,1094433,1114241,1122607
 "20000","Kansas",4,SAOACTVA,4,"...","   Bicycling","Thousands of dollars",8098,8775,8907,9601,9572,9787,9755,9834
 "20000","Kansas",4,SAOACTVA,5,"...","   Boating/Fishing","Thousands of dollars",130251,131306,136182,144467,148234,153676,156472,159774
 "20000","Kansas",4,SAOACTVA,6,"...","    Canoeing/Kayaking","Thousands of dollars",2820,2874,2905,2095,2019,1982,1920,1969
 "20000","Kansas",4,SAOACTVA,7,"...","    Fishing (excludes Boating)","Thousands of dollars",30021,31226,32357,36759,49319,53196,52018,54004
 "20000","Kansas",4,SAOACTVA,8,"...","    Sailing","Thousands of dollars",4162,4168,4443,4364,4161,4024,4031,4095
 "20000","Kansas",4,SAOACTVA,9,"...","    Other Boating","Thousands of dollars",93248,93038,96477,101250,92734,94474,98501,99706
 "20000","Kansas",4,SAOACTVA,10,"...","   Climbing/Hiking/Tent Camping","Thousands of dollars",38109,40395,40821,40323,39720,38843,39315,39200
 "20000","Kansas",4,SAOACTVA,11,"...","   Equestrian","Thousands of dollars",99916,103673,122056,130110,135923,143975,155070,161172
 "20000","Kansas",4,SAOACTVA,12,"...","   Hunting/Shooting/Trapping","Thousands of dollars",80489,94348,91501,98448,101728,102664,98659,104074
 "20000","Kansas",4,SAOACTVA,13,"...","    Hunting/Trapping","Thousands of dollars",43450,49751,49178,55845,54652,56136,51757,54275
 "20000","Kansas",4,SAOACTVA,14,"...","    Shooting (includes Archery)","Thousands of dollars",37039,44597,42323,42603,47076,46528,46902,49799
 "20000","Kansas",4,SAOACTVA,15,"...","   Motorcycling/ATVing","Thousands of dollars",80124,73053,72968,74649,71207,75268,80445,83828
 "20000","Kansas",4,SAOACTVA,16,"...","   Recreational Flying","Thousands of dollars",38644,34819,37939,35707,34973,34679,37805,34112
 "20000","Kansas",4,SAOACTVA,17,"...","   RVing","Thousands of dollars",85127,84174,87719,89746,86281,92363,93180,94255
 "20000","Kansas",4,SAOACTVA,18,"...","   Snow Activities","Thousands of dollars",19048,17232,17943,17907,14194,17996,21315,21274
 "20000","Kansas",4,SAOACTVA,19,"...","    Skiing/Snowboarding","Thousands of dollars",3016,3178,3419,3409,3040,3214,3137,3150
 "20000","Kansas",4,SAOACTVA,20,"...","    Other Snow Activities (includes Snowmobiling) 2/","Thousands of dollars",16032,14054,14525,14498,11153,14782,18178,18123
 "20000","Kansas",4,SAOACTVA,21,"...","   Other Conventional Outdoor Recreation Activities","Thousands of dollars",94266,91915,93977,95752,86208,89614,93841,94316
 "20000","Kansas",4,SAOACTVA,22,"...","    Other Conventional Air and Land Activities 3/","Thousands of dollars",85452,83331,85068,85634,75932,79734,83820,84595
 "20000","Kansas",4,SAOACTVA,23,"...","    Other Conventional Water Activities 4/","Thousands of dollars",8813,8584,8908,10118,10276,9880,10021,9721
 "20000","Kansas",4,SAOACTVA,24,"...","   Multi-use Apparel and Accessories (Conventional) 5/","Thousands of dollars",336024,343506,338298,339680,333432,335568,328385,320768
 "20000","Kansas",4,SAOACTVA,25,"...","  Other Outdoor Recreation","Thousands of dollars",558388,559531,566899,552117,553803,578273,602541,576221
 "20000","Kansas",4,SAOACTVA,26,"...","   Amusement Parks/Water Parks","Thousands of dollars",26236,27012,28159,30192,31937,34150,35875,36966
 "20000","Kansas",4,SAOACTVA,27,"...","   Festivals/Sporting Events/Concerts","Thousands of dollars",21971,23083,23832,21269,22633,22180,22715,23572
 "20000","Kansas",4,SAOACTVA,28,"...","   Field Sports","Thousands of dollars",27090,27238,28080,29044,28770,30150,31038,31106
 "20000","Kansas",4,SAOACTVA,29,"...","   Game Areas (includes Golfing and Tennis)","Thousands of dollars",170836,171580,163703,159114,159332,161665,165467,159287
 "20000","Kansas",4,SAOACTVA,30,"...","   Guided Tours/Outfitted Travel","Thousands of dollars",123701,118843,128100,119967,115150,127931,143605,125604
 "20000","Kansas",4,SAOACTVA,31,"...","    Air and Land Guided Tours/Outfitted Travel","Thousands of dollars",94593,90113,98890,94108,95855,102580,114882,97876
 "20000","Kansas",4,SAOACTVA,32,"...","    Water Guided Tours/Outfitted Travel (includes Boating and Fishing Charters)","Thousands of dollars",29109,28730,29210,25858,19295,25351,28722,27727
 "20000","Kansas",4,SAOACTVA,33,"...","   Productive Activities (includes Gardening)","Thousands of dollars",82243,82632,82691,76918,79446,83815,83420,83782
 "20000","Kansas",4,SAOACTVA,34,"...","   Other Outdoor Recreation Activities 6/","Thousands of dollars",79889,81504,85331,88713,89639,91307,93052,89195
 "20000","Kansas",4,SAOACTVA,35,"...","   Multi-use Apparel and Accessories (Other) 5/","Thousands of dollars",26421,27640,27002,26901,26896,27075,27369,26709
 "20000","Kansas",4,SAOACTVA,36,"..."," Supporting Outdoor Recreation","Thousands of dollars",1321645,1273011,1308118,1375981,1349848,1414480,1534878,1551317
 "20000","Kansas",4,SAOACTVA,37,"...","   Construction","Thousands of dollars",32753,34978,39217,48101,53365,60724,67847,71537
 "20000","Kansas",4,SAOACTVA,38,"...","   Local Trips 7/","Thousands of dollars",379393,358891,370177,378182,341589,379949,422473,423015
 "20000","Kansas",4,SAOACTVA,39,"...","   Travel and Tourism 8/","Thousands of dollars",760321,720655,731281,774089,776714,791805,854209,855510
 "20000","Kansas",4,SAOACTVA,40,"...","    Food and Beverages","Thousands of dollars",148689,124117,124698,136878,156473,141316,147993,146556
 "20000","Kansas",4,SAOACTVA,41,"...","    Lodging","Thousands of dollars",109339,112092,108790,126841,136852,132792,139591,138890
 "20000","Kansas",4,SAOACTVA,42,"...","    Shopping and Souvenirs","Thousands of dollars",214164,217633,222604,229638,239420,241863,255230,257361
 "20000","Kansas",4,SAOACTVA,43,"...","    Transportation","Thousands of dollars",288128,266813,275189,280732,243969,275834,311395,312702
 "20000","Kansas",4,SAOACTVA,44,"...","   Government Expenditures","Thousands of dollars",149178,158487,167443,175609,178181,182003,190348,201255
 "20000","Kansas",4,SAOACTVA,45,"...","    Federal Government","Thousands of dollars",875,973,905,854,916,974,1061,1109
 "20000","Kansas",4,SAOACTVA,46,"...","    State and Local Government","Thousands of dollars",148303,157514,166538,174754,177264,181029,189288,200146
"Note: See the included footnote file."
"SAOACTVA: Outdoor Recreation Satellite Account Activities - Value Added 1/"
"Last updated: November 10, 2020-- new statistics for 2018-2019; revised statistics for 2012-2017."
"Source: U.S. Department of Commerce / Bureau of Economic Analysis / Regional Economic Accounts"
