GeoFIPS,GeoName,Region,TableName,LineCode,IndustryClassification,Description,Unit,2012,2013,2014,2015,2016,2017,2018,2019
 "18000","Indiana",3,SAOACTVA,1,"...","Total Outdoor Recreation","Thousands of dollars",7803653,8204831,8280377,8435976,8371396,9439166,10363706,10520793
 "18000","Indiana",3,SAOACTVA,2,"..."," Total Core Outdoor Recreation","Thousands of dollars",5188030,5583512,5612119,5712837,5752680,6789060,7555744,7676402
 "18000","Indiana",3,SAOACTVA,3,"...","  Conventional Outdoor Recreation","Thousands of dollars",3563666,3908807,3922609,4098209,4254274,5148707,5788141,5884852
 "18000","Indiana",3,SAOACTVA,4,"...","   Bicycling","Thousands of dollars",28489,29815,29057,29575,30215,30649,36056,37744
 "18000","Indiana",3,SAOACTVA,5,"...","   Boating/Fishing","Thousands of dollars",440480,444906,445677,477568,487224,507043,523696,569797
 "18000","Indiana",3,SAOACTVA,6,"...","    Canoeing/Kayaking","Thousands of dollars",11049,10884,11424,9034,9438,9499,9896,10635
 "18000","Indiana",3,SAOACTVA,7,"...","    Fishing (excludes Boating)","Thousands of dollars",47056,47391,49378,55343,77053,80063,78652,84920
 "18000","Indiana",3,SAOACTVA,8,"...","    Sailing","Thousands of dollars",17269,17525,18598,19839,20616,21499,21898,23367
 "18000","Indiana",3,SAOACTVA,9,"...","    Other Boating","Thousands of dollars",365107,369106,366276,393351,380117,395982,413251,450874
 "18000","Indiana",3,SAOACTVA,10,"...","   Climbing/Hiking/Tent Camping","Thousands of dollars",56477,58022,58968,58309,58115,57634,59303,60175
 "18000","Indiana",3,SAOACTVA,11,"...","   Equestrian","Thousands of dollars",148363,167103,154353,163093,185580,233904,475672,481435
 "18000","Indiana",3,SAOACTVA,12,"...","   Hunting/Shooting/Trapping","Thousands of dollars",92682,107554,103204,106857,115274,111762,111177,123133
 "18000","Indiana",3,SAOACTVA,13,"...","    Hunting/Trapping","Thousands of dollars",37192,43284,41833,46304,49470,49757,48831,55227
 "18000","Indiana",3,SAOACTVA,14,"...","    Shooting (includes Archery)","Thousands of dollars",55490,64270,61371,60553,65805,62004,62346,67906
 "18000","Indiana",3,SAOACTVA,15,"...","   Motorcycling/ATVing","Thousands of dollars",146110,139778,139326,143618,142673,148474,151023,156898
 "18000","Indiana",3,SAOACTVA,16,"...","   Recreational Flying","Thousands of dollars",20011,20648,20684,18364,16479,17733,18774,20022
 "18000","Indiana",3,SAOACTVA,17,"...","   RVing","Thousands of dollars",1696699,1998620,2030830,2155797,2294003,3103321,3447239,3440198
 "18000","Indiana",3,SAOACTVA,18,"...","   Snow Activities","Thousands of dollars",43593,40175,41352,39469,35107,37268,44474,44263
 "18000","Indiana",3,SAOACTVA,19,"...","    Skiing/Snowboarding","Thousands of dollars",16808,16271,17796,18488,18347,18523,18950,19477
 "18000","Indiana",3,SAOACTVA,20,"...","    Other Snow Activities (includes Snowmobiling) 2/","Thousands of dollars",26785,23904,23556,20981,16760,18745,25524,24785
 "18000","Indiana",3,SAOACTVA,21,"...","   Other Conventional Outdoor Recreation Activities","Thousands of dollars",236259,224748,234677,245336,240425,240098,251869,259936
 "18000","Indiana",3,SAOACTVA,22,"...","    Other Conventional Air and Land Activities 3/","Thousands of dollars",137604,137104,136482,128385,112909,113422,118692,121909
 "18000","Indiana",3,SAOACTVA,23,"...","    Other Conventional Water Activities 4/","Thousands of dollars",98654,87644,98196,116951,127516,126676,133177,138027
 "18000","Indiana",3,SAOACTVA,24,"...","   Multi-use Apparel and Accessories (Conventional) 5/","Thousands of dollars",654503,677438,664480,660224,649179,660821,668857,691252
 "18000","Indiana",3,SAOACTVA,25,"...","  Other Outdoor Recreation","Thousands of dollars",1624364,1674705,1689510,1614628,1498406,1640353,1767603,1791550
 "18000","Indiana",3,SAOACTVA,26,"...","   Amusement Parks/Water Parks","Thousands of dollars",72282,74434,77654,84132,87701,93403,96863,100811
 "18000","Indiana",3,SAOACTVA,27,"...","   Festivals/Sporting Events/Concerts","Thousands of dollars",221524,237057,252022,241033,263493,276122,285140,302869
 "18000","Indiana",3,SAOACTVA,28,"...","   Field Sports","Thousands of dollars",43073,43060,45077,46345,45709,46905,48323,49497
 "18000","Indiana",3,SAOACTVA,29,"...","   Game Areas (includes Golfing and Tennis)","Thousands of dollars",254264,253283,250855,248677,247881,247607,252436,248800
 "18000","Indiana",3,SAOACTVA,30,"...","   Guided Tours/Outfitted Travel","Thousands of dollars",653159,682908,672214,602178,455884,568603,677666,678871
 "18000","Indiana",3,SAOACTVA,31,"...","    Air and Land Guided Tours/Outfitted Travel","Thousands of dollars",194017,201264,231661,234297,217469,226691,251289,263446
 "18000","Indiana",3,SAOACTVA,32,"...","    Water Guided Tours/Outfitted Travel (includes Boating and Fishing Charters)","Thousands of dollars",459142,481644,440553,367880,238415,341912,426377,415425
 "18000","Indiana",3,SAOACTVA,33,"...","   Productive Activities (includes Gardening)","Thousands of dollars",170375,173786,180103,167749,175810,180825,178375,182881
 "18000","Indiana",3,SAOACTVA,34,"...","   Other Outdoor Recreation Activities 6/","Thousands of dollars",117582,115996,120970,132232,130054,136325,139548,140940
 "18000","Indiana",3,SAOACTVA,35,"...","   Multi-use Apparel and Accessories (Other) 5/","Thousands of dollars",92104,94181,90615,92282,91874,90564,89252,86879
 "18000","Indiana",3,SAOACTVA,36,"..."," Supporting Outdoor Recreation","Thousands of dollars",2615624,2621319,2668258,2723140,2618716,2650106,2807962,2844391
 "18000","Indiana",3,SAOACTVA,37,"...","   Construction","Thousands of dollars",111349,104346,115709,140960,157173,170961,176067,173979
 "18000","Indiana",3,SAOACTVA,38,"...","   Local Trips 7/","Thousands of dollars",731763,725100,734085,704144,636686,649755,685321,684888
 "18000","Indiana",3,SAOACTVA,39,"...","   Travel and Tourism 8/","Thousands of dollars",1564814,1563535,1572146,1609724,1548456,1550650,1658854,1682145
 "18000","Indiana",3,SAOACTVA,40,"...","    Food and Beverages","Thousands of dollars",242446,211216,214452,233548,238772,229073,255439,254915
 "18000","Indiana",3,SAOACTVA,41,"...","    Lodging","Thousands of dollars",258993,282951,264898,303699,295229,296374,333913,342403
 "18000","Indiana",3,SAOACTVA,42,"...","    Shopping and Souvenirs","Thousands of dollars",523823,551070,567024,552432,536310,522212,523194,531862
 "18000","Indiana",3,SAOACTVA,43,"...","    Transportation","Thousands of dollars",539551,518298,525772,520044,478145,502992,546308,552965
 "18000","Indiana",3,SAOACTVA,44,"...","   Government Expenditures","Thousands of dollars",207697,228339,246318,268312,276402,278740,287721,303380
 "18000","Indiana",3,SAOACTVA,45,"...","    Federal Government","Thousands of dollars",21409,22954,20453,17973,17640,17967,19538,21720
 "18000","Indiana",3,SAOACTVA,46,"...","    State and Local Government","Thousands of dollars",186288,205384,225864,250340,258762,260773,268182,281659
"Note: See the included footnote file."
"SAOACTVA: Outdoor Recreation Satellite Account Activities - Value Added 1/"
"Last updated: November 10, 2020-- new statistics for 2018-2019; revised statistics for 2012-2017."
"Source: U.S. Department of Commerce / Bureau of Economic Analysis / Regional Economic Accounts"
