GeoFIPS,GeoName,Region,TableName,LineCode,IndustryClassification,Description,Unit,2012,2013,2014,2015,2016,2017,2018,2019
 "28000","Mississippi",5,SAOACTVA,1,"...","Total Outdoor Recreation","Thousands of dollars",2328159,2366963,2395544,2446354,2402383,2582217,2740584,2793934
 "28000","Mississippi",5,SAOACTVA,2,"..."," Total Core Outdoor Recreation","Thousands of dollars",1073826,1107895,1117622,1129414,1127939,1189721,1248012,1270908
 "28000","Mississippi",5,SAOACTVA,3,"...","  Conventional Outdoor Recreation","Thousands of dollars",724386,751231,761477,793503,801982,850998,898139,922748
 "28000","Mississippi",5,SAOACTVA,4,"...","   Bicycling","Thousands of dollars",3939,4129,4195,4569,4561,4604,4574,4763
 "28000","Mississippi",5,SAOACTVA,5,"...","   Boating/Fishing","Thousands of dollars",92422,93794,96250,103199,115169,125066,132776,138418
 "28000","Mississippi",5,SAOACTVA,6,"...","    Canoeing/Kayaking","Thousands of dollars",1670,1695,1781,1508,1583,1623,1652,1773
 "28000","Mississippi",5,SAOACTVA,7,"...","    Fishing (excludes Boating)","Thousands of dollars",23459,23831,24566,27560,39009,41582,40635,43547
 "28000","Mississippi",5,SAOACTVA,8,"...","    Sailing","Thousands of dollars",3266,3429,3698,3831,4061,4078,4192,4353
 "28000","Mississippi",5,SAOACTVA,9,"...","    Other Boating","Thousands of dollars",64027,64840,66205,70300,70517,77783,86297,88745
 "28000","Mississippi",5,SAOACTVA,10,"...","   Climbing/Hiking/Tent Camping","Thousands of dollars",16804,17278,17798,17357,16555,16239,16491,16426
 "28000","Mississippi",5,SAOACTVA,11,"...","   Equestrian","Thousands of dollars",68633,71786,77060,80376,84936,90939,101892,107033
 "28000","Mississippi",5,SAOACTVA,12,"...","   Hunting/Shooting/Trapping","Thousands of dollars",66613,80453,80295,91554,99229,107955,108978,126325
 "28000","Mississippi",5,SAOACTVA,13,"...","    Hunting/Trapping","Thousands of dollars",33456,39799,39521,48251,51032,58060,57806,66308
 "28000","Mississippi",5,SAOACTVA,14,"...","    Shooting (includes Archery)","Thousands of dollars",33157,40654,40773,43304,48198,49895,51172,60017
 "28000","Mississippi",5,SAOACTVA,15,"...","   Motorcycling/ATVing","Thousands of dollars",51547,49777,50329,54448,52398,57337,62123,62446
 "28000","Mississippi",5,SAOACTVA,16,"...","   Recreational Flying","Thousands of dollars",14253,14413,14921,14152,13007,14829,17361,17546
 "28000","Mississippi",5,SAOACTVA,17,"...","   RVing","Thousands of dollars",86034,88141,91284,96124,98176,104744,112966,115970
 "28000","Mississippi",5,SAOACTVA,18,"...","   Snow Activities","Thousands of dollars",16520,16552,16451,16076,12197,16725,21820,20665
 "28000","Mississippi",5,SAOACTVA,19,"...","    Skiing/Snowboarding","Thousands of dollars",2157,2323,2526,2472,2218,2364,2276,2404
 "28000","Mississippi",5,SAOACTVA,20,"...","    Other Snow Activities (includes Snowmobiling) 2/","Thousands of dollars",14363,14230,13924,13604,9979,14361,19544,18261
 "28000","Mississippi",5,SAOACTVA,21,"...","   Other Conventional Outdoor Recreation Activities","Thousands of dollars",74347,74723,74783,75709,67525,74234,83422,81626
 "28000","Mississippi",5,SAOACTVA,22,"...","    Other Conventional Air and Land Activities 3/","Thousands of dollars",65875,66400,66096,65270,56838,64080,73011,71242
 "28000","Mississippi",5,SAOACTVA,23,"...","    Other Conventional Water Activities 4/","Thousands of dollars",8471,8323,8688,10439,10687,10154,10411,10384
 "28000","Mississippi",5,SAOACTVA,24,"...","   Multi-use Apparel and Accessories (Conventional) 5/","Thousands of dollars",233275,240184,238111,239939,238227,238328,235736,231532
 "28000","Mississippi",5,SAOACTVA,25,"...","  Other Outdoor Recreation","Thousands of dollars",349440,356664,356145,335911,325957,338723,349873,348160
 "28000","Mississippi",5,SAOACTVA,26,"...","   Amusement Parks/Water Parks","Thousands of dollars",19821,20769,21576,23466,24816,26016,26391,26976
 "28000","Mississippi",5,SAOACTVA,27,"...","   Festivals/Sporting Events/Concerts","Thousands of dollars",6407,6910,7309,6690,7237,7127,7072,7011
 "28000","Mississippi",5,SAOACTVA,28,"...","   Field Sports","Thousands of dollars",15214,15107,15662,16049,15922,16454,16890,17235
 "28000","Mississippi",5,SAOACTVA,29,"...","   Game Areas (includes Golfing and Tennis)","Thousands of dollars",97378,95425,90824,86097,83658,81913,82386,81445
 "28000","Mississippi",5,SAOACTVA,30,"...","   Guided Tours/Outfitted Travel","Thousands of dollars",83388,87977,89885,82927,73132,82383,91372,88776
 "28000","Mississippi",5,SAOACTVA,31,"...","    Air and Land Guided Tours/Outfitted Travel","Thousands of dollars",39049,42339,46243,46716,47870,49534,53190,52693
 "28000","Mississippi",5,SAOACTVA,32,"...","    Water Guided Tours/Outfitted Travel (includes Boating and Fishing Charters)","Thousands of dollars",44339,45638,43642,36211,25261,32849,38182,36083
 "28000","Mississippi",5,SAOACTVA,33,"...","   Productive Activities (includes Gardening)","Thousands of dollars",68516,70537,70042,56321,55915,56411,55578,56277
 "28000","Mississippi",5,SAOACTVA,34,"...","   Other Outdoor Recreation Activities 6/","Thousands of dollars",37955,38544,39752,42510,43634,46996,48615,49482
 "28000","Mississippi",5,SAOACTVA,35,"...","   Multi-use Apparel and Accessories (Other) 5/","Thousands of dollars",20760,21396,21094,21851,21644,21424,21569,20957
 "28000","Mississippi",5,SAOACTVA,36,"..."," Supporting Outdoor Recreation","Thousands of dollars",1254333,1259068,1277922,1316940,1274443,1392496,1492572,1523026
 "28000","Mississippi",5,SAOACTVA,37,"...","   Construction","Thousands of dollars",61330,61879,66522,77202,85593,98889,110046,113360
 "28000","Mississippi",5,SAOACTVA,38,"...","   Local Trips 7/","Thousands of dollars",351836,351527,356262,359955,326133,377459,426403,420514
 "28000","Mississippi",5,SAOACTVA,39,"...","   Travel and Tourism 8/","Thousands of dollars",674818,664553,672136,697387,682504,740780,777646,802537
 "28000","Mississippi",5,SAOACTVA,40,"...","    Food and Beverages","Thousands of dollars",114828,98708,107577,114624,124283,128543,122742,133309
 "28000","Mississippi",5,SAOACTVA,41,"...","    Lodging","Thousands of dollars",146011,151269,145038,161880,173098,179569,164944,182395
 "28000","Mississippi",5,SAOACTVA,42,"...","    Shopping and Souvenirs","Thousands of dollars",144057,148793,155774,157157,156858,162192,164410,170560
 "28000","Mississippi",5,SAOACTVA,43,"...","    Transportation","Thousands of dollars",269922,265783,263748,263726,228266,270477,325550,316273
 "28000","Mississippi",5,SAOACTVA,44,"...","   Government Expenditures","Thousands of dollars",166348,181108,183002,182396,180213,175368,178476,186616
 "28000","Mississippi",5,SAOACTVA,45,"...","    Federal Government","Thousands of dollars",59232,67828,62116,57461,57509,57021,60203,64059
 "28000","Mississippi",5,SAOACTVA,46,"...","    State and Local Government","Thousands of dollars",107117,113280,120887,124935,122703,118347,118273,122557
"Note: See the included footnote file."
"SAOACTVA: Outdoor Recreation Satellite Account Activities - Value Added 1/"
"Last updated: November 10, 2020-- new statistics for 2018-2019; revised statistics for 2012-2017."
"Source: U.S. Department of Commerce / Bureau of Economic Analysis / Regional Economic Accounts"
