GeoFIPS,GeoName,Region,TableName,LineCode,IndustryClassification,Description,Unit,2012,2013,2014,2015,2016,2017,2018,2019
 "34000","New Jersey",2,SAOACTVA,1,"...","Total Outdoor Recreation","Thousands of dollars",9920406,9921835,10221362,10712216,11099463,11190243,11298559,11721500
 "34000","New Jersey",2,SAOACTVA,2,"..."," Total Core Outdoor Recreation","Thousands of dollars",5056219,5123172,5264201,5432023,5544585,5668522,5768222,5876615
 "34000","New Jersey",2,SAOACTVA,3,"...","  Conventional Outdoor Recreation","Thousands of dollars",3168597,3225132,3297576,3440411,3489461,3493521,3477127,3494103
 "34000","New Jersey",2,SAOACTVA,4,"...","   Bicycling","Thousands of dollars",62927,63076,64035,67041,64334,65298,63966,63217
 "34000","New Jersey",2,SAOACTVA,5,"...","   Boating/Fishing","Thousands of dollars",497739,494990,525564,558673,607692,602539,604488,621647
 "34000","New Jersey",2,SAOACTVA,6,"...","    Canoeing/Kayaking","Thousands of dollars",11752,11796,12486,10594,11126,11245,11493,12300
 "34000","New Jersey",2,SAOACTVA,7,"...","    Fishing (excludes Boating)","Thousands of dollars",53136,53145,53315,59920,88268,88152,86714,94351
 "34000","New Jersey",2,SAOACTVA,8,"...","    Sailing","Thousands of dollars",42967,41593,45926,49598,54009,51134,48543,46380
 "34000","New Jersey",2,SAOACTVA,9,"...","    Other Boating","Thousands of dollars",389884,388455,413837,438560,454289,452009,457737,468616
 "34000","New Jersey",2,SAOACTVA,10,"...","   Climbing/Hiking/Tent Camping","Thousands of dollars",71654,76239,77133,77671,79949,80306,82882,82995
 "34000","New Jersey",2,SAOACTVA,11,"...","   Equestrian","Thousands of dollars",58599,62260,72727,77282,80020,82977,89642,93107
 "34000","New Jersey",2,SAOACTVA,12,"...","   Hunting/Shooting/Trapping","Thousands of dollars",71067,79434,76121,82504,85133,90467,89779,94142
 "34000","New Jersey",2,SAOACTVA,13,"...","    Hunting/Trapping","Thousands of dollars",37734,42020,38884,43178,41482,48281,47184,48407
 "34000","New Jersey",2,SAOACTVA,14,"...","    Shooting (includes Archery)","Thousands of dollars",33333,37414,37237,39326,43651,42186,42595,45734
 "34000","New Jersey",2,SAOACTVA,15,"...","   Motorcycling/ATVing","Thousands of dollars",148787,140834,150134,158591,156812,152982,157618,164080
 "34000","New Jersey",2,SAOACTVA,16,"...","   Recreational Flying","Thousands of dollars",31843,31481,29861,31626,36196,46411,46273,47296
 "34000","New Jersey",2,SAOACTVA,17,"...","   RVing","Thousands of dollars",223497,229199,237527,245618,240927,239253,246004,249675
 "34000","New Jersey",2,SAOACTVA,18,"...","   Snow Activities","Thousands of dollars",90848,85425,91604,93680,88740,87524,88157,89431
 "34000","New Jersey",2,SAOACTVA,19,"...","    Skiing/Snowboarding","Thousands of dollars",53747,51143,55787,58031,54907,54265,53957,54810
 "34000","New Jersey",2,SAOACTVA,20,"...","    Other Snow Activities (includes Snowmobiling) 2/","Thousands of dollars",37101,34282,35817,35649,33833,33260,34201,34620
 "34000","New Jersey",2,SAOACTVA,21,"...","   Other Conventional Outdoor Recreation Activities","Thousands of dollars",272871,277191,283294,295379,288038,278137,276825,282033
 "34000","New Jersey",2,SAOACTVA,22,"...","    Other Conventional Air and Land Activities 3/","Thousands of dollars",200821,208622,210100,208511,194709,185437,176968,181941
 "34000","New Jersey",2,SAOACTVA,23,"...","    Other Conventional Water Activities 4/","Thousands of dollars",72050,68569,73194,86868,93330,92700,99857,100092
 "34000","New Jersey",2,SAOACTVA,24,"...","   Multi-use Apparel and Accessories (Conventional) 5/","Thousands of dollars",1638766,1685003,1689577,1752346,1761620,1767626,1731494,1706481
 "34000","New Jersey",2,SAOACTVA,25,"...","  Other Outdoor Recreation","Thousands of dollars",1887622,1898040,1966625,1991612,2055124,2175001,2291095,2382511
 "34000","New Jersey",2,SAOACTVA,26,"...","   Amusement Parks/Water Parks","Thousands of dollars",210408,206764,211928,225667,240889,267403,293680,308720
 "34000","New Jersey",2,SAOACTVA,27,"...","   Festivals/Sporting Events/Concerts","Thousands of dollars",314475,330433,364047,363259,419201,469843,531429,587537
 "34000","New Jersey",2,SAOACTVA,28,"...","   Field Sports","Thousands of dollars",74660,74580,78156,81421,81502,83573,85735,86028
 "34000","New Jersey",2,SAOACTVA,29,"...","   Game Areas (includes Golfing and Tennis)","Thousands of dollars",453506,450524,454511,462907,470552,481039,504331,515280
 "34000","New Jersey",2,SAOACTVA,30,"...","   Guided Tours/Outfitted Travel","Thousands of dollars",310790,300774,312022,308917,292239,311834,318742,325086
 "34000","New Jersey",2,SAOACTVA,31,"...","    Air and Land Guided Tours/Outfitted Travel","Thousands of dollars",173554,166810,173913,176054,170234,179450,181327,187657
 "34000","New Jersey",2,SAOACTVA,32,"...","    Water Guided Tours/Outfitted Travel (includes Boating and Fishing Charters)","Thousands of dollars",137236,133965,138110,132864,122006,132384,137415,137429
 "34000","New Jersey",2,SAOACTVA,33,"...","   Productive Activities (includes Gardening)","Thousands of dollars",151700,153476,157259,132661,137365,141899,140309,145502
 "34000","New Jersey",2,SAOACTVA,34,"...","   Other Outdoor Recreation Activities 6/","Thousands of dollars",229364,228416,238382,265419,267319,275993,276445,277373
 "34000","New Jersey",2,SAOACTVA,35,"...","   Multi-use Apparel and Accessories (Other) 5/","Thousands of dollars",142719,153071,150321,151362,146056,143417,140423,136986
 "34000","New Jersey",2,SAOACTVA,36,"..."," Supporting Outdoor Recreation","Thousands of dollars",4864187,4798663,4957161,5280193,5554877,5521721,5530337,5844886
 "34000","New Jersey",2,SAOACTVA,37,"...","   Construction","Thousands of dollars",100331,111975,126150,151545,162348,170745,170756,162399
 "34000","New Jersey",2,SAOACTVA,38,"...","   Local Trips 7/","Thousands of dollars",837921,831336,876071,903693,933491,927922,934290,974305
 "34000","New Jersey",2,SAOACTVA,39,"...","   Travel and Tourism 8/","Thousands of dollars",3539125,3470569,3572669,3862072,4097147,4058556,4047861,4318688
 "34000","New Jersey",2,SAOACTVA,40,"...","    Food and Beverages","Thousands of dollars",661259,518610,564683,605193,672574,662338,630177,705661
 "34000","New Jersey",2,SAOACTVA,41,"...","    Lodging","Thousands of dollars",885929,893391,836229,942150,1031743,1009279,1020353,1092815
 "34000","New Jersey",2,SAOACTVA,42,"...","    Shopping and Souvenirs","Thousands of dollars",848071,836473,890096,918850,967600,952366,919359,977878
 "34000","New Jersey",2,SAOACTVA,43,"...","    Transportation","Thousands of dollars",1143866,1222094,1281661,1395880,1425230,1434573,1477972,1542335
 "34000","New Jersey",2,SAOACTVA,44,"...","   Government Expenditures","Thousands of dollars",386811,384783,382271,362882,361891,364498,377429,389493
 "34000","New Jersey",2,SAOACTVA,45,"...","    Federal Government","Thousands of dollars",49119,53360,46677,41059,39793,39284,41923,44574
 "34000","New Jersey",2,SAOACTVA,46,"...","    State and Local Government","Thousands of dollars",337692,331423,335593,321823,322098,325214,335506,344919
"Note: See the included footnote file."
"SAOACTVA: Outdoor Recreation Satellite Account Activities - Value Added 1/"
"Last updated: November 10, 2020-- new statistics for 2018-2019; revised statistics for 2012-2017."
"Source: U.S. Department of Commerce / Bureau of Economic Analysis / Regional Economic Accounts"
