GeoFIPS,GeoName,Region,TableName,LineCode,IndustryClassification,Description,Unit,2012,2013,2014,2015,2016,2017,2018,2019
 "56000","Wyoming",7,SAOACTVA,1,"...","Total Outdoor Recreation","Thousands of dollars",1405524,1448841,1499359,1554212,1508533,1622012,1685392,1686585
 "56000","Wyoming",7,SAOACTVA,2,"..."," Total Core Outdoor Recreation","Thousands of dollars",526780,537012,554984,570196,554446,573337,592008,608044
 "56000","Wyoming",7,SAOACTVA,3,"...","  Conventional Outdoor Recreation","Thousands of dollars",406598,408314,423144,440206,429067,443160,459367,474506
 "56000","Wyoming",7,SAOACTVA,4,"...","   Bicycling","Thousands of dollars",2113,2216,2231,2287,2218,2161,2166,2245
 "56000","Wyoming",7,SAOACTVA,5,"...","   Boating/Fishing","Thousands of dollars",34601,35493,36628,37559,39289,41033,41976,43148
 "56000","Wyoming",7,SAOACTVA,6,"...","    Canoeing/Kayaking","Thousands of dollars",300,301,321,293,294,296,301,312
 "56000","Wyoming",7,SAOACTVA,7,"...","    Fishing (excludes Boating)","Thousands of dollars",6705,6893,7191,8291,11437,11952,11653,12830
 "56000","Wyoming",7,SAOACTVA,8,"...","    Sailing","Thousands of dollars",1218,1485,1562,1601,1562,1676,1685,1714
 "56000","Wyoming",7,SAOACTVA,9,"...","    Other Boating","Thousands of dollars",26378,26814,27555,27374,25996,27110,28336,28291
 "56000","Wyoming",7,SAOACTVA,10,"...","   Climbing/Hiking/Tent Camping","Thousands of dollars",14425,14854,15282,15936,15363,16277,17938,19093
 "56000","Wyoming",7,SAOACTVA,11,"...","   Equestrian","Thousands of dollars",42379,43754,47461,50442,53191,56187,59945,60993
 "56000","Wyoming",7,SAOACTVA,12,"...","   Hunting/Shooting/Trapping","Thousands of dollars",49835,53515,52419,55579,47568,48798,42770,43190
 "56000","Wyoming",7,SAOACTVA,13,"...","    Hunting/Trapping","Thousands of dollars",41138,43123,42405,45357,36447,38082,31826,30627
 "56000","Wyoming",7,SAOACTVA,14,"...","    Shooting (includes Archery)","Thousands of dollars",8698,10392,10014,10222,11121,10715,10944,12563
 "56000","Wyoming",7,SAOACTVA,15,"...","   Motorcycling/ATVing","Thousands of dollars",19111,17880,17675,18375,16791,17447,17275,17373
 "56000","Wyoming",7,SAOACTVA,16,"...","   Recreational Flying","Thousands of dollars",4387,4045,3934,3384,2825,3237,3524,3714
 "56000","Wyoming",7,SAOACTVA,17,"...","   RVing","Thousands of dollars",58707,59198,60899,64226,61289,65060,71672,76116
 "56000","Wyoming",7,SAOACTVA,18,"...","   Snow Activities","Thousands of dollars",115579,111998,121477,128771,131567,132947,141673,147491
 "56000","Wyoming",7,SAOACTVA,19,"...","    Skiing/Snowboarding","Thousands of dollars",75340,75554,81510,86711,90731,92749,98687,102520
 "56000","Wyoming",7,SAOACTVA,20,"...","    Other Snow Activities (includes Snowmobiling) 2/","Thousands of dollars",40239,36444,39967,42060,40836,40198,42985,44971
 "56000","Wyoming",7,SAOACTVA,21,"...","   Other Conventional Outdoor Recreation Activities","Thousands of dollars",23794,22479,22981,21872,18514,20217,21194,21070
 "56000","Wyoming",7,SAOACTVA,22,"...","    Other Conventional Air and Land Activities 3/","Thousands of dollars",22115,20800,21169,19746,16410,18230,19248,19131
 "56000","Wyoming",7,SAOACTVA,23,"...","    Other Conventional Water Activities 4/","Thousands of dollars",1680,1679,1812,2127,2104,1987,1946,1938
 "56000","Wyoming",7,SAOACTVA,24,"...","   Multi-use Apparel and Accessories (Conventional) 5/","Thousands of dollars",41666,42882,42156,41773,40452,39797,39235,40075
 "56000","Wyoming",7,SAOACTVA,25,"...","  Other Outdoor Recreation","Thousands of dollars",120182,128699,131840,129990,125380,130177,132641,133538
 "56000","Wyoming",7,SAOACTVA,26,"...","   Amusement Parks/Water Parks","Thousands of dollars",3516,3744,3896,4245,4462,4636,4722,5020
 "56000","Wyoming",7,SAOACTVA,27,"...","   Festivals/Sporting Events/Concerts","Thousands of dollars",2632,2751,2999,2850,3261,3399,3696,3839
 "56000","Wyoming",7,SAOACTVA,28,"...","   Field Sports","Thousands of dollars",7553,7666,7866,7854,7438,7420,7493,7711
 "56000","Wyoming",7,SAOACTVA,29,"...","   Game Areas (includes Golfing and Tennis)","Thousands of dollars",36823,41013,41070,41312,39592,40706,40900,40874
 "56000","Wyoming",7,SAOACTVA,30,"...","   Guided Tours/Outfitted Travel","Thousands of dollars",22754,23587,24493,22787,19952,21577,22228,21817
 "56000","Wyoming",7,SAOACTVA,31,"...","    Air and Land Guided Tours/Outfitted Travel","Thousands of dollars",11249,11734,12208,11659,10741,11238,11442,11396
 "56000","Wyoming",7,SAOACTVA,32,"...","    Water Guided Tours/Outfitted Travel (includes Boating and Fishing Charters)","Thousands of dollars",11505,11852,12285,11128,9211,10339,10786,10421
 "56000","Wyoming",7,SAOACTVA,33,"...","   Productive Activities (includes Gardening)","Thousands of dollars",12615,13379,13604,11914,12059,12404,12663,13503
 "56000","Wyoming",7,SAOACTVA,34,"...","   Other Outdoor Recreation Activities 6/","Thousands of dollars",29649,31709,33296,34503,34262,36031,37014,36876
 "56000","Wyoming",7,SAOACTVA,35,"...","   Multi-use Apparel and Accessories (Other) 5/","Thousands of dollars",4638,4850,4616,4526,4352,4002,3925,3898
 "56000","Wyoming",7,SAOACTVA,36,"..."," Supporting Outdoor Recreation","Thousands of dollars",878745,911829,944375,984015,954087,1048675,1093384,1078541
 "56000","Wyoming",7,SAOACTVA,37,"...","   Construction","Thousands of dollars",26543,23979,26763,28074,26888,25652,25486,25325
 "56000","Wyoming",7,SAOACTVA,38,"...","   Local Trips 7/","Thousands of dollars",136733,128683,129868,123420,107898,121794,130238,125941
 "56000","Wyoming",7,SAOACTVA,39,"...","   Travel and Tourism 8/","Thousands of dollars",594658,628152,656657,702386,684940,764100,793471,776132
 "56000","Wyoming",7,SAOACTVA,40,"...","    Food and Beverages","Thousands of dollars",109610,102481,111115,120719,122467,135831,136363,128780
 "56000","Wyoming",7,SAOACTVA,41,"...","    Lodging","Thousands of dollars",276542,318135,332993,377699,374523,416296,435388,425873
 "56000","Wyoming",7,SAOACTVA,42,"...","    Shopping and Souvenirs","Thousands of dollars",90357,95885,96452,93239,87618,99585,101457,95911
 "56000","Wyoming",7,SAOACTVA,43,"...","    Transportation","Thousands of dollars",118149,111651,116097,110729,100332,112387,120264,125567
 "56000","Wyoming",7,SAOACTVA,44,"...","   Government Expenditures","Thousands of dollars",120811,131014,131086,130135,134360,137129,144189,151143
 "56000","Wyoming",7,SAOACTVA,45,"...","    Federal Government","Thousands of dollars",60833,67387,63682,60491,64693,68161,74015,78545
 "56000","Wyoming",7,SAOACTVA,46,"...","    State and Local Government","Thousands of dollars",59978,63628,67405,69644,69667,68968,70173,72599
"Note: See the included footnote file."
"SAOACTVA: Outdoor Recreation Satellite Account Activities - Value Added 1/"
"Last updated: November 10, 2020-- new statistics for 2018-2019; revised statistics for 2012-2017."
"Source: U.S. Department of Commerce / Bureau of Economic Analysis / Regional Economic Accounts"
