GeoFIPS,GeoName,Region,TableName,LineCode,IndustryClassification,Description,Unit,2012,2013,2014,2015,2016,2017,2018,2019
 "55000","Wisconsin",3,SAOACTVA,1,"...","Total Outdoor Recreation","Thousands of dollars",6965822,7143611,7121280,7246648,7279878,7495365,7595044,7710465
 "55000","Wisconsin",3,SAOACTVA,2,"..."," Total Core Outdoor Recreation","Thousands of dollars",4242532,4476856,4485737,4466018,4474305,4592708,4561817,4686531
 "55000","Wisconsin",3,SAOACTVA,3,"...","  Conventional Outdoor Recreation","Thousands of dollars",2836120,3032117,3013981,3026982,3078509,3078601,2936087,3035057
 "55000","Wisconsin",3,SAOACTVA,4,"...","   Bicycling","Thousands of dollars",141922,171525,161636,145613,178447,173970,131402,153617
 "55000","Wisconsin",3,SAOACTVA,5,"...","   Boating/Fishing","Thousands of dollars",414881,426060,426458,443822,479451,488065,508839,543686
 "55000","Wisconsin",3,SAOACTVA,6,"...","    Canoeing/Kayaking","Thousands of dollars",9832,10268,10451,8344,8528,8764,8989,9719
 "55000","Wisconsin",3,SAOACTVA,7,"...","    Fishing (excludes Boating)","Thousands of dollars",62718,62272,61304,68462,100257,99553,102655,109986
 "55000","Wisconsin",3,SAOACTVA,8,"...","    Sailing","Thousands of dollars",25369,25750,27759,28594,29890,29910,31077,32376
 "55000","Wisconsin",3,SAOACTVA,9,"...","    Other Boating","Thousands of dollars",316962,327770,326944,338423,340777,349838,366118,391605
 "55000","Wisconsin",3,SAOACTVA,10,"...","   Climbing/Hiking/Tent Camping","Thousands of dollars",84774,89059,90301,92116,90496,90166,93944,94863
 "55000","Wisconsin",3,SAOACTVA,11,"...","   Equestrian","Thousands of dollars",119740,126877,142614,150636,158447,167095,185085,191217
 "55000","Wisconsin",3,SAOACTVA,12,"...","   Hunting/Shooting/Trapping","Thousands of dollars",122024,142243,134660,142567,146239,152912,154877,174461
 "55000","Wisconsin",3,SAOACTVA,13,"...","    Hunting/Trapping","Thousands of dollars",64971,76014,70638,76346,70876,76060,75054,86502
 "55000","Wisconsin",3,SAOACTVA,14,"...","    Shooting (includes Archery)","Thousands of dollars",57053,66228,64022,66221,75363,76852,79823,87959
 "55000","Wisconsin",3,SAOACTVA,15,"...","   Motorcycling/ATVing","Thousands of dollars",1022567,1129486,1100849,1064336,1043941,1017047,863512,856029
 "55000","Wisconsin",3,SAOACTVA,16,"...","   Recreational Flying","Thousands of dollars",11271,12619,12523,12247,12153,12466,12552,13253
 "55000","Wisconsin",3,SAOACTVA,17,"...","   RVing","Thousands of dollars",207731,215491,225803,240835,245644,260522,271450,286896
 "55000","Wisconsin",3,SAOACTVA,18,"...","   Snow Activities","Thousands of dollars",64581,61190,65045,66745,65049,64021,65148,66674
 "55000","Wisconsin",3,SAOACTVA,19,"...","    Skiing/Snowboarding","Thousands of dollars",41148,39793,42391,43566,42742,41960,42631,43094
 "55000","Wisconsin",3,SAOACTVA,20,"...","    Other Snow Activities (includes Snowmobiling) 2/","Thousands of dollars",23433,21398,22654,23179,22307,22060,22517,23580
 "55000","Wisconsin",3,SAOACTVA,21,"...","   Other Conventional Outdoor Recreation Activities","Thousands of dollars",150429,153227,156142,166719,163415,158240,157127,162820
 "55000","Wisconsin",3,SAOACTVA,22,"...","    Other Conventional Air and Land Activities 3/","Thousands of dollars",107827,109672,110255,110731,105552,101608,97860,101647
 "55000","Wisconsin",3,SAOACTVA,23,"...","    Other Conventional Water Activities 4/","Thousands of dollars",42602,43555,45887,55988,57863,56633,59267,61173
 "55000","Wisconsin",3,SAOACTVA,24,"...","   Multi-use Apparel and Accessories (Conventional) 5/","Thousands of dollars",496199,504340,497951,501345,495224,494097,492152,491540
 "55000","Wisconsin",3,SAOACTVA,25,"...","  Other Outdoor Recreation","Thousands of dollars",1406413,1444739,1471756,1439036,1395796,1514107,1625730,1651474
 "55000","Wisconsin",3,SAOACTVA,26,"...","   Amusement Parks/Water Parks","Thousands of dollars",62055,61774,62095,64396,66238,70276,72914,76618
 "55000","Wisconsin",3,SAOACTVA,27,"...","   Festivals/Sporting Events/Concerts","Thousands of dollars",207712,226921,255792,249122,266434,276252,308277,331367
 "55000","Wisconsin",3,SAOACTVA,28,"...","   Field Sports","Thousands of dollars",56681,56381,58872,62125,62898,66030,68637,69810
 "55000","Wisconsin",3,SAOACTVA,29,"...","   Game Areas (includes Golfing and Tennis)","Thousands of dollars",345994,343087,339533,342072,350782,361700,375828,372467
 "55000","Wisconsin",3,SAOACTVA,30,"...","   Guided Tours/Outfitted Travel","Thousands of dollars",379551,396104,389702,355904,274527,342844,393973,387091
 "55000","Wisconsin",3,SAOACTVA,31,"...","    Air and Land Guided Tours/Outfitted Travel","Thousands of dollars",121977,123838,136737,137636,119663,131881,146499,150748
 "55000","Wisconsin",3,SAOACTVA,32,"...","    Water Guided Tours/Outfitted Travel (includes Boating and Fishing Charters)","Thousands of dollars",257574,272266,252965,218269,154864,210964,247474,236342
 "55000","Wisconsin",3,SAOACTVA,33,"...","   Productive Activities (includes Gardening)","Thousands of dollars",136138,140132,140437,124681,126933,134758,135916,142219
 "55000","Wisconsin",3,SAOACTVA,34,"...","   Other Outdoor Recreation Activities 6/","Thousands of dollars",160445,160002,167219,181438,189395,203890,210472,212594
 "55000","Wisconsin",3,SAOACTVA,35,"...","   Multi-use Apparel and Accessories (Other) 5/","Thousands of dollars",57838,60338,58105,59298,58588,58357,59713,59308
 "55000","Wisconsin",3,SAOACTVA,36,"..."," Supporting Outdoor Recreation","Thousands of dollars",2723289,2666755,2635543,2780630,2805573,2902657,3033227,3023934
 "55000","Wisconsin",3,SAOACTVA,37,"...","   Construction","Thousands of dollars",75871,82526,95412,113116,121476,133669,146008,152405
 "55000","Wisconsin",3,SAOACTVA,38,"...","   Local Trips 7/","Thousands of dollars",598184,592438,605414,630506,628522,643804,662953,668102
 "55000","Wisconsin",3,SAOACTVA,39,"...","   Travel and Tourism 8/","Thousands of dollars",1756400,1692455,1626277,1728189,1742867,1808221,1899355,1868817
 "55000","Wisconsin",3,SAOACTVA,40,"...","    Food and Beverages","Thousands of dollars",308973,245771,255922,268145,272667,289028,305397,275223
 "55000","Wisconsin",3,SAOACTVA,41,"...","    Lodging","Thousands of dollars",633364,626106,535741,593787,600121,633439,675473,661351
 "55000","Wisconsin",3,SAOACTVA,42,"...","    Shopping and Souvenirs","Thousands of dollars",415290,418354,422505,435120,439231,445836,458317,452900
 "55000","Wisconsin",3,SAOACTVA,43,"...","    Transportation","Thousands of dollars",398774,402224,412110,431136,430848,439918,460168,479343
 "55000","Wisconsin",3,SAOACTVA,44,"...","   Government Expenditures","Thousands of dollars",292834,299335,308440,308819,312707,316963,324911,334609
 "55000","Wisconsin",3,SAOACTVA,45,"...","    Federal Government","Thousands of dollars",6229,6464,6717,6637,7489,8126,8552,8898
 "55000","Wisconsin",3,SAOACTVA,46,"...","    State and Local Government","Thousands of dollars",286605,292871,301723,302182,305218,308836,316360,325711
"Note: See the included footnote file."
"SAOACTVA: Outdoor Recreation Satellite Account Activities - Value Added 1/"
"Last updated: November 10, 2020-- new statistics for 2018-2019; revised statistics for 2012-2017."
"Source: U.S. Department of Commerce / Bureau of Economic Analysis / Regional Economic Accounts"
