GeoFIPS,GeoName,Region,TableName,LineCode,IndustryClassification,Description,Unit,2012,2013,2014,2015,2016,2017,2018,2019
 "47000","Tennessee",5,SAOACTVA,1,"...","Total Outdoor Recreation","Thousands of dollars",7050953,7114542,7301238,7560919,7703958,8038052,8471747,8966118
 "47000","Tennessee",5,SAOACTVA,2,"..."," Total Core Outdoor Recreation","Thousands of dollars",3816311,3860055,3937616,4016127,4102753,4225980,4439449,4631417
 "47000","Tennessee",5,SAOACTVA,3,"...","  Conventional Outdoor Recreation","Thousands of dollars",2581449,2608690,2651179,2719553,2761999,2777612,2890366,3013004
 "47000","Tennessee",5,SAOACTVA,4,"...","   Bicycling","Thousands of dollars",15905,16953,17619,17998,19275,19017,19740,21819
 "47000","Tennessee",5,SAOACTVA,5,"...","   Boating/Fishing","Thousands of dollars",442136,475099,508931,534629,555240,545361,595770,630737
 "47000","Tennessee",5,SAOACTVA,6,"...","    Canoeing/Kayaking","Thousands of dollars",12533,13581,14330,10163,10308,9946,10285,11189
 "47000","Tennessee",5,SAOACTVA,7,"...","    Fishing (excludes Boating)","Thousands of dollars",64294,65298,67971,74415,103401,102948,105720,117604
 "47000","Tennessee",5,SAOACTVA,8,"...","    Sailing","Thousands of dollars",23617,24182,26937,27866,28878,29241,31236,32161
 "47000","Tennessee",5,SAOACTVA,9,"...","    Other Boating","Thousands of dollars",341692,372038,399694,422185,412652,403226,448529,469783
 "47000","Tennessee",5,SAOACTVA,10,"...","   Climbing/Hiking/Tent Camping","Thousands of dollars",61108,63877,68332,69121,66871,66878,71345,73207
 "47000","Tennessee",5,SAOACTVA,11,"...","   Equestrian","Thousands of dollars",110199,113425,126090,133316,141899,150338,167023,170810
 "47000","Tennessee",5,SAOACTVA,12,"...","   Hunting/Shooting/Trapping","Thousands of dollars",109477,128813,122230,126865,145051,144506,154612,184612
 "47000","Tennessee",5,SAOACTVA,13,"...","    Hunting/Trapping","Thousands of dollars",42205,49574,46832,51924,59653,61338,65760,80183
 "47000","Tennessee",5,SAOACTVA,14,"...","    Shooting (includes Archery)","Thousands of dollars",67272,79239,75398,74941,85398,83168,88852,104430
 "47000","Tennessee",5,SAOACTVA,15,"...","   Motorcycling/ATVing","Thousands of dollars",130033,128024,130509,138646,140542,143796,147227,156698
 "47000","Tennessee",5,SAOACTVA,16,"...","   Recreational Flying","Thousands of dollars",11355,12157,12214,12028,11994,12501,12810,13658
 "47000","Tennessee",5,SAOACTVA,17,"...","   RVing","Thousands of dollars",213285,223533,240385,258066,266413,282006,299585,314599
 "47000","Tennessee",5,SAOACTVA,18,"...","   Snow Activities","Thousands of dollars",34568,34423,37226,38825,38352,39281,41590,43680
 "47000","Tennessee",5,SAOACTVA,19,"...","    Skiing/Snowboarding","Thousands of dollars",22145,22397,24262,25490,26194,27206,28595,29929
 "47000","Tennessee",5,SAOACTVA,20,"...","    Other Snow Activities (includes Snowmobiling) 2/","Thousands of dollars",12423,12025,12964,13335,12158,12075,12995,13751
 "47000","Tennessee",5,SAOACTVA,21,"...","   Other Conventional Outdoor Recreation Activities","Thousands of dollars",215868,210304,211034,215192,207048,199977,201757,208769
 "47000","Tennessee",5,SAOACTVA,22,"...","    Other Conventional Air and Land Activities 3/","Thousands of dollars",147158,147027,145554,139926,129685,124413,123665,130239
 "47000","Tennessee",5,SAOACTVA,23,"...","    Other Conventional Water Activities 4/","Thousands of dollars",68710,63277,65480,75266,77364,75563,78092,78530
 "47000","Tennessee",5,SAOACTVA,24,"...","   Multi-use Apparel and Accessories (Conventional) 5/","Thousands of dollars",1237517,1202083,1176609,1174867,1169315,1173951,1178906,1194415
 "47000","Tennessee",5,SAOACTVA,25,"...","  Other Outdoor Recreation","Thousands of dollars",1234861,1251365,1286437,1296574,1340754,1448368,1549083,1618413
 "47000","Tennessee",5,SAOACTVA,26,"...","   Amusement Parks/Water Parks","Thousands of dollars",102464,103241,106375,118106,132101,154517,171915,185501
 "47000","Tennessee",5,SAOACTVA,27,"...","   Festivals/Sporting Events/Concerts","Thousands of dollars",240716,248056,275696,274863,313233,342659,378360,406222
 "47000","Tennessee",5,SAOACTVA,28,"...","   Field Sports","Thousands of dollars",48549,47896,50654,52162,52487,54514,57701,60735
 "47000","Tennessee",5,SAOACTVA,29,"...","   Game Areas (includes Golfing and Tennis)","Thousands of dollars",287545,282316,271978,264040,266920,271812,282442,282520
 "47000","Tennessee",5,SAOACTVA,30,"...","   Guided Tours/Outfitted Travel","Thousands of dollars",170833,172007,178826,175373,162934,190386,210842,223487
 "47000","Tennessee",5,SAOACTVA,31,"...","    Air and Land Guided Tours/Outfitted Travel","Thousands of dollars",85024,85494,90935,94153,94910,104619,111351,121796
 "47000","Tennessee",5,SAOACTVA,32,"...","    Water Guided Tours/Outfitted Travel (includes Boating and Fishing Charters)","Thousands of dollars",85810,86512,87892,81221,68025,85766,99490,101691
 "47000","Tennessee",5,SAOACTVA,33,"...","   Productive Activities (includes Gardening)","Thousands of dollars",151409,162912,166213,159644,160387,168747,169137,175957
 "47000","Tennessee",5,SAOACTVA,34,"...","   Other Outdoor Recreation Activities 6/","Thousands of dollars",144371,143398,147589,156288,156023,165769,174581,181715
 "47000","Tennessee",5,SAOACTVA,35,"...","   Multi-use Apparel and Accessories (Other) 5/","Thousands of dollars",88974,91540,89105,96096,96669,99965,104105,102276
 "47000","Tennessee",5,SAOACTVA,36,"..."," Supporting Outdoor Recreation","Thousands of dollars",3234642,3254488,3363623,3544792,3601204,3812072,4032298,4334701
 "47000","Tennessee",5,SAOACTVA,37,"...","   Construction","Thousands of dollars",70908,79270,92792,116939,127483,136310,144029,142698
 "47000","Tennessee",5,SAOACTVA,38,"...","   Local Trips 7/","Thousands of dollars",557615,573224,589304,608290,594618,612820,637790,666175
 "47000","Tennessee",5,SAOACTVA,39,"...","   Travel and Tourism 8/","Thousands of dollars",2275349,2252206,2323320,2457956,2507181,2680519,2847351,3102148
 "47000","Tennessee",5,SAOACTVA,40,"...","    Food and Beverages","Thousands of dollars",464258,384730,414244,430001,450589,488114,500082,538731
 "47000","Tennessee",5,SAOACTVA,41,"...","    Lodging","Thousands of dollars",684742,720658,728365,792682,808559,895137,966806,1076681
 "47000","Tennessee",5,SAOACTVA,42,"...","    Shopping and Souvenirs","Thousands of dollars",506964,520710,541512,557976,556484,565478,565601,586377
 "47000","Tennessee",5,SAOACTVA,43,"...","    Transportation","Thousands of dollars",619384,626108,639198,677297,691549,731790,814863,900359
 "47000","Tennessee",5,SAOACTVA,44,"...","   Government Expenditures","Thousands of dollars",330770,349787,358207,361607,371923,382423,403128,423680
 "47000","Tennessee",5,SAOACTVA,45,"...","    Federal Government","Thousands of dollars",71384,81538,77206,73179,76779,79069,85540,91441
 "47000","Tennessee",5,SAOACTVA,46,"...","    State and Local Government","Thousands of dollars",259386,268249,281001,288428,295144,303354,317589,332239
"Note: See the included footnote file."
"SAOACTVA: Outdoor Recreation Satellite Account Activities - Value Added 1/"
"Last updated: November 10, 2020-- new statistics for 2018-2019; revised statistics for 2012-2017."
"Source: U.S. Department of Commerce / Bureau of Economic Analysis / Regional Economic Accounts"
