GeoFIPS,GeoName,Region,TableName,LineCode,IndustryClassification,Description,Unit,2012,2013,2014,2015,2016,2017,2018,2019
 "32000","Nevada",8,SAOACTVA,1,"...","Total Outdoor Recreation","Thousands of dollars",4066313,4152860,4298925,4663742,4898118,5065744,5151725,5465169
 "32000","Nevada",8,SAOACTVA,2,"..."," Total Core Outdoor Recreation","Thousands of dollars",1613912,1664830,1734980,1819431,1901732,1958654,2009995,2107743
 "32000","Nevada",8,SAOACTVA,3,"...","  Conventional Outdoor Recreation","Thousands of dollars",943095,978140,1006907,1066877,1113909,1144752,1177816,1242184
 "32000","Nevada",8,SAOACTVA,4,"...","   Bicycling","Thousands of dollars",9047,9435,9453,9730,10115,10311,10360,11412
 "32000","Nevada",8,SAOACTVA,5,"...","   Boating/Fishing","Thousands of dollars",109751,111100,120240,131591,150655,159863,170092,185399
 "32000","Nevada",8,SAOACTVA,6,"...","    Canoeing/Kayaking","Thousands of dollars",1419,1461,1614,1424,1522,1638,1770,1951
 "32000","Nevada",8,SAOACTVA,7,"...","    Fishing (excludes Boating)","Thousands of dollars",18854,19098,19922,23160,31946,34034,33701,37135
 "32000","Nevada",8,SAOACTVA,8,"...","    Sailing","Thousands of dollars",7024,6800,7267,7427,7855,8038,8522,9424
 "32000","Nevada",8,SAOACTVA,9,"...","    Other Boating","Thousands of dollars",82453,83741,91438,99580,109331,116153,126099,136889
 "32000","Nevada",8,SAOACTVA,10,"...","   Climbing/Hiking/Tent Camping","Thousands of dollars",28355,29127,30047,30140,29764,30079,31605,32850
 "32000","Nevada",8,SAOACTVA,11,"...","   Equestrian","Thousands of dollars",26395,27099,30361,32228,34631,37124,42813,44699
 "32000","Nevada",8,SAOACTVA,12,"...","   Hunting/Shooting/Trapping","Thousands of dollars",48115,57069,54557,57989,66311,64476,67170,79199
 "32000","Nevada",8,SAOACTVA,13,"...","    Hunting/Trapping","Thousands of dollars",16657,19767,18432,20320,23374,22029,22662,27965
 "32000","Nevada",8,SAOACTVA,14,"...","    Shooting (includes Archery)","Thousands of dollars",31458,37303,36125,37670,42938,42447,44508,51234
 "32000","Nevada",8,SAOACTVA,15,"...","   Motorcycling/ATVing","Thousands of dollars",46794,45662,47822,54028,58270,62749,65582,73096
 "32000","Nevada",8,SAOACTVA,16,"...","   Recreational Flying","Thousands of dollars",5330,5624,5856,6439,7327,8357,9030,10039
 "32000","Nevada",8,SAOACTVA,17,"...","   RVing","Thousands of dollars",87264,91552,99237,110288,118674,125094,132262,143588
 "32000","Nevada",8,SAOACTVA,18,"...","   Snow Activities","Thousands of dollars",37708,37273,41838,45188,46663,50025,54296,58921
 "32000","Nevada",8,SAOACTVA,19,"...","    Skiing/Snowboarding","Thousands of dollars",23656,23662,26836,29167,30210,32847,35589,38293
 "32000","Nevada",8,SAOACTVA,20,"...","    Other Snow Activities (includes Snowmobiling) 2/","Thousands of dollars",14052,13611,15002,16021,16453,17178,18707,20628
 "32000","Nevada",8,SAOACTVA,21,"...","   Other Conventional Outdoor Recreation Activities","Thousands of dollars",65697,68227,70020,72890,70212,68598,67614,71723
 "32000","Nevada",8,SAOACTVA,22,"...","    Other Conventional Air and Land Activities 3/","Thousands of dollars",59405,61900,63320,64489,61593,60115,58363,61684
 "32000","Nevada",8,SAOACTVA,23,"...","    Other Conventional Water Activities 4/","Thousands of dollars",6291,6327,6700,8402,8619,8483,9251,10038
 "32000","Nevada",8,SAOACTVA,24,"...","   Multi-use Apparel and Accessories (Conventional) 5/","Thousands of dollars",478640,495971,497476,516366,521288,528077,526992,531259
 "32000","Nevada",8,SAOACTVA,25,"...","  Other Outdoor Recreation","Thousands of dollars",670817,686690,728073,752553,787823,813902,832179,865559
 "32000","Nevada",8,SAOACTVA,26,"...","   Amusement Parks/Water Parks","Thousands of dollars",36216,36591,38250,42041,45886,51792,57414,62487
 "32000","Nevada",8,SAOACTVA,27,"...","   Festivals/Sporting Events/Concerts","Thousands of dollars",145847,149547,165505,158318,186098,182664,183502,179802
 "32000","Nevada",8,SAOACTVA,28,"...","   Field Sports","Thousands of dollars",20519,20947,22497,24136,25027,26610,28721,30334
 "32000","Nevada",8,SAOACTVA,29,"...","   Game Areas (includes Golfing and Tennis)","Thousands of dollars",167058,164203,165975,166182,164449,163848,170230,176715
 "32000","Nevada",8,SAOACTVA,30,"...","   Guided Tours/Outfitted Travel","Thousands of dollars",170847,176561,189468,214001,211481,226322,219799,234098
 "32000","Nevada",8,SAOACTVA,31,"...","    Air and Land Guided Tours/Outfitted Travel","Thousands of dollars",131632,138028,148546,171744,168282,176409,166977,179365
 "32000","Nevada",8,SAOACTVA,32,"...","    Water Guided Tours/Outfitted Travel (includes Boating and Fishing Charters)","Thousands of dollars",39215,38533,40922,42258,43199,49913,52822,54732
 "32000","Nevada",8,SAOACTVA,33,"...","   Productive Activities (includes Gardening)","Thousands of dollars",32133,33340,34461,26283,27244,27969,28731,30926
 "32000","Nevada",8,SAOACTVA,34,"...","   Other Outdoor Recreation Activities 6/","Thousands of dollars",70212,71600,77331,85542,92043,99834,108098,113472
 "32000","Nevada",8,SAOACTVA,35,"...","   Multi-use Apparel and Accessories (Other) 5/","Thousands of dollars",27987,33901,34586,36048,35594,34863,35684,37725
 "32000","Nevada",8,SAOACTVA,36,"..."," Supporting Outdoor Recreation","Thousands of dollars",2452401,2488030,2563945,2844312,2996386,3107090,3141730,3357426
 "32000","Nevada",8,SAOACTVA,37,"...","   Construction","Thousands of dollars",120037,117542,134584,147174,149001,154503,167595,177333
 "32000","Nevada",8,SAOACTVA,38,"...","   Local Trips 7/","Thousands of dollars",192424,202248,206858,224603,234780,241596,232119,248935
 "32000","Nevada",8,SAOACTVA,39,"...","   Travel and Tourism 8/","Thousands of dollars",1833576,1841260,1881078,2112975,2245834,2339712,2357381,2525231
 "32000","Nevada",8,SAOACTVA,40,"...","    Food and Beverages","Thousands of dollars",498669,417123,427024,498279,562850,591141,586038,629708
 "32000","Nevada",8,SAOACTVA,41,"...","    Lodging","Thousands of dollars",262049,294165,256299,297878,324621,340084,323767,363504
 "32000","Nevada",8,SAOACTVA,42,"...","    Shopping and Souvenirs","Thousands of dollars",161820,165967,167045,180752,191243,194428,189920,201671
 "32000","Nevada",8,SAOACTVA,43,"...","    Transportation","Thousands of dollars",911039,964006,1030710,1136065,1167120,1214059,1257655,1330349
 "32000","Nevada",8,SAOACTVA,44,"...","   Government Expenditures","Thousands of dollars",306364,326980,341425,359560,366770,371279,384635,405927
 "32000","Nevada",8,SAOACTVA,45,"...","    Federal Government","Thousands of dollars",51049,54647,50780,47883,50978,53095,56836,60376
 "32000","Nevada",8,SAOACTVA,46,"...","    State and Local Government","Thousands of dollars",255315,272333,290644,311677,315792,318184,327799,345551
"Note: See the included footnote file."
"SAOACTVA: Outdoor Recreation Satellite Account Activities - Value Added 1/"
"Last updated: November 10, 2020-- new statistics for 2018-2019; revised statistics for 2012-2017."
"Source: U.S. Department of Commerce / Bureau of Economic Analysis / Regional Economic Accounts"
