GeoFIPS,GeoName,Region,TableName,LineCode,IndustryClassification,Description,Unit,2012,2013,2014,2015,2016,2017,2018,2019
 "40000","Oklahoma",6,SAOACTVA,1,"...","Total Outdoor Recreation","Thousands of dollars",3428562,3452094,3520350,3622209,3619749,3653282,3846789,3873471
 "40000","Oklahoma",6,SAOACTVA,2,"..."," Total Core Outdoor Recreation","Thousands of dollars",1604267,1643528,1682714,1729057,1754189,1809922,1846046,1871849
 "40000","Oklahoma",6,SAOACTVA,3,"...","  Conventional Outdoor Recreation","Thousands of dollars",1065413,1094577,1121773,1170338,1188029,1216451,1235244,1258671
 "40000","Oklahoma",6,SAOACTVA,4,"...","   Bicycling","Thousands of dollars",9311,9732,9900,10893,10607,10628,10422,10291
 "40000","Oklahoma",6,SAOACTVA,5,"...","   Boating/Fishing","Thousands of dollars",144882,146138,151964,163742,178633,183266,182961,190220
 "40000","Oklahoma",6,SAOACTVA,6,"...","    Canoeing/Kayaking","Thousands of dollars",2880,2950,3116,2639,2782,2818,2785,2963
 "40000","Oklahoma",6,SAOACTVA,7,"...","    Fishing (excludes Boating)","Thousands of dollars",22437,22965,23703,27533,39624,41393,39844,42503
 "40000","Oklahoma",6,SAOACTVA,8,"...","    Sailing","Thousands of dollars",7846,8010,8687,8964,9542,9594,9949,10208
 "40000","Oklahoma",6,SAOACTVA,9,"...","    Other Boating","Thousands of dollars",111718,112214,116458,124606,126685,129461,130383,134546
 "40000","Oklahoma",6,SAOACTVA,10,"...","   Climbing/Hiking/Tent Camping","Thousands of dollars",24456,25919,26344,25849,25215,24650,24874,24698
 "40000","Oklahoma",6,SAOACTVA,11,"...","   Equestrian","Thousands of dollars",137916,141040,156634,167157,177674,188293,208074,213351
 "40000","Oklahoma",6,SAOACTVA,12,"...","   Hunting/Shooting/Trapping","Thousands of dollars",57408,67326,63929,68482,73157,71893,69313,76571
 "40000","Oklahoma",6,SAOACTVA,13,"...","    Hunting/Trapping","Thousands of dollars",27861,32241,30915,34665,35107,35697,33671,37187
 "40000","Oklahoma",6,SAOACTVA,14,"...","    Shooting (includes Archery)","Thousands of dollars",29548,35085,33014,33817,38050,36195,35642,39384
 "40000","Oklahoma",6,SAOACTVA,15,"...","   Motorcycling/ATVing","Thousands of dollars",80204,74792,75139,79677,77999,80443,81384,84213
 "40000","Oklahoma",6,SAOACTVA,16,"...","   Recreational Flying","Thousands of dollars",21043,22135,22920,22134,20986,21928,23288,23645
 "40000","Oklahoma",6,SAOACTVA,17,"...","   RVing","Thousands of dollars",170737,180173,189466,198830,202304,211758,214635,218794
 "40000","Oklahoma",6,SAOACTVA,18,"...","   Snow Activities","Thousands of dollars",18183,16536,16141,14810,11260,13751,15910,15885
 "40000","Oklahoma",6,SAOACTVA,19,"...","    Skiing/Snowboarding","Thousands of dollars",3363,3384,3846,3983,3454,3643,3510,3621
 "40000","Oklahoma",6,SAOACTVA,20,"...","    Other Snow Activities (includes Snowmobiling) 2/","Thousands of dollars",14821,13151,12294,10827,7806,10108,12400,12264
 "40000","Oklahoma",6,SAOACTVA,21,"...","   Other Conventional Outdoor Recreation Activities","Thousands of dollars",101609,100247,100067,101166,92585,93398,96135,97698
 "40000","Oklahoma",6,SAOACTVA,22,"...","    Other Conventional Air and Land Activities 3/","Thousands of dollars",89571,88086,87300,85047,75822,77367,79311,80447
 "40000","Oklahoma",6,SAOACTVA,23,"...","    Other Conventional Water Activities 4/","Thousands of dollars",12038,12161,12767,16119,16763,16031,16825,17251
 "40000","Oklahoma",6,SAOACTVA,24,"...","   Multi-use Apparel and Accessories (Conventional) 5/","Thousands of dollars",299664,310541,309269,317597,317609,316445,308249,303305
 "40000","Oklahoma",6,SAOACTVA,25,"...","  Other Outdoor Recreation","Thousands of dollars",538854,548951,560941,558720,566159,593471,610802,613178
 "40000","Oklahoma",6,SAOACTVA,26,"...","   Amusement Parks/Water Parks","Thousands of dollars",35407,36420,38025,42097,45337,48739,49574,51022
 "40000","Oklahoma",6,SAOACTVA,27,"...","   Festivals/Sporting Events/Concerts","Thousands of dollars",73211,78105,85566,86073,100841,107355,115772,118609
 "40000","Oklahoma",6,SAOACTVA,28,"...","   Field Sports","Thousands of dollars",21888,22195,23077,23988,23583,23946,24248,24672
 "40000","Oklahoma",6,SAOACTVA,29,"...","   Game Areas (includes Golfing and Tennis)","Thousands of dollars",129409,129120,127038,125881,124776,125469,128488,128359
 "40000","Oklahoma",6,SAOACTVA,30,"...","   Guided Tours/Outfitted Travel","Thousands of dollars",87791,85563,89536,87871,80716,90257,95370,89565
 "40000","Oklahoma",6,SAOACTVA,31,"...","    Air and Land Guided Tours/Outfitted Travel","Thousands of dollars",46649,46928,50511,54076,53095,57398,59996,56045
 "40000","Oklahoma",6,SAOACTVA,32,"...","    Water Guided Tours/Outfitted Travel (includes Boating and Fishing Charters)","Thousands of dollars",41142,38635,39024,33795,27620,32859,35374,33520
 "40000","Oklahoma",6,SAOACTVA,33,"...","   Productive Activities (includes Gardening)","Thousands of dollars",102902,107226,105386,94968,93350,99274,101190,107953
 "40000","Oklahoma",6,SAOACTVA,34,"...","   Other Outdoor Recreation Activities 6/","Thousands of dollars",62568,63396,65672,71293,71121,72358,70742,68422
 "40000","Oklahoma",6,SAOACTVA,35,"...","   Multi-use Apparel and Accessories (Other) 5/","Thousands of dollars",25677,26925,26641,26550,26435,26072,25418,24577
 "40000","Oklahoma",6,SAOACTVA,36,"..."," Supporting Outdoor Recreation","Thousands of dollars",1824295,1808566,1837637,1893151,1865560,1843360,2000743,2001622
 "40000","Oklahoma",6,SAOACTVA,37,"...","   Construction","Thousands of dollars",75826,81120,94725,120768,142361,166397,184268,188378
 "40000","Oklahoma",6,SAOACTVA,38,"...","   Local Trips 7/","Thousands of dollars",462298,451583,455035,449919,417213,423716,458713,458076
 "40000","Oklahoma",6,SAOACTVA,39,"...","   Travel and Tourism 8/","Thousands of dollars",1107820,1085128,1087259,1116227,1100868,1048715,1145501,1131932
 "40000","Oklahoma",6,SAOACTVA,40,"...","    Food and Beverages","Thousands of dollars",133304,116609,126439,134986,149508,126607,149180,142179
 "40000","Oklahoma",6,SAOACTVA,41,"...","    Lodging","Thousands of dollars",175514,189277,187101,206202,220682,194237,223366,217165
 "40000","Oklahoma",6,SAOACTVA,42,"...","    Shopping and Souvenirs","Thousands of dollars",189941,198137,207291,209967,213802,201052,216416,213907
 "40000","Oklahoma",6,SAOACTVA,43,"...","    Transportation","Thousands of dollars",609061,581104,566428,565072,516876,526819,556540,558680
 "40000","Oklahoma",6,SAOACTVA,44,"...","   Government Expenditures","Thousands of dollars",178351,190736,200618,206237,205119,204532,212262,223236
 "40000","Oklahoma",6,SAOACTVA,45,"...","    Federal Government","Thousands of dollars",11815,13330,12404,11055,11469,12083,13832,14819
 "40000","Oklahoma",6,SAOACTVA,46,"...","    State and Local Government","Thousands of dollars",166535,177406,188214,195182,193650,192449,198430,208417
"Note: See the included footnote file."
"SAOACTVA: Outdoor Recreation Satellite Account Activities - Value Added 1/"
"Last updated: November 10, 2020-- new statistics for 2018-2019; revised statistics for 2012-2017."
"Source: U.S. Department of Commerce / Bureau of Economic Analysis / Regional Economic Accounts"
