GeoFIPS,GeoName,Region,TableName,LineCode,IndustryClassification,Description,Unit,2012,2013,2014,2015,2016,2017,2018,2019
 "24000","Maryland",2,SAOACTVA,1,"...","Total Outdoor Recreation","Thousands of dollars",5961934,5990801,6171373,6492800,6571051,6645472,6789265,7140584
 "24000","Maryland",2,SAOACTVA,2,"..."," Total Core Outdoor Recreation","Thousands of dollars",2845035,2903728,2958255,3009968,3042796,3112636,3159193,3258383
 "24000","Maryland",2,SAOACTVA,3,"...","  Conventional Outdoor Recreation","Thousands of dollars",1835736,1867383,1881489,1934943,1942573,1944105,1943448,2022056
 "24000","Maryland",2,SAOACTVA,4,"...","   Bicycling","Thousands of dollars",21616,22199,22399,23975,24018,23730,23432,23820
 "24000","Maryland",2,SAOACTVA,5,"...","   Boating/Fishing","Thousands of dollars",370810,369554,380735,389515,415011,415574,419783,452316
 "24000","Maryland",2,SAOACTVA,6,"...","    Canoeing/Kayaking","Thousands of dollars",9783,9917,10340,8860,8899,8746,8678,9459
 "24000","Maryland",2,SAOACTVA,7,"...","    Fishing (excludes Boating)","Thousands of dollars",31101,31277,31587,35674,53562,55821,56227,62544
 "24000","Maryland",2,SAOACTVA,8,"...","    Sailing","Thousands of dollars",37505,37264,39566,40326,42417,42319,43638,44946
 "24000","Maryland",2,SAOACTVA,9,"...","    Other Boating","Thousands of dollars",292420,291096,299242,304655,310132,308688,311240,335367
 "24000","Maryland",2,SAOACTVA,10,"...","   Climbing/Hiking/Tent Camping","Thousands of dollars",38747,40878,42087,42212,41394,41422,43048,44329
 "24000","Maryland",2,SAOACTVA,11,"...","   Equestrian","Thousands of dollars",75081,77978,86276,89161,92408,97183,104928,108029
 "24000","Maryland",2,SAOACTVA,12,"...","   Hunting/Shooting/Trapping","Thousands of dollars",114382,122639,112292,115923,114730,115957,110997,122118
 "24000","Maryland",2,SAOACTVA,13,"...","    Hunting/Trapping","Thousands of dollars",69814,72004,65028,68015,62499,67699,63384,69496
 "24000","Maryland",2,SAOACTVA,14,"...","    Shooting (includes Archery)","Thousands of dollars",44568,50635,47263,47909,52231,48258,47613,52621
 "24000","Maryland",2,SAOACTVA,15,"...","   Motorcycling/ATVing","Thousands of dollars",73003,68196,71914,77790,77886,77240,77730,81429
 "24000","Maryland",2,SAOACTVA,16,"...","   Recreational Flying","Thousands of dollars",8903,9380,9323,9058,9288,10103,10358,10720
 "24000","Maryland",2,SAOACTVA,17,"...","   RVing","Thousands of dollars",141612,147457,154151,163419,162212,161919,165425,171373
 "24000","Maryland",2,SAOACTVA,18,"...","   Snow Activities","Thousands of dollars",31585,30566,33121,34784,34320,34938,36295,37455
 "24000","Maryland",2,SAOACTVA,19,"...","    Skiing/Snowboarding","Thousands of dollars",19889,19535,21410,22557,22194,22637,23233,24070
 "24000","Maryland",2,SAOACTVA,20,"...","    Other Snow Activities (includes Snowmobiling) 2/","Thousands of dollars",11696,11030,11710,12227,12127,12301,13062,13385
 "24000","Maryland",2,SAOACTVA,21,"...","   Other Conventional Outdoor Recreation Activities","Thousands of dollars",141114,145290,147857,155744,149967,143953,140749,145553
 "24000","Maryland",2,SAOACTVA,22,"...","    Other Conventional Air and Land Activities 3/","Thousands of dollars",106417,109979,111336,111329,105515,102493,98470,103215
 "24000","Maryland",2,SAOACTVA,23,"...","    Other Conventional Water Activities 4/","Thousands of dollars",34697,35311,36521,44415,44452,41460,42279,42337
 "24000","Maryland",2,SAOACTVA,24,"...","   Multi-use Apparel and Accessories (Conventional) 5/","Thousands of dollars",818884,833247,821334,833364,821339,822086,810703,824915
 "24000","Maryland",2,SAOACTVA,25,"...","  Other Outdoor Recreation","Thousands of dollars",1009298,1036345,1076767,1075025,1100223,1168531,1215746,1236327
 "24000","Maryland",2,SAOACTVA,26,"...","   Amusement Parks/Water Parks","Thousands of dollars",74097,74864,76545,81596,86205,94165,100208,106550
 "24000","Maryland",2,SAOACTVA,27,"...","   Festivals/Sporting Events/Concerts","Thousands of dollars",207172,221033,240753,230998,258819,277434,285216,282748
 "24000","Maryland",2,SAOACTVA,28,"...","   Field Sports","Thousands of dollars",40861,40819,43118,44693,45333,46543,48684,49601
 "24000","Maryland",2,SAOACTVA,29,"...","   Game Areas (includes Golfing and Tennis)","Thousands of dollars",220700,224504,232791,244535,253257,258073,269131,275538
 "24000","Maryland",2,SAOACTVA,30,"...","   Guided Tours/Outfitted Travel","Thousands of dollars",198403,199611,200384,193198,177923,207947,228464,232198
 "24000","Maryland",2,SAOACTVA,31,"...","    Air and Land Guided Tours/Outfitted Travel","Thousands of dollars",95891,95884,101832,103585,100078,110183,116147,119747
 "24000","Maryland",2,SAOACTVA,32,"...","    Water Guided Tours/Outfitted Travel (includes Boating and Fishing Charters)","Thousands of dollars",102512,103727,98551,89614,77845,97764,112318,112452
 "24000","Maryland",2,SAOACTVA,33,"...","   Productive Activities (includes Gardening)","Thousands of dollars",104242,110396,112094,98520,99478,103927,101639,103311
 "24000","Maryland",2,SAOACTVA,34,"...","   Other Outdoor Recreation Activities 6/","Thousands of dollars",121711,120158,126187,134954,132927,134375,136579,141069
 "24000","Maryland",2,SAOACTVA,35,"...","   Multi-use Apparel and Accessories (Other) 5/","Thousands of dollars",42112,44960,44895,46531,46282,46067,45824,45310
 "24000","Maryland",2,SAOACTVA,36,"..."," Supporting Outdoor Recreation","Thousands of dollars",3116900,3087073,3213118,3482832,3528255,3532836,3630072,3882201
 "24000","Maryland",2,SAOACTVA,37,"...","   Construction","Thousands of dollars",63630,68335,78024,96484,110773,129562,145788,152594
 "24000","Maryland",2,SAOACTVA,38,"...","   Local Trips 7/","Thousands of dollars",415640,410955,435551,455027,456307,460360,467891,495182
 "24000","Maryland",2,SAOACTVA,39,"...","   Travel and Tourism 8/","Thousands of dollars",2120553,2015085,2048587,2201123,2231481,2247422,2335862,2532763
 "24000","Maryland",2,SAOACTVA,40,"...","    Food and Beverages","Thousands of dollars",540157,422796,432322,461253,472701,477860,501304,568023
 "24000","Maryland",2,SAOACTVA,41,"...","    Lodging","Thousands of dollars",629323,615011,597651,643350,626800,616460,644883,720176
 "24000","Maryland",2,SAOACTVA,42,"...","    Shopping and Souvenirs","Thousands of dollars",282046,279547,281843,286328,280760,278003,281958,302837
 "24000","Maryland",2,SAOACTVA,43,"...","    Transportation","Thousands of dollars",669027,697731,736771,810192,851220,875099,907719,941728
 "24000","Maryland",2,SAOACTVA,44,"...","   Government Expenditures","Thousands of dollars",517077,592698,650956,730198,729695,695492,680530,701663
 "24000","Maryland",2,SAOACTVA,45,"...","    Federal Government","Thousands of dollars",54919,63007,59744,56379,57650,56930,59148,61431
 "24000","Maryland",2,SAOACTVA,46,"...","    State and Local Government","Thousands of dollars",462159,529691,591212,673819,672045,638561,621382,640231
"Note: See the included footnote file."
"SAOACTVA: Outdoor Recreation Satellite Account Activities - Value Added 1/"
"Last updated: November 10, 2020-- new statistics for 2018-2019; revised statistics for 2012-2017."
"Source: U.S. Department of Commerce / Bureau of Economic Analysis / Regional Economic Accounts"
