GeoFIPS,GeoName,Region,TableName,LineCode,IndustryClassification,Description,Unit,2012,2013,2014,2015,2016,2017,2018,2019
 "39000","Ohio",3,SAOACTVA,1,"...","Total Outdoor Recreation","Thousands of dollars",9655480,9729388,10009954,10266807,10260348,10524403,11096265,11399534
 "39000","Ohio",3,SAOACTVA,2,"..."," Total Core Outdoor Recreation","Thousands of dollars",5401087,5488358,5605324,5672871,5731128,5960430,6157995,6349550
 "39000","Ohio",3,SAOACTVA,3,"...","  Conventional Outdoor Recreation","Thousands of dollars",3244129,3294999,3335157,3391666,3403805,3524881,3628945,3761959
 "39000","Ohio",3,SAOACTVA,4,"...","   Bicycling","Thousands of dollars",34377,35946,36194,37840,37529,37609,37752,37962
 "39000","Ohio",3,SAOACTVA,5,"...","   Boating/Fishing","Thousands of dollars",374225,381065,403347,427379,461015,473080,483193,522884
 "39000","Ohio",3,SAOACTVA,6,"...","    Canoeing/Kayaking","Thousands of dollars",6507,6613,7165,6350,6711,6919,7115,7697
 "39000","Ohio",3,SAOACTVA,7,"...","    Fishing (excludes Boating)","Thousands of dollars",60475,62195,64633,73874,105049,113561,114235,122460
 "39000","Ohio",3,SAOACTVA,8,"...","    Sailing","Thousands of dollars",25978,26533,28453,29224,30253,29890,30815,32066
 "39000","Ohio",3,SAOACTVA,9,"...","    Other Boating","Thousands of dollars",281265,285723,303095,317931,319003,322710,331029,360661
 "39000","Ohio",3,SAOACTVA,10,"...","   Climbing/Hiking/Tent Camping","Thousands of dollars",104793,109448,113372,119075,112326,109912,111103,110340
 "39000","Ohio",3,SAOACTVA,11,"...","   Equestrian","Thousands of dollars",173271,180707,203874,215582,228056,242984,288459,299797
 "39000","Ohio",3,SAOACTVA,12,"...","   Hunting/Shooting/Trapping","Thousands of dollars",170265,199060,188347,195264,212783,207906,209510,231377
 "39000","Ohio",3,SAOACTVA,13,"...","    Hunting/Trapping","Thousands of dollars",70318,81260,77041,83734,89387,88067,88098,99046
 "39000","Ohio",3,SAOACTVA,14,"...","    Shooting (includes Archery)","Thousands of dollars",99947,117800,111306,111531,123396,119839,121412,132332
 "39000","Ohio",3,SAOACTVA,15,"...","   Motorcycling/ATVing","Thousands of dollars",214989,213446,224939,246434,244331,249987,253198,264487
 "39000","Ohio",3,SAOACTVA,16,"...","   Recreational Flying","Thousands of dollars",30368,33044,34123,32223,29101,30626,31792,33289
 "39000","Ohio",3,SAOACTVA,17,"...","   RVing","Thousands of dollars",397318,425983,449579,481594,493336,575886,604050,646329
 "39000","Ohio",3,SAOACTVA,18,"...","   Snow Activities","Thousands of dollars",68075,68816,73889,74421,64246,67871,74068,75297
 "39000","Ohio",3,SAOACTVA,19,"...","    Skiing/Snowboarding","Thousands of dollars",28825,28305,31511,33457,33086,34816,36067,37653
 "39000","Ohio",3,SAOACTVA,20,"...","    Other Snow Activities (includes Snowmobiling) 2/","Thousands of dollars",39251,40512,42378,40965,31160,33054,38001,37644
 "39000","Ohio",3,SAOACTVA,21,"...","   Other Conventional Outdoor Recreation Activities","Thousands of dollars",297865,300161,304381,304031,275519,272079,274341,278680
 "39000","Ohio",3,SAOACTVA,22,"...","    Other Conventional Air and Land Activities 3/","Thousands of dollars",255039,257656,258474,248920,217340,215654,215917,220460
 "39000","Ohio",3,SAOACTVA,23,"...","    Other Conventional Water Activities 4/","Thousands of dollars",42826,42505,45907,55111,58179,56425,58424,58220
 "39000","Ohio",3,SAOACTVA,24,"...","   Multi-use Apparel and Accessories (Conventional) 5/","Thousands of dollars",1378582,1347321,1303113,1257823,1245564,1256941,1261479,1261518
 "39000","Ohio",3,SAOACTVA,25,"...","  Other Outdoor Recreation","Thousands of dollars",2156958,2193359,2270168,2281205,2327323,2435550,2529050,2587591
 "39000","Ohio",3,SAOACTVA,26,"...","   Amusement Parks/Water Parks","Thousands of dollars",244329,240023,241921,257413,271654,304503,325903,334736
 "39000","Ohio",3,SAOACTVA,27,"...","   Festivals/Sporting Events/Concerts","Thousands of dollars",389811,409056,459429,445620,490597,509551,538220,567506
 "39000","Ohio",3,SAOACTVA,28,"...","   Field Sports","Thousands of dollars",76982,77505,81582,85473,85286,88882,92257,94808
 "39000","Ohio",3,SAOACTVA,29,"...","   Game Areas (includes Golfing and Tennis)","Thousands of dollars",518785,519194,520245,530327,539942,551722,570315,565946
 "39000","Ohio",3,SAOACTVA,30,"...","   Guided Tours/Outfitted Travel","Thousands of dollars",272450,261024,274873,268145,246944,261291,277120,288268
 "39000","Ohio",3,SAOACTVA,31,"...","    Air and Land Guided Tours/Outfitted Travel","Thousands of dollars",159040,151924,163326,169289,167310,164052,167428,179976
 "39000","Ohio",3,SAOACTVA,32,"...","    Water Guided Tours/Outfitted Travel (includes Boating and Fishing Charters)","Thousands of dollars",113410,109099,111547,98856,79634,97239,109691,108292
 "39000","Ohio",3,SAOACTVA,33,"...","   Productive Activities (includes Gardening)","Thousands of dollars",317916,340085,339512,319339,313826,326469,325555,334121
 "39000","Ohio",3,SAOACTVA,34,"...","   Other Outdoor Recreation Activities 6/","Thousands of dollars",214823,218196,224768,244727,246300,259042,263003,268768
 "39000","Ohio",3,SAOACTVA,35,"...","   Multi-use Apparel and Accessories (Other) 5/","Thousands of dollars",121862,128278,127837,130161,132773,134090,136677,133438
 "39000","Ohio",3,SAOACTVA,36,"..."," Supporting Outdoor Recreation","Thousands of dollars",4254393,4241030,4404629,4593936,4529220,4563973,4938270,5049985
 "39000","Ohio",3,SAOACTVA,37,"...","   Construction","Thousands of dollars",156052,162872,185209,229901,267495,313236,348198,355737
 "39000","Ohio",3,SAOACTVA,38,"...","   Local Trips 7/","Thousands of dollars",1127169,1140683,1181068,1191153,1083739,1089591,1167761,1174862
 "39000","Ohio",3,SAOACTVA,39,"...","   Travel and Tourism 8/","Thousands of dollars",2453278,2400961,2481255,2598045,2571828,2521702,2745753,2817517
 "39000","Ohio",3,SAOACTVA,40,"...","    Food and Beverages","Thousands of dollars",383581,306004,323485,346976,376437,343014,389120,394405
 "39000","Ohio",3,SAOACTVA,41,"...","    Lodging","Thousands of dollars",356763,354172,356462,402763,424172,402224,482057,501185
 "39000","Ohio",3,SAOACTVA,42,"...","    Shopping and Souvenirs","Thousands of dollars",689420,701747,727581,756344,766278,748202,781520,794446
 "39000","Ohio",3,SAOACTVA,43,"...","    Transportation","Thousands of dollars",1023514,1039038,1073727,1091961,1004941,1028261,1093055,1127481
 "39000","Ohio",3,SAOACTVA,44,"...","   Government Expenditures","Thousands of dollars",517894,536515,557098,574838,606157,639444,676558,701869
 "39000","Ohio",3,SAOACTVA,45,"...","    Federal Government","Thousands of dollars",25154,27391,25388,23316,24131,24568,26054,26967
 "39000","Ohio",3,SAOACTVA,46,"...","    State and Local Government","Thousands of dollars",492739,509124,531709,551522,582025,614876,650504,674902
"Note: See the included footnote file."
"SAOACTVA: Outdoor Recreation Satellite Account Activities - Value Added 1/"
"Last updated: November 10, 2020-- new statistics for 2018-2019; revised statistics for 2012-2017."
"Source: U.S. Department of Commerce / Bureau of Economic Analysis / Regional Economic Accounts"
