GeoFIPS,GeoName,Region,TableName,LineCode,IndustryClassification,Description,Unit,2012,2013,2014,2015,2016,2017,2018,2019
 "33000","New Hampshire",1,SAOACTVA,1,"...","Total Outdoor Recreation","Thousands of dollars",2181730,2257674,2224299,2378819,2457499,2551809,2602801,2769888
 "33000","New Hampshire",1,SAOACTVA,2,"..."," Total Core Outdoor Recreation","Thousands of dollars",1158229,1225293,1220354,1270369,1321920,1353271,1400983,1490374
 "33000","New Hampshire",1,SAOACTVA,3,"...","  Conventional Outdoor Recreation","Thousands of dollars",830569,892989,881855,926508,977003,995225,1030937,1111965
 "33000","New Hampshire",1,SAOACTVA,4,"...","   Bicycling","Thousands of dollars",8887,9263,9034,9223,9583,9293,8937,9319
 "33000","New Hampshire",1,SAOACTVA,5,"...","   Boating/Fishing","Thousands of dollars",99240,98485,101024,104922,113168,116582,122353,133106
 "33000","New Hampshire",1,SAOACTVA,6,"...","    Canoeing/Kayaking","Thousands of dollars",2691,2694,2788,2560,2687,2764,2824,3150
 "33000","New Hampshire",1,SAOACTVA,7,"...","    Fishing (excludes Boating)","Thousands of dollars",8856,8792,8852,10148,14480,14773,14863,16292
 "33000","New Hampshire",1,SAOACTVA,8,"...","    Sailing","Thousands of dollars",9350,9257,9707,9726,10081,10056,10607,11277
 "33000","New Hampshire",1,SAOACTVA,9,"...","    Other Boating","Thousands of dollars",78343,77742,79677,82488,85920,88990,94058,102387
 "33000","New Hampshire",1,SAOACTVA,10,"...","   Climbing/Hiking/Tent Camping","Thousands of dollars",25829,26654,27393,28404,27859,29400,31787,32784
 "33000","New Hampshire",1,SAOACTVA,11,"...","   Equestrian","Thousands of dollars",10349,11103,12665,13247,13969,14675,17028,17680
 "33000","New Hampshire",1,SAOACTVA,12,"...","   Hunting/Shooting/Trapping","Thousands of dollars",123894,176148,141053,150341,196528,195353,209225,257471
 "33000","New Hampshire",1,SAOACTVA,13,"...","    Hunting/Trapping","Thousands of dollars",50689,71058,55908,62661,82689,82066,87802,108783
 "33000","New Hampshire",1,SAOACTVA,14,"...","    Shooting (includes Archery)","Thousands of dollars",73205,105090,85145,87680,113839,113287,121423,148688
 "33000","New Hampshire",1,SAOACTVA,15,"...","   Motorcycling/ATVing","Thousands of dollars",44180,44842,45061,47628,49545,51514,50273,51882
 "33000","New Hampshire",1,SAOACTVA,16,"...","   Recreational Flying","Thousands of dollars",3205,3545,3561,3594,3652,3948,4016,4506
 "33000","New Hampshire",1,SAOACTVA,17,"...","   RVing","Thousands of dollars",92495,96187,99226,108736,109991,116098,124295,130281
 "33000","New Hampshire",1,SAOACTVA,18,"...","   Snow Activities","Thousands of dollars",159188,152322,165798,170446,164176,167242,171864,179156
 "33000","New Hampshire",1,SAOACTVA,19,"...","    Skiing/Snowboarding","Thousands of dollars",95415,90794,101302,106871,102925,106036,108376,112100
 "33000","New Hampshire",1,SAOACTVA,20,"...","    Other Snow Activities (includes Snowmobiling) 2/","Thousands of dollars",63772,61527,64496,63576,61251,61206,63489,67057
 "33000","New Hampshire",1,SAOACTVA,21,"...","   Other Conventional Outdoor Recreation Activities","Thousands of dollars",54017,55008,57478,61731,60231,60368,59005,60895
 "33000","New Hampshire",1,SAOACTVA,22,"...","    Other Conventional Air and Land Activities 3/","Thousands of dollars",41303,42404,44465,46480,44423,45015,43233,45132
 "33000","New Hampshire",1,SAOACTVA,23,"...","    Other Conventional Water Activities 4/","Thousands of dollars",12713,12604,13013,15252,15807,15354,15771,15763
 "33000","New Hampshire",1,SAOACTVA,24,"...","   Multi-use Apparel and Accessories (Conventional) 5/","Thousands of dollars",209284,219434,219562,228236,228301,230751,232156,234885
 "33000","New Hampshire",1,SAOACTVA,25,"...","  Other Outdoor Recreation","Thousands of dollars",327661,332304,338499,343861,344918,358046,370046,378409
 "33000","New Hampshire",1,SAOACTVA,26,"...","   Amusement Parks/Water Parks","Thousands of dollars",37917,37145,38338,40464,42715,46136,48142,50230
 "33000","New Hampshire",1,SAOACTVA,27,"...","   Festivals/Sporting Events/Concerts","Thousands of dollars",20839,24025,24878,22948,24146,22972,22209,22172
 "33000","New Hampshire",1,SAOACTVA,28,"...","   Field Sports","Thousands of dollars",19346,19564,20385,21605,21621,22830,23880,24419
 "33000","New Hampshire",1,SAOACTVA,29,"...","   Game Areas (includes Golfing and Tennis)","Thousands of dollars",99593,100120,99408,100825,101863,103646,106729,106132
 "33000","New Hampshire",1,SAOACTVA,30,"...","   Guided Tours/Outfitted Travel","Thousands of dollars",51889,50849,52082,51799,50345,54417,57162,59590
 "33000","New Hampshire",1,SAOACTVA,31,"...","    Air and Land Guided Tours/Outfitted Travel","Thousands of dollars",29538,29051,29634,29759,29363,31520,32759,34508
 "33000","New Hampshire",1,SAOACTVA,32,"...","    Water Guided Tours/Outfitted Travel (includes Boating and Fishing Charters)","Thousands of dollars",22351,21798,22448,22040,20982,22897,24403,25081
 "33000","New Hampshire",1,SAOACTVA,33,"...","   Productive Activities (includes Gardening)","Thousands of dollars",25937,27381,28058,21627,22421,23040,22774,23649
 "33000","New Hampshire",1,SAOACTVA,34,"...","   Other Outdoor Recreation Activities 6/","Thousands of dollars",55079,54465,56899,64604,62601,65885,69688,72649
 "33000","New Hampshire",1,SAOACTVA,35,"...","   Multi-use Apparel and Accessories (Other) 5/","Thousands of dollars",17060,18756,18451,19990,19206,19122,19463,19568
 "33000","New Hampshire",1,SAOACTVA,36,"..."," Supporting Outdoor Recreation","Thousands of dollars",1023501,1032381,1003945,1108450,1135579,1198538,1201818,1279514
 "33000","New Hampshire",1,SAOACTVA,37,"...","   Construction","Thousands of dollars",2980,6083,6673,9154,10274,11770,12808,12768
 "33000","New Hampshire",1,SAOACTVA,38,"...","   Local Trips 7/","Thousands of dollars",162131,165777,170210,189512,194741,202604,204762,213082
 "33000","New Hampshire",1,SAOACTVA,39,"...","   Travel and Tourism 8/","Thousands of dollars",810023,807065,769124,848202,867956,919930,916411,981737
 "33000","New Hampshire",1,SAOACTVA,40,"...","    Food and Beverages","Thousands of dollars",211120,184347,188992,206323,215740,236270,232173,255652
 "33000","New Hampshire",1,SAOACTVA,41,"...","    Lodging","Thousands of dollars",344568,359021,312250,360470,370522,393533,397331,421085
 "33000","New Hampshire",1,SAOACTVA,42,"...","    Shopping and Souvenirs","Thousands of dollars",126597,134537,135390,140820,140805,148306,144254,154781
 "33000","New Hampshire",1,SAOACTVA,43,"...","    Transportation","Thousands of dollars",127738,129160,132492,140589,140889,141821,142653,150219
 "33000","New Hampshire",1,SAOACTVA,44,"...","   Government Expenditures","Thousands of dollars",48366,53456,57939,61583,62608,64234,67836,71927
 "33000","New Hampshire",1,SAOACTVA,45,"...","    Federal Government","Thousands of dollars",4357,4382,4752,4444,4277,3963,3475,3380
 "33000","New Hampshire",1,SAOACTVA,46,"...","    State and Local Government","Thousands of dollars",44009,49074,53187,57139,58331,60271,64361,68547
"Note: See the included footnote file."
"SAOACTVA: Outdoor Recreation Satellite Account Activities - Value Added 1/"
"Last updated: November 10, 2020-- new statistics for 2018-2019; revised statistics for 2012-2017."
"Source: U.S. Department of Commerce / Bureau of Economic Analysis / Regional Economic Accounts"
