GeoFIPS,GeoName,Region,TableName,LineCode,IndustryClassification,Description,Unit,2012,2013,2014,2015,2016,2017,2018,2019
 "51000","Virginia",5,SAOACTVA,1,"...","Total Outdoor Recreation","Thousands of dollars",7631536,7751556,7959180,8429540,8531737,8818104,9030186,9308418
 "51000","Virginia",5,SAOACTVA,2,"..."," Total Core Outdoor Recreation","Thousands of dollars",3363916,3469735,3535348,3647836,3746588,3927852,4018973,4123743
 "51000","Virginia",5,SAOACTVA,3,"...","  Conventional Outdoor Recreation","Thousands of dollars",2043179,2124057,2142443,2228463,2274830,2350442,2382415,2452904
 "51000","Virginia",5,SAOACTVA,4,"...","   Bicycling","Thousands of dollars",27659,29251,29214,30769,30327,30280,29710,30083
 "51000","Virginia",5,SAOACTVA,5,"...","   Boating/Fishing","Thousands of dollars",348028,348222,360732,375486,416366,432049,439578,466148
 "51000","Virginia",5,SAOACTVA,6,"...","    Canoeing/Kayaking","Thousands of dollars",8212,8284,8776,7807,8069,8417,8521,8991
 "51000","Virginia",5,SAOACTVA,7,"...","    Fishing (excludes Boating)","Thousands of dollars",47564,49336,50286,56942,82039,86280,85431,92228
 "51000","Virginia",5,SAOACTVA,8,"...","    Sailing","Thousands of dollars",22762,22125,23738,23816,25118,25031,25308,25770
 "51000","Virginia",5,SAOACTVA,9,"...","    Other Boating","Thousands of dollars",269491,268477,277931,286920,301140,312321,320318,339159
 "51000","Virginia",5,SAOACTVA,10,"...","   Climbing/Hiking/Tent Camping","Thousands of dollars",56767,60922,62352,62949,63387,65221,68817,70794
 "51000","Virginia",5,SAOACTVA,11,"...","   Equestrian","Thousands of dollars",134049,141638,158828,167764,175554,184550,200059,207425
 "51000","Virginia",5,SAOACTVA,12,"...","   Hunting/Shooting/Trapping","Thousands of dollars",210866,242926,233520,245762,236023,263844,262447,267547
 "51000","Virginia",5,SAOACTVA,13,"...","    Hunting/Trapping","Thousands of dollars",137665,158300,152213,164144,146377,173992,171343,171595
 "51000","Virginia",5,SAOACTVA,14,"...","    Shooting (includes Archery)","Thousands of dollars",73200,84626,81307,81618,89646,89852,91104,95952
 "51000","Virginia",5,SAOACTVA,15,"...","   Motorcycling/ATVing","Thousands of dollars",109871,103430,104721,112501,114777,116005,117023,126086
 "51000","Virginia",5,SAOACTVA,16,"...","   Recreational Flying","Thousands of dollars",12793,13444,13454,13590,14728,15846,16223,16913
 "51000","Virginia",5,SAOACTVA,17,"...","   RVing","Thousands of dollars",190268,197296,203605,217606,224287,230006,240905,255844
 "51000","Virginia",5,SAOACTVA,18,"...","   Snow Activities","Thousands of dollars",19939,20096,21708,22254,20912,21728,21655,22164
 "51000","Virginia",5,SAOACTVA,19,"...","    Skiing/Snowboarding","Thousands of dollars",12282,12712,14181,14798,13765,14584,14249,14406
 "51000","Virginia",5,SAOACTVA,20,"...","    Other Snow Activities (includes Snowmobiling) 2/","Thousands of dollars",7657,7384,7528,7456,7147,7144,7406,7758
 "51000","Virginia",5,SAOACTVA,21,"...","   Other Conventional Outdoor Recreation Activities","Thousands of dollars",173993,178679,178752,188904,185387,180660,176499,181079
 "51000","Virginia",5,SAOACTVA,22,"...","    Other Conventional Air and Land Activities 3/","Thousands of dollars",129430,134088,130799,131777,126552,122824,117794,121816
 "51000","Virginia",5,SAOACTVA,23,"...","    Other Conventional Water Activities 4/","Thousands of dollars",44563,44591,47954,57126,58835,57836,58704,59263
 "51000","Virginia",5,SAOACTVA,24,"...","   Multi-use Apparel and Accessories (Conventional) 5/","Thousands of dollars",758946,788153,775556,790879,793083,810252,809499,808822
 "51000","Virginia",5,SAOACTVA,25,"...","  Other Outdoor Recreation","Thousands of dollars",1320737,1345678,1392906,1419373,1471758,1577410,1636558,1670839
 "51000","Virginia",5,SAOACTVA,26,"...","   Amusement Parks/Water Parks","Thousands of dollars",146076,147560,149809,158606,162576,177386,189081,200836
 "51000","Virginia",5,SAOACTVA,27,"...","   Festivals/Sporting Events/Concerts","Thousands of dollars",163703,173102,194133,197839,231632,261522,280773,291234
 "51000","Virginia",5,SAOACTVA,28,"...","   Field Sports","Thousands of dollars",62014,62603,65658,68935,69504,72395,74592,75130
 "51000","Virginia",5,SAOACTVA,29,"...","   Game Areas (includes Golfing and Tennis)","Thousands of dollars",361912,364323,366533,375532,383240,394575,402957,402449
 "51000","Virginia",5,SAOACTVA,30,"...","   Guided Tours/Outfitted Travel","Thousands of dollars",200178,195499,203945,203245,196067,220381,232437,237578
 "51000","Virginia",5,SAOACTVA,31,"...","    Air and Land Guided Tours/Outfitted Travel","Thousands of dollars",108644,107174,112458,117218,114951,126504,133347,138107
 "51000","Virginia",5,SAOACTVA,32,"...","    Water Guided Tours/Outfitted Travel (includes Boating and Fishing Charters)","Thousands of dollars",91535,88325,91487,86027,81116,93878,99090,99471
 "51000","Virginia",5,SAOACTVA,33,"...","   Productive Activities (includes Gardening)","Thousands of dollars",136362,142224,144342,122628,125377,131181,131669,137274
 "51000","Virginia",5,SAOACTVA,34,"...","   Other Outdoor Recreation Activities 6/","Thousands of dollars",191531,195488,203222,223912,233878,250265,253823,254711
 "51000","Virginia",5,SAOACTVA,35,"...","   Multi-use Apparel and Accessories (Other) 5/","Thousands of dollars",58961,64880,65263,68676,69486,69704,71225,71627
 "51000","Virginia",5,SAOACTVA,36,"..."," Supporting Outdoor Recreation","Thousands of dollars",4267620,4281821,4423831,4781704,4785149,4890252,5011213,5184675
 "51000","Virginia",5,SAOACTVA,37,"...","   Construction","Thousands of dollars",108295,109525,125310,151876,166120,181286,194131,197298
 "51000","Virginia",5,SAOACTVA,38,"...","   Local Trips 7/","Thousands of dollars",649971,651527,649545,688319,676381,679371,680926,700879
 "51000","Virginia",5,SAOACTVA,39,"...","   Travel and Tourism 8/","Thousands of dollars",2956494,2911154,3016616,3287083,3287578,3373207,3456334,3579700
 "51000","Virginia",5,SAOACTVA,40,"...","    Food and Beverages","Thousands of dollars",599258,490507,537862,571046,569757,601340,618642,630305
 "51000","Virginia",5,SAOACTVA,41,"...","    Lodging","Thousands of dollars",847932,868782,868871,979318,955761,1006160,1053677,1089525
 "51000","Virginia",5,SAOACTVA,42,"...","    Shopping and Souvenirs","Thousands of dollars",568747,571040,583593,604517,574215,563305,562871,574928
 "51000","Virginia",5,SAOACTVA,43,"...","    Transportation","Thousands of dollars",940556,980825,1026290,1132203,1187845,1202402,1221144,1284941
 "51000","Virginia",5,SAOACTVA,44,"...","   Government Expenditures","Thousands of dollars",552860,609616,632360,654425,655069,656388,679822,706798
 "51000","Virginia",5,SAOACTVA,45,"...","    Federal Government","Thousands of dollars",108348,122345,113415,104442,107551,110137,117715,120852
 "51000","Virginia",5,SAOACTVA,46,"...","    State and Local Government","Thousands of dollars",444512,487270,518945,549983,547518,546251,562107,585946
"Note: See the included footnote file."
"SAOACTVA: Outdoor Recreation Satellite Account Activities - Value Added 1/"
"Last updated: November 10, 2020-- new statistics for 2018-2019; revised statistics for 2012-2017."
"Source: U.S. Department of Commerce / Bureau of Economic Analysis / Regional Economic Accounts"
