GeoFIPS,GeoName,Region,TableName,LineCode,IndustryClassification,Description,Unit,2012,2013,2014,2015,2016,2017,2018,2019
 "26000","Michigan",3,SAOACTVA,1,"...","Total Outdoor Recreation","Thousands of dollars",8121221,8294719,8446146,8757350,8941833,9424033,9752912,10105773
 "26000","Michigan",3,SAOACTVA,2,"..."," Total Core Outdoor Recreation","Thousands of dollars",4589277,4709762,4820120,4944465,5035655,5225017,5385976,5560830
 "26000","Michigan",3,SAOACTVA,3,"...","  Conventional Outdoor Recreation","Thousands of dollars",2780013,2841359,2896556,3029044,3107327,3198940,3283405,3429074
 "26000","Michigan",3,SAOACTVA,4,"...","   Bicycling","Thousands of dollars",33582,35427,35400,36851,36287,35789,35172,35315
 "26000","Michigan",3,SAOACTVA,5,"...","   Boating/Fishing","Thousands of dollars",585412,602670,618969,651533,702752,722622,760071,822050
 "26000","Michigan",3,SAOACTVA,6,"...","    Canoeing/Kayaking","Thousands of dollars",14845,15329,15806,12881,13548,13932,14554,15936
 "26000","Michigan",3,SAOACTVA,7,"...","    Fishing (excludes Boating)","Thousands of dollars",74210,75205,75894,84135,119874,123540,122346,130604
 "26000","Michigan",3,SAOACTVA,8,"...","    Sailing","Thousands of dollars",40373,40744,43973,45410,48572,49781,53055,55951
 "26000","Michigan",3,SAOACTVA,9,"...","    Other Boating","Thousands of dollars",455983,471391,483296,509106,520758,535369,570116,619559
 "26000","Michigan",3,SAOACTVA,10,"...","   Climbing/Hiking/Tent Camping","Thousands of dollars",89829,93783,97304,99536,97794,99683,103156,103786
 "26000","Michigan",3,SAOACTVA,11,"...","   Equestrian","Thousands of dollars",121526,126767,140917,151205,161975,173289,201863,209341
 "26000","Michigan",3,SAOACTVA,12,"...","   Hunting/Shooting/Trapping","Thousands of dollars",192132,219006,207149,221435,218806,239037,235399,260364
 "26000","Michigan",3,SAOACTVA,13,"...","    Hunting/Trapping","Thousands of dollars",115428,129886,122345,136905,127678,152184,148329,165933
 "26000","Michigan",3,SAOACTVA,14,"...","    Shooting (includes Archery)","Thousands of dollars",76704,89119,84804,84530,91128,86853,87070,94432
 "26000","Michigan",3,SAOACTVA,15,"...","   Motorcycling/ATVing","Thousands of dollars",171113,162473,169381,183272,185970,189766,192749,203580
 "26000","Michigan",3,SAOACTVA,16,"...","   Recreational Flying","Thousands of dollars",16251,17564,17461,17117,17190,18525,18883,20235
 "26000","Michigan",3,SAOACTVA,17,"...","   RVing","Thousands of dollars",406530,414146,439283,466924,489872,517223,531519,558396
 "26000","Michigan",3,SAOACTVA,18,"...","   Snow Activities","Thousands of dollars",73459,70786,75604,76918,72012,71749,73029,74243
 "26000","Michigan",3,SAOACTVA,19,"...","    Skiing/Snowboarding","Thousands of dollars",43977,42573,46372,47855,45086,44970,45047,45756
 "26000","Michigan",3,SAOACTVA,20,"...","    Other Snow Activities (includes Snowmobiling) 2/","Thousands of dollars",29481,28213,29233,29063,26926,26779,27982,28487
 "26000","Michigan",3,SAOACTVA,21,"...","   Other Conventional Outdoor Recreation Activities","Thousands of dollars",216401,216436,222694,238166,235111,234728,240862,248211
 "26000","Michigan",3,SAOACTVA,22,"...","    Other Conventional Air and Land Activities 3/","Thousands of dollars",139280,142345,142812,141553,131672,133667,131820,136317
 "26000","Michigan",3,SAOACTVA,23,"...","    Other Conventional Water Activities 4/","Thousands of dollars",77121,74091,79881,96614,103439,101061,109042,111894
 "26000","Michigan",3,SAOACTVA,24,"...","   Multi-use Apparel and Accessories (Conventional) 5/","Thousands of dollars",873779,882301,872394,886086,889558,896530,890704,893554
 "26000","Michigan",3,SAOACTVA,25,"...","  Other Outdoor Recreation","Thousands of dollars",1809264,1868403,1923563,1915421,1928328,2026077,2102571,2131756
 "26000","Michigan",3,SAOACTVA,26,"...","   Amusement Parks/Water Parks","Thousands of dollars",66294,69223,72126,78566,84094,91115,97380,104079
 "26000","Michigan",3,SAOACTVA,27,"...","   Festivals/Sporting Events/Concerts","Thousands of dollars",251510,268123,296249,287475,326256,353670,368020,361815
 "26000","Michigan",3,SAOACTVA,28,"...","   Field Sports","Thousands of dollars",75471,75962,79467,82270,81980,84880,88005,90365
 "26000","Michigan",3,SAOACTVA,29,"...","   Game Areas (includes Golfing and Tennis)","Thousands of dollars",484095,485401,484229,490701,500455,505422,520228,521204
 "26000","Michigan",3,SAOACTVA,30,"...","   Guided Tours/Outfitted Travel","Thousands of dollars",429208,448059,461257,448239,400432,432606,464250,481591
 "26000","Michigan",3,SAOACTVA,31,"...","    Air and Land Guided Tours/Outfitted Travel","Thousands of dollars",239022,253839,273116,284372,277718,280800,295999,320708
 "26000","Michigan",3,SAOACTVA,32,"...","    Water Guided Tours/Outfitted Travel (includes Boating and Fishing Charters)","Thousands of dollars",190186,194220,188141,163868,122714,151807,168251,160883
 "26000","Michigan",3,SAOACTVA,33,"...","   Productive Activities (includes Gardening)","Thousands of dollars",217078,228897,230348,210093,213870,226316,224843,229869
 "26000","Michigan",3,SAOACTVA,34,"...","   Other Outdoor Recreation Activities 6/","Thousands of dollars",207483,209491,216720,231578,231231,240966,245371,248914
 "26000","Michigan",3,SAOACTVA,35,"...","   Multi-use Apparel and Accessories (Other) 5/","Thousands of dollars",78125,83249,83167,86499,90011,91101,94474,93919
 "26000","Michigan",3,SAOACTVA,36,"..."," Supporting Outdoor Recreation","Thousands of dollars",3531944,3584957,3626026,3812885,3906177,4199015,4366937,4544944
 "26000","Michigan",3,SAOACTVA,37,"...","   Construction","Thousands of dollars",91174,99712,117824,142171,158036,176375,187704,187954
 "26000","Michigan",3,SAOACTVA,38,"...","   Local Trips 7/","Thousands of dollars",787678,807326,845840,869551,865271,939522,972190,1001287
 "26000","Michigan",3,SAOACTVA,39,"...","   Travel and Tourism 8/","Thousands of dollars",2281761,2289190,2256272,2382744,2452887,2637767,2737386,2861320
 "26000","Michigan",3,SAOACTVA,40,"...","    Food and Beverages","Thousands of dollars",359976,303873,327918,334018,346923,392443,394748,406150
 "26000","Michigan",3,SAOACTVA,41,"...","    Lodging","Thousands of dollars",764383,786633,677662,728162,758862,819645,859455,903324
 "26000","Michigan",3,SAOACTVA,42,"...","    Shopping and Souvenirs","Thousands of dollars",432191,455458,475469,488266,497817,521975,531046,542080
 "26000","Michigan",3,SAOACTVA,43,"...","    Transportation","Thousands of dollars",725211,743226,775222,832298,849285,903704,952136,1009766
 "26000","Michigan",3,SAOACTVA,44,"...","   Government Expenditures","Thousands of dollars",371331,388730,406091,418419,429984,445351,469658,494383
 "26000","Michigan",3,SAOACTVA,45,"...","    Federal Government","Thousands of dollars",23843,26874,26391,25145,26888,29001,31632,33819
 "26000","Michigan",3,SAOACTVA,46,"...","    State and Local Government","Thousands of dollars",347488,361856,379700,393273,403096,416350,438025,460564
"Note: See the included footnote file."
"SAOACTVA: Outdoor Recreation Satellite Account Activities - Value Added 1/"
"Last updated: November 10, 2020-- new statistics for 2018-2019; revised statistics for 2012-2017."
"Source: U.S. Department of Commerce / Bureau of Economic Analysis / Regional Economic Accounts"
