GeoFIPS,GeoName,Region,TableName,LineCode,IndustryClassification,Description,Unit,2012,2013,2014,2015,2016,2017,2018,2019
 "30000","Montana",7,SAOACTVA,1,"...","Total Outdoor Recreation","Thousands of dollars",1950556,2042795,2109107,2236645,2185415,2331179,2413903,2498355
 "30000","Montana",7,SAOACTVA,2,"..."," Total Core Outdoor Recreation","Thousands of dollars",917125,947180,982949,1020220,1043353,1064702,1102381,1134272
 "30000","Montana",7,SAOACTVA,3,"...","  Conventional Outdoor Recreation","Thousands of dollars",593700,610763,633409,664697,681522,693694,721043,749055
 "30000","Montana",7,SAOACTVA,4,"...","   Bicycling","Thousands of dollars",5956,6254,6406,6720,6706,6555,6469,6570
 "30000","Montana",7,SAOACTVA,5,"...","   Boating/Fishing","Thousands of dollars",108602,111356,119097,129119,145858,149661,154799,164490
 "30000","Montana",7,SAOACTVA,6,"...","    Canoeing/Kayaking","Thousands of dollars",1322,1351,1455,1375,1467,1513,1572,1674
 "30000","Montana",7,SAOACTVA,7,"...","    Fishing (excludes Boating)","Thousands of dollars",23660,24582,26109,30627,43402,45929,44581,47685
 "30000","Montana",7,SAOACTVA,8,"...","    Sailing","Thousands of dollars",1759,2110,2235,2151,2234,2226,2296,2385
 "30000","Montana",7,SAOACTVA,9,"...","    Other Boating","Thousands of dollars",81861,83313,89298,94966,98754,99992,106350,112747
 "30000","Montana",7,SAOACTVA,10,"...","   Climbing/Hiking/Tent Camping","Thousands of dollars",25278,26414,27516,28594,27782,28821,31008,32034
 "30000","Montana",7,SAOACTVA,11,"...","   Equestrian","Thousands of dollars",61468,64222,70488,74298,77973,81974,88685,90836
 "30000","Montana",7,SAOACTVA,12,"...","   Hunting/Shooting/Trapping","Thousands of dollars",56719,66519,62966,66410,74313,73666,74406,81207
 "30000","Montana",7,SAOACTVA,13,"...","    Hunting/Trapping","Thousands of dollars",20568,24037,22037,24021,26703,26438,26227,29365
 "30000","Montana",7,SAOACTVA,14,"...","    Shooting (includes Archery)","Thousands of dollars",36151,42483,40929,42388,47611,47227,48179,51842
 "30000","Montana",7,SAOACTVA,15,"...","   Motorcycling/ATVing","Thousands of dollars",30448,28603,28982,30921,29597,31009,31951,33107
 "30000","Montana",7,SAOACTVA,16,"...","   Recreational Flying","Thousands of dollars",6257,6020,6363,5776,5034,5526,6044,6446
 "30000","Montana",7,SAOACTVA,17,"...","   RVing","Thousands of dollars",92860,96746,101755,110123,111263,115854,125303,132371
 "30000","Montana",7,SAOACTVA,18,"...","   Snow Activities","Thousands of dollars",69095,64899,68451,68756,64985,61974,63511,63354
 "30000","Montana",7,SAOACTVA,19,"...","    Skiing/Snowboarding","Thousands of dollars",41169,39932,41947,42540,41416,39191,39339,39213
 "30000","Montana",7,SAOACTVA,20,"...","    Other Snow Activities (includes Snowmobiling) 2/","Thousands of dollars",27926,24968,26504,26215,23569,22784,24172,24140
 "30000","Montana",7,SAOACTVA,21,"...","   Other Conventional Outdoor Recreation Activities","Thousands of dollars",46720,45486,47611,48656,43481,43903,45533,45801
 "30000","Montana",7,SAOACTVA,22,"...","    Other Conventional Air and Land Activities 3/","Thousands of dollars",41083,39767,41487,41038,35571,36260,37739,37974
 "30000","Montana",7,SAOACTVA,23,"...","    Other Conventional Water Activities 4/","Thousands of dollars",5637,5718,6124,7618,7910,7643,7794,7827
 "30000","Montana",7,SAOACTVA,24,"...","   Multi-use Apparel and Accessories (Conventional) 5/","Thousands of dollars",90297,94245,93775,95325,94529,94752,93333,92838
 "30000","Montana",7,SAOACTVA,25,"...","  Other Outdoor Recreation","Thousands of dollars",323425,336417,349540,355522,361831,371007,381338,385217
 "30000","Montana",7,SAOACTVA,26,"...","   Amusement Parks/Water Parks","Thousands of dollars",11863,11624,12305,12998,13933,14898,15520,15612
 "30000","Montana",7,SAOACTVA,27,"...","   Festivals/Sporting Events/Concerts","Thousands of dollars",11515,12159,13795,13773,15413,16042,16405,15947
 "30000","Montana",7,SAOACTVA,28,"...","   Field Sports","Thousands of dollars",20869,21213,22647,24346,24583,25148,25866,26665
 "30000","Montana",7,SAOACTVA,29,"...","   Game Areas (includes Golfing and Tennis)","Thousands of dollars",85840,91846,90873,91221,91093,92700,93520,90627
 "30000","Montana",7,SAOACTVA,30,"...","   Guided Tours/Outfitted Travel","Thousands of dollars",64458,65365,69217,69187,67781,70825,74311,77138
 "30000","Montana",7,SAOACTVA,31,"...","    Air and Land Guided Tours/Outfitted Travel","Thousands of dollars",33732,34175,36244,36520,36169,37577,39311,40969
 "30000","Montana",7,SAOACTVA,32,"...","    Water Guided Tours/Outfitted Travel (includes Boating and Fishing Charters)","Thousands of dollars",30726,31190,32973,32667,31613,33248,35000,36170
 "30000","Montana",7,SAOACTVA,33,"...","   Productive Activities (includes Gardening)","Thousands of dollars",38877,41335,42098,39673,39988,41007,40679,40318
 "30000","Montana",7,SAOACTVA,34,"...","   Other Outdoor Recreation Activities 6/","Thousands of dollars",82738,85111,90947,96727,101395,102836,107460,111431
 "30000","Montana",7,SAOACTVA,35,"...","   Multi-use Apparel and Accessories (Other) 5/","Thousands of dollars",7265,7764,7658,7598,7645,7551,7578,7479
 "30000","Montana",7,SAOACTVA,36,"..."," Supporting Outdoor Recreation","Thousands of dollars",1033432,1095615,1126157,1216425,1142061,1266478,1311522,1364083
 "30000","Montana",7,SAOACTVA,37,"...","   Construction","Thousands of dollars",18318,22844,22489,28322,29325,32657,35678,38777
 "30000","Montana",7,SAOACTVA,38,"...","   Local Trips 7/","Thousands of dollars",200948,200285,210830,213789,186101,206321,219789,222357
 "30000","Montana",7,SAOACTVA,39,"...","   Travel and Tourism 8/","Thousands of dollars",697429,748387,767679,854814,807999,909060,932775,973346
 "30000","Montana",7,SAOACTVA,40,"...","    Food and Beverages","Thousands of dollars",127481,122486,127479,145790,138354,156768,154060,155012
 "30000","Montana",7,SAOACTVA,41,"...","    Lodging","Thousands of dollars",250494,300412,294548,347810,324283,373862,372364,389069
 "30000","Montana",7,SAOACTVA,42,"...","    Shopping and Souvenirs","Thousands of dollars",94003,105096,107343,113734,105751,118856,119690,120201
 "30000","Montana",7,SAOACTVA,43,"...","    Transportation","Thousands of dollars",225452,220393,238309,247479,239610,259575,286661,309064
 "30000","Montana",7,SAOACTVA,44,"...","   Government Expenditures","Thousands of dollars",116735,124098,125160,119500,118637,118439,123281,129603
 "30000","Montana",7,SAOACTVA,45,"...","    Federal Government","Thousands of dollars",55766,59879,58591,55606,59915,63844,68881,72880
 "30000","Montana",7,SAOACTVA,46,"...","    State and Local Government","Thousands of dollars",60970,64219,66569,63894,58722,54595,54401,56723
"Note: See the included footnote file."
"SAOACTVA: Outdoor Recreation Satellite Account Activities - Value Added 1/"
"Last updated: November 10, 2020-- new statistics for 2018-2019; revised statistics for 2012-2017."
"Source: U.S. Department of Commerce / Bureau of Economic Analysis / Regional Economic Accounts"
