GeoFIPS,GeoName,Region,TableName,LineCode,IndustryClassification,Description,Unit,2012,2013,2014,2015,2016,2017,2018,2019
 "22000","Louisiana",5,SAOACTVA,1,"...","Total Outdoor Recreation","Thousands of dollars",6489037,6388636,6411756,6383488,5792527,6234420,6862856,6933573
 "22000","Louisiana",5,SAOACTVA,2,"..."," Total Core Outdoor Recreation","Thousands of dollars",2493400,2516530,2539288,2531364,2420994,2537671,2655598,2679449
 "22000","Louisiana",5,SAOACTVA,3,"...","  Conventional Outdoor Recreation","Thousands of dollars",1807671,1809818,1813102,1816440,1699810,1796818,1895163,1891440
 "22000","Louisiana",5,SAOACTVA,4,"...","   Bicycling","Thousands of dollars",6259,6389,6380,6749,6511,6290,6086,5974
 "22000","Louisiana",5,SAOACTVA,5,"...","   Boating/Fishing","Thousands of dollars",358946,355949,361261,366953,366972,379970,390390,395226
 "22000","Louisiana",5,SAOACTVA,6,"...","    Canoeing/Kayaking","Thousands of dollars",7702,7883,8259,6615,6551,6403,6074,6289
 "22000","Louisiana",5,SAOACTVA,7,"...","    Fishing (excludes Boating)","Thousands of dollars",50494,50862,51479,57591,82329,83869,78914,82469
 "22000","Louisiana",5,SAOACTVA,8,"...","    Sailing","Thousands of dollars",13666,13569,14605,14599,14719,14225,13948,13820
 "22000","Louisiana",5,SAOACTVA,9,"...","    Other Boating","Thousands of dollars",287084,283637,286918,288149,263373,275474,291454,292649
 "22000","Louisiana",5,SAOACTVA,10,"...","   Climbing/Hiking/Tent Camping","Thousands of dollars",26203,27621,28277,28051,26945,26151,26347,25997
 "22000","Louisiana",5,SAOACTVA,11,"...","   Equestrian","Thousands of dollars",107118,114217,125891,131120,135424,140175,152270,157498
 "22000","Louisiana",5,SAOACTVA,12,"...","   Hunting/Shooting/Trapping","Thousands of dollars",90764,103598,98758,106186,105217,104413,98543,104500
 "22000","Louisiana",5,SAOACTVA,13,"...","    Hunting/Trapping","Thousands of dollars",48870,55972,54053,62270,58058,61095,56597,59403
 "22000","Louisiana",5,SAOACTVA,14,"...","    Shooting (includes Archery)","Thousands of dollars",41894,47626,44704,43916,47160,43318,41946,45097
 "22000","Louisiana",5,SAOACTVA,15,"...","   Motorcycling/ATVing","Thousands of dollars",170909,160369,158276,155959,134845,152873,171431,171677
 "22000","Louisiana",5,SAOACTVA,16,"...","   Recreational Flying","Thousands of dollars",49170,46509,46326,39287,30010,36651,43510,44175
 "22000","Louisiana",5,SAOACTVA,17,"...","   RVing","Thousands of dollars",220912,222055,228866,235018,221753,236269,251227,251508
 "22000","Louisiana",5,SAOACTVA,18,"...","   Snow Activities","Thousands of dollars",86039,79545,76622,69366,46962,63424,81048,76366
 "22000","Louisiana",5,SAOACTVA,19,"...","    Skiing/Snowboarding","Thousands of dollars",2820,2801,2811,2703,2456,2480,2432,2471
 "22000","Louisiana",5,SAOACTVA,20,"...","    Other Snow Activities (includes Snowmobiling) 2/","Thousands of dollars",83219,76745,73811,66663,44506,60944,78616,73895
 "22000","Louisiana",5,SAOACTVA,21,"...","   Other Conventional Outdoor Recreation Activities","Thousands of dollars",272548,261314,256546,248726,200052,227888,258046,249332
 "22000","Louisiana",5,SAOACTVA,22,"...","    Other Conventional Air and Land Activities 3/","Thousands of dollars",237803,226263,219400,204101,155877,186972,218126,209675
 "22000","Louisiana",5,SAOACTVA,23,"...","    Other Conventional Water Activities 4/","Thousands of dollars",34745,35050,37146,44625,44175,40916,39919,39657
 "22000","Louisiana",5,SAOACTVA,24,"...","   Multi-use Apparel and Accessories (Conventional) 5/","Thousands of dollars",418804,432251,425901,429024,425117,422714,416264,409186
 "22000","Louisiana",5,SAOACTVA,25,"...","  Other Outdoor Recreation","Thousands of dollars",685728,706712,726185,714925,721185,740853,760435,788009
 "22000","Louisiana",5,SAOACTVA,26,"...","   Amusement Parks/Water Parks","Thousands of dollars",50353,52130,53858,57931,58885,60739,60376,61205
 "22000","Louisiana",5,SAOACTVA,27,"...","   Festivals/Sporting Events/Concerts","Thousands of dollars",156061,167578,181943,176250,195269,209200,224087,242126
 "22000","Louisiana",5,SAOACTVA,28,"...","   Field Sports","Thousands of dollars",27130,26986,27966,28679,27897,28135,28352,28960
 "22000","Louisiana",5,SAOACTVA,29,"...","   Game Areas (includes Golfing and Tennis)","Thousands of dollars",133760,133787,132847,134151,133662,131695,133791,132576
 "22000","Louisiana",5,SAOACTVA,30,"...","   Guided Tours/Outfitted Travel","Thousands of dollars",99590,100003,102942,97796,86539,90392,93348,98574
 "22000","Louisiana",5,SAOACTVA,31,"...","    Air and Land Guided Tours/Outfitted Travel","Thousands of dollars",48485,47244,48516,47598,43184,44471,45530,48981
 "22000","Louisiana",5,SAOACTVA,32,"...","    Water Guided Tours/Outfitted Travel (includes Boating and Fishing Charters)","Thousands of dollars",51105,52759,54426,50198,43355,45921,47818,49593
 "22000","Louisiana",5,SAOACTVA,33,"...","   Productive Activities (includes Gardening)","Thousands of dollars",89982,94504,96955,86129,85012,85503,85081,88218
 "22000","Louisiana",5,SAOACTVA,34,"...","   Other Outdoor Recreation Activities 6/","Thousands of dollars",86853,86103,85534,90028,89645,92357,92122,93982
 "22000","Louisiana",5,SAOACTVA,35,"...","   Multi-use Apparel and Accessories (Other) 5/","Thousands of dollars",42000,45621,44141,43960,44276,42833,43279,42367
 "22000","Louisiana",5,SAOACTVA,36,"..."," Supporting Outdoor Recreation","Thousands of dollars",3995638,3872106,3872468,3852124,3371533,3696749,4207258,4254125
 "22000","Louisiana",5,SAOACTVA,37,"...","   Construction","Thousands of dollars",202582,215624,235408,264755,263318,267667,268303,269473
 "22000","Louisiana",5,SAOACTVA,38,"...","   Local Trips 7/","Thousands of dollars",1280530,1209089,1183182,1108551,847504,1031260,1238464,1200336
 "22000","Louisiana",5,SAOACTVA,39,"...","   Travel and Tourism 8/","Thousands of dollars",2177437,2090839,2079883,2095756,1883444,2021571,2310193,2370135
 "22000","Louisiana",5,SAOACTVA,40,"...","    Food and Beverages","Thousands of dollars",222902,178470,187158,205996,221670,198973,214062,231698
 "22000","Louisiana",5,SAOACTVA,41,"...","    Lodging","Thousands of dollars",335122,340338,330825,385046,399915,383897,422712,473198
 "22000","Louisiana",5,SAOACTVA,42,"...","    Shopping and Souvenirs","Thousands of dollars",265374,265527,271574,265203,243252,254633,280949,282601
 "22000","Louisiana",5,SAOACTVA,43,"...","    Transportation","Thousands of dollars",1354039,1306504,1290327,1239511,1018607,1184068,1392470,1382637
 "22000","Louisiana",5,SAOACTVA,44,"...","   Government Expenditures","Thousands of dollars",335088,356553,373996,383062,377267,376251,390297,414181
 "22000","Louisiana",5,SAOACTVA,45,"...","    Federal Government","Thousands of dollars",5112,6125,5888,5424,5213,4970,5175,5694
 "22000","Louisiana",5,SAOACTVA,46,"...","    State and Local Government","Thousands of dollars",329976,350429,368108,377638,372054,371281,385121,408487
"Note: See the included footnote file."
"SAOACTVA: Outdoor Recreation Satellite Account Activities - Value Added 1/"
"Last updated: November 10, 2020-- new statistics for 2018-2019; revised statistics for 2012-2017."
"Source: U.S. Department of Commerce / Bureau of Economic Analysis / Regional Economic Accounts"
