GeoFIPS,GeoName,Region,TableName,LineCode,IndustryClassification,Description,Unit,2012,2013,2014,2015,2016,2017,2018,2019
 "49000","Utah",7,SAOACTVA,1,"...","Total Outdoor Recreation","Thousands of dollars",4412590,4558266,4702978,4933660,5202645,5653423,6019173,6362413
 "49000","Utah",7,SAOACTVA,2,"..."," Total Core Outdoor Recreation","Thousands of dollars",2350839,2391412,2466246,2576268,2715194,2901475,3077571,3243284
 "49000","Utah",7,SAOACTVA,3,"...","  Conventional Outdoor Recreation","Thousands of dollars",1525350,1569015,1638977,1749620,1850414,1964563,2085130,2231063
 "49000","Utah",7,SAOACTVA,4,"...","   Bicycling","Thousands of dollars",17933,19042,19322,20569,21276,21885,23426,25869
 "49000","Utah",7,SAOACTVA,5,"...","   Boating/Fishing","Thousands of dollars",167885,170730,179912,194218,222968,242749,254956,278399
 "49000","Utah",7,SAOACTVA,6,"...","    Canoeing/Kayaking","Thousands of dollars",3243,3183,3382,3134,3500,3770,4051,4372
 "49000","Utah",7,SAOACTVA,7,"...","    Fishing (excludes Boating)","Thousands of dollars",47567,48245,51551,58251,76204,84222,87835,95255
 "49000","Utah",7,SAOACTVA,8,"...","    Sailing","Thousands of dollars",8583,8901,9790,11046,12352,13326,13258,13792
 "49000","Utah",7,SAOACTVA,9,"...","    Other Boating","Thousands of dollars",108492,110401,115190,121787,130912,141431,149811,164979
 "49000","Utah",7,SAOACTVA,10,"...","   Climbing/Hiking/Tent Camping","Thousands of dollars",53671,54735,56472,56736,56420,58056,62041,65686
 "49000","Utah",7,SAOACTVA,11,"...","   Equestrian","Thousands of dollars",58613,60895,67300,71677,76346,81635,92744,96238
 "49000","Utah",7,SAOACTVA,12,"...","   Hunting/Shooting/Trapping","Thousands of dollars",112777,126306,120316,126751,142538,148478,155084,172261
 "49000","Utah",7,SAOACTVA,13,"...","    Hunting/Trapping","Thousands of dollars",43537,48236,45538,50815,56331,59047,60757,69211
 "49000","Utah",7,SAOACTVA,14,"...","    Shooting (includes Archery)","Thousands of dollars",69240,78070,74778,75936,86207,89432,94327,103050
 "49000","Utah",7,SAOACTVA,15,"...","   Motorcycling/ATVing","Thousands of dollars",74360,74381,77474,89594,96949,106786,109022,117412
 "49000","Utah",7,SAOACTVA,16,"...","   Recreational Flying","Thousands of dollars",12012,12818,13328,14518,15537,17416,17578,18455
 "49000","Utah",7,SAOACTVA,17,"...","   RVing","Thousands of dollars",171045,182635,194803,215548,230388,244010,248307,263398
 "49000","Utah",7,SAOACTVA,18,"...","   Snow Activities","Thousands of dollars",412817,409871,459356,502596,529946,564335,617552,666273
 "49000","Utah",7,SAOACTVA,19,"...","    Skiing/Snowboarding","Thousands of dollars",271721,275441,307260,335997,358512,387371,424080,455453
 "49000","Utah",7,SAOACTVA,20,"...","    Other Snow Activities (includes Snowmobiling) 2/","Thousands of dollars",141096,134431,152096,166599,171434,176964,193472,210820
 "49000","Utah",7,SAOACTVA,21,"...","   Other Conventional Outdoor Recreation Activities","Thousands of dollars",95178,96191,99201,105009,103849,107752,112255,117848
 "49000","Utah",7,SAOACTVA,22,"...","    Other Conventional Air and Land Activities 3/","Thousands of dollars",75264,77070,78866,79138,74801,78089,79885,84246
 "49000","Utah",7,SAOACTVA,23,"...","    Other Conventional Water Activities 4/","Thousands of dollars",19914,19121,20335,25871,29048,29663,32370,33603
 "49000","Utah",7,SAOACTVA,24,"...","   Multi-use Apparel and Accessories (Conventional) 5/","Thousands of dollars",349059,361410,351493,352403,354198,371461,392167,409224
 "49000","Utah",7,SAOACTVA,25,"...","  Other Outdoor Recreation","Thousands of dollars",825489,822396,827269,826648,864780,936911,992441,1012220
 "49000","Utah",7,SAOACTVA,26,"...","   Amusement Parks/Water Parks","Thousands of dollars",57500,57953,59709,65921,73322,84900,92187,97445
 "49000","Utah",7,SAOACTVA,27,"...","   Festivals/Sporting Events/Concerts","Thousands of dollars",90304,96925,105015,101466,110504,118733,128768,139301
 "49000","Utah",7,SAOACTVA,28,"...","   Field Sports","Thousands of dollars",54942,54300,57625,61846,65458,71567,76480,79627
 "49000","Utah",7,SAOACTVA,29,"...","   Game Areas (includes Golfing and Tennis)","Thousands of dollars",294799,289171,275421,276055,292787,310285,330449,320410
 "49000","Utah",7,SAOACTVA,30,"...","   Guided Tours/Outfitted Travel","Thousands of dollars",110788,103768,102435,92508,83655,91035,94465,95408
 "49000","Utah",7,SAOACTVA,31,"...","    Air and Land Guided Tours/Outfitted Travel","Thousands of dollars",59630,55822,55750,51521,48275,51126,52434,53805
 "49000","Utah",7,SAOACTVA,32,"...","    Water Guided Tours/Outfitted Travel (includes Boating and Fishing Charters)","Thousands of dollars",51158,47946,46685,40987,35380,39909,42031,41603
 "49000","Utah",7,SAOACTVA,33,"...","   Productive Activities (includes Gardening)","Thousands of dollars",58353,61008,62201,53936,56324,59147,59866,63779
 "49000","Utah",7,SAOACTVA,34,"...","   Other Outdoor Recreation Activities 6/","Thousands of dollars",124032,123383,129202,137979,143743,159919,167286,172367
 "49000","Utah",7,SAOACTVA,35,"...","   Multi-use Apparel and Accessories (Other) 5/","Thousands of dollars",34770,35888,35661,36938,38989,41326,42939,43884
 "49000","Utah",7,SAOACTVA,36,"..."," Supporting Outdoor Recreation","Thousands of dollars",2061751,2166854,2236732,2357392,2487451,2751949,2941602,3119130
 "49000","Utah",7,SAOACTVA,37,"...","   Construction","Thousands of dollars",72064,69488,73739,84905,93023,105627,114510,116473
 "49000","Utah",7,SAOACTVA,38,"...","   Local Trips 7/","Thousands of dollars",270517,286136,295673,298913,298912,333932,360007,372925
 "49000","Utah",7,SAOACTVA,39,"...","   Travel and Tourism 8/","Thousands of dollars",1323514,1412013,1461615,1583795,1695016,1899979,2029366,2164820
 "49000","Utah",7,SAOACTVA,40,"...","    Food and Beverages","Thousands of dollars",243498,221931,229853,243446,266342,311414,329472,347318
 "49000","Utah",7,SAOACTVA,41,"...","    Lodging","Thousands of dollars",416137,471992,466113,507124,539840,624314,675836,714264
 "49000","Utah",7,SAOACTVA,42,"...","    Shopping and Souvenirs","Thousands of dollars",207983,227928,233835,241139,252063,283234,295994,311905
 "49000","Utah",7,SAOACTVA,43,"...","    Transportation","Thousands of dollars",455896,490162,531815,592086,636771,681017,728064,791333
 "49000","Utah",7,SAOACTVA,44,"...","   Government Expenditures","Thousands of dollars",395656,399217,405705,389779,400500,412411,437719,464912
 "49000","Utah",7,SAOACTVA,45,"...","    Federal Government","Thousands of dollars",143290,153023,153633,145760,158270,169415,184433,197773
 "49000","Utah",7,SAOACTVA,46,"...","    State and Local Government","Thousands of dollars",252366,246194,252072,244020,242230,242995,253286,267139
"Note: See the included footnote file."
"SAOACTVA: Outdoor Recreation Satellite Account Activities - Value Added 1/"
"Last updated: November 10, 2020-- new statistics for 2018-2019; revised statistics for 2012-2017."
"Source: U.S. Department of Commerce / Bureau of Economic Analysis / Regional Economic Accounts"
