GeoFIPS,GeoName,Region,TableName,LineCode,IndustryClassification,Description,Unit,2012,2013,2014,2015,2016,2017,2018,2019
 "08000","Colorado",7,SAOACTVA,1,"...","Total Outdoor Recreation","Thousands of dollars",8727559,8884148,9296892,10003170,10431229,11118219,11687674,12242946
 "08000","Colorado",7,SAOACTVA,2,"..."," Total Core Outdoor Recreation","Thousands of dollars",4398976,4440965,4679422,4915474,5055094,5256951,5504516,5786271
 "08000","Colorado",7,SAOACTVA,3,"...","  Conventional Outdoor Recreation","Thousands of dollars",2997151,3029060,3216176,3421087,3532578,3637350,3819478,4037554
 "08000","Colorado",7,SAOACTVA,4,"...","   Bicycling","Thousands of dollars",52349,55357,56820,59671,60732,61281,62459,66622
 "08000","Colorado",7,SAOACTVA,5,"...","   Boating/Fishing","Thousands of dollars",243751,247386,261966,281171,315510,332306,344038,371539
 "08000","Colorado",7,SAOACTVA,6,"...","    Canoeing/Kayaking","Thousands of dollars",4330,4405,4751,4391,4689,4919,5270,5767
 "08000","Colorado",7,SAOACTVA,7,"...","    Fishing (excludes Boating)","Thousands of dollars",55383,56575,59825,70146,95807,102444,101764,110985
 "08000","Colorado",7,SAOACTVA,8,"...","    Sailing","Thousands of dollars",6874,7383,8035,8523,8932,9496,9938,10558
 "08000","Colorado",7,SAOACTVA,9,"...","    Other Boating","Thousands of dollars",177163,179023,189355,198112,206082,215447,227065,244229
 "08000","Colorado",7,SAOACTVA,10,"...","   Climbing/Hiking/Tent Camping","Thousands of dollars",95907,99718,103457,104983,103655,106049,112963,118552
 "08000","Colorado",7,SAOACTVA,11,"...","   Equestrian","Thousands of dollars",124217,128653,143476,152096,160098,170065,189019,194078
 "08000","Colorado",7,SAOACTVA,12,"...","   Hunting/Shooting/Trapping","Thousands of dollars",73897,86065,82438,86194,94577,92133,95896,110320
 "08000","Colorado",7,SAOACTVA,13,"...","    Hunting/Trapping","Thousands of dollars",22549,26966,25235,27779,30953,29483,30377,36675
 "08000","Colorado",7,SAOACTVA,14,"...","    Shooting (includes Archery)","Thousands of dollars",51348,59099,57202,58415,63624,62651,65519,73645
 "08000","Colorado",7,SAOACTVA,15,"...","   Motorcycling/ATVing","Thousands of dollars",98194,95910,99138,109120,113024,119094,119999,128995
 "08000","Colorado",7,SAOACTVA,16,"...","   Recreational Flying","Thousands of dollars",11861,12228,12531,12879,13405,14821,15051,15707
 "08000","Colorado",7,SAOACTVA,17,"...","   RVing","Thousands of dollars",259153,269534,284548,307348,316683,335929,350604,368585
 "08000","Colorado",7,SAOACTVA,18,"...","   Snow Activities","Thousands of dollars",1236126,1204882,1330622,1429658,1478388,1513392,1619089,1709374
 "08000","Colorado",7,SAOACTVA,19,"...","    Skiing/Snowboarding","Thousands of dollars",827115,823912,903608,971110,1015978,1057228,1132474,1190171
 "08000","Colorado",7,SAOACTVA,20,"...","    Other Snow Activities (includes Snowmobiling) 2/","Thousands of dollars",409011,380971,427014,458548,462410,456164,486615,519203
 "08000","Colorado",7,SAOACTVA,21,"...","   Other Conventional Outdoor Recreation Activities","Thousands of dollars",145512,149029,157332,164305,157861,158506,157372,165075
 "08000","Colorado",7,SAOACTVA,22,"...","    Other Conventional Air and Land Activities 3/","Thousands of dollars",126722,131310,138687,142844,136144,137466,135384,142733
 "08000","Colorado",7,SAOACTVA,23,"...","    Other Conventional Water Activities 4/","Thousands of dollars",18791,17719,18645,21461,21717,21039,21987,22341
 "08000","Colorado",7,SAOACTVA,24,"...","   Multi-use Apparel and Accessories (Conventional) 5/","Thousands of dollars",656184,680298,683849,713663,718646,733773,752988,788707
 "08000","Colorado",7,SAOACTVA,25,"...","  Other Outdoor Recreation","Thousands of dollars",1401826,1411905,1463246,1494387,1522516,1619601,1685038,1748717
 "08000","Colorado",7,SAOACTVA,26,"...","   Amusement Parks/Water Parks","Thousands of dollars",80867,84217,90694,103256,110083,119583,124933,136121
 "08000","Colorado",7,SAOACTVA,27,"...","   Festivals/Sporting Events/Concerts","Thousands of dollars",233928,239396,265260,264201,305823,325454,344581,355292
 "08000","Colorado",7,SAOACTVA,28,"...","   Field Sports","Thousands of dollars",66496,66978,70872,74498,75352,79092,83941,88007
 "08000","Colorado",7,SAOACTVA,29,"...","   Game Areas (includes Golfing and Tennis)","Thousands of dollars",333681,341136,341688,353564,361136,377963,393746,397909
 "08000","Colorado",7,SAOACTVA,30,"...","   Guided Tours/Outfitted Travel","Thousands of dollars",308341,297010,296973,280775,256757,282457,293406,310276
 "08000","Colorado",7,SAOACTVA,31,"...","    Air and Land Guided Tours/Outfitted Travel","Thousands of dollars",164492,159055,164493,163958,158558,170155,174524,187788
 "08000","Colorado",7,SAOACTVA,32,"...","    Water Guided Tours/Outfitted Travel (includes Boating and Fishing Charters)","Thousands of dollars",143849,137954,132481,116818,98199,112303,118882,122489
 "08000","Colorado",7,SAOACTVA,33,"...","   Productive Activities (includes Gardening)","Thousands of dollars",114093,115425,117229,104888,106632,110774,108948,111337
 "08000","Colorado",7,SAOACTVA,34,"...","   Other Outdoor Recreation Activities 6/","Thousands of dollars",216864,217314,229813,257692,252936,270561,280966,294200
 "08000","Colorado",7,SAOACTVA,35,"...","   Multi-use Apparel and Accessories (Other) 5/","Thousands of dollars",47557,50430,50717,55513,53797,53716,54517,55575
 "08000","Colorado",7,SAOACTVA,36,"..."," Supporting Outdoor Recreation","Thousands of dollars",4328583,4443183,4617471,5087696,5376135,5861268,6183158,6456674
 "08000","Colorado",7,SAOACTVA,37,"...","   Construction","Thousands of dollars",133376,122965,125998,143861,155417,178036,196419,206942
 "08000","Colorado",7,SAOACTVA,38,"...","   Local Trips 7/","Thousands of dollars",501976,527349,549394,591822,598881,650606,673598,683579
 "08000","Colorado",7,SAOACTVA,39,"...","   Travel and Tourism 8/","Thousands of dollars",3122256,3206525,3334716,3742819,3974168,4337561,4565306,4784317
 "08000","Colorado",7,SAOACTVA,40,"...","    Food and Beverages","Thousands of dollars",614896,524651,561730,624948,678306,769073,805855,826214
 "08000","Colorado",7,SAOACTVA,41,"...","    Lodging","Thousands of dollars",979208,1069512,1047134,1223618,1285108,1466182,1566258,1616158
 "08000","Colorado",7,SAOACTVA,42,"...","    Shopping and Souvenirs","Thousands of dollars",349373,366050,380860,405504,420127,450157,459775,469376
 "08000","Colorado",7,SAOACTVA,43,"...","    Transportation","Thousands of dollars",1178779,1246312,1344992,1488749,1590627,1652149,1733418,1872569
 "08000","Colorado",7,SAOACTVA,44,"...","   Government Expenditures","Thousands of dollars",570975,586343,607363,609193,647669,695066,747835,781837
 "08000","Colorado",7,SAOACTVA,45,"...","    Federal Government","Thousands of dollars",93820,98968,99209,94077,101794,108411,114233,119544
 "08000","Colorado",7,SAOACTVA,46,"...","    State and Local Government","Thousands of dollars",477155,487376,508154,515117,545875,586655,633602,662292
"Note: See the included footnote file."
"SAOACTVA: Outdoor Recreation Satellite Account Activities - Value Added 1/"
"Last updated: November 10, 2020-- new statistics for 2018-2019; revised statistics for 2012-2017."
"Source: U.S. Department of Commerce / Bureau of Economic Analysis / Regional Economic Accounts"
