GeoFIPS,GeoName,Region,TableName,LineCode,IndustryClassification,Description,Unit,2012,2013,2014,2015,2016,2017,2018,2019
 "37000","North Carolina",5,SAOACTVA,1,"...","Total Outdoor Recreation","Thousands of dollars",9638932,9788142,10019209,10709026,10782165,11263103,11447905,12077972
 "37000","North Carolina",5,SAOACTVA,2,"..."," Total Core Outdoor Recreation","Thousands of dollars",4465111,4602148,4736112,4984046,5032522,5195803,5365535,5636756
 "37000","North Carolina",5,SAOACTVA,3,"...","  Conventional Outdoor Recreation","Thousands of dollars",2672722,2755083,2814648,2980400,3069188,3155725,3250770,3458388
 "37000","North Carolina",5,SAOACTVA,4,"...","   Bicycling","Thousands of dollars",34077,35620,35760,37912,37859,38700,39641,41794
 "37000","North Carolina",5,SAOACTVA,5,"...","   Boating/Fishing","Thousands of dollars",502215,506590,525903,554422,602191,608999,631663,678049
 "37000","North Carolina",5,SAOACTVA,6,"...","    Canoeing/Kayaking","Thousands of dollars",12360,12267,12751,9835,10117,10142,10377,11329
 "37000","North Carolina",5,SAOACTVA,7,"...","    Fishing (excludes Boating)","Thousands of dollars",86714,87801,90453,105068,150517,158219,159488,177382
 "37000","North Carolina",5,SAOACTVA,8,"...","    Sailing","Thousands of dollars",22197,22548,24467,24975,26390,26715,28508,29695
 "37000","North Carolina",5,SAOACTVA,9,"...","    Other Boating","Thousands of dollars",380944,383974,398231,414545,415166,413924,433290,459643
 "37000","North Carolina",5,SAOACTVA,10,"...","   Climbing/Hiking/Tent Camping","Thousands of dollars",103402,106134,108996,110292,109309,111753,118206,121782
 "37000","North Carolina",5,SAOACTVA,11,"...","   Equestrian","Thousands of dollars",141861,148742,167613,177447,187458,199736,222842,230960
 "37000","North Carolina",5,SAOACTVA,12,"...","   Hunting/Shooting/Trapping","Thousands of dollars",117611,133796,126046,131944,144609,149460,155054,181238
 "37000","North Carolina",5,SAOACTVA,13,"...","    Hunting/Trapping","Thousands of dollars",54584,59676,54867,58714,62475,68661,71044,84769
 "37000","North Carolina",5,SAOACTVA,14,"...","    Shooting (includes Archery)","Thousands of dollars",63027,74120,71179,73230,82134,80799,84010,96469
 "37000","North Carolina",5,SAOACTVA,15,"...","   Motorcycling/ATVing","Thousands of dollars",177756,178258,179148,192156,197858,212362,219398,240925
 "37000","North Carolina",5,SAOACTVA,16,"...","   Recreational Flying","Thousands of dollars",15617,16180,16001,16601,18008,18998,18805,19720
 "37000","North Carolina",5,SAOACTVA,17,"...","   RVing","Thousands of dollars",253373,260983,271002,289570,300706,325860,342639,371710
 "37000","North Carolina",5,SAOACTVA,18,"...","   Snow Activities","Thousands of dollars",46937,45807,49352,51602,51864,53399,55615,58851
 "37000","North Carolina",5,SAOACTVA,19,"...","    Skiing/Snowboarding","Thousands of dollars",30382,30577,32861,34422,34543,35198,36611,37901
 "37000","North Carolina",5,SAOACTVA,20,"...","    Other Snow Activities (includes Snowmobiling) 2/","Thousands of dollars",16556,15230,16491,17180,17321,18201,19003,20950
 "37000","North Carolina",5,SAOACTVA,21,"...","   Other Conventional Outdoor Recreation Activities","Thousands of dollars",199030,201517,206117,219991,216938,211222,211592,223569
 "37000","North Carolina",5,SAOACTVA,22,"...","    Other Conventional Air and Land Activities 3/","Thousands of dollars",148756,154212,156278,159899,154470,151236,148644,158883
 "37000","North Carolina",5,SAOACTVA,23,"...","    Other Conventional Water Activities 4/","Thousands of dollars",50274,47306,49839,60092,62468,59986,62947,64686
 "37000","North Carolina",5,SAOACTVA,24,"...","   Multi-use Apparel and Accessories (Conventional) 5/","Thousands of dollars",1080841,1121457,1128711,1198463,1202387,1225235,1235316,1289789
 "37000","North Carolina",5,SAOACTVA,25,"...","  Other Outdoor Recreation","Thousands of dollars",1792389,1847065,1921464,2003646,1963334,2040078,2114765,2178368
 "37000","North Carolina",5,SAOACTVA,26,"...","   Amusement Parks/Water Parks","Thousands of dollars",116996,118763,123191,133321,146106,166699,187982,205480
 "37000","North Carolina",5,SAOACTVA,27,"...","   Festivals/Sporting Events/Concerts","Thousands of dollars",409480,436728,451190,413574,455679,461349,463221,468662
 "37000","North Carolina",5,SAOACTVA,28,"...","   Field Sports","Thousands of dollars",69040,69713,73061,75733,75150,77655,81998,85919
 "37000","North Carolina",5,SAOACTVA,29,"...","   Game Areas (includes Golfing and Tennis)","Thousands of dollars",466316,469502,481842,500196,516217,528808,551515,565695
 "37000","North Carolina",5,SAOACTVA,30,"...","   Guided Tours/Outfitted Travel","Thousands of dollars",238735,236681,242747,236799,203835,234181,261819,268722
 "37000","North Carolina",5,SAOACTVA,31,"...","    Air and Land Guided Tours/Outfitted Travel","Thousands of dollars",114793,116453,123302,127934,116752,124889,135517,141736
 "37000","North Carolina",5,SAOACTVA,32,"...","    Water Guided Tours/Outfitted Travel (includes Boating and Fishing Charters)","Thousands of dollars",123942,120228,119445,108865,87083,109291,126303,126986
 "37000","North Carolina",5,SAOACTVA,33,"...","   Productive Activities (includes Gardening)","Thousands of dollars",174637,182546,187058,168751,171225,179461,179252,187916
 "37000","North Carolina",5,SAOACTVA,34,"...","   Other Outdoor Recreation Activities 6/","Thousands of dollars",225631,235385,263021,356305,289145,287535,283799,291122
 "37000","North Carolina",5,SAOACTVA,35,"...","   Multi-use Apparel and Accessories (Other) 5/","Thousands of dollars",91554,97746,99355,118968,105978,104390,105178,104852
 "37000","North Carolina",5,SAOACTVA,36,"..."," Supporting Outdoor Recreation","Thousands of dollars",5173822,5185994,5283097,5724980,5749644,6067300,6082370,6441216
 "37000","North Carolina",5,SAOACTVA,37,"...","   Construction","Thousands of dollars",115246,118258,130197,154799,170577,192207,208777,214153
 "37000","North Carolina",5,SAOACTVA,38,"...","   Local Trips 7/","Thousands of dollars",1030540,1032824,1065099,1133212,1116606,1145081,1120644,1166432
 "37000","North Carolina",5,SAOACTVA,39,"...","   Travel and Tourism 8/","Thousands of dollars",3461345,3423437,3468372,3817751,3837533,4091090,4076725,4345088
 "37000","North Carolina",5,SAOACTVA,40,"...","    Food and Beverages","Thousands of dollars",639988,548569,582472,642010,633334,706248,668739,714628
 "37000","North Carolina",5,SAOACTVA,41,"...","    Lodging","Thousands of dollars",888099,939279,872513,1004264,988735,1112240,1117299,1220425
 "37000","North Carolina",5,SAOACTVA,42,"...","    Shopping and Souvenirs","Thousands of dollars",911414,909332,933379,1000221,994985,1005420,960573,984536
 "37000","North Carolina",5,SAOACTVA,43,"...","    Transportation","Thousands of dollars",1021843,1026257,1080008,1171256,1220480,1267182,1330114,1425500
 "37000","North Carolina",5,SAOACTVA,44,"...","   Government Expenditures","Thousands of dollars",566692,611475,619430,619219,624927,638923,676224,715543
 "37000","North Carolina",5,SAOACTVA,45,"...","    Federal Government","Thousands of dollars",163860,183875,170698,157419,162186,167193,179824,190889
 "37000","North Carolina",5,SAOACTVA,46,"...","    State and Local Government","Thousands of dollars",402832,427601,448732,461799,462741,471730,496400,524654
"Note: See the included footnote file."
"SAOACTVA: Outdoor Recreation Satellite Account Activities - Value Added 1/"
"Last updated: November 10, 2020-- new statistics for 2018-2019; revised statistics for 2012-2017."
"Source: U.S. Department of Commerce / Bureau of Economic Analysis / Regional Economic Accounts"
