GeoFIPS,GeoName,Region,TableName,LineCode,IndustryClassification,Description,Unit,2012,2013,2014,2015,2016,2017,2018,2019
 "16000","Idaho",7,SAOACTVA,1,"...","Total Outdoor Recreation","Thousands of dollars",1800859,1837716,1916498,2019445,2097266,2257860,2387909,2498689
 "16000","Idaho",7,SAOACTVA,2,"..."," Total Core Outdoor Recreation","Thousands of dollars",926234,968094,1001220,1065508,1107522,1190067,1226332,1290522
 "16000","Idaho",7,SAOACTVA,3,"...","  Conventional Outdoor Recreation","Thousands of dollars",635831,668196,693378,751132,792322,859591,884031,934834
 "16000","Idaho",7,SAOACTVA,4,"...","   Bicycling","Thousands of dollars",9231,9814,9711,10010,10251,10395,10544,11177
 "16000","Idaho",7,SAOACTVA,5,"...","   Boating/Fishing","Thousands of dollars",92860,94464,97662,103227,118527,124233,128572,141438
 "16000","Idaho",7,SAOACTVA,6,"...","    Canoeing/Kayaking","Thousands of dollars",2045,2057,2159,1803,1957,2079,2156,2340
 "16000","Idaho",7,SAOACTVA,7,"...","    Fishing (excludes Boating)","Thousands of dollars",21742,22476,22618,25676,37126,39761,40266,44900
 "16000","Idaho",7,SAOACTVA,8,"...","    Sailing","Thousands of dollars",3708,3651,3915,3826,4127,4235,4498,4873
 "16000","Idaho",7,SAOACTVA,9,"...","    Other Boating","Thousands of dollars",65365,66280,68970,71922,75317,78159,81651,89325
 "16000","Idaho",7,SAOACTVA,10,"...","   Climbing/Hiking/Tent Camping","Thousands of dollars",15931,17111,17658,18065,17884,18483,19832,20917
 "16000","Idaho",7,SAOACTVA,11,"...","   Equestrian","Thousands of dollars",74314,77515,84392,89999,96385,104094,122438,125925
 "16000","Idaho",7,SAOACTVA,12,"...","   Hunting/Shooting/Trapping","Thousands of dollars",87722,103139,105701,126820,128459,143197,135341,149240
 "16000","Idaho",7,SAOACTVA,13,"...","    Hunting/Trapping","Thousands of dollars",54747,64309,66339,84411,79619,92199,83988,91509
 "16000","Idaho",7,SAOACTVA,14,"...","    Shooting (includes Archery)","Thousands of dollars",32975,38830,39362,42409,48840,50998,51353,57731
 "16000","Idaho",7,SAOACTVA,15,"...","   Motorcycling/ATVing","Thousands of dollars",45090,42824,42491,46455,48946,52490,51816,55173
 "16000","Idaho",7,SAOACTVA,16,"...","   Recreational Flying","Thousands of dollars",3871,3857,3822,3779,4000,4256,4238,4376
 "16000","Idaho",7,SAOACTVA,17,"...","   RVing","Thousands of dollars",108628,118579,128219,142178,155432,184224,186782,195316
 "16000","Idaho",7,SAOACTVA,18,"...","   Snow Activities","Thousands of dollars",49866,48070,51902,53771,52537,53240,55364,57721
 "16000","Idaho",7,SAOACTVA,19,"...","    Skiing/Snowboarding","Thousands of dollars",31172,30232,33149,34791,34089,34797,35876,37156
 "16000","Idaho",7,SAOACTVA,20,"...","    Other Snow Activities (includes Snowmobiling) 2/","Thousands of dollars",18694,17838,18753,18980,18448,18443,19488,20565
 "16000","Idaho",7,SAOACTVA,21,"...","   Other Conventional Outdoor Recreation Activities","Thousands of dollars",33787,34247,35298,38225,39256,39831,40061,41340
 "16000","Idaho",7,SAOACTVA,22,"...","    Other Conventional Air and Land Activities 3/","Thousands of dollars",24270,24792,25379,25635,25676,26211,25762,26769
 "16000","Idaho",7,SAOACTVA,23,"...","    Other Conventional Water Activities 4/","Thousands of dollars",9517,9455,9919,12590,13580,13620,14300,14571
 "16000","Idaho",7,SAOACTVA,24,"...","   Multi-use Apparel and Accessories (Conventional) 5/","Thousands of dollars",114531,118577,116522,118604,120645,125149,129043,132211
 "16000","Idaho",7,SAOACTVA,25,"...","  Other Outdoor Recreation","Thousands of dollars",290403,299898,307842,314377,315200,330475,342302,355688
 "16000","Idaho",7,SAOACTVA,26,"...","   Amusement Parks/Water Parks","Thousands of dollars",22739,22878,23891,25955,28178,32217,36854,41255
 "16000","Idaho",7,SAOACTVA,27,"...","   Festivals/Sporting Events/Concerts","Thousands of dollars",10232,11270,11993,11389,12603,12597,12841,13274
 "16000","Idaho",7,SAOACTVA,28,"...","   Field Sports","Thousands of dollars",19800,20149,20970,22014,21532,22289,22882,24039
 "16000","Idaho",7,SAOACTVA,29,"...","   Game Areas (includes Golfing and Tennis)","Thousands of dollars",96866,99306,97886,100490,102237,106056,109944,111650
 "16000","Idaho",7,SAOACTVA,30,"...","   Guided Tours/Outfitted Travel","Thousands of dollars",43347,44167,46860,45954,41274,44582,45997,48321
 "16000","Idaho",7,SAOACTVA,31,"...","    Air and Land Guided Tours/Outfitted Travel","Thousands of dollars",26673,27300,28549,29547,26685,27810,27526,28997
 "16000","Idaho",7,SAOACTVA,32,"...","    Water Guided Tours/Outfitted Travel (includes Boating and Fishing Charters)","Thousands of dollars",16673,16868,18310,16407,14589,16772,18471,19324
 "16000","Idaho",7,SAOACTVA,33,"...","   Productive Activities (includes Gardening)","Thousands of dollars",34510,36305,37638,34265,35830,37221,37133,38733
 "16000","Idaho",7,SAOACTVA,34,"...","   Other Outdoor Recreation Activities 6/","Thousands of dollars",49411,51327,54118,59086,58142,60275,61084,62629
 "16000","Idaho",7,SAOACTVA,35,"...","   Multi-use Apparel and Accessories (Other) 5/","Thousands of dollars",13497,14495,14486,15224,15404,15237,15567,15788
 "16000","Idaho",7,SAOACTVA,36,"..."," Supporting Outdoor Recreation","Thousands of dollars",874625,869622,915278,953937,989744,1067793,1161577,1208167
 "16000","Idaho",7,SAOACTVA,37,"...","   Construction","Thousands of dollars",12073,15078,16533,19644,21162,24297,27275,29115
 "16000","Idaho",7,SAOACTVA,38,"...","   Local Trips 7/","Thousands of dollars",152097,154008,164913,170571,176760,189055,200219,207363
 "16000","Idaho",7,SAOACTVA,39,"...","   Travel and Tourism 8/","Thousands of dollars",603538,589033,616189,646725,670652,728405,802526,834628
 "16000","Idaho",7,SAOACTVA,40,"...","    Food and Beverages","Thousands of dollars",112344,92820,104996,106730,114019,128528,144073,147683
 "16000","Idaho",7,SAOACTVA,41,"...","    Lodging","Thousands of dollars",201690,200445,202678,213897,220834,248404,285127,302553
 "16000","Idaho",7,SAOACTVA,42,"...","    Shopping and Souvenirs","Thousands of dollars",122886,127884,134510,136999,138718,147285,155882,159826
 "16000","Idaho",7,SAOACTVA,43,"...","    Transportation","Thousands of dollars",166619,167883,174005,189098,197082,204189,217443,224566
 "16000","Idaho",7,SAOACTVA,44,"...","   Government Expenditures","Thousands of dollars",106917,111503,117643,116997,121170,126036,131557,137061
 "16000","Idaho",7,SAOACTVA,45,"...","    Federal Government","Thousands of dollars",35499,35565,37585,34607,36155,36784,35921,35578
 "16000","Idaho",7,SAOACTVA,46,"...","    State and Local Government","Thousands of dollars",71418,75938,80058,82391,85014,89252,95635,101483
"Note: See the included footnote file."
"SAOACTVA: Outdoor Recreation Satellite Account Activities - Value Added 1/"
"Last updated: November 10, 2020-- new statistics for 2018-2019; revised statistics for 2012-2017."
"Source: U.S. Department of Commerce / Bureau of Economic Analysis / Regional Economic Accounts"
