GeoFIPS,GeoName,Region,TableName,LineCode,IndustryClassification,Description,Unit,2012,2013,2014,2015,2016,2017,2018,2019
 "27000","Minnesota",4,SAOACTVA,1,"...","Total Outdoor Recreation","Thousands of dollars",7555859,7913011,7924925,8212873,8295741,8581197,8735926,9072409
 "27000","Minnesota",4,SAOACTVA,2,"..."," Total Core Outdoor Recreation","Thousands of dollars",4336409,4633444,4592204,4690965,4701709,4864291,4932013,5124837
 "27000","Minnesota",4,SAOACTVA,3,"...","  Conventional Outdoor Recreation","Thousands of dollars",2846427,3090248,3025478,3086031,3065681,3123623,3105580,3245182
 "27000","Minnesota",4,SAOACTVA,4,"...","   Bicycling","Thousands of dollars",50450,52265,50225,52046,52428,55055,55382,55413
 "27000","Minnesota",4,SAOACTVA,5,"...","   Boating/Fishing","Thousands of dollars",523643,548323,552972,567392,598264,580789,576515,627496
 "27000","Minnesota",4,SAOACTVA,6,"...","    Canoeing/Kayaking","Thousands of dollars",10962,11674,12209,9750,9904,9769,9819,10595
 "27000","Minnesota",4,SAOACTVA,7,"...","    Fishing (excludes Boating)","Thousands of dollars",123555,123688,125414,141022,202324,203796,205961,223313
 "27000","Minnesota",4,SAOACTVA,8,"...","    Sailing","Thousands of dollars",15064,15533,17054,17136,17608,17187,17693,18469
 "27000","Minnesota",4,SAOACTVA,9,"...","    Other Boating","Thousands of dollars",374061,397428,398295,399485,368429,350039,343041,375118
 "27000","Minnesota",4,SAOACTVA,10,"...","   Climbing/Hiking/Tent Camping","Thousands of dollars",112260,116906,117038,115407,112388,110922,113324,112922
 "27000","Minnesota",4,SAOACTVA,11,"...","   Equestrian","Thousands of dollars",144909,160451,188962,197661,198215,205836,224136,228606
 "27000","Minnesota",4,SAOACTVA,12,"...","   Hunting/Shooting/Trapping","Thousands of dollars",310013,359388,323131,336650,349122,363313,349310,381444
 "27000","Minnesota",4,SAOACTVA,13,"...","    Hunting/Trapping","Thousands of dollars",168083,185673,165280,179340,178666,198984,190628,209485
 "27000","Minnesota",4,SAOACTVA,14,"...","    Shooting (includes Archery)","Thousands of dollars",141930,173715,157851,157310,170456,164329,158682,171959
 "27000","Minnesota",4,SAOACTVA,15,"...","   Motorcycling/ATVing","Thousands of dollars",565419,684266,616313,596619,532288,551845,522625,550623
 "27000","Minnesota",4,SAOACTVA,16,"...","   Recreational Flying","Thousands of dollars",17913,17893,18028,18516,18572,19372,19292,19469
 "27000","Minnesota",4,SAOACTVA,17,"...","   RVing","Thousands of dollars",253523,268045,282474,298335,303896,318925,324678,340480
 "27000","Minnesota",4,SAOACTVA,18,"...","   Snow Activities","Thousands of dollars",110332,105022,112631,114495,110324,119648,119752,127247
 "27000","Minnesota",4,SAOACTVA,19,"...","    Skiing/Snowboarding","Thousands of dollars",53558,51308,57541,60658,58813,60680,61833,64043
 "27000","Minnesota",4,SAOACTVA,20,"...","    Other Snow Activities (includes Snowmobiling) 2/","Thousands of dollars",56774,53714,55091,53836,51511,58969,57920,63204
 "27000","Minnesota",4,SAOACTVA,21,"...","   Other Conventional Outdoor Recreation Activities","Thousands of dollars",193422,192925,193385,201930,193974,188558,189464,192657
 "27000","Minnesota",4,SAOACTVA,22,"...","    Other Conventional Air and Land Activities 3/","Thousands of dollars",135907,137742,135802,135737,126860,125057,123300,125654
 "27000","Minnesota",4,SAOACTVA,23,"...","    Other Conventional Water Activities 4/","Thousands of dollars",57515,55183,57583,66194,67114,63501,66165,67003
 "27000","Minnesota",4,SAOACTVA,24,"...","   Multi-use Apparel and Accessories (Conventional) 5/","Thousands of dollars",564543,584764,570319,586980,596211,609359,611101,608824
 "27000","Minnesota",4,SAOACTVA,25,"...","  Other Outdoor Recreation","Thousands of dollars",1489982,1543195,1566726,1604934,1636028,1740668,1826433,1879655
 "27000","Minnesota",4,SAOACTVA,26,"...","   Amusement Parks/Water Parks","Thousands of dollars",87582,89131,91749,99046,105389,117946,127157,133129
 "27000","Minnesota",4,SAOACTVA,27,"...","   Festivals/Sporting Events/Concerts","Thousands of dollars",208272,224472,250117,252475,284874,313971,351215,384606
 "27000","Minnesota",4,SAOACTVA,28,"...","   Field Sports","Thousands of dollars",70612,70933,74806,79509,81532,84466,86924,88113
 "27000","Minnesota",4,SAOACTVA,29,"...","   Game Areas (includes Golfing and Tennis)","Thousands of dollars",417286,419893,407354,411768,425918,438314,449030,434736
 "27000","Minnesota",4,SAOACTVA,30,"...","   Guided Tours/Outfitted Travel","Thousands of dollars",144574,141061,148259,140108,124887,135981,144574,149900
 "27000","Minnesota",4,SAOACTVA,31,"...","    Air and Land Guided Tours/Outfitted Travel","Thousands of dollars",71000,71065,74298,74172,70353,73981,77607,81935
 "27000","Minnesota",4,SAOACTVA,32,"...","    Water Guided Tours/Outfitted Travel (includes Boating and Fishing Charters)","Thousands of dollars",73574,69996,73960,65936,54534,62000,66967,67965
 "27000","Minnesota",4,SAOACTVA,33,"...","   Productive Activities (includes Gardening)","Thousands of dollars",311341,332970,326060,319785,310733,335224,344195,358061
 "27000","Minnesota",4,SAOACTVA,34,"...","   Other Outdoor Recreation Activities 6/","Thousands of dollars",181573,183151,194880,222260,217797,225461,228538,235778
 "27000","Minnesota",4,SAOACTVA,35,"...","   Multi-use Apparel and Accessories (Other) 5/","Thousands of dollars",68743,81584,73500,79982,84898,89305,94799,95332
 "27000","Minnesota",4,SAOACTVA,36,"..."," Supporting Outdoor Recreation","Thousands of dollars",3219450,3279568,3332721,3521907,3594032,3716906,3803914,3947572
 "27000","Minnesota",4,SAOACTVA,37,"...","   Construction","Thousands of dollars",162227,159679,171966,204603,232307,271617,302556,314177
 "27000","Minnesota",4,SAOACTVA,38,"...","   Local Trips 7/","Thousands of dollars",640356,639596,649672,651414,631902,655148,661638,671981
 "27000","Minnesota",4,SAOACTVA,39,"...","   Travel and Tourism 8/","Thousands of dollars",1962556,1989188,1985760,2106982,2159743,2208845,2232859,2321357
 "27000","Minnesota",4,SAOACTVA,40,"...","    Food and Beverages","Thousands of dollars",228793,194699,200997,206611,220044,228921,223302,241331
 "27000","Minnesota",4,SAOACTVA,41,"...","    Lodging","Thousands of dollars",472733,492403,431310,473520,518700,546234,542155,574934
 "27000","Minnesota",4,SAOACTVA,42,"...","    Shopping and Souvenirs","Thousands of dollars",367986,383966,389408,394193,394218,400132,405439,415526
 "27000","Minnesota",4,SAOACTVA,43,"...","    Transportation","Thousands of dollars",893044,918120,964045,1032658,1026781,1033559,1061962,1089565
 "27000","Minnesota",4,SAOACTVA,44,"...","   Government Expenditures","Thousands of dollars",454311,491104,525323,558909,570079,581295,606861,640058
 "27000","Minnesota",4,SAOACTVA,45,"...","    Federal Government","Thousands of dollars",12998,13825,14129,13330,13716,14243,15033,16182
 "27000","Minnesota",4,SAOACTVA,46,"...","    State and Local Government","Thousands of dollars",441312,477279,511194,545579,556363,567053,591828,623875
"Note: See the included footnote file."
"SAOACTVA: Outdoor Recreation Satellite Account Activities - Value Added 1/"
"Last updated: November 10, 2020-- new statistics for 2018-2019; revised statistics for 2012-2017."
"Source: U.S. Department of Commerce / Bureau of Economic Analysis / Regional Economic Accounts"
