GeoFIPS,GeoName,Region,TableName,LineCode,IndustryClassification,Description,Unit,2012,2013,2014,2015,2016,2017,2018,2019
 "35000","New Mexico",6,SAOACTVA,1,"...","Total Outdoor Recreation","Thousands of dollars",2015727,2079153,2079896,2192624,2157711,2198978,2233448,2364995
 "35000","New Mexico",6,SAOACTVA,2,"..."," Total Core Outdoor Recreation","Thousands of dollars",763535,780415,805620,827914,826562,835393,852620,880407
 "35000","New Mexico",6,SAOACTVA,3,"...","  Conventional Outdoor Recreation","Thousands of dollars",546592,558346,576980,600813,601374,606357,622172,643949
 "35000","New Mexico",6,SAOACTVA,4,"...","   Bicycling","Thousands of dollars",6892,7217,7236,7414,7150,7020,7054,7331
 "35000","New Mexico",6,SAOACTVA,5,"...","   Boating/Fishing","Thousands of dollars",56544,57063,60928,64458,68394,67992,67374,71371
 "35000","New Mexico",6,SAOACTVA,6,"...","    Canoeing/Kayaking","Thousands of dollars",1046,1072,1173,1072,1086,1053,1034,1091
 "35000","New Mexico",6,SAOACTVA,7,"...","    Fishing (excludes Boating)","Thousands of dollars",8592,8850,9080,10154,14466,15373,15446,17393
 "35000","New Mexico",6,SAOACTVA,8,"...","    Sailing","Thousands of dollars",2422,2542,2764,2791,2869,2815,2816,2919
 "35000","New Mexico",6,SAOACTVA,9,"...","    Other Boating","Thousands of dollars",44484,44600,47910,50441,49973,48751,48078,49967
 "35000","New Mexico",6,SAOACTVA,10,"...","   Climbing/Hiking/Tent Camping","Thousands of dollars",12060,13101,13312,13466,12955,13064,13960,14574
 "35000","New Mexico",6,SAOACTVA,11,"...","   Equestrian","Thousands of dollars",61213,62151,68262,72305,76407,80694,87393,89672
 "35000","New Mexico",6,SAOACTVA,12,"...","   Hunting/Shooting/Trapping","Thousands of dollars",15924,18359,17785,18176,19512,18255,18309,20765
 "35000","New Mexico",6,SAOACTVA,13,"...","    Hunting/Trapping","Thousands of dollars",5355,6185,5927,6337,6981,6550,6688,7928
 "35000","New Mexico",6,SAOACTVA,14,"...","    Shooting (includes Archery)","Thousands of dollars",10570,12174,11858,11839,12530,11705,11620,12837
 "35000","New Mexico",6,SAOACTVA,15,"...","   Motorcycling/ATVing","Thousands of dollars",34073,32511,34575,38389,36890,36322,36527,38048
 "35000","New Mexico",6,SAOACTVA,16,"...","   Recreational Flying","Thousands of dollars",5737,5986,6263,6060,5503,5940,6307,6634
 "35000","New Mexico",6,SAOACTVA,17,"...","   RVing","Thousands of dollars",83198,84955,88100,92872,92683,92511,95104,100726
 "35000","New Mexico",6,SAOACTVA,18,"...","   Snow Activities","Thousands of dollars",59325,57950,63292,67192,67406,69619,74453,78218
 "35000","New Mexico",6,SAOACTVA,19,"...","    Skiing/Snowboarding","Thousands of dollars",37111,37281,40841,43438,44875,46563,49517,51953
 "35000","New Mexico",6,SAOACTVA,20,"...","    Other Snow Activities (includes Snowmobiling) 2/","Thousands of dollars",22214,20668,22451,23754,22531,23056,24937,26266
 "35000","New Mexico",6,SAOACTVA,21,"...","   Other Conventional Outdoor Recreation Activities","Thousands of dollars",42783,43299,44200,45405,41232,41928,42733,43256
 "35000","New Mexico",6,SAOACTVA,22,"...","    Other Conventional Air and Land Activities 3/","Thousands of dollars",36952,37394,37683,37452,33183,34431,35064,35425
 "35000","New Mexico",6,SAOACTVA,23,"...","    Other Conventional Water Activities 4/","Thousands of dollars",5830,5905,6518,7953,8049,7497,7668,7831
 "35000","New Mexico",6,SAOACTVA,24,"...","   Multi-use Apparel and Accessories (Conventional) 5/","Thousands of dollars",168842,175752,173026,175076,173242,173010,172957,173354
 "35000","New Mexico",6,SAOACTVA,25,"...","  Other Outdoor Recreation","Thousands of dollars",216943,222069,228640,227101,225187,229036,230448,236458
 "35000","New Mexico",6,SAOACTVA,26,"...","   Amusement Parks/Water Parks","Thousands of dollars",17950,18494,19332,20877,22048,24005,26223,29195
 "35000","New Mexico",6,SAOACTVA,27,"...","   Festivals/Sporting Events/Concerts","Thousands of dollars",11888,12391,13243,12164,13149,12813,12794,13182
 "35000","New Mexico",6,SAOACTVA,28,"...","   Field Sports","Thousands of dollars",10429,10529,11005,11202,10881,10890,11067,11396
 "35000","New Mexico",6,SAOACTVA,29,"...","   Game Areas (includes Golfing and Tennis)","Thousands of dollars",58803,61773,62027,62149,60865,60593,60852,60413
 "35000","New Mexico",6,SAOACTVA,30,"...","   Guided Tours/Outfitted Travel","Thousands of dollars",38428,38009,40440,41033,38882,41959,42031,44491
 "35000","New Mexico",6,SAOACTVA,31,"...","    Air and Land Guided Tours/Outfitted Travel","Thousands of dollars",23242,23233,25173,26966,26706,28197,27910,30812
 "35000","New Mexico",6,SAOACTVA,32,"...","    Water Guided Tours/Outfitted Travel (includes Boating and Fishing Charters)","Thousands of dollars",15186,14776,15267,14066,12176,13761,14121,13680
 "35000","New Mexico",6,SAOACTVA,33,"...","   Productive Activities (includes Gardening)","Thousands of dollars",25424,26156,26383,21584,22094,22741,22557,23570
 "35000","New Mexico",6,SAOACTVA,34,"...","   Other Outdoor Recreation Activities 6/","Thousands of dollars",37495,37413,39572,41107,40599,40367,39251,38616
 "35000","New Mexico",6,SAOACTVA,35,"...","   Multi-use Apparel and Accessories (Other) 5/","Thousands of dollars",16527,17304,16639,16985,16670,15670,15672,15595
 "35000","New Mexico",6,SAOACTVA,36,"..."," Supporting Outdoor Recreation","Thousands of dollars",1252192,1298738,1274276,1364711,1331149,1363585,1380828,1484588
 "35000","New Mexico",6,SAOACTVA,37,"...","   Construction","Thousands of dollars",42278,37427,40657,42331,41560,43681,47556,51252
 "35000","New Mexico",6,SAOACTVA,38,"...","   Local Trips 7/","Thousands of dollars",209073,217508,215711,222987,207426,225948,226623,234177
 "35000","New Mexico",6,SAOACTVA,39,"...","   Travel and Tourism 8/","Thousands of dollars",827606,859560,822886,898234,882802,898976,908351,991434
 "35000","New Mexico",6,SAOACTVA,40,"...","    Food and Beverages","Thousands of dollars",190177,170741,168868,191428,196003,193047,195151,221335
 "35000","New Mexico",6,SAOACTVA,41,"...","    Lodging","Thousands of dollars",286646,329082,294955,334624,333276,343974,335868,377164
 "35000","New Mexico",6,SAOACTVA,42,"...","    Shopping and Souvenirs","Thousands of dollars",132726,141843,136920,143329,140697,142007,144208,156484
 "35000","New Mexico",6,SAOACTVA,43,"...","    Transportation","Thousands of dollars",218057,217895,222142,228853,212827,219949,233123,236451
 "35000","New Mexico",6,SAOACTVA,44,"...","   Government Expenditures","Thousands of dollars",173235,184243,195023,201159,199361,194980,198298,207725
 "35000","New Mexico",6,SAOACTVA,45,"...","    Federal Government","Thousands of dollars",22333,23335,22527,21047,22352,23825,25569,27485
 "35000","New Mexico",6,SAOACTVA,46,"...","    State and Local Government","Thousands of dollars",150902,160909,172495,180112,177009,171154,172729,180239
"Note: See the included footnote file."
"SAOACTVA: Outdoor Recreation Satellite Account Activities - Value Added 1/"
"Last updated: November 10, 2020-- new statistics for 2018-2019; revised statistics for 2012-2017."
"Source: U.S. Department of Commerce / Bureau of Economic Analysis / Regional Economic Accounts"
