GeoFIPS,GeoName,Region,TableName,LineCode,IndustryClassification,Description,Unit,2012,2013,2014,2015,2016,2017,2018,2019
 "13000","Georgia",5,SAOACTVA,1,"...","Total Outdoor Recreation","Thousands of dollars",9235643,9488360,9823966,10416961,11032516,11532250,11959376,12379136
 "13000","Georgia",5,SAOACTVA,2,"..."," Total Core Outdoor Recreation","Thousands of dollars",4782863,4981504,5124141,5388928,5533332,5842540,5992868,6197094
 "13000","Georgia",5,SAOACTVA,3,"...","  Conventional Outdoor Recreation","Thousands of dollars",2959681,3102178,3160124,3376584,3488083,3679631,3734496,3897367
 "13000","Georgia",5,SAOACTVA,4,"...","   Bicycling","Thousands of dollars",38604,40454,40180,42791,44066,45483,44758,45390
 "13000","Georgia",5,SAOACTVA,5,"...","   Boating/Fishing","Thousands of dollars",421409,429618,455575,505778,566150,593806,611311,655564
 "13000","Georgia",5,SAOACTVA,6,"...","    Canoeing/Kayaking","Thousands of dollars",7986,8182,8709,7321,7963,8454,8842,9664
 "13000","Georgia",5,SAOACTVA,7,"...","    Fishing (excludes Boating)","Thousands of dollars",72585,74132,76576,90205,129255,137620,133668,142946
 "13000","Georgia",5,SAOACTVA,8,"...","    Sailing","Thousands of dollars",19951,20269,21745,22774,24332,25400,26765,28281
 "13000","Georgia",5,SAOACTVA,9,"...","    Other Boating","Thousands of dollars",320887,327034,348545,385479,404601,422333,442036,474673
 "13000","Georgia",5,SAOACTVA,10,"...","   Climbing/Hiking/Tent Camping","Thousands of dollars",74918,78911,81983,82743,83764,85012,88202,90615
 "13000","Georgia",5,SAOACTVA,11,"...","   Equestrian","Thousands of dollars",112603,120264,136086,144627,152714,160961,182242,188091
 "13000","Georgia",5,SAOACTVA,12,"...","   Hunting/Shooting/Trapping","Thousands of dollars",346784,397249,380098,423884,395082,445444,420054,447398
 "13000","Georgia",5,SAOACTVA,13,"...","    Hunting/Trapping","Thousands of dollars",260967,294448,281554,319640,276279,326325,299417,314041
 "13000","Georgia",5,SAOACTVA,14,"...","    Shooting (includes Archery)","Thousands of dollars",85816,102801,98545,104244,118803,119119,120638,133358
 "13000","Georgia",5,SAOACTVA,15,"...","   Motorcycling/ATVing","Thousands of dollars",373744,377513,386766,405474,421914,468139,503620,552514
 "13000","Georgia",5,SAOACTVA,16,"...","   Recreational Flying","Thousands of dollars",36201,37285,40457,43156,46064,47483,49217,45336
 "13000","Georgia",5,SAOACTVA,17,"...","   RVing","Thousands of dollars",208256,223654,238976,262862,293300,327230,341633,367895
 "13000","Georgia",5,SAOACTVA,18,"...","   Snow Activities","Thousands of dollars",17609,17081,18461,19123,19716,26172,26488,31836
 "13000","Georgia",5,SAOACTVA,19,"...","    Skiing/Snowboarding","Thousands of dollars",7322,8371,8690,8782,7950,8552,8364,8728
 "13000","Georgia",5,SAOACTVA,20,"...","    Other Snow Activities (includes Snowmobiling) 2/","Thousands of dollars",10287,8709,9771,10341,11765,17621,18124,23108
 "13000","Georgia",5,SAOACTVA,21,"...","   Other Conventional Outdoor Recreation Activities","Thousands of dollars",196826,204785,207773,219196,235026,232196,231054,238771
 "13000","Georgia",5,SAOACTVA,22,"...","    Other Conventional Air and Land Activities 3/","Thousands of dollars",158040,167226,167530,170547,183169,181329,176914,183549
 "13000","Georgia",5,SAOACTVA,23,"...","    Other Conventional Water Activities 4/","Thousands of dollars",38786,37560,40243,48649,51857,50868,54140,55221
 "13000","Georgia",5,SAOACTVA,24,"...","   Multi-use Apparel and Accessories (Conventional) 5/","Thousands of dollars",1132728,1175364,1173769,1226951,1230288,1247702,1235917,1233957
 "13000","Georgia",5,SAOACTVA,25,"...","  Other Outdoor Recreation","Thousands of dollars",1823183,1879326,1964017,2012344,2045250,2162910,2258372,2299727
 "13000","Georgia",5,SAOACTVA,26,"...","   Amusement Parks/Water Parks","Thousands of dollars",140779,143347,149706,163164,176589,195157,212546,223515
 "13000","Georgia",5,SAOACTVA,27,"...","   Festivals/Sporting Events/Concerts","Thousands of dollars",262372,271160,297056,277939,299235,310148,323301,348850
 "13000","Georgia",5,SAOACTVA,28,"...","   Field Sports","Thousands of dollars",69393,70791,75696,82211,84068,88208,90979,92073
 "13000","Georgia",5,SAOACTVA,29,"...","   Game Areas (includes Golfing and Tennis)","Thousands of dollars",505545,516736,518853,528348,526459,539240,559980,570646
 "13000","Georgia",5,SAOACTVA,30,"...","   Guided Tours/Outfitted Travel","Thousands of dollars",340238,343324,365383,364707,346873,384977,410479,395228
 "13000","Georgia",5,SAOACTVA,31,"...","    Air and Land Guided Tours/Outfitted Travel","Thousands of dollars",201476,204460,221886,229845,229957,248245,263988,250558
 "13000","Georgia",5,SAOACTVA,32,"...","    Water Guided Tours/Outfitted Travel (includes Boating and Fishing Charters)","Thousands of dollars",138762,138864,143496,134862,116916,136731,146491,144669
 "13000","Georgia",5,SAOACTVA,33,"...","   Productive Activities (includes Gardening)","Thousands of dollars",170456,181167,186369,166260,172472,183321,185134,191871
 "13000","Georgia",5,SAOACTVA,34,"...","   Other Outdoor Recreation Activities 6/","Thousands of dollars",242732,254003,274345,323751,331368,347466,353919,353649
 "13000","Georgia",5,SAOACTVA,35,"...","   Multi-use Apparel and Accessories (Other) 5/","Thousands of dollars",91669,98797,96610,105965,108187,114394,122033,123896
 "13000","Georgia",5,SAOACTVA,36,"..."," Supporting Outdoor Recreation","Thousands of dollars",4452779,4506856,4699825,5028033,5499184,5689709,5966508,6182041
 "13000","Georgia",5,SAOACTVA,37,"...","   Construction","Thousands of dollars",115141,113848,124628,147859,166404,188190,200152,197168
 "13000","Georgia",5,SAOACTVA,38,"...","   Local Trips 7/","Thousands of dollars",649869,675255,700879,720333,832798,857094,872207,894890
 "13000","Georgia",5,SAOACTVA,39,"...","   Travel and Tourism 8/","Thousands of dollars",3282856,3288846,3432057,3706941,4028750,4158026,4386712,4565044
 "13000","Georgia",5,SAOACTVA,40,"...","    Food and Beverages","Thousands of dollars",515354,441525,472339,507341,547459,559485,608088,619649
 "13000","Georgia",5,SAOACTVA,41,"...","    Lodging","Thousands of dollars",643992,698641,701423,778417,827765,890619,978883,1029468
 "13000","Georgia",5,SAOACTVA,42,"...","    Shopping and Souvenirs","Thousands of dollars",555636,577396,596570,613314,628307,624749,646803,659987
 "13000","Georgia",5,SAOACTVA,43,"...","    Transportation","Thousands of dollars",1567876,1571284,1661726,1807869,2025219,2083172,2152938,2255940
 "13000","Georgia",5,SAOACTVA,44,"...","   Government Expenditures","Thousands of dollars",404913,428907,442261,452900,471232,486400,507437,524939
 "13000","Georgia",5,SAOACTVA,45,"...","    Federal Government","Thousands of dollars",62902,72580,68263,64174,65550,65375,68387,72621
 "13000","Georgia",5,SAOACTVA,46,"...","    State and Local Government","Thousands of dollars",342011,356327,373998,388726,405682,421025,439050,452318
"Note: See the included footnote file."
"SAOACTVA: Outdoor Recreation Satellite Account Activities - Value Added 1/"
"Last updated: November 10, 2020-- new statistics for 2018-2019; revised statistics for 2012-2017."
"Source: U.S. Department of Commerce / Bureau of Economic Analysis / Regional Economic Accounts"
