GeoFIPS,GeoName,Region,TableName,LineCode,IndustryClassification,Description,Unit,2012,2013,2014,2015,2016,2017,2018,2019
 "50000","Vermont",1,SAOACTVA,1,"...","Total Outdoor Recreation","Thousands of dollars",1335309,1386187,1329999,1502763,1518723,1616449,1664646,1758619
 "50000","Vermont",1,SAOACTVA,2,"..."," Total Core Outdoor Recreation","Thousands of dollars",599795,610414,626358,647945,664527,680179,707891,745783
 "50000","Vermont",1,SAOACTVA,3,"...","  Conventional Outdoor Recreation","Thousands of dollars",442744,451787,466651,490684,507384,523971,551914,594110
 "50000","Vermont",1,SAOACTVA,4,"...","   Bicycling","Thousands of dollars",6229,6400,6237,6188,5883,5685,5737,6136
 "50000","Vermont",1,SAOACTVA,5,"...","   Boating/Fishing","Thousands of dollars",33666,33695,35200,35878,38726,39061,39222,41058
 "50000","Vermont",1,SAOACTVA,6,"...","    Canoeing/Kayaking","Thousands of dollars",747,736,766,663,690,684,689,715
 "50000","Vermont",1,SAOACTVA,7,"...","    Fishing (excludes Boating)","Thousands of dollars",7510,7716,8343,9206,11373,11584,11240,11549
 "50000","Vermont",1,SAOACTVA,8,"...","    Sailing","Thousands of dollars",2300,2291,2444,2508,2683,2780,2927,3029
 "50000","Vermont",1,SAOACTVA,9,"...","    Other Boating","Thousands of dollars",23109,22952,23647,23501,23981,24013,24366,25765
 "50000","Vermont",1,SAOACTVA,10,"...","   Climbing/Hiking/Tent Camping","Thousands of dollars",14042,14261,14587,14747,14006,14194,15000,15136
 "50000","Vermont",1,SAOACTVA,11,"...","   Equestrian","Thousands of dollars",13408,14160,16573,17543,18278,18992,20546,20815
 "50000","Vermont",1,SAOACTVA,12,"...","   Hunting/Shooting/Trapping","Thousands of dollars",44644,52116,39534,40607,50698,51794,55418,70901
 "50000","Vermont",1,SAOACTVA,13,"...","    Hunting/Trapping","Thousands of dollars",17870,20426,15016,16229,20598,21189,22793,29693
 "50000","Vermont",1,SAOACTVA,14,"...","    Shooting (includes Archery)","Thousands of dollars",26774,31690,24518,24378,30100,30605,32625,41207
 "50000","Vermont",1,SAOACTVA,15,"...","   Motorcycling/ATVing","Thousands of dollars",12251,11452,11536,12177,12182,12410,12312,13121
 "50000","Vermont",1,SAOACTVA,16,"...","   Recreational Flying","Thousands of dollars",1223,1355,1333,1257,1241,1291,1293,1394
 "50000","Vermont",1,SAOACTVA,17,"...","   RVing","Thousands of dollars",36776,38280,39577,42539,42139,43911,47090,49821
 "50000","Vermont",1,SAOACTVA,18,"...","   Snow Activities","Thousands of dollars",186655,184367,206084,221786,230111,245194,266364,286879
 "50000","Vermont",1,SAOACTVA,19,"...","    Skiing/Snowboarding","Thousands of dollars",121334,121919,136744,148534,156280,169679,184792,198149
 "50000","Vermont",1,SAOACTVA,20,"...","    Other Snow Activities (includes Snowmobiling) 2/","Thousands of dollars",65321,62448,69341,73251,73832,75514,81573,88730
 "50000","Vermont",1,SAOACTVA,21,"...","   Other Conventional Outdoor Recreation Activities","Thousands of dollars",24650,24487,25899,26896,25472,24999,23972,24351
 "50000","Vermont",1,SAOACTVA,22,"...","    Other Conventional Air and Land Activities 3/","Thousands of dollars",20463,20377,21539,21728,20013,19740,18435,18741
 "50000","Vermont",1,SAOACTVA,23,"...","    Other Conventional Water Activities 4/","Thousands of dollars",4187,4111,4360,5167,5459,5260,5537,5609
 "50000","Vermont",1,SAOACTVA,24,"...","   Multi-use Apparel and Accessories (Conventional) 5/","Thousands of dollars",69203,71214,70090,71066,68647,66439,64959,64499
 "50000","Vermont",1,SAOACTVA,25,"...","  Other Outdoor Recreation","Thousands of dollars",157050,158627,159708,157261,157143,156208,155976,151673
 "50000","Vermont",1,SAOACTVA,26,"...","   Amusement Parks/Water Parks","Thousands of dollars",3657,3832,4008,4332,4642,4940,5171,5423
 "50000","Vermont",1,SAOACTVA,27,"...","   Festivals/Sporting Events/Concerts","Thousands of dollars",6759,7491,8040,7730,8839,9582,10117,10278
 "50000","Vermont",1,SAOACTVA,28,"...","   Field Sports","Thousands of dollars",13508,13499,14247,14962,15022,15182,15118,14642
 "50000","Vermont",1,SAOACTVA,29,"...","   Game Areas (includes Golfing and Tennis)","Thousands of dollars",70573,70490,69348,68097,68393,65655,65594,61897
 "50000","Vermont",1,SAOACTVA,30,"...","   Guided Tours/Outfitted Travel","Thousands of dollars",18793,18670,18800,18292,16844,17345,17185,17483
 "50000","Vermont",1,SAOACTVA,31,"...","    Air and Land Guided Tours/Outfitted Travel","Thousands of dollars",11625,11594,11713,11540,10686,10842,10644,10938
 "50000","Vermont",1,SAOACTVA,32,"...","    Water Guided Tours/Outfitted Travel (includes Boating and Fishing Charters)","Thousands of dollars",7169,7076,7087,6752,6158,6502,6540,6545
 "50000","Vermont",1,SAOACTVA,33,"...","   Productive Activities (includes Gardening)","Thousands of dollars",12475,13121,13224,10553,10369,10280,9813,9904
 "50000","Vermont",1,SAOACTVA,34,"...","   Other Outdoor Recreation Activities 6/","Thousands of dollars",23388,23400,24346,25468,25285,25867,25337,24707
 "50000","Vermont",1,SAOACTVA,35,"...","   Multi-use Apparel and Accessories (Other) 5/","Thousands of dollars",7898,8124,7694,7825,7749,7356,7643,7339
 "50000","Vermont",1,SAOACTVA,36,"..."," Supporting Outdoor Recreation","Thousands of dollars",735515,775773,703640,854818,854196,936270,956756,1012836
 "50000","Vermont",1,SAOACTVA,37,"...","   Construction","Thousands of dollars",5608,6195,6656,7957,8262,8809,9199,9248
 "50000","Vermont",1,SAOACTVA,38,"...","   Local Trips 7/","Thousands of dollars",98740,102343,104270,115514,118913,125151,123848,132909
 "50000","Vermont",1,SAOACTVA,39,"...","   Travel and Tourism 8/","Thousands of dollars",601681,635329,558324,695184,690644,765964,786022,830781
 "50000","Vermont",1,SAOACTVA,40,"...","    Food and Beverages","Thousands of dollars",109955,98940,88032,111971,110730,123408,125468,130201
 "50000","Vermont",1,SAOACTVA,41,"...","    Lodging","Thousands of dollars",360435,401743,338530,440708,443127,502081,518768,554802
 "50000","Vermont",1,SAOACTVA,42,"...","    Shopping and Souvenirs","Thousands of dollars",65700,69740,64163,72597,70088,73613,73665,75283
 "50000","Vermont",1,SAOACTVA,43,"...","    Transportation","Thousands of dollars",65591,64906,67600,69907,66700,66861,68121,70496
 "50000","Vermont",1,SAOACTVA,44,"...","   Government Expenditures","Thousands of dollars",29486,31905,34391,36164,36376,36346,37686,39897
 "50000","Vermont",1,SAOACTVA,45,"...","    Federal Government","Thousands of dollars",538,562,558,522,570,620,697,750
 "50000","Vermont",1,SAOACTVA,46,"...","    State and Local Government","Thousands of dollars",28948,31343,33833,35642,35806,35726,36989,39147
"Note: See the included footnote file."
"SAOACTVA: Outdoor Recreation Satellite Account Activities - Value Added 1/"
"Last updated: November 10, 2020-- new statistics for 2018-2019; revised statistics for 2012-2017."
"Source: U.S. Department of Commerce / Bureau of Economic Analysis / Regional Economic Accounts"
