GeoFIPS,GeoName,Region,TableName,LineCode,IndustryClassification,Description,Unit,2012,2013,2014,2015,2016,2017,2018,2019
 "17000","Illinois",3,SAOACTVA,1,"...","Total Outdoor Recreation","Thousands of dollars",13320580,13225975,13474479,13878000,14155872,14711567,15258685,15570784
 "17000","Illinois",3,SAOACTVA,2,"..."," Total Core Outdoor Recreation","Thousands of dollars",6762912,6823780,6940636,7078666,7187249,7501160,7691369,7839822
 "17000","Illinois",3,SAOACTVA,3,"...","  Conventional Outdoor Recreation","Thousands of dollars",3715893,3778896,3815711,3919071,3949997,4039723,4083530,4192193
 "17000","Illinois",3,SAOACTVA,4,"...","   Bicycling","Thousands of dollars",133598,133602,135994,140832,138519,144345,143103,144871
 "17000","Illinois",3,SAOACTVA,5,"...","   Boating/Fishing","Thousands of dollars",515892,509413,523905,542408,589832,599113,615230,643734
 "17000","Illinois",3,SAOACTVA,6,"...","    Canoeing/Kayaking","Thousands of dollars",10022,10008,10170,8271,8482,8621,8779,9103
 "17000","Illinois",3,SAOACTVA,7,"...","    Fishing (excludes Boating)","Thousands of dollars",102722,104365,106546,118272,162150,166844,168734,179836
 "17000","Illinois",3,SAOACTVA,8,"...","    Sailing","Thousands of dollars",20179,19983,21495,22183,23792,24326,24839,25597
 "17000","Illinois",3,SAOACTVA,9,"...","    Other Boating","Thousands of dollars",382969,375057,385693,393682,395408,399322,412877,429197
 "17000","Illinois",3,SAOACTVA,10,"...","   Climbing/Hiking/Tent Camping","Thousands of dollars",131860,134847,136813,133490,130231,129293,133379,134800
 "17000","Illinois",3,SAOACTVA,11,"...","   Equestrian","Thousands of dollars",144279,151265,180656,190606,197713,204679,220736,230241
 "17000","Illinois",3,SAOACTVA,12,"...","   Hunting/Shooting/Trapping","Thousands of dollars",297905,331518,310948,330048,339400,356121,342754,371057
 "17000","Illinois",3,SAOACTVA,13,"...","    Hunting/Trapping","Thousands of dollars",171829,181382,166669,181666,175551,194372,181486,193571
 "17000","Illinois",3,SAOACTVA,14,"...","    Shooting (includes Archery)","Thousands of dollars",126076,150136,144278,148382,163850,161749,161268,177486
 "17000","Illinois",3,SAOACTVA,15,"...","   Motorcycling/ATVing","Thousands of dollars",273601,257900,262375,265963,261175,264669,271882,288697
 "17000","Illinois",3,SAOACTVA,16,"...","   Recreational Flying","Thousands of dollars",40070,40773,40269,37676,34563,38928,40485,43647
 "17000","Illinois",3,SAOACTVA,17,"...","   RVing","Thousands of dollars",296873,296357,306836,314224,318134,326910,338463,348724
 "17000","Illinois",3,SAOACTVA,18,"...","   Snow Activities","Thousands of dollars",59365,54367,55133,50336,39627,44079,47752,47922
 "17000","Illinois",3,SAOACTVA,19,"...","    Skiing/Snowboarding","Thousands of dollars",15127,14728,17094,17650,16289,17449,17414,18099
 "17000","Illinois",3,SAOACTVA,20,"...","    Other Snow Activities (includes Snowmobiling) 2/","Thousands of dollars",44237,39638,38038,32686,23339,26630,30338,29822
 "17000","Illinois",3,SAOACTVA,21,"...","   Other Conventional Outdoor Recreation Activities","Thousands of dollars",357685,354010,352736,357060,339529,351257,351651,357640
 "17000","Illinois",3,SAOACTVA,22,"...","    Other Conventional Air and Land Activities 3/","Thousands of dollars",303210,303027,300433,296277,274230,287596,286022,294845
 "17000","Illinois",3,SAOACTVA,23,"...","    Other Conventional Water Activities 4/","Thousands of dollars",54475,50983,52302,60783,65299,63661,65630,62795
 "17000","Illinois",3,SAOACTVA,24,"...","   Multi-use Apparel and Accessories (Conventional) 5/","Thousands of dollars",1464766,1514844,1510047,1556427,1561274,1580330,1578095,1580860
 "17000","Illinois",3,SAOACTVA,25,"...","  Other Outdoor Recreation","Thousands of dollars",3047019,3044884,3124926,3159596,3237252,3461438,3607839,3647629
 "17000","Illinois",3,SAOACTVA,26,"...","   Amusement Parks/Water Parks","Thousands of dollars",324489,296917,298239,312260,346691,383221,395801,391269
 "17000","Illinois",3,SAOACTVA,27,"...","   Festivals/Sporting Events/Concerts","Thousands of dollars",464934,501895,539027,535203,601563,655066,691200,717020
 "17000","Illinois",3,SAOACTVA,28,"...","   Field Sports","Thousands of dollars",108664,108664,114476,120647,122131,127988,133747,135070
 "17000","Illinois",3,SAOACTVA,29,"...","   Game Areas (includes Golfing and Tennis)","Thousands of dollars",675522,674683,660944,660708,679861,699713,730727,714983
 "17000","Illinois",3,SAOACTVA,30,"...","   Guided Tours/Outfitted Travel","Thousands of dollars",582095,561555,581295,564171,500982,573284,620229,632343
 "17000","Illinois",3,SAOACTVA,31,"...","    Air and Land Guided Tours/Outfitted Travel","Thousands of dollars",265154,254944,272297,281605,268750,283498,288094,300679
 "17000","Illinois",3,SAOACTVA,32,"...","    Water Guided Tours/Outfitted Travel (includes Boating and Fishing Charters)","Thousands of dollars",316941,306611,308997,282566,232231,289786,332135,331664
 "17000","Illinois",3,SAOACTVA,33,"...","   Productive Activities (includes Gardening)","Thousands of dollars",407024,405063,420268,417758,438184,459157,466704,489070
 "17000","Illinois",3,SAOACTVA,34,"...","   Other Outdoor Recreation Activities 6/","Thousands of dollars",321456,322088,338364,371432,370488,383067,386174,386920
 "17000","Illinois",3,SAOACTVA,35,"...","   Multi-use Apparel and Accessories (Other) 5/","Thousands of dollars",162834,174019,172311,177417,177352,179943,183257,180955
 "17000","Illinois",3,SAOACTVA,36,"..."," Supporting Outdoor Recreation","Thousands of dollars",6557668,6402195,6533843,6799334,6968623,7210407,7567316,7730962
 "17000","Illinois",3,SAOACTVA,37,"...","   Construction","Thousands of dollars",278931,253512,269969,299184,324574,365564,394499,396835
 "17000","Illinois",3,SAOACTVA,38,"...","   Local Trips 7/","Thousands of dollars",1275053,1241285,1252475,1222433,1144234,1192963,1255766,1265170
 "17000","Illinois",3,SAOACTVA,39,"...","   Travel and Tourism 8/","Thousands of dollars",4011343,3956038,4054555,4366781,4546337,4634898,4840798,4967502
 "17000","Illinois",3,SAOACTVA,40,"...","    Food and Beverages","Thousands of dollars",558095,452299,454576,511313,587652,578817,615624,634192
 "17000","Illinois",3,SAOACTVA,41,"...","    Lodging","Thousands of dollars",649916,665163,645791,736978,810166,807008,862873,886859
 "17000","Illinois",3,SAOACTVA,42,"...","    Shopping and Souvenirs","Thousands of dollars",817343,838906,866278,891820,914888,930868,951196,965418
 "17000","Illinois",3,SAOACTVA,43,"...","    Transportation","Thousands of dollars",1985990,1999669,2087910,2226671,2233632,2318206,2411105,2481033
 "17000","Illinois",3,SAOACTVA,44,"...","   Government Expenditures","Thousands of dollars",992340,951361,956844,910936,953478,1016981,1076252,1101456
 "17000","Illinois",3,SAOACTVA,45,"...","    Federal Government","Thousands of dollars",3179,3280,2806,2337,2269,2256,2353,2370
 "17000","Illinois",3,SAOACTVA,46,"...","    State and Local Government","Thousands of dollars",989161,948081,954039,908600,951209,1014726,1073899,1099086
"Note: See the included footnote file."
"SAOACTVA: Outdoor Recreation Satellite Account Activities - Value Added 1/"
"Last updated: November 10, 2020-- new statistics for 2018-2019; revised statistics for 2012-2017."
"Source: U.S. Department of Commerce / Bureau of Economic Analysis / Regional Economic Accounts"
