GeoFIPS,GeoName,Region,TableName,LineCode,IndustryClassification,Description,Unit,2012,2013,2014,2015,2016,2017,2018,2019
 "04000","Arizona",6,SAOACTVA,1,"...","Total Outdoor Recreation","Thousands of dollars",7025372,7251535,7546999,8130330,8473829,8838234,9225366,9631678
 "04000","Arizona",6,SAOACTVA,2,"..."," Total Core Outdoor Recreation","Thousands of dollars",2969840,3051416,3146454,3246387,3364893,3452676,3574139,3751638
 "04000","Arizona",6,SAOACTVA,3,"...","  Conventional Outdoor Recreation","Thousands of dollars",1641401,1712055,1743913,1835043,1906158,1919208,1968009,2088228
 "04000","Arizona",6,SAOACTVA,4,"...","   Bicycling","Thousands of dollars",30232,31556,31425,32095,32228,32084,32511,33462
 "04000","Arizona",6,SAOACTVA,5,"...","   Boating/Fishing","Thousands of dollars",191726,196944,211725,228390,249158,254348,264386,287840
 "04000","Arizona",6,SAOACTVA,6,"...","    Canoeing/Kayaking","Thousands of dollars",4926,4920,5301,4912,5105,5049,5235,5684
 "04000","Arizona",6,SAOACTVA,7,"...","    Fishing (excludes Boating)","Thousands of dollars",25355,25867,26642,28965,40367,43672,45578,50311
 "04000","Arizona",6,SAOACTVA,8,"...","    Sailing","Thousands of dollars",12124,12687,13725,14446,14845,14652,14920,15510
 "04000","Arizona",6,SAOACTVA,9,"...","    Other Boating","Thousands of dollars",149320,153470,166056,180066,188840,190974,198652,216335
 "04000","Arizona",6,SAOACTVA,10,"...","   Climbing/Hiking/Tent Camping","Thousands of dollars",55032,59394,61185,62448,61651,61764,65117,65643
 "04000","Arizona",6,SAOACTVA,11,"...","   Equestrian","Thousands of dollars",88492,91241,100813,106408,112984,119621,134047,138339
 "04000","Arizona",6,SAOACTVA,12,"...","   Hunting/Shooting/Trapping","Thousands of dollars",129187,154167,140825,150921,182562,181716,197548,244528
 "04000","Arizona",6,SAOACTVA,13,"...","    Hunting/Trapping","Thousands of dollars",50066,59277,53371,60362,73268,73232,78653,99024
 "04000","Arizona",6,SAOACTVA,14,"...","    Shooting (includes Archery)","Thousands of dollars",79121,94890,87454,90558,109294,108484,118894,145504
 "04000","Arizona",6,SAOACTVA,15,"...","   Motorcycling/ATVing","Thousands of dollars",96918,93741,94419,105408,106514,107413,103386,114156
 "04000","Arizona",6,SAOACTVA,16,"...","   Recreational Flying","Thousands of dollars",20399,19895,20980,21926,23644,24916,24912,24432
 "04000","Arizona",6,SAOACTVA,17,"...","   RVing","Thousands of dollars",283667,299008,315135,340365,350521,342067,342153,357693
 "04000","Arizona",6,SAOACTVA,18,"...","   Snow Activities","Thousands of dollars",27589,27069,29405,30893,30839,31664,33180,34769
 "04000","Arizona",6,SAOACTVA,19,"...","    Skiing/Snowboarding","Thousands of dollars",18553,18531,20219,21307,21181,22006,22904,23866
 "04000","Arizona",6,SAOACTVA,20,"...","    Other Snow Activities (includes Snowmobiling) 2/","Thousands of dollars",9037,8538,9186,9586,9658,9658,10276,10904
 "04000","Arizona",6,SAOACTVA,21,"...","   Other Conventional Outdoor Recreation Activities","Thousands of dollars",118842,120082,123593,130616,128754,126986,127816,134827
 "04000","Arizona",6,SAOACTVA,22,"...","    Other Conventional Air and Land Activities 3/","Thousands of dollars",87983,91131,92466,92669,88838,87004,84926,89488
 "04000","Arizona",6,SAOACTVA,23,"...","    Other Conventional Water Activities 4/","Thousands of dollars",30859,28951,31127,37947,39916,39983,42890,45339
 "04000","Arizona",6,SAOACTVA,24,"...","   Multi-use Apparel and Accessories (Conventional) 5/","Thousands of dollars",599316,618958,614409,625575,627303,636629,642954,652538
 "04000","Arizona",6,SAOACTVA,25,"...","  Other Outdoor Recreation","Thousands of dollars",1328439,1339361,1402541,1411344,1458735,1533467,1606130,1663409
 "04000","Arizona",6,SAOACTVA,26,"...","   Amusement Parks/Water Parks","Thousands of dollars",56501,58287,60758,66202,71645,80655,87779,94410
 "04000","Arizona",6,SAOACTVA,27,"...","   Festivals/Sporting Events/Concerts","Thousands of dollars",284717,297267,330355,318040,347832,361960,381411,401258
 "04000","Arizona",6,SAOACTVA,28,"...","   Field Sports","Thousands of dollars",44279,44482,46978,49289,49787,51862,54979,58020
 "04000","Arizona",6,SAOACTVA,29,"...","   Game Areas (includes Golfing and Tennis)","Thousands of dollars",387751,378451,380159,380447,385044,387800,405209,412365
 "04000","Arizona",6,SAOACTVA,30,"...","   Guided Tours/Outfitted Travel","Thousands of dollars",244020,242050,256178,268708,268537,300539,318362,327776
 "04000","Arizona",6,SAOACTVA,31,"...","    Air and Land Guided Tours/Outfitted Travel","Thousands of dollars",155598,154864,164512,174294,175820,193912,204840,211724
 "04000","Arizona",6,SAOACTVA,32,"...","    Water Guided Tours/Outfitted Travel (includes Boating and Fishing Charters)","Thousands of dollars",88422,87186,91666,94415,92716,106627,113522,116053
 "04000","Arizona",6,SAOACTVA,33,"...","   Productive Activities (includes Gardening)","Thousands of dollars",94911,99923,101968,85437,87872,93629,93757,97648
 "04000","Arizona",6,SAOACTVA,34,"...","   Other Outdoor Recreation Activities 6/","Thousands of dollars",147334,147140,156041,172210,176067,184305,190867,198056
 "04000","Arizona",6,SAOACTVA,35,"...","   Multi-use Apparel and Accessories (Other) 5/","Thousands of dollars",68927,71762,70104,71011,71950,72718,73765,73875
 "04000","Arizona",6,SAOACTVA,36,"..."," Supporting Outdoor Recreation","Thousands of dollars",4055532,4200119,4400546,4883943,5108936,5385559,5651227,5880041
 "04000","Arizona",6,SAOACTVA,37,"...","   Construction","Thousands of dollars",107372,117692,125297,138602,147931,166939,183779,185927
 "04000","Arizona",6,SAOACTVA,38,"...","   Local Trips 7/","Thousands of dollars",524540,535139,565458,604904,621116,649057,670128,689570
 "04000","Arizona",6,SAOACTVA,39,"...","   Travel and Tourism 8/","Thousands of dollars",3005112,3090092,3234864,3646987,3830324,4036842,4226696,4392970
 "04000","Arizona",6,SAOACTVA,40,"...","    Food and Beverages","Thousands of dollars",435482,366886,418241,467667,502434,547162,578015,613102
 "04000","Arizona",6,SAOACTVA,41,"...","    Lodging","Thousands of dollars",1209078,1266075,1247087,1421091,1462830,1563296,1645839,1670159
 "04000","Arizona",6,SAOACTVA,42,"...","    Shopping and Souvenirs","Thousands of dollars",313215,318648,339155,350442,354983,371329,378212,392562
 "04000","Arizona",6,SAOACTVA,43,"...","    Transportation","Thousands of dollars",1047336,1138483,1230380,1407788,1510077,1555055,1624630,1717146
 "04000","Arizona",6,SAOACTVA,44,"...","   Government Expenditures","Thousands of dollars",418508,457196,474927,493450,509566,532720,570623,611574
 "04000","Arizona",6,SAOACTVA,45,"...","    Federal Government","Thousands of dollars",120881,131774,126345,120061,127307,134847,144778,154518
 "04000","Arizona",6,SAOACTVA,46,"...","    State and Local Government","Thousands of dollars",297627,325422,348582,373388,382259,397873,425845,457056
"Note: See the included footnote file."
"SAOACTVA: Outdoor Recreation Satellite Account Activities - Value Added 1/"
"Last updated: November 10, 2020-- new statistics for 2018-2019; revised statistics for 2012-2017."
"Source: U.S. Department of Commerce / Bureau of Economic Analysis / Regional Economic Accounts"
