GeoFIPS,GeoName,Region,TableName,LineCode,IndustryClassification,Description,Unit,2012,2013,2014,2015,2016,2017,2018,2019
 "48000","Texas",6,SAOACTVA,1,"...","Total Outdoor Recreation","Thousands of dollars",28343482,29459260,30247480,31629181,30377805,32870769,35162602,35911171
 "48000","Texas",6,SAOACTVA,2,"..."," Total Core Outdoor Recreation","Thousands of dollars",13694116,14416021,14854320,15534452,15337749,16287581,16994953,17506257
 "48000","Texas",6,SAOACTVA,3,"...","  Conventional Outdoor Recreation","Thousands of dollars",9023522,9574167,9779117,10289335,9931758,10501692,10909764,11259140
 "48000","Texas",6,SAOACTVA,4,"...","   Bicycling","Thousands of dollars",55248,60669,61628,67154,67294,66596,66296,68444
 "48000","Texas",6,SAOACTVA,5,"...","   Boating/Fishing","Thousands of dollars",1256280,1299800,1349674,1421343,1477383,1527209,1604244,1701020
 "48000","Texas",6,SAOACTVA,6,"...","    Canoeing/Kayaking","Thousands of dollars",22926,23560,25012,21630,22564,23007,23592,25748
 "48000","Texas",6,SAOACTVA,7,"...","    Fishing (excludes Boating)","Thousands of dollars",166121,177728,175069,198392,292688,288313,289817,317869
 "48000","Texas",6,SAOACTVA,8,"...","    Sailing","Thousands of dollars",61715,61901,65754,64511,63165,58860,58737,62294
 "48000","Texas",6,SAOACTVA,9,"...","    Other Boating","Thousands of dollars",1005518,1036611,1083839,1136810,1098966,1157029,1232098,1295109
 "48000","Texas",6,SAOACTVA,10,"...","   Climbing/Hiking/Tent Camping","Thousands of dollars",169687,181201,189418,195980,194274,200806,213292,221401
 "48000","Texas",6,SAOACTVA,11,"...","   Equestrian","Thousands of dollars",509773,530344,586390,623008,655651,696383,772369,797367
 "48000","Texas",6,SAOACTVA,12,"...","   Hunting/Shooting/Trapping","Thousands of dollars",666839,813326,827452,964432,873842,929783,857248,930045
 "48000","Texas",6,SAOACTVA,13,"...","    Hunting/Trapping","Thousands of dollars",481837,589450,608586,733926,617354,682861,607366,653923
 "48000","Texas",6,SAOACTVA,14,"...","    Shooting (includes Archery)","Thousands of dollars",185003,223876,218866,230506,256488,246922,249882,276122
 "48000","Texas",6,SAOACTVA,15,"...","   Motorcycling/ATVing","Thousands of dollars",639583,642086,653603,697375,638745,704262,759474,783443
 "48000","Texas",6,SAOACTVA,16,"...","   Recreational Flying","Thousands of dollars",211098,242720,251524,243015,212047,255525,291598,310699
 "48000","Texas",6,SAOACTVA,17,"...","   RVing","Thousands of dollars",1169937,1243587,1312332,1409253,1383176,1483867,1545234,1621900
 "48000","Texas",6,SAOACTVA,18,"...","   Snow Activities","Thousands of dollars",249358,268318,267225,267336,190079,245404,288262,274491
 "48000","Texas",6,SAOACTVA,19,"...","    Skiing/Snowboarding","Thousands of dollars",31994,36453,39924,41416,36214,39482,38216,39405
 "48000","Texas",6,SAOACTVA,20,"...","    Other Snow Activities (includes Snowmobiling) 2/","Thousands of dollars",217364,231866,227301,225920,153865,205921,250045,235086
 "48000","Texas",6,SAOACTVA,21,"...","   Other Conventional Outdoor Recreation Activities","Thousands of dollars",1021289,1080210,1081739,1109097,949237,1049254,1143023,1145012
 "48000","Texas",6,SAOACTVA,22,"...","    Other Conventional Air and Land Activities 3/","Thousands of dollars",916504,975087,970019,970329,804919,910906,997960,996163
 "48000","Texas",6,SAOACTVA,23,"...","    Other Conventional Water Activities 4/","Thousands of dollars",104786,105123,111719,138768,144319,138348,145063,148849
 "48000","Texas",6,SAOACTVA,24,"...","   Multi-use Apparel and Accessories (Conventional) 5/","Thousands of dollars",3074428,3211906,3198132,3291344,3290030,3342601,3368724,3405318
 "48000","Texas",6,SAOACTVA,25,"...","  Other Outdoor Recreation","Thousands of dollars",4670594,4841854,5075203,5245116,5405991,5785889,6085190,6247117
 "48000","Texas",6,SAOACTVA,26,"...","   Amusement Parks/Water Parks","Thousands of dollars",482532,476843,492268,539970,591653,664245,712531,749043
 "48000","Texas",6,SAOACTVA,27,"...","   Festivals/Sporting Events/Concerts","Thousands of dollars",634076,661189,731316,742685,882325,998237,1066052,1141055
 "48000","Texas",6,SAOACTVA,28,"...","   Field Sports","Thousands of dollars",181806,187732,199579,212309,214490,221064,232297,240018
 "48000","Texas",6,SAOACTVA,29,"...","   Game Areas (includes Golfing and Tennis)","Thousands of dollars",1083855,1160583,1176037,1227579,1233542,1250681,1294778,1302169
 "48000","Texas",6,SAOACTVA,30,"...","   Guided Tours/Outfitted Travel","Thousands of dollars",792245,809578,873910,867999,808681,913489,996019,982308
 "48000","Texas",6,SAOACTVA,31,"...","    Air and Land Guided Tours/Outfitted Travel","Thousands of dollars",449765,466517,512338,535142,527722,579119,629994,615164
 "48000","Texas",6,SAOACTVA,32,"...","    Water Guided Tours/Outfitted Travel (includes Boating and Fishing Charters)","Thousands of dollars",342480,343061,361572,332857,280958,334369,366026,367144
 "48000","Texas",6,SAOACTVA,33,"...","   Productive Activities (includes Gardening)","Thousands of dollars",469149,482690,500557,447172,471099,497599,506724,538700
 "48000","Texas",6,SAOACTVA,34,"...","   Other Outdoor Recreation Activities 6/","Thousands of dollars",715883,731523,772008,864201,862249,898493,924786,940043
 "48000","Texas",6,SAOACTVA,35,"...","   Multi-use Apparel and Accessories (Other) 5/","Thousands of dollars",311049,331715,329528,343201,341954,342082,352001,353782
 "48000","Texas",6,SAOACTVA,36,"..."," Supporting Outdoor Recreation","Thousands of dollars",14649366,15043238,15393160,16094729,15040056,16583188,18167649,18404914
 "48000","Texas",6,SAOACTVA,37,"...","   Construction","Thousands of dollars",399931,411254,456790,520479,557102,603499,638317,638900
 "48000","Texas",6,SAOACTVA,38,"...","   Local Trips 7/","Thousands of dollars",4545968,4767890,4833326,4925623,4152363,4848990,5462250,5399673
 "48000","Texas",6,SAOACTVA,39,"...","   Travel and Tourism 8/","Thousands of dollars",8814654,8937000,9129193,9636159,9265339,10012695,10879753,11123187
 "48000","Texas",6,SAOACTVA,40,"...","    Food and Beverages","Thousands of dollars",752436,604770,640701,696607,790132,800824,850410,877651
 "48000","Texas",6,SAOACTVA,41,"...","    Lodging","Thousands of dollars",1308819,1306443,1246216,1409134,1512699,1532746,1627468,1678056
 "48000","Texas",6,SAOACTVA,42,"...","    Shopping and Souvenirs","Thousands of dollars",1551845,1603154,1672311,1726092,1737781,1824538,1932725,1984001
 "48000","Texas",6,SAOACTVA,43,"...","    Transportation","Thousands of dollars",5201555,5422633,5569966,5804326,5224727,5854587,6469150,6583479
 "48000","Texas",6,SAOACTVA,44,"...","   Government Expenditures","Thousands of dollars",888813,927095,973850,1012469,1065252,1118004,1187329,1243154
 "48000","Texas",6,SAOACTVA,45,"...","    Federal Government","Thousands of dollars",47188,47685,42022,38707,43010,46914,52201,56095
 "48000","Texas",6,SAOACTVA,46,"...","    State and Local Government","Thousands of dollars",841625,879409,931828,973762,1022242,1071090,1135128,1187059
"Note: See the included footnote file."
"SAOACTVA: Outdoor Recreation Satellite Account Activities - Value Added 1/"
"Last updated: November 10, 2020-- new statistics for 2018-2019; revised statistics for 2012-2017."
"Source: U.S. Department of Commerce / Bureau of Economic Analysis / Regional Economic Accounts"
