GeoFIPS,GeoName,Region,TableName,LineCode,IndustryClassification,Description,Unit,2012,2013,2014,2015,2016,2017,2018,2019
 "45000","South Carolina",5,SAOACTVA,1,"...","Total Outdoor Recreation","Thousands of dollars",5311175,5399069,5565760,5977987,5968734,6535126,6794594,7142644
 "45000","South Carolina",5,SAOACTVA,2,"..."," Total Core Outdoor Recreation","Thousands of dollars",2494856,2605392,2666968,2798482,2889392,3106289,3233528,3389125
 "45000","South Carolina",5,SAOACTVA,3,"...","  Conventional Outdoor Recreation","Thousands of dollars",1619101,1720715,1765803,1901147,1990888,2152483,2231823,2365936
 "45000","South Carolina",5,SAOACTVA,4,"...","   Bicycling","Thousands of dollars",10956,11686,11692,13449,14004,15229,16991,17893
 "45000","South Carolina",5,SAOACTVA,5,"...","   Boating/Fishing","Thousands of dollars",339412,352326,365824,404780,442691,461006,480241,521764
 "45000","South Carolina",5,SAOACTVA,6,"...","    Canoeing/Kayaking","Thousands of dollars",8841,9246,9667,7718,8220,8482,8645,9526
 "45000","South Carolina",5,SAOACTVA,7,"...","    Fishing (excludes Boating)","Thousands of dollars",49104,50794,53850,64934,94713,105010,106369,116603
 "45000","South Carolina",5,SAOACTVA,8,"...","    Sailing","Thousands of dollars",17977,17953,19322,19939,21094,21339,22765,23775
 "45000","South Carolina",5,SAOACTVA,9,"...","    Other Boating","Thousands of dollars",263490,274333,282986,312189,318664,326175,342463,371861
 "45000","South Carolina",5,SAOACTVA,10,"...","   Climbing/Hiking/Tent Camping","Thousands of dollars",57590,58743,61331,63610,62561,63734,66294,67478
 "45000","South Carolina",5,SAOACTVA,11,"...","   Equestrian","Thousands of dollars",51551,55832,57318,61170,67053,75617,107510,112855
 "45000","South Carolina",5,SAOACTVA,12,"...","   Hunting/Shooting/Trapping","Thousands of dollars",144907,174547,168336,196630,216210,254748,251767,283382
 "45000","South Carolina",5,SAOACTVA,13,"...","    Hunting/Trapping","Thousands of dollars",88474,105093,102717,126679,132380,171367,166768,183632
 "45000","South Carolina",5,SAOACTVA,14,"...","    Shooting (includes Archery)","Thousands of dollars",56433,69454,65620,69951,83830,83381,84998,99750
 "45000","South Carolina",5,SAOACTVA,15,"...","   Motorcycling/ATVing","Thousands of dollars",137509,135686,135436,145515,159029,185810,201633,218874
 "45000","South Carolina",5,SAOACTVA,16,"...","   Recreational Flying","Thousands of dollars",11667,12422,13179,13600,14458,14625,15246,14303
 "45000","South Carolina",5,SAOACTVA,17,"...","   RVing","Thousands of dollars",281724,315379,343613,364330,368220,424085,425042,446942
 "45000","South Carolina",5,SAOACTVA,18,"...","   Snow Activities","Thousands of dollars",5853,5582,5942,6237,6917,9888,10691,12740
 "45000","South Carolina",5,SAOACTVA,19,"...","    Skiing/Snowboarding","Thousands of dollars",2392,2560,2718,2819,2648,2919,2966,3094
 "45000","South Carolina",5,SAOACTVA,20,"...","    Other Snow Activities (includes Snowmobiling) 2/","Thousands of dollars",3461,3022,3224,3418,4269,6969,7725,9646
 "45000","South Carolina",5,SAOACTVA,21,"...","   Other Conventional Outdoor Recreation Activities","Thousands of dollars",102227,104531,106541,115110,114581,112391,114951,119733
 "45000","South Carolina",5,SAOACTVA,22,"...","    Other Conventional Air and Land Activities 3/","Thousands of dollars",69768,72672,73544,74473,71926,70621,70855,74576
 "45000","South Carolina",5,SAOACTVA,23,"...","    Other Conventional Water Activities 4/","Thousands of dollars",32459,31859,32997,40637,42655,41769,44096,45158
 "45000","South Carolina",5,SAOACTVA,24,"...","   Multi-use Apparel and Accessories (Conventional) 5/","Thousands of dollars",475704,493980,496591,516716,525164,535350,541458,549971
 "45000","South Carolina",5,SAOACTVA,25,"...","  Other Outdoor Recreation","Thousands of dollars",875756,884676,901165,897335,898504,953806,1001705,1023189
 "45000","South Carolina",5,SAOACTVA,26,"...","   Amusement Parks/Water Parks","Thousands of dollars",72985,72372,72626,75000,77145,82435,86412,90240
 "45000","South Carolina",5,SAOACTVA,27,"...","   Festivals/Sporting Events/Concerts","Thousands of dollars",50971,51782,55665,52413,59274,60506,61486,63452
 "45000","South Carolina",5,SAOACTVA,28,"...","   Field Sports","Thousands of dollars",32274,32796,34797,37263,37686,39779,41668,43559
 "45000","South Carolina",5,SAOACTVA,29,"...","   Game Areas (includes Golfing and Tennis)","Thousands of dollars",303112,300230,306500,319518,330608,340985,351074,357487
 "45000","South Carolina",5,SAOACTVA,30,"...","   Guided Tours/Outfitted Travel","Thousands of dollars",202449,203233,201049,180794,157789,182268,205055,202861
 "45000","South Carolina",5,SAOACTVA,31,"...","    Air and Land Guided Tours/Outfitted Travel","Thousands of dollars",88329,89819,97467,99125,95184,103784,112296,113955
 "45000","South Carolina",5,SAOACTVA,32,"...","    Water Guided Tours/Outfitted Travel (includes Boating and Fishing Charters)","Thousands of dollars",114120,113414,103582,81669,62605,78484,92758,88905
 "45000","South Carolina",5,SAOACTVA,33,"...","   Productive Activities (includes Gardening)","Thousands of dollars",74752,78476,79614,66494,67062,70540,72173,77470
 "45000","South Carolina",5,SAOACTVA,34,"...","   Other Outdoor Recreation Activities 6/","Thousands of dollars",99476,103661,109549,122238,124456,130583,134128,138270
 "45000","South Carolina",5,SAOACTVA,35,"...","   Multi-use Apparel and Accessories (Other) 5/","Thousands of dollars",39736,42126,41365,43615,44482,46710,49710,49851
 "45000","South Carolina",5,SAOACTVA,36,"..."," Supporting Outdoor Recreation","Thousands of dollars",2816318,2793678,2898792,3179505,3079343,3428837,3561066,3753519
 "45000","South Carolina",5,SAOACTVA,37,"...","   Construction","Thousands of dollars",43692,46787,53605,63051,65206,68424,73222,76200
 "45000","South Carolina",5,SAOACTVA,38,"...","   Local Trips 7/","Thousands of dollars",405070,416399,432402,454253,443826,478062,490373,505621
 "45000","South Carolina",5,SAOACTVA,39,"...","   Travel and Tourism 8/","Thousands of dollars",2166779,2106891,2159611,2372820,2260709,2566765,2669451,2826260
 "45000","South Carolina",5,SAOACTVA,40,"...","    Food and Beverages","Thousands of dollars",731642,606810,649753,718568,682465,792870,808775,843601
 "45000","South Carolina",5,SAOACTVA,41,"...","    Lodging","Thousands of dollars",837919,891968,876036,986356,916669,1072524,1138503,1217678
 "45000","South Carolina",5,SAOACTVA,42,"...","    Shopping and Souvenirs","Thousands of dollars",353843,357825,371184,386633,364276,396599,398805,417188
 "45000","South Carolina",5,SAOACTVA,43,"...","    Transportation","Thousands of dollars",243374,250288,262638,281263,297299,304772,323367,347792
 "45000","South Carolina",5,SAOACTVA,44,"...","   Government Expenditures","Thousands of dollars",200777,223601,253174,289382,309602,315586,328021,345439
 "45000","South Carolina",5,SAOACTVA,45,"...","    Federal Government","Thousands of dollars",15207,17110,15936,14644,14912,15185,16279,17249
 "45000","South Carolina",5,SAOACTVA,46,"...","    State and Local Government","Thousands of dollars",185570,206491,237238,274738,294689,300400,311742,328190
"Note: See the included footnote file."
"SAOACTVA: Outdoor Recreation Satellite Account Activities - Value Added 1/"
"Last updated: November 10, 2020-- new statistics for 2018-2019; revised statistics for 2012-2017."
"Source: U.S. Department of Commerce / Bureau of Economic Analysis / Regional Economic Accounts"
