GeoFIPS,GeoName,Region,TableName,LineCode,IndustryClassification,Description,Unit,2012,2013,2014,2015,2016,2017,2018,2019
 "41000","Oregon",8,SAOACTVA,1,"...","Total Outdoor Recreation","Thousands of dollars",5243537,5308948,5578542,6104000,6338161,6750598,6960218,7239818
 "41000","Oregon",8,SAOACTVA,2,"..."," Total Core Outdoor Recreation","Thousands of dollars",2895937,2949664,3070214,3315569,3465426,3629869,3706727,3839456
 "41000","Oregon",8,SAOACTVA,3,"...","  Conventional Outdoor Recreation","Thousands of dollars",2152055,2195153,2290780,2511017,2649611,2761290,2803499,2912930
 "41000","Oregon",8,SAOACTVA,4,"...","   Bicycling","Thousands of dollars",34707,36127,36336,37945,40203,42260,43096,46943
 "41000","Oregon",8,SAOACTVA,5,"...","   Boating/Fishing","Thousands of dollars",251956,253191,262313,282149,329848,338734,346164,371836
 "41000","Oregon",8,SAOACTVA,6,"...","    Canoeing/Kayaking","Thousands of dollars",4758,4877,5142,4353,4630,4751,4829,5120
 "41000","Oregon",8,SAOACTVA,7,"...","    Fishing (excludes Boating)","Thousands of dollars",71851,71722,72740,85618,124976,131239,132680,146471
 "41000","Oregon",8,SAOACTVA,8,"...","    Sailing","Thousands of dollars",8281,8132,8801,8854,9431,9435,9746,10238
 "41000","Oregon",8,SAOACTVA,9,"...","    Other Boating","Thousands of dollars",167065,168461,175630,183324,190812,193309,198910,210007
 "41000","Oregon",8,SAOACTVA,10,"...","   Climbing/Hiking/Tent Camping","Thousands of dollars",103191,104019,104170,103948,101628,103892,109228,111846
 "41000","Oregon",8,SAOACTVA,11,"...","   Equestrian","Thousands of dollars",84352,88189,94041,100365,108484,118160,146426,149819
 "41000","Oregon",8,SAOACTVA,12,"...","   Hunting/Shooting/Trapping","Thousands of dollars",68012,77560,77228,85797,94319,101282,102953,115423
 "41000","Oregon",8,SAOACTVA,13,"...","    Hunting/Trapping","Thousands of dollars",29947,34885,34961,41662,44002,49360,49310,56263
 "41000","Oregon",8,SAOACTVA,14,"...","    Shooting (includes Archery)","Thousands of dollars",38065,42675,42268,44135,50317,51922,53643,59159
 "41000","Oregon",8,SAOACTVA,15,"...","   Motorcycling/ATVing","Thousands of dollars",72165,73929,75581,82135,87897,94815,95386,102668
 "41000","Oregon",8,SAOACTVA,16,"...","   Recreational Flying","Thousands of dollars",5975,6524,6692,7203,7913,8783,8957,9366
 "41000","Oregon",8,SAOACTVA,17,"...","   RVing","Thousands of dollars",305484,329751,355460,387754,407119,444874,436676,446933
 "41000","Oregon",8,SAOACTVA,18,"...","   Snow Activities","Thousands of dollars",102214,99467,109648,117516,121211,125325,134149,142085
 "41000","Oregon",8,SAOACTVA,19,"...","    Skiing/Snowboarding","Thousands of dollars",67945,67532,74309,79793,82876,86918,92781,97740
 "41000","Oregon",8,SAOACTVA,20,"...","    Other Snow Activities (includes Snowmobiling) 2/","Thousands of dollars",34269,31935,35339,37723,38335,38407,41368,44345
 "41000","Oregon",8,SAOACTVA,21,"...","   Other Conventional Outdoor Recreation Activities","Thousands of dollars",105089,109647,113708,123290,121979,118852,116152,122378
 "41000","Oregon",8,SAOACTVA,22,"...","    Other Conventional Air and Land Activities 3/","Thousands of dollars",84827,89414,91924,96290,93478,90915,86835,92561
 "41000","Oregon",8,SAOACTVA,23,"...","    Other Conventional Water Activities 4/","Thousands of dollars",20261,20233,21785,27001,28501,27937,29317,29817
 "41000","Oregon",8,SAOACTVA,24,"...","   Multi-use Apparel and Accessories (Conventional) 5/","Thousands of dollars",1018911,1016748,1055602,1182914,1229010,1264312,1264312,1293634
 "41000","Oregon",8,SAOACTVA,25,"...","  Other Outdoor Recreation","Thousands of dollars",743882,754511,779434,804551,815815,868580,903228,926525
 "41000","Oregon",8,SAOACTVA,26,"...","   Amusement Parks/Water Parks","Thousands of dollars",40812,43311,46476,52772,58514,64897,69113,72788
 "41000","Oregon",8,SAOACTVA,27,"...","   Festivals/Sporting Events/Concerts","Thousands of dollars",82155,81497,87201,81811,91698,101822,113322,123549
 "41000","Oregon",8,SAOACTVA,28,"...","   Field Sports","Thousands of dollars",44997,44697,46915,49587,50239,52576,54813,56698
 "41000","Oregon",8,SAOACTVA,29,"...","   Game Areas (includes Golfing and Tennis)","Thousands of dollars",206409,207395,204511,208153,210846,217801,225939,224301
 "41000","Oregon",8,SAOACTVA,30,"...","   Guided Tours/Outfitted Travel","Thousands of dollars",114020,112458,118445,115395,108279,117242,120661,122171
 "41000","Oregon",8,SAOACTVA,31,"...","    Air and Land Guided Tours/Outfitted Travel","Thousands of dollars",61588,60590,63441,63894,60536,65049,66295,67741
 "41000","Oregon",8,SAOACTVA,32,"...","    Water Guided Tours/Outfitted Travel (includes Boating and Fishing Charters)","Thousands of dollars",52432,51869,55004,51500,47743,52193,54366,54429
 "41000","Oregon",8,SAOACTVA,33,"...","   Productive Activities (includes Gardening)","Thousands of dollars",97428,105015,107325,105807,110227,120527,121706,126450
 "41000","Oregon",8,SAOACTVA,34,"...","   Other Outdoor Recreation Activities 6/","Thousands of dollars",124822,124048,132033,150629,146048,152339,154856,156928
 "41000","Oregon",8,SAOACTVA,35,"...","   Multi-use Apparel and Accessories (Other) 5/","Thousands of dollars",33239,36089,36528,40396,39963,41376,42817,43641
 "41000","Oregon",8,SAOACTVA,36,"..."," Supporting Outdoor Recreation","Thousands of dollars",2347600,2359284,2508328,2788432,2872736,3120729,3253492,3400363
 "41000","Oregon",8,SAOACTVA,37,"...","   Construction","Thousands of dollars",60575,65184,73750,85342,90163,95860,100974,100292
 "41000","Oregon",8,SAOACTVA,38,"...","   Local Trips 7/","Thousands of dollars",337839,351797,371472,402507,407176,435499,438439,459899
 "41000","Oregon",8,SAOACTVA,39,"...","   Travel and Tourism 8/","Thousands of dollars",1658598,1626798,1721746,1934449,1987759,2179869,2282486,2386571
 "41000","Oregon",8,SAOACTVA,40,"...","    Food and Beverages","Thousands of dollars",445033,352936,383340,425128,432905,490681,526823,538000
 "41000","Oregon",8,SAOACTVA,41,"...","    Lodging","Thousands of dollars",454608,471301,468782,542275,541461,616718,651088,697631
 "41000","Oregon",8,SAOACTVA,42,"...","    Shopping and Souvenirs","Thousands of dollars",310071,313111,326907,350757,352950,374157,386514,392370
 "41000","Oregon",8,SAOACTVA,43,"...","    Transportation","Thousands of dollars",448887,489450,542717,616290,660443,698314,718061,758570
 "41000","Oregon",8,SAOACTVA,44,"...","   Government Expenditures","Thousands of dollars",290587,315505,341360,366134,387638,409500,431593,453600
 "41000","Oregon",8,SAOACTVA,45,"...","    Federal Government","Thousands of dollars",54250,53224,56975,55444,61934,67429,67624,68257
 "41000","Oregon",8,SAOACTVA,46,"...","    State and Local Government","Thousands of dollars",236338,262281,284385,310690,325705,342071,363969,385343
"Note: See the included footnote file."
"SAOACTVA: Outdoor Recreation Satellite Account Activities - Value Added 1/"
"Last updated: November 10, 2020-- new statistics for 2018-2019; revised statistics for 2012-2017."
"Source: U.S. Department of Commerce / Bureau of Economic Analysis / Regional Economic Accounts"
