GeoFIPS,GeoName,Region,TableName,LineCode,IndustryClassification,Description,Unit,2012,2013,2014,2015,2016,2017,2018,2019
 "10000","Delaware",2,SAOACTVA,1,"...","Total Outdoor Recreation","Thousands of dollars",1127127,1111789,1108110,1158203,1190699,1231313,1248791,1340771
 "10000","Delaware",2,SAOACTVA,2,"..."," Total Core Outdoor Recreation","Thousands of dollars",453218,453680,460292,467277,472414,484063,495731,510759
 "10000","Delaware",2,SAOACTVA,3,"...","  Conventional Outdoor Recreation","Thousands of dollars",310259,310601,312292,319158,321282,328510,333624,339000
 "10000","Delaware",2,SAOACTVA,4,"...","   Bicycling","Thousands of dollars",3358,3598,3873,4332,4578,4708,4707,4708
 "10000","Delaware",2,SAOACTVA,5,"...","   Boating/Fishing","Thousands of dollars",48497,47695,48555,50003,53879,55493,56345,60929
 "10000","Delaware",2,SAOACTVA,6,"...","    Canoeing/Kayaking","Thousands of dollars",1304,1313,1369,1181,1235,1257,1247,1314
 "10000","Delaware",2,SAOACTVA,7,"...","    Fishing (excludes Boating)","Thousands of dollars",4382,4579,4938,5990,9168,10022,9856,10572
 "10000","Delaware",2,SAOACTVA,8,"...","    Sailing","Thousands of dollars",3069,2979,3128,3049,3124,2982,3025,3183
 "10000","Delaware",2,SAOACTVA,9,"...","    Other Boating","Thousands of dollars",39741,38824,39120,39782,40352,41232,42217,45860
 "10000","Delaware",2,SAOACTVA,10,"...","   Climbing/Hiking/Tent Camping","Thousands of dollars",6223,6378,6558,6536,6319,6516,6908,6880
 "10000","Delaware",2,SAOACTVA,11,"...","   Equestrian","Thousands of dollars",7042,7468,8681,9214,9806,10340,11222,11381
 "10000","Delaware",2,SAOACTVA,12,"...","   Hunting/Shooting/Trapping","Thousands of dollars",5400,6204,6170,6658,7558,7385,7491,8330
 "10000","Delaware",2,SAOACTVA,13,"...","    Hunting/Trapping","Thousands of dollars",1746,2055,2049,2321,2691,2608,2630,2992
 "10000","Delaware",2,SAOACTVA,14,"...","    Shooting (includes Archery)","Thousands of dollars",3654,4149,4121,4337,4867,4777,4861,5338
 "10000","Delaware",2,SAOACTVA,15,"...","   Motorcycling/ATVing","Thousands of dollars",18299,16662,16866,17413,16880,17689,18263,18793
 "10000","Delaware",2,SAOACTVA,16,"...","   Recreational Flying","Thousands of dollars",5116,4835,4966,4685,4491,4786,5149,5211
 "10000","Delaware",2,SAOACTVA,17,"...","   RVing","Thousands of dollars",31922,31190,31105,31458,30925,32844,35432,36890
 "10000","Delaware",2,SAOACTVA,18,"...","   Snow Activities","Thousands of dollars",5861,5246,5201,4943,3970,4775,5353,5348
 "10000","Delaware",2,SAOACTVA,19,"...","    Skiing/Snowboarding","Thousands of dollars",649,639,785,876,797,884,873,921
 "10000","Delaware",2,SAOACTVA,20,"...","    Other Snow Activities (includes Snowmobiling) 2/","Thousands of dollars",5212,4606,4416,4067,3173,3891,4480,4426
 "10000","Delaware",2,SAOACTVA,21,"...","   Other Conventional Outdoor Recreation Activities","Thousands of dollars",33417,32800,32860,33752,31712,32338,33179,32871
 "10000","Delaware",2,SAOACTVA,22,"...","    Other Conventional Air and Land Activities 3/","Thousands of dollars",25042,24553,24151,23117,20283,20916,21334,21529
 "10000","Delaware",2,SAOACTVA,23,"...","    Other Conventional Water Activities 4/","Thousands of dollars",8375,8247,8709,10635,11429,11422,11845,11342
 "10000","Delaware",2,SAOACTVA,24,"...","   Multi-use Apparel and Accessories (Conventional) 5/","Thousands of dollars",145125,148525,147458,150163,151163,151635,149575,147659
 "10000","Delaware",2,SAOACTVA,25,"...","  Other Outdoor Recreation","Thousands of dollars",142958,143078,148000,148119,151132,155553,162106,171759
 "10000","Delaware",2,SAOACTVA,26,"...","   Amusement Parks/Water Parks","Thousands of dollars",15334,15244,15900,17050,17979,18951,19218,19535
 "10000","Delaware",2,SAOACTVA,27,"...","   Festivals/Sporting Events/Concerts","Thousands of dollars",13405,14421,14693,13281,14401,14495,15512,17168
 "10000","Delaware",2,SAOACTVA,28,"...","   Field Sports","Thousands of dollars",4840,4874,5140,5392,5416,5572,5785,6013
 "10000","Delaware",2,SAOACTVA,29,"...","   Game Areas (includes Golfing and Tennis)","Thousands of dollars",41614,41351,43091,44919,46435,46801,49911,55104
 "10000","Delaware",2,SAOACTVA,30,"...","   Guided Tours/Outfitted Travel","Thousands of dollars",29046,27295,28607,29314,28428,30837,32339,33612
 "10000","Delaware",2,SAOACTVA,31,"...","    Air and Land Guided Tours/Outfitted Travel","Thousands of dollars",16635,15655,16498,17083,16719,17979,18767,19501
 "10000","Delaware",2,SAOACTVA,32,"...","    Water Guided Tours/Outfitted Travel (includes Boating and Fishing Charters)","Thousands of dollars",12411,11640,12109,12231,11710,12858,13572,14112
 "10000","Delaware",2,SAOACTVA,33,"...","   Productive Activities (includes Gardening)","Thousands of dollars",16453,17418,17586,14013,14118,14311,14381,14866
 "10000","Delaware",2,SAOACTVA,34,"...","   Other Outdoor Recreation Activities 6/","Thousands of dollars",15226,14834,15312,16384,16541,17026,17419,18158
 "10000","Delaware",2,SAOACTVA,35,"...","   Multi-use Apparel and Accessories (Other) 5/","Thousands of dollars",7041,7642,7670,7765,7814,7560,7543,7303
 "10000","Delaware",2,SAOACTVA,36,"..."," Supporting Outdoor Recreation","Thousands of dollars",673909,658110,647819,690927,718284,747250,753060,830012
 "10000","Delaware",2,SAOACTVA,37,"...","   Construction","Thousands of dollars",9404,11210,12920,15963,17118,17847,17863,17244
 "10000","Delaware",2,SAOACTVA,38,"...","   Local Trips 7/","Thousands of dollars",145514,141640,142142,142537,138832,146520,149448,156134
 "10000","Delaware",2,SAOACTVA,39,"...","   Travel and Tourism 8/","Thousands of dollars",487290,470972,456388,494209,523927,544267,545787,614732
 "10000","Delaware",2,SAOACTVA,40,"...","    Food and Beverages","Thousands of dollars",158034,136159,142695,159386,174140,178097,175053,204783
 "10000","Delaware",2,SAOACTVA,41,"...","    Lodging","Thousands of dollars",146384,154492,131115,150007,170018,177579,175934,201337
 "10000","Delaware",2,SAOACTVA,42,"...","    Shopping and Souvenirs","Thousands of dollars",98824,101654,105071,108211,111846,112996,112616,125849
 "10000","Delaware",2,SAOACTVA,43,"...","    Transportation","Thousands of dollars",84049,78667,77508,76605,67923,75595,82184,82764
 "10000","Delaware",2,SAOACTVA,44,"...","   Government Expenditures","Thousands of dollars",31702,34288,36368,38218,38407,38615,39962,41901
 "10000","Delaware",2,SAOACTVA,45,"...","    Federal Government","Thousands of dollars",184,218,219,231,274,305,340,353
 "10000","Delaware",2,SAOACTVA,46,"...","    State and Local Government","Thousands of dollars",31518,34070,36150,37987,38133,38310,39622,41548
"Note: See the included footnote file."
"SAOACTVA: Outdoor Recreation Satellite Account Activities - Value Added 1/"
"Last updated: November 10, 2020-- new statistics for 2018-2019; revised statistics for 2012-2017."
"Source: U.S. Department of Commerce / Bureau of Economic Analysis / Regional Economic Accounts"
