GeoFIPS,GeoName,Region,TableName,LineCode,IndustryClassification,Description,Unit,2012,2013,2014,2015,2016,2017,2018,2019
 "29000","Missouri",4,SAOACTVA,1,"...","Total Outdoor Recreation","Thousands of dollars",5974366,6138987,6235237,6481576,6631062,6918143,7092627,7351615
 "29000","Missouri",4,SAOACTVA,2,"..."," Total Core Outdoor Recreation","Thousands of dollars",3407516,3531087,3636624,3717305,3876697,4020791,4115548,4254278
 "29000","Missouri",4,SAOACTVA,3,"...","  Conventional Outdoor Recreation","Thousands of dollars",2032129,2102149,2146550,2211133,2326353,2399635,2459442,2597988
 "29000","Missouri",4,SAOACTVA,4,"...","   Bicycling","Thousands of dollars",34710,39662,39081,35280,43557,45101,42370,49360
 "29000","Missouri",4,SAOACTVA,5,"...","   Boating/Fishing","Thousands of dollars",355874,359552,372941,394923,449876,450082,478136,511400
 "29000","Missouri",4,SAOACTVA,6,"...","    Canoeing/Kayaking","Thousands of dollars",8057,8259,8703,6636,6941,7051,7263,7818
 "29000","Missouri",4,SAOACTVA,7,"...","    Fishing (excludes Boating)","Thousands of dollars",84814,82625,79697,89036,137468,131684,133656,147686
 "29000","Missouri",4,SAOACTVA,8,"...","    Sailing","Thousands of dollars",19145,19257,21116,22339,24507,25775,28020,29582
 "29000","Missouri",4,SAOACTVA,9,"...","    Other Boating","Thousands of dollars",243859,249410,263424,276912,280960,285572,309196,326313
 "29000","Missouri",4,SAOACTVA,10,"...","   Climbing/Hiking/Tent Camping","Thousands of dollars",77473,78237,80044,80066,81510,83672,87837,90010
 "29000","Missouri",4,SAOACTVA,11,"...","   Equestrian","Thousands of dollars",147281,153712,176474,188429,201584,214879,236089,241507
 "29000","Missouri",4,SAOACTVA,12,"...","   Hunting/Shooting/Trapping","Thousands of dollars",178474,196632,196703,215080,232737,259092,275966,347254
 "29000","Missouri",4,SAOACTVA,13,"...","    Hunting/Trapping","Thousands of dollars",84924,91364,91691,106794,113894,127866,133527,166983
 "29000","Missouri",4,SAOACTVA,14,"...","    Shooting (includes Archery)","Thousands of dollars",93550,105268,105013,108286,118843,131226,142439,180271
 "29000","Missouri",4,SAOACTVA,15,"...","   Motorcycling/ATVing","Thousands of dollars",221140,229099,230307,218394,228641,238098,235584,243339
 "29000","Missouri",4,SAOACTVA,16,"...","   Recreational Flying","Thousands of dollars",24579,25336,26460,27980,27425,28566,29213,27586
 "29000","Missouri",4,SAOACTVA,17,"...","   RVing","Thousands of dollars",183392,194489,208608,227304,237064,254179,256507,266273
 "29000","Missouri",4,SAOACTVA,18,"...","   Snow Activities","Thousands of dollars",12301,12370,13556,14034,13721,14397,14776,15875
 "29000","Missouri",4,SAOACTVA,19,"...","    Skiing/Snowboarding","Thousands of dollars",8309,8508,9441,9727,9505,10076,10234,10863
 "29000","Missouri",4,SAOACTVA,20,"...","    Other Snow Activities (includes Snowmobiling) 2/","Thousands of dollars",3992,3862,4115,4306,4215,4320,4541,5013
 "29000","Missouri",4,SAOACTVA,21,"...","   Other Conventional Outdoor Recreation Activities","Thousands of dollars",142243,147783,149824,159517,162090,159098,156477,161238
 "29000","Missouri",4,SAOACTVA,22,"...","    Other Conventional Air and Land Activities 3/","Thousands of dollars",113952,119017,119306,121502,121646,119561,115102,119605
 "29000","Missouri",4,SAOACTVA,23,"...","    Other Conventional Water Activities 4/","Thousands of dollars",28291,28766,30518,38015,40444,39537,41375,41633
 "29000","Missouri",4,SAOACTVA,24,"...","   Multi-use Apparel and Accessories (Conventional) 5/","Thousands of dollars",654662,665278,652554,650127,648149,652471,646488,644145
 "29000","Missouri",4,SAOACTVA,25,"...","  Other Outdoor Recreation","Thousands of dollars",1375387,1428938,1490074,1506172,1550344,1621156,1656106,1656290
 "29000","Missouri",4,SAOACTVA,26,"...","   Amusement Parks/Water Parks","Thousands of dollars",111847,114337,117861,130185,140869,161908,175386,185000
 "29000","Missouri",4,SAOACTVA,27,"...","   Festivals/Sporting Events/Concerts","Thousands of dollars",323726,349657,381973,369302,381150,368300,347883,338990
 "29000","Missouri",4,SAOACTVA,28,"...","   Field Sports","Thousands of dollars",48899,49790,51875,54403,54828,56298,58124,59838
 "29000","Missouri",4,SAOACTVA,29,"...","   Game Areas (includes Golfing and Tennis)","Thousands of dollars",266903,268884,264284,266393,271886,277400,287658,289683
 "29000","Missouri",4,SAOACTVA,30,"...","   Guided Tours/Outfitted Travel","Thousands of dollars",259310,263628,281328,289879,291666,327591,350601,340667
 "29000","Missouri",4,SAOACTVA,31,"...","    Air and Land Guided Tours/Outfitted Travel","Thousands of dollars",158242,165707,182548,202298,220018,241831,257759,251637
 "29000","Missouri",4,SAOACTVA,32,"...","    Water Guided Tours/Outfitted Travel (includes Boating and Fishing Charters)","Thousands of dollars",101068,97921,98780,87581,71647,85760,92842,89030
 "29000","Missouri",4,SAOACTVA,33,"...","   Productive Activities (includes Gardening)","Thousands of dollars",165448,173948,179443,170277,178962,189290,190655,197905
 "29000","Missouri",4,SAOACTVA,34,"...","   Other Outdoor Recreation Activities 6/","Thousands of dollars",134566,138156,144499,155190,155716,163041,165696,165395
 "29000","Missouri",4,SAOACTVA,35,"...","   Multi-use Apparel and Accessories (Other) 5/","Thousands of dollars",64686,70537,68811,70542,75267,77327,80104,78812
 "29000","Missouri",4,SAOACTVA,36,"..."," Supporting Outdoor Recreation","Thousands of dollars",2566850,2607900,2598613,2764272,2754365,2897353,2977079,3097338
 "29000","Missouri",4,SAOACTVA,37,"...","   Construction","Thousands of dollars",68613,72983,81196,102164,115826,131459,142497,144494
 "29000","Missouri",4,SAOACTVA,38,"...","   Local Trips 7/","Thousands of dollars",470105,481172,489156,515029,507642,526113,525494,539875
 "29000","Missouri",4,SAOACTVA,39,"...","   Travel and Tourism 8/","Thousands of dollars",1682768,1691807,1657738,1772798,1758446,1872125,1939210,2034578
 "29000","Missouri",4,SAOACTVA,40,"...","    Food and Beverages","Thousands of dollars",295759,260402,252890,271846,264898,298118,311374,330816
 "29000","Missouri",4,SAOACTVA,41,"...","    Lodging","Thousands of dollars",381287,409907,366362,420637,400890,451215,466947,502115
 "29000","Missouri",4,SAOACTVA,42,"...","    Shopping and Souvenirs","Thousands of dollars",414260,433568,433622,448948,446257,460566,466754,482210
 "29000","Missouri",4,SAOACTVA,43,"...","    Transportation","Thousands of dollars",591462,587930,604864,631368,646401,662227,694135,719437
 "29000","Missouri",4,SAOACTVA,44,"...","   Government Expenditures","Thousands of dollars",345364,361939,370523,374281,372451,367655,369878,378390
 "29000","Missouri",4,SAOACTVA,45,"...","    Federal Government","Thousands of dollars",38802,43119,39578,35093,33276,30913,31120,33151
 "29000","Missouri",4,SAOACTVA,46,"...","    State and Local Government","Thousands of dollars",306562,318820,330944,339188,339174,336742,338758,345239
"Note: See the included footnote file."
"SAOACTVA: Outdoor Recreation Satellite Account Activities - Value Added 1/"
"Last updated: November 10, 2020-- new statistics for 2018-2019; revised statistics for 2012-2017."
"Source: U.S. Department of Commerce / Bureau of Economic Analysis / Regional Economic Accounts"
