GeoFIPS,GeoName,Region,TableName,LineCode,IndustryClassification,Description,Unit,2012,2013,2014,2015,2016,2017,2018,2019
 "44000","Rhode Island",1,SAOACTVA,1,"...","Total Outdoor Recreation","Thousands of dollars",1174064,1224033,1225104,1314102,1338436,1359134,1436797,1448461
 "44000","Rhode Island",1,SAOACTVA,2,"..."," Total Core Outdoor Recreation","Thousands of dollars",494127,498970,512776,528238,536215,539671,547997,558167
 "44000","Rhode Island",1,SAOACTVA,3,"...","  Conventional Outdoor Recreation","Thousands of dollars",322191,323323,330160,342066,345290,341678,344451,350661
 "44000","Rhode Island",1,SAOACTVA,4,"...","   Bicycling","Thousands of dollars",3575,3745,3802,3983,3859,3683,3570,3710
 "44000","Rhode Island",1,SAOACTVA,5,"...","   Boating/Fishing","Thousands of dollars",143003,141439,144171,146054,146718,143464,145383,149200
 "44000","Rhode Island",1,SAOACTVA,6,"...","    Canoeing/Kayaking","Thousands of dollars",3820,3704,3622,2581,2576,2452,2331,2449
 "44000","Rhode Island",1,SAOACTVA,7,"...","    Fishing (excludes Boating)","Thousands of dollars",4281,4398,4547,5152,6785,6859,6708,7219
 "44000","Rhode Island",1,SAOACTVA,8,"...","    Sailing","Thousands of dollars",17309,17131,18521,19017,19667,19376,20073,20562
 "44000","Rhode Island",1,SAOACTVA,9,"...","    Other Boating","Thousands of dollars",117593,116206,117481,119305,117690,114777,116270,118970
 "44000","Rhode Island",1,SAOACTVA,10,"...","   Climbing/Hiking/Tent Camping","Thousands of dollars",8515,8947,9260,9643,9524,9433,9437,9317
 "44000","Rhode Island",1,SAOACTVA,11,"...","   Equestrian","Thousands of dollars",3860,4103,4726,4990,5240,5454,5865,6012
 "44000","Rhode Island",1,SAOACTVA,12,"...","   Hunting/Shooting/Trapping","Thousands of dollars",5245,6015,6045,6420,6913,6771,6970,7444
 "44000","Rhode Island",1,SAOACTVA,13,"...","    Hunting/Trapping","Thousands of dollars",1348,1561,1514,1622,1754,1636,1637,1878
 "44000","Rhode Island",1,SAOACTVA,14,"...","    Shooting (includes Archery)","Thousands of dollars",3898,4453,4531,4799,5159,5135,5333,5567
 "44000","Rhode Island",1,SAOACTVA,15,"...","   Motorcycling/ATVing","Thousands of dollars",16196,14682,15811,17136,17318,16686,16786,17416
 "44000","Rhode Island",1,SAOACTVA,16,"...","   Recreational Flying","Thousands of dollars",1076,1119,1145,1167,1203,1177,1182,1226
 "44000","Rhode Island",1,SAOACTVA,17,"...","   RVing","Thousands of dollars",23352,23189,24000,24987,25346,25195,25752,26441
 "44000","Rhode Island",1,SAOACTVA,18,"...","   Snow Activities","Thousands of dollars",4184,3965,4228,4316,4121,4052,4005,4130
 "44000","Rhode Island",1,SAOACTVA,19,"...","    Skiing/Snowboarding","Thousands of dollars",2830,2687,2888,2950,2781,2765,2697,2751
 "44000","Rhode Island",1,SAOACTVA,20,"...","    Other Snow Activities (includes Snowmobiling) 2/","Thousands of dollars",1354,1278,1340,1365,1340,1287,1309,1379
 "44000","Rhode Island",1,SAOACTVA,21,"...","   Other Conventional Outdoor Recreation Activities","Thousands of dollars",22351,22552,22969,25352,24887,23477,23106,23577
 "44000","Rhode Island",1,SAOACTVA,22,"...","    Other Conventional Air and Land Activities 3/","Thousands of dollars",13088,13421,13644,13897,13286,12771,12296,12861
 "44000","Rhode Island",1,SAOACTVA,23,"...","    Other Conventional Water Activities 4/","Thousands of dollars",9262,9131,9325,11455,11601,10706,10811,10716
 "44000","Rhode Island",1,SAOACTVA,24,"...","   Multi-use Apparel and Accessories (Conventional) 5/","Thousands of dollars",90833,93568,94004,98018,100160,102284,102395,102188
 "44000","Rhode Island",1,SAOACTVA,25,"...","  Other Outdoor Recreation","Thousands of dollars",171936,175647,182615,186172,190925,197992,203546,207506
 "44000","Rhode Island",1,SAOACTVA,26,"...","   Amusement Parks/Water Parks","Thousands of dollars",9458,9814,10174,11180,12089,12913,13363,13907
 "44000","Rhode Island",1,SAOACTVA,27,"...","   Festivals/Sporting Events/Concerts","Thousands of dollars",11483,12769,13835,13451,15428,16480,16842,17553
 "44000","Rhode Island",1,SAOACTVA,28,"...","   Field Sports","Thousands of dollars",7102,7248,7671,8008,8078,8278,8635,8737
 "44000","Rhode Island",1,SAOACTVA,29,"...","   Game Areas (includes Golfing and Tennis)","Thousands of dollars",58221,57561,58798,60002,61881,61623,62740,61594
 "44000","Rhode Island",1,SAOACTVA,30,"...","   Guided Tours/Outfitted Travel","Thousands of dollars",43479,44548,47256,49154,48361,52141,54120,57607
 "44000","Rhode Island",1,SAOACTVA,31,"...","    Air and Land Guided Tours/Outfitted Travel","Thousands of dollars",23450,23731,25193,25929,25373,27447,28356,29962
 "44000","Rhode Island",1,SAOACTVA,32,"...","    Water Guided Tours/Outfitted Travel (includes Boating and Fishing Charters)","Thousands of dollars",20029,20817,22064,23225,22988,24694,25765,27645
 "44000","Rhode Island",1,SAOACTVA,33,"...","   Productive Activities (includes Gardening)","Thousands of dollars",11657,11905,12089,9484,9757,9877,9646,9864
 "44000","Rhode Island",1,SAOACTVA,34,"...","   Other Outdoor Recreation Activities 6/","Thousands of dollars",20237,21168,22270,24358,24978,26071,27382,27819
 "44000","Rhode Island",1,SAOACTVA,35,"...","   Multi-use Apparel and Accessories (Other) 5/","Thousands of dollars",10299,10634,10522,10535,10353,10610,10817,10425
 "44000","Rhode Island",1,SAOACTVA,36,"..."," Supporting Outdoor Recreation","Thousands of dollars",679937,725063,712328,785864,802221,819464,888800,890294
 "44000","Rhode Island",1,SAOACTVA,37,"...","   Construction","Thousands of dollars",7110,10568,12102,15074,16566,18458,19533,19233
 "44000","Rhode Island",1,SAOACTVA,38,"...","   Local Trips 7/","Thousands of dollars",73436,81662,80968,86544,89766,92260,97177,99213
 "44000","Rhode Island",1,SAOACTVA,39,"...","   Travel and Tourism 8/","Thousands of dollars",556806,586715,570521,633171,645400,658717,720900,718280
 "44000","Rhode Island",1,SAOACTVA,40,"...","    Food and Beverages","Thousands of dollars",222392,207023,203831,226868,234069,238860,265872,256555
 "44000","Rhode Island",1,SAOACTVA,41,"...","    Lodging","Thousands of dollars",145355,177295,156844,178134,180478,188042,215799,217331
 "44000","Rhode Island",1,SAOACTVA,42,"...","    Shopping and Souvenirs","Thousands of dollars",65408,72944,73574,79073,81594,84844,89948,90739
 "44000","Rhode Island",1,SAOACTVA,43,"...","    Transportation","Thousands of dollars",123651,129453,136272,149096,149259,146971,149282,153654
 "44000","Rhode Island",1,SAOACTVA,44,"...","   Government Expenditures","Thousands of dollars",42585,46119,48738,51076,50489,50029,51190,53568
 "44000","Rhode Island",1,SAOACTVA,45,"...","    Federal Government","Thousands of dollars",450,509,468,441,472,522,595,648
 "44000","Rhode Island",1,SAOACTVA,46,"...","    State and Local Government","Thousands of dollars",42135,45610,48270,50635,50017,49507,50595,52920
"Note: See the included footnote file."
"SAOACTVA: Outdoor Recreation Satellite Account Activities - Value Added 1/"
"Last updated: November 10, 2020-- new statistics for 2018-2019; revised statistics for 2012-2017."
"Source: U.S. Department of Commerce / Bureau of Economic Analysis / Regional Economic Accounts"
