GeoFIPS,GeoName,Region,TableName,LineCode,IndustryClassification,Description,Unit,2012,2013,2014,2015,2016,2017,2018,2019
 "53000","Washington",8,SAOACTVA,1,"...","Total Outdoor Recreation","Thousands of dollars",8939671,9152710,9680450,10442876,10765746,11373928,11998877,12343986
 "53000","Washington",8,SAOACTVA,2,"..."," Total Core Outdoor Recreation","Thousands of dollars",4942734,5120971,5376791,5679416,5850338,6075104,6286083,6393199
 "53000","Washington",8,SAOACTVA,3,"...","  Conventional Outdoor Recreation","Thousands of dollars",2841599,2940621,3043974,3218902,3306931,3399227,3521587,3668307
 "53000","Washington",8,SAOACTVA,4,"...","   Bicycling","Thousands of dollars",55396,55906,56485,59648,58441,60647,61798,64422
 "53000","Washington",8,SAOACTVA,5,"...","   Boating/Fishing","Thousands of dollars",599950,612271,617469,628375,664832,671956,688042,718234
 "53000","Washington",8,SAOACTVA,6,"...","    Canoeing/Kayaking","Thousands of dollars",16512,16894,16720,12725,13085,13097,13066,13707
 "53000","Washington",8,SAOACTVA,7,"...","    Fishing (excludes Boating)","Thousands of dollars",89550,90759,94441,108920,148944,157830,158374,173537
 "53000","Washington",8,SAOACTVA,8,"...","    Sailing","Thousands of dollars",24617,24666,26420,26119,27187,26710,27269,27826
 "53000","Washington",8,SAOACTVA,9,"...","    Other Boating","Thousands of dollars",469271,479952,479887,480612,475616,474318,489333,503165
 "53000","Washington",8,SAOACTVA,10,"...","   Climbing/Hiking/Tent Camping","Thousands of dollars",117750,119578,123117,123227,122093,124910,131916,137817
 "53000","Washington",8,SAOACTVA,11,"...","   Equestrian","Thousands of dollars",140405,147604,165899,175879,186565,196924,219733,227257
 "53000","Washington",8,SAOACTVA,12,"...","   Hunting/Shooting/Trapping","Thousands of dollars",124431,138993,131122,134044,141945,143254,146666,166424
 "53000","Washington",8,SAOACTVA,13,"...","    Hunting/Trapping","Thousands of dollars",55899,60545,55057,56577,56456,58532,58778,69218
 "53000","Washington",8,SAOACTVA,14,"...","    Shooting (includes Archery)","Thousands of dollars",68532,78448,76065,77468,85489,84722,87888,97206
 "53000","Washington",8,SAOACTVA,15,"...","   Motorcycling/ATVing","Thousands of dollars",142105,136902,142802,159618,166627,180033,190714,206055
 "53000","Washington",8,SAOACTVA,16,"...","   Recreational Flying","Thousands of dollars",113042,113078,133287,154593,154752,147334,140807,117571
 "53000","Washington",8,SAOACTVA,17,"...","   RVing","Thousands of dollars",262257,277067,295550,323489,344941,362488,375892,391971
 "53000","Washington",8,SAOACTVA,18,"...","   Snow Activities","Thousands of dollars",255487,243837,263248,269088,257810,263478,275777,286970
 "53000","Washington",8,SAOACTVA,19,"...","    Skiing/Snowboarding","Thousands of dollars",149696,143133,157177,164649,160587,164576,169551,175668
 "53000","Washington",8,SAOACTVA,20,"...","    Other Snow Activities (includes Snowmobiling) 2/","Thousands of dollars",105791,100704,106070,104438,97223,98902,106226,111302
 "53000","Washington",8,SAOACTVA,21,"...","   Other Conventional Outdoor Recreation Activities","Thousands of dollars",240041,248843,263397,293429,295620,305987,321376,341817
 "53000","Washington",8,SAOACTVA,22,"...","    Other Conventional Air and Land Activities 3/","Thousands of dollars",176729,183125,191864,198254,190669,199944,205337,217000
 "53000","Washington",8,SAOACTVA,23,"...","    Other Conventional Water Activities 4/","Thousands of dollars",63312,65718,71533,95175,104951,106043,116039,124817
 "53000","Washington",8,SAOACTVA,24,"...","   Multi-use Apparel and Accessories (Conventional) 5/","Thousands of dollars",790737,846542,851600,897511,913304,942215,968867,1009769
 "53000","Washington",8,SAOACTVA,25,"...","  Other Outdoor Recreation","Thousands of dollars",2101135,2180350,2332817,2460514,2543407,2675877,2764495,2724892
 "53000","Washington",8,SAOACTVA,26,"...","   Amusement Parks/Water Parks","Thousands of dollars",64477,66760,69529,75738,81212,89555,95591,101496
 "53000","Washington",8,SAOACTVA,27,"...","   Festivals/Sporting Events/Concerts","Thousands of dollars",224822,247560,282026,281740,305302,308127,310778,312025
 "53000","Washington",8,SAOACTVA,28,"...","   Field Sports","Thousands of dollars",101469,102877,109070,116613,118423,124214,130337,136494
 "53000","Washington",8,SAOACTVA,29,"...","   Game Areas (includes Golfing and Tennis)","Thousands of dollars",497912,500974,484887,487401,492332,505085,524978,521358
 "53000","Washington",8,SAOACTVA,30,"...","   Guided Tours/Outfitted Travel","Thousands of dollars",577801,583717,649235,711120,711128,767753,778591,677968
 "53000","Washington",8,SAOACTVA,31,"...","    Air and Land Guided Tours/Outfitted Travel","Thousands of dollars",437527,445796,507492,571916,577878,620034,624865,521981
 "53000","Washington",8,SAOACTVA,32,"...","    Water Guided Tours/Outfitted Travel (includes Boating and Fishing Charters)","Thousands of dollars",140274,137921,141743,139204,133249,147719,153726,155988
 "53000","Washington",8,SAOACTVA,33,"...","   Productive Activities (includes Gardening)","Thousands of dollars",167543,181836,192397,157573,172705,184919,195877,216828
 "53000","Washington",8,SAOACTVA,34,"...","   Other Outdoor Recreation Activities 6/","Thousands of dollars",364790,377751,415276,478448,490162,509534,524273,533258
 "53000","Washington",8,SAOACTVA,35,"...","   Multi-use Apparel and Accessories (Other) 5/","Thousands of dollars",102321,118874,130397,151881,172143,186689,204070,225464
 "53000","Washington",8,SAOACTVA,36,"..."," Supporting Outdoor Recreation","Thousands of dollars",3996937,4031739,4303659,4763460,4915408,5298825,5712794,5950787
 "53000","Washington",8,SAOACTVA,37,"...","   Construction","Thousands of dollars",150766,159445,181609,217076,237433,262491,282712,292488
 "53000","Washington",8,SAOACTVA,38,"...","   Local Trips 7/","Thousands of dollars",722499,715174,763118,803879,778647,846181,906594,926235
 "53000","Washington",8,SAOACTVA,39,"...","   Travel and Tourism 8/","Thousands of dollars",2614993,2623877,2811689,3187923,3314915,3566650,3854641,4027611
 "53000","Washington",8,SAOACTVA,40,"...","    Food and Beverages","Thousands of dollars",524866,401623,462130,517453,539879,573877,628383,643519
 "53000","Washington",8,SAOACTVA,41,"...","    Lodging","Thousands of dollars",605882,612914,593898,700281,707094,764950,838999,883250
 "53000","Washington",8,SAOACTVA,42,"...","    Shopping and Souvenirs","Thousands of dollars",384938,385962,406285,419821,418090,429187,449265,458699
 "53000","Washington",8,SAOACTVA,43,"...","    Transportation","Thousands of dollars",1099308,1223378,1349376,1550368,1649852,1798636,1937993,2042144
 "53000","Washington",8,SAOACTVA,44,"...","   Government Expenditures","Thousands of dollars",508678,533243,547243,554582,584413,623503,668848,704454
 "53000","Washington",8,SAOACTVA,45,"...","    Federal Government","Thousands of dollars",87770,96248,92797,86990,90658,93511,98570,103753
 "53000","Washington",8,SAOACTVA,46,"...","    State and Local Government","Thousands of dollars",420908,436995,454445,467592,493755,529991,570278,600701
"Note: See the included footnote file."
"SAOACTVA: Outdoor Recreation Satellite Account Activities - Value Added 1/"
"Last updated: November 10, 2020-- new statistics for 2018-2019; revised statistics for 2012-2017."
"Source: U.S. Department of Commerce / Bureau of Economic Analysis / Regional Economic Accounts"
