GeoFIPS,GeoName,Region,TableName,LineCode,IndustryClassification,Description,Unit,2012,2013,2014,2015,2016,2017,2018,2019
 "05000","Arkansas",5,SAOACTVA,1,"...","Total Outdoor Recreation","Thousands of dollars",2392047,2470129,2504300,2592735,2666772,2679836,2782543,2884431
 "05000","Arkansas",5,SAOACTVA,2,"..."," Total Core Outdoor Recreation","Thousands of dollars",1240787,1290849,1317219,1355899,1394456,1419929,1457290,1510139
 "05000","Arkansas",5,SAOACTVA,3,"...","  Conventional Outdoor Recreation","Thousands of dollars",863710,906463,922604,964770,999196,1008029,1033313,1078949
 "05000","Arkansas",5,SAOACTVA,4,"...","   Bicycling","Thousands of dollars",10735,10913,10958,11766,11844,12243,12468,12785
 "05000","Arkansas",5,SAOACTVA,5,"...","   Boating/Fishing","Thousands of dollars",186196,198643,203696,216712,233531,225111,238715,250402
 "05000","Arkansas",5,SAOACTVA,6,"...","    Canoeing/Kayaking","Thousands of dollars",4975,5469,5717,4122,4196,4082,4072,4414
 "05000","Arkansas",5,SAOACTVA,7,"...","    Fishing (excludes Boating)","Thousands of dollars",39807,38773,35247,37829,59238,53439,56503,61512
 "05000","Arkansas",5,SAOACTVA,8,"...","    Sailing","Thousands of dollars",8014,8421,9332,9960,10452,10593,11014,11221
 "05000","Arkansas",5,SAOACTVA,9,"...","    Other Boating","Thousands of dollars",133400,145980,153400,164800,159645,156996,167126,173254
 "05000","Arkansas",5,SAOACTVA,10,"...","   Climbing/Hiking/Tent Camping","Thousands of dollars",25947,26948,27542,27368,25882,25550,26413,26950
 "05000","Arkansas",5,SAOACTVA,11,"...","   Equestrian","Thousands of dollars",95335,100282,110734,116215,120862,126061,138716,143495
 "05000","Arkansas",5,SAOACTVA,12,"...","   Hunting/Shooting/Trapping","Thousands of dollars",80527,95077,93052,107080,121875,127784,121599,137197
 "05000","Arkansas",5,SAOACTVA,13,"...","    Hunting/Trapping","Thousands of dollars",38927,44570,43388,52968,58839,63200,58624,65315
 "05000","Arkansas",5,SAOACTVA,14,"...","    Shooting (includes Archery)","Thousands of dollars",41599,50507,49664,54111,63036,64584,62975,71882
 "05000","Arkansas",5,SAOACTVA,15,"...","   Motorcycling/ATVing","Thousands of dollars",59762,59097,59162,62154,63576,67544,70481,76379
 "05000","Arkansas",5,SAOACTVA,16,"...","   Recreational Flying","Thousands of dollars",9482,10089,10461,10331,10168,10309,10474,10120
 "05000","Arkansas",5,SAOACTVA,17,"...","   RVing","Thousands of dollars",94453,99965,106197,111393,112580,114283,115440,121403
 "05000","Arkansas",5,SAOACTVA,18,"...","   Snow Activities","Thousands of dollars",5077,5273,5608,5393,4445,4988,5326,5658
 "05000","Arkansas",5,SAOACTVA,19,"...","    Skiing/Snowboarding","Thousands of dollars",1955,2036,2301,2299,2111,2238,2201,2352
 "05000","Arkansas",5,SAOACTVA,20,"...","    Other Snow Activities (includes Snowmobiling) 2/","Thousands of dollars",3122,3238,3306,3094,2334,2750,3125,3306
 "05000","Arkansas",5,SAOACTVA,21,"...","   Other Conventional Outdoor Recreation Activities","Thousands of dollars",61029,62494,62302,64712,63032,60511,60060,61329
 "05000","Arkansas",5,SAOACTVA,22,"...","    Other Conventional Air and Land Activities 3/","Thousands of dollars",49110,50581,49742,49091,46755,45023,44107,45188
 "05000","Arkansas",5,SAOACTVA,23,"...","    Other Conventional Water Activities 4/","Thousands of dollars",11919,11914,12560,15622,16277,15488,15952,16141
 "05000","Arkansas",5,SAOACTVA,24,"...","   Multi-use Apparel and Accessories (Conventional) 5/","Thousands of dollars",235168,237680,232892,231645,231402,233645,233622,233229
 "05000","Arkansas",5,SAOACTVA,25,"...","  Other Outdoor Recreation","Thousands of dollars",377077,384385,394615,391129,395260,411900,423977,431191
 "05000","Arkansas",5,SAOACTVA,26,"...","   Amusement Parks/Water Parks","Thousands of dollars",31115,31153,31333,32550,33227,34350,34889,36299
 "05000","Arkansas",5,SAOACTVA,27,"...","   Festivals/Sporting Events/Concerts","Thousands of dollars",33065,39870,42708,43589,53744,60379,67930,75313
 "05000","Arkansas",5,SAOACTVA,28,"...","   Field Sports","Thousands of dollars",19298,19343,19807,20497,20556,20919,21368,21864
 "05000","Arkansas",5,SAOACTVA,29,"...","   Game Areas (includes Golfing and Tennis)","Thousands of dollars",118390,119080,118121,118767,121241,121151,123666,121952
 "05000","Arkansas",5,SAOACTVA,30,"...","   Guided Tours/Outfitted Travel","Thousands of dollars",49200,46577,52428,48361,39292,44762,45837,44096
 "05000","Arkansas",5,SAOACTVA,31,"...","    Air and Land Guided Tours/Outfitted Travel","Thousands of dollars",23706,24605,26754,28960,25566,27395,26825,26197
 "05000","Arkansas",5,SAOACTVA,32,"...","    Water Guided Tours/Outfitted Travel (includes Boating and Fishing Charters)","Thousands of dollars",25495,21972,25674,19401,13725,17367,19012,17899
 "05000","Arkansas",5,SAOACTVA,33,"...","   Productive Activities (includes Gardening)","Thousands of dollars",59138,60470,61747,56811,57151,58121,57804,60052
 "05000","Arkansas",5,SAOACTVA,34,"...","   Other Outdoor Recreation Activities 6/","Thousands of dollars",43110,43430,44716,47275,46986,49156,49032,48691
 "05000","Arkansas",5,SAOACTVA,35,"...","   Multi-use Apparel and Accessories (Other) 5/","Thousands of dollars",23760,24460,23755,23278,23063,23062,23451,22925
 "05000","Arkansas",5,SAOACTVA,36,"..."," Supporting Outdoor Recreation","Thousands of dollars",1151260,1179280,1187081,1236836,1272317,1259907,1325253,1374292
 "05000","Arkansas",5,SAOACTVA,37,"...","   Construction","Thousands of dollars",27359,28394,33193,42768,48783,52675,53541,51398
 "05000","Arkansas",5,SAOACTVA,38,"...","   Local Trips 7/","Thousands of dollars",271408,278676,283404,287883,286939,283669,291845,298929
 "05000","Arkansas",5,SAOACTVA,39,"...","   Travel and Tourism 8/","Thousands of dollars",717133,726495,719786,752447,779753,764300,813503,850529
 "05000","Arkansas",5,SAOACTVA,40,"...","    Food and Beverages","Thousands of dollars",125449,109937,113284,119544,132688,128858,142285,152186
 "05000","Arkansas",5,SAOACTVA,41,"...","    Lodging","Thousands of dollars",195091,211715,193418,212702,235058,232312,251708,266927
 "05000","Arkansas",5,SAOACTVA,42,"...","    Shopping and Souvenirs","Thousands of dollars",191905,202343,207570,211798,216554,208055,215238,224109
 "05000","Arkansas",5,SAOACTVA,43,"...","    Transportation","Thousands of dollars",204687,202500,205514,208403,195452,195075,204272,207307
 "05000","Arkansas",5,SAOACTVA,44,"...","   Government Expenditures","Thousands of dollars",135360,145715,150698,153738,156842,159263,166365,173436
 "05000","Arkansas",5,SAOACTVA,45,"...","    Federal Government","Thousands of dollars",30641,32802,30299,28364,30567,32477,35105,36256
 "05000","Arkansas",5,SAOACTVA,46,"...","    State and Local Government","Thousands of dollars",104719,112913,120399,125374,126275,126786,131260,137179
"Note: See the included footnote file."
"SAOACTVA: Outdoor Recreation Satellite Account Activities - Value Added 1/"
"Last updated: November 10, 2020-- new statistics for 2018-2019; revised statistics for 2012-2017."
"Source: U.S. Department of Commerce / Bureau of Economic Analysis / Regional Economic Accounts"
