GeoFIPS,GeoName,Region,TableName,LineCode,IndustryClassification,Description,Unit,2012,2013,2014,2015,2016,2017,2018,2019
 "15000","Hawaii",8,SAOACTVA,1,"...","Total Outdoor Recreation","Thousands of dollars",4006631,4216179,4338492,4787771,4760308,5062516,5219086,5508132
 "15000","Hawaii",8,SAOACTVA,2,"..."," Total Core Outdoor Recreation","Thousands of dollars",1114186,1157909,1179779,1208666,1210130,1246682,1288573,1365161
 "15000","Hawaii",8,SAOACTVA,3,"...","  Conventional Outdoor Recreation","Thousands of dollars",517586,535659,539045,551423,553097,569050,585617,607497
 "15000","Hawaii",8,SAOACTVA,4,"...","   Bicycling","Thousands of dollars",7351,7566,7534,7659,7280,6890,6928,7066
 "15000","Hawaii",8,SAOACTVA,5,"...","   Boating/Fishing","Thousands of dollars",100563,102821,107815,113477,123627,128708,133869,144551
 "15000","Hawaii",8,SAOACTVA,6,"...","    Canoeing/Kayaking","Thousands of dollars",1421,1442,1513,1355,1393,1434,1521,1620
 "15000","Hawaii",8,SAOACTVA,7,"...","    Fishing (excludes Boating)","Thousands of dollars",15455,15660,15820,17550,24735,25127,24815,27492
 "15000","Hawaii",8,SAOACTVA,8,"...","    Sailing","Thousands of dollars",4839,5089,5498,5885,6246,6247,6304,6457
 "15000","Hawaii",8,SAOACTVA,9,"...","    Other Boating","Thousands of dollars",78847,80630,84984,88687,91254,95900,101230,108983
 "15000","Hawaii",8,SAOACTVA,10,"...","   Climbing/Hiking/Tent Camping","Thousands of dollars",11743,12811,12850,12480,12394,11836,12001,12136
 "15000","Hawaii",8,SAOACTVA,11,"...","   Equestrian","Thousands of dollars",9359,10607,11262,11559,11751,11983,12411,12636
 "15000","Hawaii",8,SAOACTVA,12,"...","   Hunting/Shooting/Trapping","Thousands of dollars",14272,15935,15978,16782,17894,18177,19091,21268
 "15000","Hawaii",8,SAOACTVA,13,"...","    Hunting/Trapping","Thousands of dollars",2627,3042,2886,3021,3235,2939,2943,3417
 "15000","Hawaii",8,SAOACTVA,14,"...","    Shooting (includes Archery)","Thousands of dollars",11645,12894,13091,13761,14659,15238,16148,17851
 "15000","Hawaii",8,SAOACTVA,15,"...","   Motorcycling/ATVing","Thousands of dollars",23786,22162,23466,24501,22785,22540,23647,23942
 "15000","Hawaii",8,SAOACTVA,16,"...","   Recreational Flying","Thousands of dollars",7694,8299,7511,8517,9244,12509,12175,12447
 "15000","Hawaii",8,SAOACTVA,17,"...","   RVing","Thousands of dollars",22804,23089,23929,25152,24330,25641,27481,28280
 "15000","Hawaii",8,SAOACTVA,18,"...","   Snow Activities","Thousands of dollars",6588,7222,6970,7035,5572,6251,6531,5903
 "15000","Hawaii",8,SAOACTVA,19,"...","    Skiing/Snowboarding","Thousands of dollars",2766,3493,3327,3405,3155,3157,2996,2941
 "15000","Hawaii",8,SAOACTVA,20,"...","    Other Snow Activities (includes Snowmobiling) 2/","Thousands of dollars",3822,3729,3643,3630,2417,3094,3536,2963
 "15000","Hawaii",8,SAOACTVA,21,"...","   Other Conventional Outdoor Recreation Activities","Thousands of dollars",39056,40284,40144,39944,35474,35331,35640,36224
 "15000","Hawaii",8,SAOACTVA,22,"...","    Other Conventional Air and Land Activities 3/","Thousands of dollars",34737,35927,35612,34623,30296,30528,30852,31430
 "15000","Hawaii",8,SAOACTVA,23,"...","    Other Conventional Water Activities 4/","Thousands of dollars",4319,4357,4532,5321,5178,4802,4788,4795
 "15000","Hawaii",8,SAOACTVA,24,"...","   Multi-use Apparel and Accessories (Conventional) 5/","Thousands of dollars",274371,284862,281585,284317,282746,289183,295844,303043
 "15000","Hawaii",8,SAOACTVA,25,"...","  Other Outdoor Recreation","Thousands of dollars",596601,622250,640734,657243,657033,677632,702956,757664
 "15000","Hawaii",8,SAOACTVA,26,"...","   Amusement Parks/Water Parks","Thousands of dollars",24890,26540,26884,27991,27790,29403,31068,32438
 "15000","Hawaii",8,SAOACTVA,27,"...","   Festivals/Sporting Events/Concerts","Thousands of dollars",19166,19610,21038,19280,19904,18958,18716,18796
 "15000","Hawaii",8,SAOACTVA,28,"...","   Field Sports","Thousands of dollars",18184,18590,19340,19771,19556,20322,21524,23031
 "15000","Hawaii",8,SAOACTVA,29,"...","   Game Areas (includes Golfing and Tennis)","Thousands of dollars",181044,182754,187970,182034,174450,167782,178711,190336
 "15000","Hawaii",8,SAOACTVA,30,"...","   Guided Tours/Outfitted Travel","Thousands of dollars",253188,267692,275449,296518,300944,321320,328466,360049
 "15000","Hawaii",8,SAOACTVA,31,"...","    Air and Land Guided Tours/Outfitted Travel","Thousands of dollars",141472,146263,150519,164395,169801,189869,196531,219354
 "15000","Hawaii",8,SAOACTVA,32,"...","    Water Guided Tours/Outfitted Travel (includes Boating and Fishing Charters)","Thousands of dollars",111716,121429,124930,132123,131142,131452,131935,140695
 "15000","Hawaii",8,SAOACTVA,33,"...","   Productive Activities (includes Gardening)","Thousands of dollars",21016,21965,22691,18570,19189,20057,19633,20365
 "15000","Hawaii",8,SAOACTVA,34,"...","   Other Outdoor Recreation Activities 6/","Thousands of dollars",67509,69034,70752,74788,76845,81882,86166,92508
 "15000","Hawaii",8,SAOACTVA,35,"...","   Multi-use Apparel and Accessories (Other) 5/","Thousands of dollars",11605,16066,16610,18292,18355,17908,18671,20142
 "15000","Hawaii",8,SAOACTVA,36,"..."," Supporting Outdoor Recreation","Thousands of dollars",2892444,3058270,3158713,3579104,3550178,3815834,3930513,4142971
 "15000","Hawaii",8,SAOACTVA,37,"...","   Construction","Thousands of dollars",33516,35258,39957,48646,55735,62248,65266,63056
 "15000","Hawaii",8,SAOACTVA,38,"...","   Local Trips 7/","Thousands of dollars",203085,214982,214629,233392,214913,236731,241204,241619
 "15000","Hawaii",8,SAOACTVA,39,"...","   Travel and Tourism 8/","Thousands of dollars",2509698,2644220,2733374,3118344,3098168,3333448,3432216,3636286
 "15000","Hawaii",8,SAOACTVA,40,"...","    Food and Beverages","Thousands of dollars",608468,535718,548544,614034,598639,666340,669200,695845
 "15000","Hawaii",8,SAOACTVA,41,"...","    Lodging","Thousands of dollars",706122,786157,760051,887450,835855,927509,940526,976385
 "15000","Hawaii",8,SAOACTVA,42,"...","    Shopping and Souvenirs","Thousands of dollars",198274,214447,215962,229747,216790,235021,232856,239588
 "15000","Hawaii",8,SAOACTVA,43,"...","    Transportation","Thousands of dollars",996835,1107898,1208818,1387114,1446884,1504578,1589634,1724468
 "15000","Hawaii",8,SAOACTVA,44,"...","   Government Expenditures","Thousands of dollars",146145,163810,170752,178722,181362,183406,191827,202010
 "15000","Hawaii",8,SAOACTVA,45,"...","    Federal Government","Thousands of dollars",40698,47785,45468,43389,45502,47146,50577,52268
 "15000","Hawaii",8,SAOACTVA,46,"...","    State and Local Government","Thousands of dollars",105447,116025,125284,135333,135860,136260,141250,149742
"Note: See the included footnote file."
"SAOACTVA: Outdoor Recreation Satellite Account Activities - Value Added 1/"
"Last updated: November 10, 2020-- new statistics for 2018-2019; revised statistics for 2012-2017."
"Source: U.S. Department of Commerce / Bureau of Economic Analysis / Regional Economic Accounts"
