GeoFIPS,GeoName,Region,TableName,LineCode,IndustryClassification,Description,Unit,2012,2013,2014,2015,2016,2017,2018,2019
 "54000","West Virginia",5,SAOACTVA,1,"...","Total Outdoor Recreation","Thousands of dollars",1452429,1446769,1401895,1472719,1426374,1446180,1479748,1494112
 "54000","West Virginia",5,SAOACTVA,2,"..."," Total Core Outdoor Recreation","Thousands of dollars",589613,593595,598170,596860,588552,587634,586503,595425
 "54000","West Virginia",5,SAOACTVA,3,"...","  Conventional Outdoor Recreation","Thousands of dollars",396381,400920,404773,411611,408327,405726,404390,412621
 "54000","West Virginia",5,SAOACTVA,4,"...","   Bicycling","Thousands of dollars",3087,3186,3122,3125,2912,2833,2809,2822
 "54000","West Virginia",5,SAOACTVA,5,"...","   Boating/Fishing","Thousands of dollars",52143,51870,53732,55031,59514,58971,57962,60228
 "54000","West Virginia",5,SAOACTVA,6,"...","    Canoeing/Kayaking","Thousands of dollars",854,847,889,788,790,794,805,833
 "54000","West Virginia",5,SAOACTVA,7,"...","    Fishing (excludes Boating)","Thousands of dollars",11454,11754,11792,13016,17903,18790,18508,20130
 "54000","West Virginia",5,SAOACTVA,8,"...","    Sailing","Thousands of dollars",2363,2343,2499,2552,2543,2338,2168,2172
 "54000","West Virginia",5,SAOACTVA,9,"...","    Other Boating","Thousands of dollars",37472,36927,38552,38675,38277,37049,36481,37092
 "54000","West Virginia",5,SAOACTVA,10,"...","   Climbing/Hiking/Tent Camping","Thousands of dollars",10805,11309,11416,10955,10270,9984,10196,10190
 "54000","West Virginia",5,SAOACTVA,11,"...","   Equestrian","Thousands of dollars",38171,38677,42545,45337,48152,50708,54265,55440
 "54000","West Virginia",5,SAOACTVA,12,"...","   Hunting/Shooting/Trapping","Thousands of dollars",25634,28401,26588,27627,28615,28376,28023,31121
 "54000","West Virginia",5,SAOACTVA,13,"...","    Hunting/Trapping","Thousands of dollars",11300,12344,11623,12910,13242,13993,13508,14954
 "54000","West Virginia",5,SAOACTVA,14,"...","    Shooting (includes Archery)","Thousands of dollars",14334,16057,14965,14717,15373,14383,14514,16167
 "54000","West Virginia",5,SAOACTVA,15,"...","   Motorcycling/ATVing","Thousands of dollars",29624,28185,28743,31471,31674,32825,32513,33684
 "54000","West Virginia",5,SAOACTVA,16,"...","   Recreational Flying","Thousands of dollars",3285,3506,3551,3344,3188,3389,3445,3611
 "54000","West Virginia",5,SAOACTVA,17,"...","   RVing","Thousands of dollars",39585,40067,41301,41701,40614,39921,40192,41427
 "54000","West Virginia",5,SAOACTVA,18,"...","   Snow Activities","Thousands of dollars",21375,19647,20204,19981,18424,16819,16786,16344
 "54000","West Virginia",5,SAOACTVA,19,"...","    Skiing/Snowboarding","Thousands of dollars",13420,12413,12746,12620,11871,10748,10562,10359
 "54000","West Virginia",5,SAOACTVA,20,"...","    Other Snow Activities (includes Snowmobiling) 2/","Thousands of dollars",7954,7234,7458,7361,6553,6071,6223,5986
 "54000","West Virginia",5,SAOACTVA,21,"...","   Other Conventional Outdoor Recreation Activities","Thousands of dollars",37171,37500,38769,39615,37099,36859,36493,36655
 "54000","West Virginia",5,SAOACTVA,22,"...","    Other Conventional Air and Land Activities 3/","Thousands of dollars",28880,29459,30063,29675,26707,26593,25457,25594
 "54000","West Virginia",5,SAOACTVA,23,"...","    Other Conventional Water Activities 4/","Thousands of dollars",8291,8042,8706,9940,10392,10267,11036,11060
 "54000","West Virginia",5,SAOACTVA,24,"...","   Multi-use Apparel and Accessories (Conventional) 5/","Thousands of dollars",135502,138573,134805,133424,127866,125040,121707,121099
 "54000","West Virginia",5,SAOACTVA,25,"...","  Other Outdoor Recreation","Thousands of dollars",193232,192675,193397,185249,180225,181907,182113,182804
 "54000","West Virginia",5,SAOACTVA,26,"...","   Amusement Parks/Water Parks","Thousands of dollars",19734,19050,19139,20078,20722,21157,20297,20503
 "54000","West Virginia",5,SAOACTVA,27,"...","   Festivals/Sporting Events/Concerts","Thousands of dollars",7744,7891,8296,7562,8213,8164,8379,8596
 "54000","West Virginia",5,SAOACTVA,28,"...","   Field Sports","Thousands of dollars",11051,10934,11173,11122,10336,10169,10092,10213
 "54000","West Virginia",5,SAOACTVA,29,"...","   Game Areas (includes Golfing and Tennis)","Thousands of dollars",50614,50466,48620,46889,44370,44644,46183,46557
 "54000","West Virginia",5,SAOACTVA,30,"...","   Guided Tours/Outfitted Travel","Thousands of dollars",30555,29406,30146,27478,24381,25470,25674,25618
 "54000","West Virginia",5,SAOACTVA,31,"...","    Air and Land Guided Tours/Outfitted Travel","Thousands of dollars",16045,15586,16048,15336,14312,14689,14752,15060
 "54000","West Virginia",5,SAOACTVA,32,"...","    Water Guided Tours/Outfitted Travel (includes Boating and Fishing Charters)","Thousands of dollars",14511,13820,14098,12142,10070,10781,10922,10558
 "54000","West Virginia",5,SAOACTVA,33,"...","   Productive Activities (includes Gardening)","Thousands of dollars",26653,27585,28418,24344,25265,25687,25714,26640
 "54000","West Virginia",5,SAOACTVA,34,"...","   Other Outdoor Recreation Activities 6/","Thousands of dollars",35022,34821,35529,36096,35194,35272,34565,34023
 "54000","West Virginia",5,SAOACTVA,35,"...","   Multi-use Apparel and Accessories (Other) 5/","Thousands of dollars",11859,12522,12075,11682,11745,11344,11209,10655
 "54000","West Virginia",5,SAOACTVA,36,"..."," Supporting Outdoor Recreation","Thousands of dollars",862815,853174,803725,875859,837822,858546,893245,898687
 "54000","West Virginia",5,SAOACTVA,37,"...","   Construction","Thousands of dollars",13552,14799,15951,19714,21251,23263,24633,25752
 "54000","West Virginia",5,SAOACTVA,38,"...","   Local Trips 7/","Thousands of dollars",173547,172800,170782,178654,170600,183863,186039,185807
 "54000","West Virginia",5,SAOACTVA,39,"...","   Travel and Tourism 8/","Thousands of dollars",554433,538012,486031,547510,519290,526773,554685,552925
 "54000","West Virginia",5,SAOACTVA,40,"...","    Food and Beverages","Thousands of dollars",148814,128390,115791,140842,134689,129645,142193,140153
 "54000","West Virginia",5,SAOACTVA,41,"...","    Lodging","Thousands of dollars",173191,180227,149050,178689,168802,162972,164151,168412
 "54000","West Virginia",5,SAOACTVA,42,"...","    Shopping and Souvenirs","Thousands of dollars",134098,130736,118691,123420,118713,132382,143370,139515
 "54000","West Virginia",5,SAOACTVA,43,"...","    Transportation","Thousands of dollars",98330,98660,102499,104559,97086,101773,104972,104845
 "54000","West Virginia",5,SAOACTVA,44,"...","   Government Expenditures","Thousands of dollars",121283,127563,130961,129980,126679,124648,127888,134203
 "54000","West Virginia",5,SAOACTVA,45,"...","    Federal Government","Thousands of dollars",18789,19990,19165,17564,18182,18462,19296,20017
 "54000","West Virginia",5,SAOACTVA,46,"...","    State and Local Government","Thousands of dollars",102494,107572,111796,112415,108498,106185,108592,114187
"Note: See the included footnote file."
"SAOACTVA: Outdoor Recreation Satellite Account Activities - Value Added 1/"
"Last updated: November 10, 2020-- new statistics for 2018-2019; revised statistics for 2012-2017."
"Source: U.S. Department of Commerce / Bureau of Economic Analysis / Regional Economic Accounts"
