GeoFIPS,GeoName,Region,TableName,LineCode,IndustryClassification,Description,Unit,2012,2013,2014,2015,2016,2017,2018,2019
 "02000","Alaska",8,SAOACTVA,1,"...","Total Outdoor Recreation","Thousands of dollars",1690458,1753133,1780688,1931572,1925224,1995570,2046925,2142183
 "02000","Alaska",8,SAOACTVA,2,"..."," Total Core Outdoor Recreation","Thousands of dollars",559504,573368,585572,605974,602791,606127,610491,637543
 "02000","Alaska",8,SAOACTVA,3,"...","  Conventional Outdoor Recreation","Thousands of dollars",325202,333313,341881,359878,362419,367746,369111,377491
 "02000","Alaska",8,SAOACTVA,4,"...","   Bicycling","Thousands of dollars",4559,4679,4932,5261,5100,4598,4202,4104
 "02000","Alaska",8,SAOACTVA,5,"...","   Boating/Fishing","Thousands of dollars",84816,84529,87037,88628,95672,93282,91086,93976
 "02000","Alaska",8,SAOACTVA,6,"...","    Canoeing/Kayaking","Thousands of dollars",1448,1440,1464,1189,1173,1128,1099,1151
 "02000","Alaska",8,SAOACTVA,7,"...","    Fishing (excludes Boating)","Thousands of dollars",14977,15148,16315,19060,27843,27121,24644,26153
 "02000","Alaska",8,SAOACTVA,8,"...","    Sailing","Thousands of dollars",1821,1850,2014,2003,2163,2187,2217,2267
 "02000","Alaska",8,SAOACTVA,9,"...","    Other Boating","Thousands of dollars",66571,66091,67244,66375,64493,62845,63127,64405
 "02000","Alaska",8,SAOACTVA,10,"...","   Climbing/Hiking/Tent Camping","Thousands of dollars",18931,19744,20909,22350,21747,22309,23470,24070
 "02000","Alaska",8,SAOACTVA,11,"...","   Equestrian","Thousands of dollars",6331,6621,7566,8039,8553,8978,9856,10151
 "02000","Alaska",8,SAOACTVA,12,"...","   Hunting/Shooting/Trapping","Thousands of dollars",22890,25509,25488,26731,28722,25986,24728,26757
 "02000","Alaska",8,SAOACTVA,13,"...","    Hunting/Trapping","Thousands of dollars",7946,8941,8935,9906,10788,9876,9287,10333
 "02000","Alaska",8,SAOACTVA,14,"...","    Shooting (includes Archery)","Thousands of dollars",14944,16568,16554,16825,17934,16110,15441,16424
 "02000","Alaska",8,SAOACTVA,15,"...","   Motorcycling/ATVing","Thousands of dollars",14843,14428,14609,15416,13953,13799,13414,13352
 "02000","Alaska",8,SAOACTVA,16,"...","   Recreational Flying","Thousands of dollars",17363,18813,16630,19575,21335,26543,24283,24552
 "02000","Alaska",8,SAOACTVA,17,"...","   RVing","Thousands of dollars",58983,60075,61807,67927,65919,73031,80886,84503
 "02000","Alaska",8,SAOACTVA,18,"...","   Snow Activities","Thousands of dollars",19133,18884,21341,22574,21246,21812,22512,23202
 "02000","Alaska",8,SAOACTVA,19,"...","    Skiing/Snowboarding","Thousands of dollars",10137,9908,11584,12598,12300,12783,13150,13873
 "02000","Alaska",8,SAOACTVA,20,"...","    Other Snow Activities (includes Snowmobiling) 2/","Thousands of dollars",8997,8977,9757,9976,8946,9029,9362,9329
 "02000","Alaska",8,SAOACTVA,21,"...","   Other Conventional Outdoor Recreation Activities","Thousands of dollars",21915,22623,23669,24635,21683,21057,20692,20203
 "02000","Alaska",8,SAOACTVA,22,"...","    Other Conventional Air and Land Activities 3/","Thousands of dollars",16905,17557,18431,18128,15294,15317,14985,14527
 "02000","Alaska",8,SAOACTVA,23,"...","    Other Conventional Water Activities 4/","Thousands of dollars",5011,5066,5238,6506,6389,5740,5707,5677
 "02000","Alaska",8,SAOACTVA,24,"...","   Multi-use Apparel and Accessories (Conventional) 5/","Thousands of dollars",55437,57408,57893,58742,58488,56351,53981,52620
 "02000","Alaska",8,SAOACTVA,25,"...","  Other Outdoor Recreation","Thousands of dollars",234302,240055,243691,246096,240372,238380,241381,260053
 "02000","Alaska",8,SAOACTVA,26,"...","   Amusement Parks/Water Parks","Thousands of dollars",8008,8271,8393,8919,9276,9921,10543,11478
 "02000","Alaska",8,SAOACTVA,27,"...","   Festivals/Sporting Events/Concerts","Thousands of dollars",6622,7229,7881,7557,7850,7353,6740,6469
 "02000","Alaska",8,SAOACTVA,28,"...","   Field Sports","Thousands of dollars",12036,11993,12568,12728,12255,11893,11795,11947
 "02000","Alaska",8,SAOACTVA,29,"...","   Game Areas (includes Golfing and Tennis)","Thousands of dollars",30557,31106,30436,30270,28976,28072,27440,26749
 "02000","Alaska",8,SAOACTVA,30,"...","   Guided Tours/Outfitted Travel","Thousands of dollars",118158,122563,123786,127022,122935,122645,126600,145165
 "02000","Alaska",8,SAOACTVA,31,"...","    Air and Land Guided Tours/Outfitted Travel","Thousands of dollars",68627,68464,67843,68426,64678,65374,65806,75591
 "02000","Alaska",8,SAOACTVA,32,"...","    Water Guided Tours/Outfitted Travel (includes Boating and Fishing Charters)","Thousands of dollars",49532,54099,55943,58596,58257,57271,60794,69575
 "02000","Alaska",8,SAOACTVA,33,"...","   Productive Activities (includes Gardening)","Thousands of dollars",8642,9020,9289,7637,7747,7606,7280,7278
 "02000","Alaska",8,SAOACTVA,34,"...","   Other Outdoor Recreation Activities 6/","Thousands of dollars",46437,45662,47087,47579,46904,46548,46668,46699
 "02000","Alaska",8,SAOACTVA,35,"...","   Multi-use Apparel and Accessories (Other) 5/","Thousands of dollars",3841,4211,4251,4383,4430,4341,4316,4267
 "02000","Alaska",8,SAOACTVA,36,"..."," Supporting Outdoor Recreation","Thousands of dollars",1130954,1179765,1195116,1325598,1322432,1389443,1436434,1504640
 "02000","Alaska",8,SAOACTVA,37,"...","   Construction","Thousands of dollars",35509,33434,35322,37954,37907,39544,41394,41806
 "02000","Alaska",8,SAOACTVA,38,"...","   Local Trips 7/","Thousands of dollars",118525,125287,128526,132685,118111,124346,121540,123689
 "02000","Alaska",8,SAOACTVA,39,"...","   Travel and Tourism 8/","Thousands of dollars",898281,936336,940931,1061496,1067029,1123102,1165807,1224254
 "02000","Alaska",8,SAOACTVA,40,"...","    Food and Beverages","Thousands of dollars",81895,71214,70591,80928,81569,89783,88335,88095
 "02000","Alaska",8,SAOACTVA,41,"...","    Lodging","Thousands of dollars",263656,286500,258142,303997,302905,334343,329543,346890
 "02000","Alaska",8,SAOACTVA,42,"...","    Shopping and Souvenirs","Thousands of dollars",43998,46963,46692,49953,47280,49186,48277,48183
 "02000","Alaska",8,SAOACTVA,43,"...","    Transportation","Thousands of dollars",508732,531659,565506,626618,635275,649790,699652,741086
 "02000","Alaska",8,SAOACTVA,44,"...","   Government Expenditures","Thousands of dollars",78638,84709,90337,93463,99386,102452,107693,114890
 "02000","Alaska",8,SAOACTVA,45,"...","    Federal Government","Thousands of dollars",30306,33200,32988,31568,33131,33439,34307,35850
 "02000","Alaska",8,SAOACTVA,46,"...","    State and Local Government","Thousands of dollars",48332,51509,57349,61895,66256,69013,73386,79040
"Note: See the included footnote file."
"SAOACTVA: Outdoor Recreation Satellite Account Activities - Value Added 1/"
"Last updated: November 10, 2020-- new statistics for 2018-2019; revised statistics for 2012-2017."
"Source: U.S. Department of Commerce / Bureau of Economic Analysis / Regional Economic Accounts"
