GeoFIPS,GeoName,Region,TableName,LineCode,IndustryClassification,Description,Unit,2012,2013,2014,2015,2016,2017,2018,2019
 "20000","Kansas",4,SAOCOMP,1,"...","All Industries","Thousands of dollars",1258584,1266199,1295038,1328314,1364748,1392106,1441212,1456249
 "20000","Kansas",4,SAOCOMP,2,"..."," Private Industries","Thousands of dollars",1094577,1094304,1117979,1147857,1184935,1212660,1252309,1254350
 "20000","Kansas",4,SAOCOMP,3,"...","  Agriculture, forestry, fishing, and hunting","Thousands of dollars",15884,15731,16500,18604,18001,21129,19964,19706
 "20000","Kansas",4,SAOCOMP,4,"...","  Mining","Thousands of dollars",273,282,275,228,218,248,277,268
 "20000","Kansas",4,SAOCOMP,5,"...","  Utilities","Thousands of dollars",2,2,1,1,2,2,1,1
 "20000","Kansas",4,SAOCOMP,6,"...","  Construction","Thousands of dollars",21420,21497,22845,25437,28746,33818,37859,39678
 "20000","Kansas",4,SAOCOMP,7,"...","  Manufacturing","Thousands of dollars",194893,193173,198298,198097,195604,216889,228703,216318
 "20000","Kansas",4,SAOCOMP,8,"...","   Durable goods","Thousands of dollars",118695,114989,116336,112301,108268,118537,129716,112617
 "20000","Kansas",4,SAOCOMP,9,"...","   Nondurable goods","Thousands of dollars",76198,78184,81962,85797,87336,98352,98987,103701
 "20000","Kansas",4,SAOCOMP,10,"...","  Wholesale trade","Thousands of dollars",127154,125009,128458,129989,127155,132659,133008,134834
 "20000","Kansas",4,SAOCOMP,11,"...","  Retail trade","Thousands of dollars",349217,361997,360378,368149,376357,373038,373573,373314
 "20000","Kansas",4,SAOCOMP,12,"...","  Transportation and warehousing","Thousands of dollars",39535,39461,39169,41072,40554,41559,43698,45756
 "20000","Kansas",4,SAOCOMP,13,"...","  Information","Thousands of dollars",5415,5915,6326,6291,6141,5692,5302,5109
 "20000","Kansas",4,SAOCOMP,14,"...","  Finance, insurance, real estate, rental, and leasing","Thousands of dollars",17671,16724,16457,17373,17852,19082,19387,20872
 "20000","Kansas",4,SAOCOMP,15,"...","   Finance and insurance","Thousands of dollars",13109,12325,12114,12560,12908,13754,13896,15135
 "20000","Kansas",4,SAOCOMP,16,"...","   Real estate and rental and leasing","Thousands of dollars",4562,4399,4343,4813,4943,5328,5491,5737
 "20000","Kansas",4,SAOCOMP,17,"...","  Professional and business services","Thousands of dollars",22627,20161,24017,26986,28971,33633,36384,38152
 "20000","Kansas",4,SAOCOMP,18,"...","  Educational services, health care, and social assistance","Thousands of dollars",20995,21021,22768,23000,25116,26319,29312,29678
 "20000","Kansas",4,SAOCOMP,19,"...","   Educational services","Thousands of dollars",18731,18771,20484,20604,22554,23770,26758,26969
 "20000","Kansas",4,SAOCOMP,20,"...","   Health care and social assistance","Thousands of dollars",2264,2250,2284,2396,2562,2549,2554,2709
 "20000","Kansas",4,SAOCOMP,21,"...","  Arts, entertainment, recreation, accommodation, and food services","Thousands of dollars",261965,255356,264308,273693,301043,288690,304123,309349
 "20000","Kansas",4,SAOCOMP,22,"...","   Arts, entertainment, and recreation","Thousands of dollars",116723,122499,129408,128838,135962,136687,143492,147811
 "20000","Kansas",4,SAOCOMP,23,"...","   Accommodation and food services","Thousands of dollars",145242,132856,134900,144855,165080,152003,160630,161538
 "20000","Kansas",4,SAOCOMP,24,"...","  Other services, except government","Thousands of dollars",17526,17975,18179,18936,19178,19903,20718,21314
 "20000","Kansas",4,SAOCOMP,25,"..."," Government","Thousands of dollars",164006,171895,177058,180456,179813,179446,188903,201899
 "20000","Kansas",4,SAOCOMP,26,"...","  Federal","Thousands of dollars",5667,6347,6044,5607,5480,5578,5626,5668
 "20000","Kansas",4,SAOCOMP,27,"...","  State and local","Thousands of dollars",158339,165548,171014,174850,174333,173868,183277,196231
"Note: See the included footnote file."
"SAOCOMP: Outdoor Recreation Satellite Account Compensation 1/"
"Last updated: November 10, 2020-- new statistics for 2018-2019; revised statistics for 2012-2017."
"Source: U.S. Department of Commerce / Bureau of Economic Analysis / Regional Economic Accounts"
