GeoFIPS,GeoName,Region,TableName,LineCode,IndustryClassification,Description,Unit,2012,2013,2014,2015,2016,2017,2018,2019
 "31000","Nebraska",4,SAOCOMP,1,"...","All Industries","Thousands of dollars",949308,955609,973004,1005329,1018293,1072474,1136391,1176790
 "31000","Nebraska",4,SAOCOMP,2,"..."," Private Industries","Thousands of dollars",860968,863661,876054,904268,914749,967849,1028891,1064822
 "31000","Nebraska",4,SAOCOMP,3,"...","  Agriculture, forestry, fishing, and hunting","Thousands of dollars",11397,10075,11431,12230,13621,15869,16095,16372
 "31000","Nebraska",4,SAOCOMP,4,"...","  Mining","Thousands of dollars",18,16,16,13,12,13,14,14
 "31000","Nebraska",4,SAOCOMP,5,"...","  Utilities","Thousands of dollars",5,7,6,7,9,11,8,10
 "31000","Nebraska",4,SAOCOMP,6,"...","  Construction","Thousands of dollars",33817,32967,33114,33433,35743,40695,44040,45081
 "31000","Nebraska",4,SAOCOMP,7,"...","  Manufacturing","Thousands of dollars",116198,124068,127560,123858,119818,152753,166911,177725
 "31000","Nebraska",4,SAOCOMP,8,"...","   Durable goods","Thousands of dollars",80480,88256,89229,83703,74993,99650,110903,120774
 "31000","Nebraska",4,SAOCOMP,9,"...","   Nondurable goods","Thousands of dollars",35717,35812,38332,40155,44825,53103,56008,56951
 "31000","Nebraska",4,SAOCOMP,10,"...","  Wholesale trade","Thousands of dollars",60628,60234,65050,68190,67311,69865,69540,70567
 "31000","Nebraska",4,SAOCOMP,11,"...","  Retail trade","Thousands of dollars",269881,276317,271509,276078,277324,282194,292924,299680
 "31000","Nebraska",4,SAOCOMP,12,"...","  Transportation and warehousing","Thousands of dollars",55827,55514,54274,55729,54340,55718,58707,62084
 "31000","Nebraska",4,SAOCOMP,13,"...","  Information","Thousands of dollars",2044,2076,2181,2306,2440,2576,2688,2574
 "31000","Nebraska",4,SAOCOMP,14,"...","  Finance, insurance, real estate, rental, and leasing","Thousands of dollars",19941,19293,18794,19276,19465,20342,20618,22876
 "31000","Nebraska",4,SAOCOMP,15,"...","   Finance and insurance","Thousands of dollars",15995,15282,14949,15239,15303,16024,16322,18358
 "31000","Nebraska",4,SAOCOMP,16,"...","   Real estate and rental and leasing","Thousands of dollars",3946,4011,3845,4037,4162,4318,4296,4519
 "31000","Nebraska",4,SAOCOMP,17,"...","  Professional and business services","Thousands of dollars",44690,39610,43365,47202,48182,54529,56349,57150
 "31000","Nebraska",4,SAOCOMP,18,"...","  Educational services, health care, and social assistance","Thousands of dollars",16217,16658,18236,18928,20902,22211,24880,25429
 "31000","Nebraska",4,SAOCOMP,19,"...","   Educational services","Thousands of dollars",14429,14880,16439,17024,18864,20109,22734,23157
 "31000","Nebraska",4,SAOCOMP,20,"...","   Health care and social assistance","Thousands of dollars",1788,1778,1797,1903,2038,2102,2146,2272
 "31000","Nebraska",4,SAOCOMP,21,"...","  Arts, entertainment, recreation, accommodation, and food services","Thousands of dollars",215768,211863,214936,230041,237740,232471,256885,265584
 "31000","Nebraska",4,SAOCOMP,22,"...","   Arts, entertainment, and recreation","Thousands of dollars",97815,102792,110869,112598,119512,120150,125787,130726
 "31000","Nebraska",4,SAOCOMP,23,"...","   Accommodation and food services","Thousands of dollars",117953,109071,104066,117443,118228,112321,131098,134858
 "31000","Nebraska",4,SAOCOMP,24,"...","  Other services, except government","Thousands of dollars",14538,14962,15584,16978,17840,18602,19232,19677
 "31000","Nebraska",4,SAOCOMP,25,"..."," Government","Thousands of dollars",88340,91948,96950,101061,103544,104626,107500,111968
 "31000","Nebraska",4,SAOCOMP,26,"...","  Federal","Thousands of dollars",3507,3781,3583,3323,3390,3550,3777,3989
 "31000","Nebraska",4,SAOCOMP,27,"...","  State and local","Thousands of dollars",84832,88167,93367,97738,100154,101076,103723,107979
"Note: See the included footnote file."
"SAOCOMP: Outdoor Recreation Satellite Account Compensation 1/"
"Last updated: November 10, 2020-- new statistics for 2018-2019; revised statistics for 2012-2017."
"Source: U.S. Department of Commerce / Bureau of Economic Analysis / Regional Economic Accounts"
