GeoFIPS,GeoName,Region,TableName,LineCode,IndustryClassification,Description,Unit,2012,2013,2014,2015,2016,2017,2018,2019
 "26000","Michigan",3,SAOCOMP,1,"...","All Industries","Thousands of dollars",3849064,3865468,4018212,4084764,4193136,4411467,4570083,4726007
 "26000","Michigan",3,SAOCOMP,2,"..."," Private Industries","Thousands of dollars",3562291,3568378,3712604,3768998,3871948,4087714,4235878,4372936
 "26000","Michigan",3,SAOCOMP,3,"...","  Agriculture, forestry, fishing, and hunting","Thousands of dollars",78719,73980,78559,87682,93497,106672,100748,104751
 "26000","Michigan",3,SAOCOMP,4,"...","  Mining","Thousands of dollars",212,203,208,180,176,209,216,206
 "26000","Michigan",3,SAOCOMP,5,"...","  Utilities","Thousands of dollars",20,24,19,23,25,26,16,22
 "26000","Michigan",3,SAOCOMP,6,"...","  Construction","Thousands of dollars",58036,59397,65281,70421,79443,91528,97616,97406
 "26000","Michigan",3,SAOCOMP,7,"...","  Manufacturing","Thousands of dollars",361116,362693,374178,383680,359114,385178,428920,431897
 "26000","Michigan",3,SAOCOMP,8,"...","   Durable goods","Thousands of dollars",246701,245336,256041,261319,226299,249588,288059,284221
 "26000","Michigan",3,SAOCOMP,9,"...","   Nondurable goods","Thousands of dollars",114416,117357,118138,122361,132816,135589,140862,147677
 "26000","Michigan",3,SAOCOMP,10,"...","  Wholesale trade","Thousands of dollars",207352,200984,211694,225904,223133,242012,243039,243987
 "26000","Michigan",3,SAOCOMP,11,"...","  Retail trade","Thousands of dollars",1181188,1197503,1208552,1215371,1239401,1269203,1283724,1329878
 "26000","Michigan",3,SAOCOMP,12,"...","  Transportation and warehousing","Thousands of dollars",289892,298026,300552,317286,338786,355890,382825,409230
 "26000","Michigan",3,SAOCOMP,13,"...","  Information","Thousands of dollars",8269,8645,9096,9526,9623,9793,9567,9339
 "26000","Michigan",3,SAOCOMP,14,"...","  Finance, insurance, real estate, rental, and leasing","Thousands of dollars",96183,92229,87414,90014,92292,95939,100369,109953
 "26000","Michigan",3,SAOCOMP,15,"...","   Finance and insurance","Thousands of dollars",46669,43933,43691,44686,44667,46335,46982,53199
 "26000","Michigan",3,SAOCOMP,16,"...","   Real estate and rental and leasing","Thousands of dollars",49514,48296,43723,45328,47625,49604,53387,56754
 "26000","Michigan",3,SAOCOMP,17,"...","  Professional and business services","Thousands of dollars",77296,70752,78611,86539,88855,101818,106640,109444
 "26000","Michigan",3,SAOCOMP,18,"...","  Educational services, health care, and social assistance","Thousands of dollars",47473,47966,52363,52773,57462,60979,66772,66900
 "26000","Michigan",3,SAOCOMP,19,"...","   Educational services","Thousands of dollars",39897,40392,44522,44685,48840,51943,57676,57221
 "26000","Michigan",3,SAOCOMP,20,"...","   Health care and social assistance","Thousands of dollars",7575,7574,7840,8088,8621,9036,9096,9679
 "26000","Michigan",3,SAOCOMP,21,"...","  Arts, entertainment, recreation, accommodation, and food services","Thousands of dollars",1094245,1090954,1176809,1151579,1204762,1275418,1316299,1355680
 "26000","Michigan",3,SAOCOMP,22,"...","   Arts, entertainment, and recreation","Thousands of dollars",661772,685737,740520,723111,764877,779294,808624,821078
 "26000","Michigan",3,SAOCOMP,23,"...","   Accommodation and food services","Thousands of dollars",432473,405217,436289,428468,439885,496124,507675,534602
 "26000","Michigan",3,SAOCOMP,24,"...","  Other services, except government","Thousands of dollars",62291,65024,69266,78020,85379,93048,99125,104242
 "26000","Michigan",3,SAOCOMP,25,"..."," Government","Thousands of dollars",286773,297090,305608,315766,321188,323753,334206,353071
 "26000","Michigan",3,SAOCOMP,26,"...","  Federal","Thousands of dollars",16712,18159,17766,17029,18275,19565,21166,22487
 "26000","Michigan",3,SAOCOMP,27,"...","  State and local","Thousands of dollars",270061,278931,287842,298736,302913,304188,313039,330584
"Note: See the included footnote file."
"SAOCOMP: Outdoor Recreation Satellite Account Compensation 1/"
"Last updated: November 10, 2020-- new statistics for 2018-2019; revised statistics for 2012-2017."
"Source: U.S. Department of Commerce / Bureau of Economic Analysis / Regional Economic Accounts"
