GeoFIPS,GeoName,Region,TableName,LineCode,IndustryClassification,Description,Unit,2012,2013,2014,2015,2016,2017,2018,2019
 "08000","Colorado",7,SAOCOMP,1,"...","All Industries","Thousands of dollars",4665479,4695989,4978287,5249448,5470025,5791881,6113330,6413321
 "08000","Colorado",7,SAOCOMP,2,"..."," Private Industries","Thousands of dollars",4119352,4136529,4396302,4643765,4820032,5106180,5385274,5650324
 "08000","Colorado",7,SAOCOMP,3,"...","  Agriculture, forestry, fishing, and hunting","Thousands of dollars",32774,33142,37029,40669,41720,48913,47001,46553
 "08000","Colorado",7,SAOCOMP,4,"...","  Mining","Thousands of dollars",3238,2870,2457,1923,1678,2383,2863,2710
 "08000","Colorado",7,SAOCOMP,5,"...","  Utilities","Thousands of dollars",3,4,3,4,4,5,3,4
 "08000","Colorado",7,SAOCOMP,6,"...","  Construction","Thousands of dollars",87180,75000,72845,75158,82479,97377,107412,112954
 "08000","Colorado",7,SAOCOMP,7,"...","  Manufacturing","Thousands of dollars",151663,153069,157771,169762,165670,185328,197033,197432
 "08000","Colorado",7,SAOCOMP,8,"...","   Durable goods","Thousands of dollars",92140,91037,92783,101843,93413,110386,120042,118754
 "08000","Colorado",7,SAOCOMP,9,"...","   Nondurable goods","Thousands of dollars",59522,62032,64987,67919,72257,74942,76992,78679
 "08000","Colorado",7,SAOCOMP,10,"...","  Wholesale trade","Thousands of dollars",217436,211134,228260,252290,251380,262360,259446,267221
 "08000","Colorado",7,SAOCOMP,11,"...","  Retail trade","Thousands of dollars",984133,1012942,1049206,1093916,1109991,1159046,1197119,1250395
 "08000","Colorado",7,SAOCOMP,12,"...","  Transportation and warehousing","Thousands of dollars",382589,420674,442452,490797,539570,573967,608316,658621
 "08000","Colorado",7,SAOCOMP,13,"...","  Information","Thousands of dollars",12644,13241,14298,15076,15392,15697,16110,16781
 "08000","Colorado",7,SAOCOMP,14,"...","  Finance, insurance, real estate, rental, and leasing","Thousands of dollars",191167,181460,180233,193566,186484,189108,210370,233810
 "08000","Colorado",7,SAOCOMP,15,"...","   Finance and insurance","Thousands of dollars",144447,135019,134251,138558,126855,125704,133746,150538
 "08000","Colorado",7,SAOCOMP,16,"...","   Real estate and rental and leasing","Thousands of dollars",46720,46441,45982,55008,59629,63404,76624,83272
 "08000","Colorado",7,SAOCOMP,17,"...","  Professional and business services","Thousands of dollars",77254,69931,77897,87426,91167,104730,110722,117925
 "08000","Colorado",7,SAOCOMP,18,"...","  Educational services, health care, and social assistance","Thousands of dollars",96540,98178,110947,118496,128339,135819,154915,155875
 "08000","Colorado",7,SAOCOMP,19,"...","   Educational services","Thousands of dollars",91136,92886,105358,112459,121678,128584,147445,147902
 "08000","Colorado",7,SAOCOMP,20,"...","   Health care and social assistance","Thousands of dollars",5404,5292,5589,6037,6662,7235,7470,7972
 "08000","Colorado",7,SAOCOMP,21,"...","  Arts, entertainment, recreation, accommodation, and food services","Thousands of dollars",1833108,1812775,1967524,2042591,2140921,2262137,2401931,2514913
 "08000","Colorado",7,SAOCOMP,22,"...","   Arts, entertainment, and recreation","Thousands of dollars",971916,997698,1096094,1119027,1161595,1161232,1242467,1305471
 "08000","Colorado",7,SAOCOMP,23,"...","   Accommodation and food services","Thousands of dollars",861192,815077,871430,923564,979325,1100906,1159465,1209442
 "08000","Colorado",7,SAOCOMP,24,"...","  Other services, except government","Thousands of dollars",49624,52109,55380,62094,65238,69310,72031,75130
 "08000","Colorado",7,SAOCOMP,25,"..."," Government","Thousands of dollars",546127,559460,581985,605683,649993,685701,728057,762997
 "08000","Colorado",7,SAOCOMP,26,"...","  Federal","Thousands of dollars",67197,69836,69727,66610,72125,76174,79525,82732
 "08000","Colorado",7,SAOCOMP,27,"...","  State and local","Thousands of dollars",478930,489623,512258,539073,577868,609527,648531,680265
"Note: See the included footnote file."
"SAOCOMP: Outdoor Recreation Satellite Account Compensation 1/"
"Last updated: November 10, 2020-- new statistics for 2018-2019; revised statistics for 2012-2017."
"Source: U.S. Department of Commerce / Bureau of Economic Analysis / Regional Economic Accounts"
