GeoFIPS,GeoName,Region,TableName,LineCode,IndustryClassification,Description,Unit,2012,2013,2014,2015,2016,2017,2018,2019
 "09000","Connecticut",1,SAOCOMP,1,"...","All Industries","Thousands of dollars",1764096,1803151,1801436,1795774,1842767,1852868,1907829,1982903
 "09000","Connecticut",1,SAOCOMP,2,"..."," Private Industries","Thousands of dollars",1624002,1662840,1655108,1643485,1679885,1683228,1730788,1800605
 "09000","Connecticut",1,SAOCOMP,3,"...","  Agriculture, forestry, fishing, and hunting","Thousands of dollars",22052,21047,23325,25455,27375,28154,25146,23330
 "09000","Connecticut",1,SAOCOMP,4,"...","  Mining","Thousands of dollars",19,18,18,15,14,16,17,16
 "09000","Connecticut",1,SAOCOMP,5,"...","  Utilities","Thousands of dollars",8,10,8,11,12,13,8,10
 "09000","Connecticut",1,SAOCOMP,6,"...","  Construction","Thousands of dollars",21783,22735,25222,28457,32872,37490,39346,38316
 "09000","Connecticut",1,SAOCOMP,7,"...","  Manufacturing","Thousands of dollars",147104,156632,154264,154565,156643,156469,154057,154988
 "09000","Connecticut",1,SAOCOMP,8,"...","   Durable goods","Thousands of dollars",108350,117363,110101,111555,115716,115234,115742,116403
 "09000","Connecticut",1,SAOCOMP,9,"...","   Nondurable goods","Thousands of dollars",38754,39269,44163,43011,40926,41235,38314,38585
 "09000","Connecticut",1,SAOCOMP,10,"...","  Wholesale trade","Thousands of dollars",104447,101848,106266,111447,106568,108129,107133,107671
 "09000","Connecticut",1,SAOCOMP,11,"...","  Retail trade","Thousands of dollars",539655,556136,541985,530952,533065,527083,530447,539325
 "09000","Connecticut",1,SAOCOMP,12,"...","  Transportation and warehousing","Thousands of dollars",73465,73220,71620,74663,75268,77161,80975,90667
 "09000","Connecticut",1,SAOCOMP,13,"...","  Information","Thousands of dollars",5182,5479,5626,5728,5762,5756,5588,5480
 "09000","Connecticut",1,SAOCOMP,14,"...","  Finance, insurance, real estate, rental, and leasing","Thousands of dollars",65847,63258,62129,64166,63321,64684,64239,69248
 "09000","Connecticut",1,SAOCOMP,15,"...","   Finance and insurance","Thousands of dollars",53308,51089,50458,51613,50414,51267,50371,54507
 "09000","Connecticut",1,SAOCOMP,16,"...","   Real estate and rental and leasing","Thousands of dollars",12539,12169,11671,12553,12907,13418,13868,14742
 "09000","Connecticut",1,SAOCOMP,17,"...","  Professional and business services","Thousands of dollars",41300,37123,39817,42627,42924,48223,50524,51092
 "09000","Connecticut",1,SAOCOMP,18,"...","  Educational services, health care, and social assistance","Thousands of dollars",41374,42668,45865,46220,49247,50707,54299,55350
 "09000","Connecticut",1,SAOCOMP,19,"...","   Educational services","Thousands of dollars",37515,38721,41884,42158,44917,46340,49898,50611
 "09000","Connecticut",1,SAOCOMP,20,"...","   Health care and social assistance","Thousands of dollars",3858,3947,3981,4062,4330,4367,4401,4740
 "09000","Connecticut",1,SAOCOMP,21,"...","  Arts, entertainment, recreation, accommodation, and food services","Thousands of dollars",533276,553254,548553,526648,553508,544569,583230,628257
 "09000","Connecticut",1,SAOCOMP,22,"...","   Arts, entertainment, and recreation","Thousands of dollars",273320,290374,310095,301679,307881,303198,317966,331174
 "09000","Connecticut",1,SAOCOMP,23,"...","   Accommodation and food services","Thousands of dollars",259956,262879,238458,224970,245627,241371,265265,297083
 "09000","Connecticut",1,SAOCOMP,24,"...","  Other services, except government","Thousands of dollars",28491,29413,30410,32530,33305,34773,35779,36854
 "09000","Connecticut",1,SAOCOMP,25,"..."," Government","Thousands of dollars",140093,140310,146328,152289,162882,169640,177041,182298
 "09000","Connecticut",1,SAOCOMP,26,"...","  Federal","Thousands of dollars",1910,1936,1822,1680,1652,1726,1805,1869
 "09000","Connecticut",1,SAOCOMP,27,"...","  State and local","Thousands of dollars",138183,138374,144506,150610,161231,167914,175236,180429
"Note: See the included footnote file."
"SAOCOMP: Outdoor Recreation Satellite Account Compensation 1/"
"Last updated: November 10, 2020-- new statistics for 2018-2019; revised statistics for 2012-2017."
"Source: U.S. Department of Commerce / Bureau of Economic Analysis / Regional Economic Accounts"
