GeoFIPS,GeoName,Region,TableName,LineCode,IndustryClassification,Description,Unit,2012,2013,2014,2015,2016,2017,2018,2019
 "34000","New Jersey",2,SAOCOMP,1,"...","All Industries","Thousands of dollars",5284910,5271563,5501225,5660249,5837926,5863477,5901728,6150797
 "34000","New Jersey",2,SAOCOMP,2,"..."," Private Industries","Thousands of dollars",4736118,4674716,4879648,4999586,5185728,5248023,5284834,5504275
 "34000","New Jersey",2,SAOCOMP,3,"...","  Agriculture, forestry, fishing, and hunting","Thousands of dollars",34641,32862,35029,37871,39862,45244,43229,42465
 "34000","New Jersey",2,SAOCOMP,4,"...","  Mining","Thousands of dollars",43,38,38,31,29,34,33,30
 "34000","New Jersey",2,SAOCOMP,5,"...","  Utilities","Thousands of dollars",9,11,9,11,12,11,7,9
 "34000","New Jersey",2,SAOCOMP,6,"...","  Construction","Thousands of dollars",67874,67867,72118,76306,83538,91371,92018,87465
 "34000","New Jersey",2,SAOCOMP,7,"...","  Manufacturing","Thousands of dollars",347078,349840,366399,368213,358736,354380,358774,358525
 "34000","New Jersey",2,SAOCOMP,8,"...","   Durable goods","Thousands of dollars",106399,102453,110520,118794,109178,110363,122109,116703
 "34000","New Jersey",2,SAOCOMP,9,"...","   Nondurable goods","Thousands of dollars",240679,247387,255879,249419,249558,244017,236665,241822
 "34000","New Jersey",2,SAOCOMP,10,"...","  Wholesale trade","Thousands of dollars",438534,422733,443165,469326,465270,475156,465177,461982
 "34000","New Jersey",2,SAOCOMP,11,"...","  Retail trade","Thousands of dollars",1464218,1480445,1506408,1522020,1532591,1506635,1462667,1493375
 "34000","New Jersey",2,SAOCOMP,12,"...","  Transportation and warehousing","Thousands of dollars",482616,498778,497744,526441,555202,579821,608593,641550
 "34000","New Jersey",2,SAOCOMP,13,"...","  Information","Thousands of dollars",19200,20207,20861,21079,21172,21145,20909,20470
 "34000","New Jersey",2,SAOCOMP,14,"...","  Finance, insurance, real estate, rental, and leasing","Thousands of dollars",128441,126333,124112,130027,132243,133161,138303,151148
 "34000","New Jersey",2,SAOCOMP,15,"...","   Finance and insurance","Thousands of dollars",60578,56665,56816,58362,58719,61544,63293,73213
 "34000","New Jersey",2,SAOCOMP,16,"...","   Real estate and rental and leasing","Thousands of dollars",67863,69669,67296,71665,73523,71618,75009,77935
 "34000","New Jersey",2,SAOCOMP,17,"...","  Professional and business services","Thousands of dollars",125641,110011,116161,124309,125830,142121,148240,150528
 "34000","New Jersey",2,SAOCOMP,18,"...","  Educational services, health care, and social assistance","Thousands of dollars",89770,90383,98868,98376,107069,110868,119752,119913
 "34000","New Jersey",2,SAOCOMP,19,"...","   Educational services","Thousands of dollars",81406,82116,90201,89303,97301,100866,109827,109103
 "34000","New Jersey",2,SAOCOMP,20,"...","   Health care and social assistance","Thousands of dollars",8364,8267,8668,9073,9768,10002,9925,10810
 "34000","New Jersey",2,SAOCOMP,21,"...","  Arts, entertainment, recreation, accommodation, and food services","Thousands of dollars",1469411,1403658,1523666,1544351,1681867,1704898,1743639,1890975
 "34000","New Jersey",2,SAOCOMP,22,"...","   Arts, entertainment, and recreation","Thousands of dollars",807211,824300,890169,884185,955022,985382,1051973,1118588
 "34000","New Jersey",2,SAOCOMP,23,"...","   Accommodation and food services","Thousands of dollars",662199,579358,633497,660166,726845,719516,691666,772387
 "34000","New Jersey",2,SAOCOMP,24,"...","  Other services, except government","Thousands of dollars",68642,71550,75069,81225,82306,83177,83492,85838
 "34000","New Jersey",2,SAOCOMP,25,"..."," Government","Thousands of dollars",548791,596847,621576,660663,652198,615454,616893,646522
 "34000","New Jersey",2,SAOCOMP,26,"...","  Federal","Thousands of dollars",33516,35401,31131,27719,27118,26810,28498,30149
 "34000","New Jersey",2,SAOCOMP,27,"...","  State and local","Thousands of dollars",515276,561447,590445,632944,625080,588645,588395,616373
"Note: See the included footnote file."
"SAOCOMP: Outdoor Recreation Satellite Account Compensation 1/"
"Last updated: November 10, 2020-- new statistics for 2018-2019; revised statistics for 2012-2017."
"Source: U.S. Department of Commerce / Bureau of Economic Analysis / Regional Economic Accounts"
