GeoFIPS,GeoName,Region,TableName,LineCode,IndustryClassification,Description,Unit,2012,2013,2014,2015,2016,2017,2018,2019
 "37000","North Carolina",5,SAOCOMP,1,"...","All Industries","Thousands of dollars",4564922,4606027,4801696,5004699,5108819,5393480,5516043,5786878
 "37000","North Carolina",5,SAOCOMP,2,"..."," Private Industries","Thousands of dollars",4054834,4083190,4281136,4490121,4576241,4836029,4929561,5177947
 "37000","North Carolina",5,SAOCOMP,3,"...","  Agriculture, forestry, fishing, and hunting","Thousands of dollars",39170,38249,40571,44775,48617,58021,55251,58770
 "37000","North Carolina",5,SAOCOMP,4,"...","  Mining","Thousands of dollars",433,350,274,197,161,280,294,233
 "37000","North Carolina",5,SAOCOMP,5,"...","  Utilities","Thousands of dollars",8,9,7,9,10,11,7,9
 "37000","North Carolina",5,SAOCOMP,6,"...","  Construction","Thousands of dollars",74559,71589,74213,78359,88335,102985,111988,114316
 "37000","North Carolina",5,SAOCOMP,7,"...","  Manufacturing","Thousands of dollars",400397,392108,419093,449335,399174,418338,444618,448883
 "37000","North Carolina",5,SAOCOMP,8,"...","   Durable goods","Thousands of dollars",197499,190588,203776,237226,188031,210982,243004,245081
 "37000","North Carolina",5,SAOCOMP,9,"...","   Nondurable goods","Thousands of dollars",202898,201520,215317,212109,211143,207356,201614,203802
 "37000","North Carolina",5,SAOCOMP,10,"...","  Wholesale trade","Thousands of dollars",261855,255094,270542,296402,298698,315548,317358,328504
 "37000","North Carolina",5,SAOCOMP,11,"...","  Retail trade","Thousands of dollars",1138154,1175386,1197540,1241653,1267248,1311848,1324382,1402880
 "37000","North Carolina",5,SAOCOMP,12,"...","  Transportation and warehousing","Thousands of dollars",340539,355237,366022,399161,421092,443897,474329,507406
 "37000","North Carolina",5,SAOCOMP,13,"...","  Information","Thousands of dollars",9973,10246,10918,11694,12135,12820,13147,13006
 "37000","North Carolina",5,SAOCOMP,14,"...","  Finance, insurance, real estate, rental, and leasing","Thousands of dollars",74069,72469,68957,73363,75267,77965,81126,88901
 "37000","North Carolina",5,SAOCOMP,15,"...","   Finance and insurance","Thousands of dollars",38525,36719,36714,38538,39189,40460,41095,46093
 "37000","North Carolina",5,SAOCOMP,16,"...","   Real estate and rental and leasing","Thousands of dollars",35544,35750,32242,34825,36078,37505,40031,42808
 "37000","North Carolina",5,SAOCOMP,17,"...","  Professional and business services","Thousands of dollars",53752,48959,55937,62782,66151,76165,81275,85378
 "37000","North Carolina",5,SAOCOMP,18,"...","  Educational services, health care, and social assistance","Thousands of dollars",72524,69160,76198,75724,83867,87626,97593,101132
 "37000","North Carolina",5,SAOCOMP,19,"...","   Educational services","Thousands of dollars",65072,61808,68562,67681,75388,78698,88724,91505
 "37000","North Carolina",5,SAOCOMP,20,"...","   Health care and social assistance","Thousands of dollars",7452,7352,7636,8043,8478,8928,8869,9627
 "37000","North Carolina",5,SAOCOMP,21,"...","  Arts, entertainment, recreation, accommodation, and food services","Thousands of dollars",1519772,1521177,1623476,1670125,1723719,1834264,1830054,1927700
 "37000","North Carolina",5,SAOCOMP,22,"...","   Arts, entertainment, and recreation","Thousands of dollars",796905,841358,901811,906681,975041,997440,1024532,1053273
 "37000","North Carolina",5,SAOCOMP,23,"...","   Accommodation and food services","Thousands of dollars",722867,679819,721665,763444,748678,836824,805522,874428
 "37000","North Carolina",5,SAOCOMP,24,"...","  Other services, except government","Thousands of dollars",69629,73156,77387,86542,91767,96261,98139,100829
 "37000","North Carolina",5,SAOCOMP,25,"..."," Government","Thousands of dollars",510088,522837,520560,514577,532577,557451,586482,608931
 "37000","North Carolina",5,SAOCOMP,26,"...","  Federal","Thousands of dollars",122070,135326,126023,117057,120634,124076,132214,138738
 "37000","North Carolina",5,SAOCOMP,27,"...","  State and local","Thousands of dollars",388018,387510,394536,397521,411943,433374,454268,470193
"Note: See the included footnote file."
"SAOCOMP: Outdoor Recreation Satellite Account Compensation 1/"
"Last updated: November 10, 2020-- new statistics for 2018-2019; revised statistics for 2012-2017."
"Source: U.S. Department of Commerce / Bureau of Economic Analysis / Regional Economic Accounts"
