GeoFIPS,GeoName,Region,TableName,LineCode,IndustryClassification,Description,Unit,2012,2013,2014,2015,2016,2017,2018,2019
 "56000","Wyoming",7,SAOCOMP,1,"...","All Industries","Thousands of dollars",618532,646502,679310,699010,706037,761070,779055,785089
 "56000","Wyoming",7,SAOCOMP,2,"..."," Private Industries","Thousands of dollars",515047,536808,568158,585825,587546,640692,655732,658967
 "56000","Wyoming",7,SAOCOMP,3,"...","  Agriculture, forestry, fishing, and hunting","Thousands of dollars",21153,23044,22994,25535,22017,(D),24171,23793
 "56000","Wyoming",7,SAOCOMP,4,"...","  Mining","Thousands of dollars",3760,3190,2596,1975,1692,2859,3371,2911
 "56000","Wyoming",7,SAOCOMP,5,"...","  Utilities","Thousands of dollars",2,2,2,2,2,2,1,2
 "56000","Wyoming",7,SAOCOMP,6,"...","  Construction","Thousands of dollars",15611,14181,14886,14374,14069,14006,14025,13840
 "56000","Wyoming",7,SAOCOMP,7,"...","  Manufacturing","Thousands of dollars",16255,17100,17555,20318,21816,(D),24647,27064
 "56000","Wyoming",7,SAOCOMP,8,"...","   Durable goods","Thousands of dollars",1025,1044,1028,1158,1508,(D),1898,2400
 "56000","Wyoming",7,SAOCOMP,9,"...","   Nondurable goods","Thousands of dollars",15230,16057,16526,19160,20307,(D),22749,24664
 "56000","Wyoming",7,SAOCOMP,10,"...","  Wholesale trade","Thousands of dollars",16309,16259,18189,18724,17235,17918,17297,17490
 "56000","Wyoming",7,SAOCOMP,11,"...","  Retail trade","Thousands of dollars",118135,124197,127625,131359,131278,135724,136658,138108
 "56000","Wyoming",7,SAOCOMP,12,"...","  Transportation and warehousing","Thousands of dollars",23076,23648,24218,24044,24862,25555,25734,28389
 "56000","Wyoming",7,SAOCOMP,13,"...","  Information","Thousands of dollars",569,598,621,632,652,689,684,666
 "56000","Wyoming",7,SAOCOMP,14,"...","  Finance, insurance, real estate, rental, and leasing","Thousands of dollars",4713,4450,4032,4216,4552,5467,5733,5928
 "56000","Wyoming",7,SAOCOMP,15,"...","   Finance and insurance","Thousands of dollars",1458,1472,1453,1506,1561,2405,2535,2652
 "56000","Wyoming",7,SAOCOMP,16,"...","   Real estate and rental and leasing","Thousands of dollars",3256,2978,2579,2709,2991,3062,3198,3275
 "56000","Wyoming",7,SAOCOMP,17,"...","  Professional and business services","Thousands of dollars",7805,6767,8520,9506,10361,11874,12894,13272
 "56000","Wyoming",7,SAOCOMP,18,"...","  Educational services, health care, and social assistance","Thousands of dollars",5615,5677,6199,6410,7062,8099,9080,9054
 "56000","Wyoming",7,SAOCOMP,19,"...","   Educational services","Thousands of dollars",4899,4966,5453,5621,6238,7219,8204,8172
 "56000","Wyoming",7,SAOCOMP,20,"...","   Health care and social assistance","Thousands of dollars",716,710,746,788,823,879,876,881
 "56000","Wyoming",7,SAOCOMP,21,"...","  Arts, entertainment, recreation, accommodation, and food services","Thousands of dollars",278857,294534,317442,325254,328350,363842,377500,374427
 "56000","Wyoming",7,SAOCOMP,22,"...","   Arts, entertainment, and recreation","Thousands of dollars",56431,58535,62694,61250,63997,66354,69164,69515
 "56000","Wyoming",7,SAOCOMP,23,"...","   Accommodation and food services","Thousands of dollars",222426,236000,254748,264003,264353,297489,308336,304913
 "56000","Wyoming",7,SAOCOMP,24,"...","  Other services, except government","Thousands of dollars",3187,3159,3278,3478,3599,3813,3936,4022
 "56000","Wyoming",7,SAOCOMP,25,"..."," Government","Thousands of dollars",103485,109694,111152,113184,118491,120378,123323,126122
 "56000","Wyoming",7,SAOCOMP,26,"...","  Federal","Thousands of dollars",38916,42356,40028,38336,41328,43325,46783,49409
 "56000","Wyoming",7,SAOCOMP,27,"...","  State and local","Thousands of dollars",64569,67338,71124,74848,77163,77053,76539,76713
"Note: See the included footnote file."
"SAOCOMP: Outdoor Recreation Satellite Account Compensation 1/"
"Last updated: November 10, 2020-- new statistics for 2018-2019; revised statistics for 2012-2017."
"Source: U.S. Department of Commerce / Bureau of Economic Analysis / Regional Economic Accounts"
