GeoFIPS,GeoName,Region,TableName,LineCode,IndustryClassification,Description,Unit,2012,2013,2014,2015,2016,2017,2018,2019
 "46000","South Dakota",4,SAOCOMP,1,"...","All Industries","Thousands of dollars",516714,530561,545736,569275,569750,608438,624123,646844
 "46000","South Dakota",4,SAOCOMP,2,"..."," Private Industries","Thousands of dollars",437679,446355,459437,481605,480962,519954,532787,551723
 "46000","South Dakota",4,SAOCOMP,3,"...","  Agriculture, forestry, fishing, and hunting","Thousands of dollars",12916,13009,13041,13098,12197,13701,13741,14030
 "46000","South Dakota",4,SAOCOMP,4,"...","  Mining","Thousands of dollars",8,7,8,7,6,8,8,8
 "46000","South Dakota",4,SAOCOMP,5,"...","  Utilities","Thousands of dollars",0,1,0,1,1,1,1,1
 "46000","South Dakota",4,SAOCOMP,6,"...","  Construction","Thousands of dollars",17777,17442,17796,17327,16508,16601,16539,15902
 "46000","South Dakota",4,SAOCOMP,7,"...","  Manufacturing","Thousands of dollars",25101,25756,27725,29550,29899,34547,35912,38750
 "46000","South Dakota",4,SAOCOMP,8,"...","   Durable goods","Thousands of dollars",15960,16938,18250,19504,18526,20476,20823,23161
 "46000","South Dakota",4,SAOCOMP,9,"...","   Nondurable goods","Thousands of dollars",9141,8817,9475,10046,11373,14071,15089,15589
 "46000","South Dakota",4,SAOCOMP,10,"...","  Wholesale trade","Thousands of dollars",29009,29299,32016,34416,34792,36510,36785,37861
 "46000","South Dakota",4,SAOCOMP,11,"...","  Retail trade","Thousands of dollars",139962,145764,146568,152624,155048,163391,166412,172710
 "46000","South Dakota",4,SAOCOMP,12,"...","  Transportation and warehousing","Thousands of dollars",20015,20798,20624,21310,21430,21034,21371,22531
 "46000","South Dakota",4,SAOCOMP,13,"...","  Information","Thousands of dollars",845,880,925,935,956,989,984,993
 "46000","South Dakota",4,SAOCOMP,14,"...","  Finance, insurance, real estate, rental, and leasing","Thousands of dollars",5343,5128,4824,5021,5325,5492,5636,6098
 "46000","South Dakota",4,SAOCOMP,15,"...","   Finance and insurance","Thousands of dollars",3425,3205,3131,3192,3210,3289,3285,3621
 "46000","South Dakota",4,SAOCOMP,16,"...","   Real estate and rental and leasing","Thousands of dollars",1918,1924,1693,1829,2115,2203,2351,2477
 "46000","South Dakota",4,SAOCOMP,17,"...","  Professional and business services","Thousands of dollars",11975,10494,12746,14387,15415,17297,18029,18441
 "46000","South Dakota",4,SAOCOMP,18,"...","  Educational services, health care, and social assistance","Thousands of dollars",8005,8122,8889,9270,10271,11073,12233,12292
 "46000","South Dakota",4,SAOCOMP,19,"...","   Educational services","Thousands of dollars",7078,7170,7915,8225,9197,9928,11086,11078
 "46000","South Dakota",4,SAOCOMP,20,"...","   Health care and social assistance","Thousands of dollars",927,952,975,1045,1074,1144,1147,1214
 "46000","South Dakota",4,SAOCOMP,21,"...","  Arts, entertainment, recreation, accommodation, and food services","Thousands of dollars",161534,164250,168602,177445,172606,192404,197862,204559
 "46000","South Dakota",4,SAOCOMP,22,"...","   Arts, entertainment, and recreation","Thousands of dollars",46590,47169,50357,50352,54645,56174,60426,64057
 "46000","South Dakota",4,SAOCOMP,23,"...","   Accommodation and food services","Thousands of dollars",114944,117081,118244,127093,117961,136230,137436,140502
 "46000","South Dakota",4,SAOCOMP,24,"...","  Other services, except government","Thousands of dollars",5189,5406,5671,6215,6508,6908,7275,7548
 "46000","South Dakota",4,SAOCOMP,25,"..."," Government","Thousands of dollars",79034,84206,86300,87669,88788,88484,91337,95121
 "46000","South Dakota",4,SAOCOMP,26,"...","  Federal","Thousands of dollars",25424,27377,25464,24026,25298,26206,27947,29087
 "46000","South Dakota",4,SAOCOMP,27,"...","  State and local","Thousands of dollars",53610,56829,60835,63643,63491,62278,63390,66033
"Note: See the included footnote file."
"SAOCOMP: Outdoor Recreation Satellite Account Compensation 1/"
"Last updated: November 10, 2020-- new statistics for 2018-2019; revised statistics for 2012-2017."
"Source: U.S. Department of Commerce / Bureau of Economic Analysis / Regional Economic Accounts"
