GeoFIPS,GeoName,Region,TableName,LineCode,IndustryClassification,Description,Unit,2012,2013,2014,2015,2016,2017,2018,2019
 "47000","Tennessee",5,SAOCOMP,1,"...","All Industries","Thousands of dollars",3401280,3337826,3442720,3459006,3533182,3695662,3899323,4118206
 "47000","Tennessee",5,SAOCOMP,2,"..."," Private Industries","Thousands of dollars",3107293,3036519,3135152,3150479,3213290,3370264,3556813,3757882
 "47000","Tennessee",5,SAOCOMP,3,"...","  Agriculture, forestry, fishing, and hunting","Thousands of dollars",30597,28967,31807,34502,36819,42417,41595,41781
 "47000","Tennessee",5,SAOCOMP,4,"...","  Mining","Thousands of dollars",735,604,468,338,272,567,682,560
 "47000","Tennessee",5,SAOCOMP,5,"...","  Utilities","Thousands of dollars",1,1,1,1,1,2,1,1
 "47000","Tennessee",5,SAOCOMP,6,"...","  Construction","Thousands of dollars",44234,47160,52967,59334,66837,75106,79968,78875
 "47000","Tennessee",5,SAOCOMP,7,"...","  Manufacturing","Thousands of dollars",376080,367418,373036,368882,347227,354463,391075,390377
 "47000","Tennessee",5,SAOCOMP,8,"...","   Durable goods","Thousands of dollars",250061,239013,243045,237004,210057,217215,252230,247587
 "47000","Tennessee",5,SAOCOMP,9,"...","   Nondurable goods","Thousands of dollars",126019,128404,129990,131879,137170,137248,138845,142791
 "47000","Tennessee",5,SAOCOMP,10,"...","  Wholesale trade","Thousands of dollars",174771,170903,178288,190406,190092,198131,198745,200643
 "47000","Tennessee",5,SAOCOMP,11,"...","  Retail trade","Thousands of dollars",1007235,992544,993412,979118,984064,994135,1014028,1060140
 "47000","Tennessee",5,SAOCOMP,12,"...","  Transportation and warehousing","Thousands of dollars",234531,234730,230091,237764,239216,248065,271579,296431
 "47000","Tennessee",5,SAOCOMP,13,"...","  Information","Thousands of dollars",6002,6401,6668,6836,6837,7077,7069,6971
 "47000","Tennessee",5,SAOCOMP,14,"...","  Finance, insurance, real estate, rental, and leasing","Thousands of dollars",48047,47639,45748,49129,51149,54267,57565,63238
 "47000","Tennessee",5,SAOCOMP,15,"...","   Finance and insurance","Thousands of dollars",27817,26747,26032,26606,26167,26808,27086,30386
 "47000","Tennessee",5,SAOCOMP,16,"...","   Real estate and rental and leasing","Thousands of dollars",20229,20892,19716,22523,24981,27460,30479,32852
 "47000","Tennessee",5,SAOCOMP,17,"...","  Professional and business services","Thousands of dollars",50621,46448,52341,59141,62134,71975,74464,77616
 "47000","Tennessee",5,SAOCOMP,18,"...","  Educational services, health care, and social assistance","Thousands of dollars",35947,36521,39426,40039,43601,46454,51318,53212
 "47000","Tennessee",5,SAOCOMP,19,"...","   Educational services","Thousands of dollars",30222,30834,33481,33830,36983,39515,44367,45767
 "47000","Tennessee",5,SAOCOMP,20,"...","   Health care and social assistance","Thousands of dollars",5725,5687,5945,6209,6619,6939,6951,7445
 "47000","Tennessee",5,SAOCOMP,21,"...","  Arts, entertainment, recreation, accommodation, and food services","Thousands of dollars",1056472,1013945,1085273,1075508,1133153,1221333,1307812,1422617
 "47000","Tennessee",5,SAOCOMP,22,"...","   Arts, entertainment, and recreation","Thousands of dollars",434157,446824,479133,483344,527737,570331,629503,673608
 "47000","Tennessee",5,SAOCOMP,23,"...","   Accommodation and food services","Thousands of dollars",622315,567121,606141,592164,605416,651002,678309,749009
 "47000","Tennessee",5,SAOCOMP,24,"...","  Other services, except government","Thousands of dollars",42021,43237,45626,49481,51890,56274,60911,65422
 "47000","Tennessee",5,SAOCOMP,25,"..."," Government","Thousands of dollars",293987,301307,307567,308527,319892,325398,342511,360324
 "47000","Tennessee",5,SAOCOMP,26,"...","  Federal","Thousands of dollars",46649,51980,49169,46940,49554,50818,54704,58174
 "47000","Tennessee",5,SAOCOMP,27,"...","  State and local","Thousands of dollars",247337,249327,258399,261587,270337,274580,287807,302150
"Note: See the included footnote file."
"SAOCOMP: Outdoor Recreation Satellite Account Compensation 1/"
"Last updated: November 10, 2020-- new statistics for 2018-2019; revised statistics for 2012-2017."
"Source: U.S. Department of Commerce / Bureau of Economic Analysis / Regional Economic Accounts"
