GeoFIPS,GeoName,Region,TableName,LineCode,IndustryClassification,Description,Unit,2012,2013,2014,2015,2016,2017,2018,2019
 "41000","Oregon",8,SAOCOMP,1,"...","All Industries","Thousands of dollars",2975432,2915034,3060963,3249088,3419529,3660058,3817090,3954385
 "41000","Oregon",8,SAOCOMP,2,"..."," Private Industries","Thousands of dollars",2644401,2570360,2698495,2867536,3018531,3250830,3392415,3508442
 "41000","Oregon",8,SAOCOMP,3,"...","  Agriculture, forestry, fishing, and hunting","Thousands of dollars",84559,81994,89758,97383,101113,114856,113822,114751
 "41000","Oregon",8,SAOCOMP,4,"...","  Mining","Thousands of dollars",337,260,200,136,118,252,321,269
 "41000","Oregon",8,SAOCOMP,5,"...","  Utilities","Thousands of dollars",1,1,1,1,1,1,1,1
 "41000","Oregon",8,SAOCOMP,6,"...","  Construction","Thousands of dollars",37423,38511,40901,43503,46779,51805,54852,54335
 "41000","Oregon",8,SAOCOMP,7,"...","  Manufacturing","Thousands of dollars",201723,205563,207625,221695,231037,258215,278261,278209
 "41000","Oregon",8,SAOCOMP,8,"...","   Durable goods","Thousands of dollars",139096,140364,147878,161089,157166,192847,209170,204104
 "41000","Oregon",8,SAOCOMP,9,"...","   Nondurable goods","Thousands of dollars",62627,65199,59747,60606,73871,65368,69090,74105
 "41000","Oregon",8,SAOCOMP,10,"...","  Wholesale trade","Thousands of dollars",468783,432706,457996,511850,558672,602724,608884,619538
 "41000","Oregon",8,SAOCOMP,11,"...","  Retail trade","Thousands of dollars",737000,755165,782560,828401,854147,884229,908275,944388
 "41000","Oregon",8,SAOCOMP,12,"...","  Transportation and warehousing","Thousands of dollars",166657,171558,179373,195078,212000,230022,237916,250003
 "41000","Oregon",8,SAOCOMP,13,"...","  Information","Thousands of dollars",4069,4064,4204,4505,4448,4777,4960,5109
 "41000","Oregon",8,SAOCOMP,14,"...","  Finance, insurance, real estate, rental, and leasing","Thousands of dollars",41463,40945,37381,38472,41468,44221,45474,51940
 "41000","Oregon",8,SAOCOMP,15,"...","   Finance and insurance","Thousands of dollars",28166,27040,24668,24357,25590,26654,27010,30910
 "41000","Oregon",8,SAOCOMP,16,"...","   Real estate and rental and leasing","Thousands of dollars",13297,13905,12714,14115,15878,17566,18464,21030
 "41000","Oregon",8,SAOCOMP,17,"...","  Professional and business services","Thousands of dollars",39601,35191,39926,44068,47323,55056,58325,59405
 "41000","Oregon",8,SAOCOMP,18,"...","  Educational services, health care, and social assistance","Thousands of dollars",34806,35103,37788,38553,43045,45915,50353,50891
 "41000","Oregon",8,SAOCOMP,19,"...","   Educational services","Thousands of dollars",30523,30993,33487,33979,38184,40688,44970,45160
 "41000","Oregon",8,SAOCOMP,20,"...","   Health care and social assistance","Thousands of dollars",4283,4110,4301,4574,4861,5226,5383,5731
 "41000","Oregon",8,SAOCOMP,21,"...","  Arts, entertainment, recreation, accommodation, and food services","Thousands of dollars",803415,744315,794628,815496,848734,927204,997995,1045152
 "41000","Oregon",8,SAOCOMP,22,"...","   Arts, entertainment, and recreation","Thousands of dollars",299386,306714,321377,315501,347983,364135,391139,414803
 "41000","Oregon",8,SAOCOMP,23,"...","   Accommodation and food services","Thousands of dollars",504029,437602,473251,499995,500751,563069,606856,630350
 "41000","Oregon",8,SAOCOMP,24,"...","  Other services, except government","Thousands of dollars",24564,24985,26154,28394,29647,31553,32978,34451
 "41000","Oregon",8,SAOCOMP,25,"..."," Government","Thousands of dollars",331031,344674,362468,381553,400998,409228,424674,445943
 "41000","Oregon",8,SAOCOMP,26,"...","  Federal","Thousands of dollars",35504,33957,36196,35492,39928,43204,43143,43382
 "41000","Oregon",8,SAOCOMP,27,"...","  State and local","Thousands of dollars",295527,310716,326272,346060,361070,366024,381531,402560
"Note: See the included footnote file."
"SAOCOMP: Outdoor Recreation Satellite Account Compensation 1/"
"Last updated: November 10, 2020-- new statistics for 2018-2019; revised statistics for 2012-2017."
"Source: U.S. Department of Commerce / Bureau of Economic Analysis / Regional Economic Accounts"
