GeoFIPS,GeoName,Region,TableName,LineCode,IndustryClassification,Description,Unit,2012,2013,2014,2015,2016,2017,2018,2019
 "22000","Louisiana",5,SAOCOMP,1,"...","All Industries","Thousands of dollars",2178186,2191069,2253484,2326725,2372363,2386481,2449786,2551873
 "22000","Louisiana",5,SAOCOMP,2,"..."," Private Industries","Thousands of dollars",1885128,1895811,1949908,2019039,2065297,2079420,2140952,2234022
 "22000","Louisiana",5,SAOCOMP,3,"...","  Agriculture, forestry, fishing, and hunting","Thousands of dollars",18654,17637,16931,18845,18029,21602,20839,21421
 "22000","Louisiana",5,SAOCOMP,4,"...","  Mining","Thousands of dollars",2387,2403,2254,1861,1834,1822,1944,1905
 "22000","Louisiana",5,SAOCOMP,5,"...","  Utilities","Thousands of dollars",3,3,3,3,4,4,3,4
 "22000","Louisiana",5,SAOCOMP,6,"...","  Construction","Thousands of dollars",122491,132931,136868,143008,144136,151490,151964,151734
 "22000","Louisiana",5,SAOCOMP,7,"...","  Manufacturing","Thousands of dollars",241059,245388,246195,258008,251816,273664,283001,296710
 "22000","Louisiana",5,SAOCOMP,8,"...","   Durable goods","Thousands of dollars",53433,51382,54518,49469,37503,37348,42632,37123
 "22000","Louisiana",5,SAOCOMP,9,"...","   Nondurable goods","Thousands of dollars",187626,194006,191677,208539,214313,236316,240368,259587
 "22000","Louisiana",5,SAOCOMP,10,"...","  Wholesale trade","Thousands of dollars",108338,107729,113219,116619,109214,110755,108081,108951
 "22000","Louisiana",5,SAOCOMP,11,"...","  Retail trade","Thousands of dollars",562891,572612,577982,591644,609084,600640,600861,610677
 "22000","Louisiana",5,SAOCOMP,12,"...","  Transportation and warehousing","Thousands of dollars",198314,209798,208479,216175,213884,208222,220272,236203
 "22000","Louisiana",5,SAOCOMP,13,"...","  Information","Thousands of dollars",2948,3103,3247,3343,3414,3565,3447,3327
 "22000","Louisiana",5,SAOCOMP,14,"...","  Finance, insurance, real estate, rental, and leasing","Thousands of dollars",25298,24393,23188,24795,25107,26461,26063,28019
 "22000","Louisiana",5,SAOCOMP,15,"...","   Finance and insurance","Thousands of dollars",9067,8519,8367,8749,8914,9314,9283,10334
 "22000","Louisiana",5,SAOCOMP,16,"...","   Real estate and rental and leasing","Thousands of dollars",16231,15874,14822,16046,16193,17147,16780,17685
 "22000","Louisiana",5,SAOCOMP,17,"...","  Professional and business services","Thousands of dollars",22683,20017,23232,25545,27037,30937,33016,34242
 "22000","Louisiana",5,SAOCOMP,18,"...","  Educational services, health care, and social assistance","Thousands of dollars",20591,21063,22946,23926,26606,28523,31469,31990
 "22000","Louisiana",5,SAOCOMP,19,"...","   Educational services","Thousands of dollars",17454,17969,19705,20476,22837,24668,27543,27770
 "22000","Louisiana",5,SAOCOMP,20,"...","   Health care and social assistance","Thousands of dollars",3136,3094,3241,3450,3768,3855,3926,4220
 "22000","Louisiana",5,SAOCOMP,21,"...","  Arts, entertainment, recreation, accommodation, and food services","Thousands of dollars",529963,508381,543697,561154,600136,585709,623268,671738
 "22000","Louisiana",5,SAOCOMP,22,"...","   Arts, entertainment, and recreation","Thousands of dollars",251461,260594,282674,285222,305064,315538,329524,350050
 "22000","Louisiana",5,SAOCOMP,23,"...","   Accommodation and food services","Thousands of dollars",278503,247786,261023,275932,295073,270171,293744,321689
 "22000","Louisiana",5,SAOCOMP,24,"...","  Other services, except government","Thousands of dollars",29508,30352,31668,34113,34996,36027,36723,37102
 "22000","Louisiana",5,SAOCOMP,25,"..."," Government","Thousands of dollars",293058,295259,303576,307686,307066,307061,308834,317851
 "22000","Louisiana",5,SAOCOMP,26,"...","  Federal","Thousands of dollars",7674,8701,8301,7656,7408,7340,7569,7938
 "22000","Louisiana",5,SAOCOMP,27,"...","  State and local","Thousands of dollars",285383,286558,295275,300030,299658,299720,301265,309912
"Note: See the included footnote file."
"SAOCOMP: Outdoor Recreation Satellite Account Compensation 1/"
"Last updated: November 10, 2020-- new statistics for 2018-2019; revised statistics for 2012-2017."
"Source: U.S. Department of Commerce / Bureau of Economic Analysis / Regional Economic Accounts"
