GeoFIPS,GeoName,Region,TableName,LineCode,IndustryClassification,Description,Unit,2012,2013,2014,2015,2016,2017,2018,2019
 "44000","Rhode Island",1,SAOCOMP,1,"...","All Industries","Thousands of dollars",657022,668777,679482,707540,714192,724918,772737,784303
 "44000","Rhode Island",1,SAOCOMP,2,"..."," Private Industries","Thousands of dollars",625381,636322,645962,672649,677682,687292,732498,741278
 "44000","Rhode Island",1,SAOCOMP,3,"...","  Agriculture, forestry, fishing, and hunting","Thousands of dollars",3386,(D),(D),(D),(D),(D),(D),(D)
 "44000","Rhode Island",1,SAOCOMP,4,"...","  Mining","Thousands of dollars",4,(D),(D),(D),(D),(D),(D),(D)
 "44000","Rhode Island",1,SAOCOMP,5,"...","  Utilities","Thousands of dollars",0,0,0,0,0,0,0,0
 "44000","Rhode Island",1,SAOCOMP,6,"...","  Construction","Thousands of dollars",5380,6591,7210,7894,8875,(D),10997,10796
 "44000","Rhode Island",1,SAOCOMP,7,"...","  Manufacturing","Thousands of dollars",48567,47839,49297,(D),(D),33710,36838,33620
 "44000","Rhode Island",1,SAOCOMP,8,"...","   Durable goods","Thousands of dollars",37157,35929,36291,(D),(D),21358,25255,22092
 "44000","Rhode Island",1,SAOCOMP,9,"...","   Nondurable goods","Thousands of dollars",11410,11910,13005,13023,13023,12353,11582,11528
 "44000","Rhode Island",1,SAOCOMP,10,"...","  Wholesale trade","Thousands of dollars",26799,26007,26776,27845,26874,27560,26941,26905
 "44000","Rhode Island",1,SAOCOMP,11,"...","  Retail trade","Thousands of dollars",157539,163744,162817,170227,171787,172516,177588,177587
 "44000","Rhode Island",1,SAOCOMP,12,"...","  Transportation and warehousing","Thousands of dollars",39626,41100,41090,43634,43975,43359,44496,45472
 "44000","Rhode Island",1,SAOCOMP,13,"...","  Information","Thousands of dollars",1439,1399,1443,1427,1389,1380,1346,1300
 "44000","Rhode Island",1,SAOCOMP,14,"...","  Finance, insurance, real estate, rental, and leasing","Thousands of dollars",11547,11885,11213,11950,12338,12834,13052,14362
 "44000","Rhode Island",1,SAOCOMP,15,"...","   Finance and insurance","Thousands of dollars",7380,7146,7214,7801,7951,8386,8358,9418
 "44000","Rhode Island",1,SAOCOMP,16,"...","   Real estate and rental and leasing","Thousands of dollars",4168,4738,3999,4148,4387,4449,4694,4945
 "44000","Rhode Island",1,SAOCOMP,17,"...","  Professional and business services","Thousands of dollars",25308,23517,25475,28180,28156,31600,33267,35926
 "44000","Rhode Island",1,SAOCOMP,18,"...","  Educational services, health care, and social assistance","Thousands of dollars",13351,13642,14533,14732,15387,15637,16742,17188
 "44000","Rhode Island",1,SAOCOMP,19,"...","   Educational services","Thousands of dollars",11724,12019,12904,13009,13596,13820,14858,15274
 "44000","Rhode Island",1,SAOCOMP,20,"...","   Health care and social assistance","Thousands of dollars",1627,1623,1629,1723,1791,1816,1884,1914
 "44000","Rhode Island",1,SAOCOMP,21,"...","  Arts, entertainment, recreation, accommodation, and food services","Thousands of dollars",284580,289413,294368,308729,319088,324365,357204,364203
 "44000","Rhode Island",1,SAOCOMP,22,"...","   Arts, entertainment, and recreation","Thousands of dollars",90919,97359,103987,102878,107538,106956,110754,115264
 "44000","Rhode Island",1,SAOCOMP,23,"...","   Accommodation and food services","Thousands of dollars",193661,192054,190380,205851,211550,217408,246451,248940
 "44000","Rhode Island",1,SAOCOMP,24,"...","  Other services, except government","Thousands of dollars",7855,7907,8230,9034,9494,10017,10342,10540
 "44000","Rhode Island",1,SAOCOMP,25,"..."," Government","Thousands of dollars",31641,32455,33520,34891,36510,37626,40239,43025
 "44000","Rhode Island",1,SAOCOMP,26,"...","  Federal","Thousands of dollars",1406,1344,1257,1176,1168,1235,1313,1378
 "44000","Rhode Island",1,SAOCOMP,27,"...","  State and local","Thousands of dollars",30235,31111,32263,33715,35342,36391,38926,41647
"Note: See the included footnote file."
"SAOCOMP: Outdoor Recreation Satellite Account Compensation 1/"
"Last updated: November 10, 2020-- new statistics for 2018-2019; revised statistics for 2012-2017."
"Source: U.S. Department of Commerce / Bureau of Economic Analysis / Regional Economic Accounts"
