GeoFIPS,GeoName,Region,TableName,LineCode,IndustryClassification,Description,Unit,2012,2013,2014,2015,2016,2017,2018,2019
 "53000","Washington",8,SAOCOMP,1,"...","All Industries","Thousands of dollars",4818031,4846430,5129739,5382079,5653651,5975050,6299566,6467993
 "53000","Washington",8,SAOCOMP,2,"..."," Private Industries","Thousands of dollars",4251551,4248089,4509761,4734504,4969839,5275455,5588893,5754330
 "53000","Washington",8,SAOCOMP,3,"...","  Agriculture, forestry, fishing, and hunting","Thousands of dollars",82866,74481,78426,79811,85278,92264,85697,89780
 "53000","Washington",8,SAOCOMP,4,"...","  Mining","Thousands of dollars",448,378,301,223,195,424,536,457
 "53000","Washington",8,SAOCOMP,5,"...","  Utilities","Thousands of dollars",8,10,8,11,12,12,8,10
 "53000","Washington",8,SAOCOMP,6,"...","  Construction","Thousands of dollars",93951,97595,104914,114221,126126,143572,154572,158722
 "53000","Washington",8,SAOCOMP,7,"...","  Manufacturing","Thousands of dollars",519851,511701,532570,526994,516432,532505,570551,506646
 "53000","Washington",8,SAOCOMP,8,"...","   Durable goods","Thousands of dollars",404219,393137,412889,402049,386341,396146,430550,356816
 "53000","Washington",8,SAOCOMP,9,"...","   Nondurable goods","Thousands of dollars",115631,118564,119680,124945,130090,136358,140001,149830
 "53000","Washington",8,SAOCOMP,10,"...","  Wholesale trade","Thousands of dollars",325485,315809,329975,350896,352141,375892,373446,381509
 "53000","Washington",8,SAOCOMP,11,"...","  Retail trade","Thousands of dollars",1168279,1212788,1260595,1326702,1371412,1423823,1494648,1570916
 "53000","Washington",8,SAOCOMP,12,"...","  Transportation and warehousing","Thousands of dollars",529702,579248,604525,662857,731278,791090,846303,886091
 "53000","Washington",8,SAOCOMP,13,"...","  Information","Thousands of dollars",18114,17095,18369,21323,21096,23786,25574,28180
 "53000","Washington",8,SAOCOMP,14,"...","  Finance, insurance, real estate, rental, and leasing","Thousands of dollars",68352,65747,61669,62403,68237,71599,73877,80813
 "53000","Washington",8,SAOCOMP,15,"...","   Finance and insurance","Thousands of dollars",42090,39098,37770,36207,39555,40429,39998,43995
 "53000","Washington",8,SAOCOMP,16,"...","   Real estate and rental and leasing","Thousands of dollars",26263,26649,23900,26196,28681,31170,33880,36818
 "53000","Washington",8,SAOCOMP,17,"...","  Professional and business services","Thousands of dollars",188877,175764,192760,221121,239423,292903,321124,345225
 "53000","Washington",8,SAOCOMP,18,"...","  Educational services, health care, and social assistance","Thousands of dollars",59213,59078,64661,64424,72763,77820,86681,87832
 "53000","Washington",8,SAOCOMP,19,"...","   Educational services","Thousands of dollars",53055,53079,58312,57696,65583,70277,78841,79389
 "53000","Washington",8,SAOCOMP,20,"...","   Health care and social assistance","Thousands of dollars",6158,5999,6349,6728,7180,7543,7840,8443
 "53000","Washington",8,SAOCOMP,21,"...","  Arts, entertainment, recreation, accommodation, and food services","Thousands of dollars",1128741,1066994,1186830,1223287,1302997,1364375,1467903,1528526
 "53000","Washington",8,SAOCOMP,22,"...","   Arts, entertainment, and recreation","Thousands of dollars",541039,567875,616296,609643,668307,687045,721075,748769
 "53000","Washington",8,SAOCOMP,23,"...","   Accommodation and food services","Thousands of dollars",587702,499119,570534,613644,634689,677331,746828,779757
 "53000","Washington",8,SAOCOMP,24,"...","  Other services, except government","Thousands of dollars",67666,71401,74159,80229,82448,85388,87973,89625
 "53000","Washington",8,SAOCOMP,25,"..."," Government","Thousands of dollars",566480,598341,619978,647575,683812,699595,710673,713663
 "53000","Washington",8,SAOCOMP,26,"...","  Federal","Thousands of dollars",66554,72195,69351,65286,67821,69795,73012,76217
 "53000","Washington",8,SAOCOMP,27,"...","  State and local","Thousands of dollars",499926,526145,550627,582289,615992,629801,637661,637446
"Note: See the included footnote file."
"SAOCOMP: Outdoor Recreation Satellite Account Compensation 1/"
"Last updated: November 10, 2020-- new statistics for 2018-2019; revised statistics for 2012-2017."
"Source: U.S. Department of Commerce / Bureau of Economic Analysis / Regional Economic Accounts"
