GeoFIPS,GeoName,Region,TableName,LineCode,IndustryClassification,Description,Unit,2012,2013,2014,2015,2016,2017,2018,2019
 "33000","New Hampshire",1,SAOCOMP,1,"...","All Industries","Thousands of dollars",1087119,1090432,1108175,1141875,1166744,1218495,1233320,1309494
 "33000","New Hampshire",1,SAOCOMP,2,"..."," Private Industries","Thousands of dollars",1037007,1037102,1052529,1083889,1108077,1159914,1174338,1249800
 "33000","New Hampshire",1,SAOCOMP,3,"...","  Agriculture, forestry, fishing, and hunting","Thousands of dollars",5765,5436,5963,6253,6489,6641,5914,5429
 "33000","New Hampshire",1,SAOCOMP,4,"...","  Mining","Thousands of dollars",8,7,7,6,6,8,8,8
 "33000","New Hampshire",1,SAOCOMP,5,"...","  Utilities","Thousands of dollars",2,3,2,3,3,3,2,2
 "33000","New Hampshire",1,SAOCOMP,6,"...","  Construction","Thousands of dollars",3873,3944,4126,4579,5288,6293,6866,6855
 "33000","New Hampshire",1,SAOCOMP,7,"...","  Manufacturing","Thousands of dollars",79367,86705,81338,88896,104424,107102,110466,123241
 "33000","New Hampshire",1,SAOCOMP,8,"...","   Durable goods","Thousands of dollars",64596,71546,65734,72168,86445,88914,91842,104462
 "33000","New Hampshire",1,SAOCOMP,9,"...","   Nondurable goods","Thousands of dollars",14772,15159,15604,16728,17979,18188,18624,18779
 "33000","New Hampshire",1,SAOCOMP,10,"...","  Wholesale trade","Thousands of dollars",69879,66884,71239,76366,73124,78566,77217,79281
 "33000","New Hampshire",1,SAOCOMP,11,"...","  Retail trade","Thousands of dollars",323373,332748,337496,345944,343421,351103,349388,365491
 "33000","New Hampshire",1,SAOCOMP,12,"...","  Transportation and warehousing","Thousands of dollars",42641,42251,40964,40801,41356,41954,42584,45642
 "33000","New Hampshire",1,SAOCOMP,13,"...","  Information","Thousands of dollars",1915,1950,2041,2173,2198,2304,2349,2356
 "33000","New Hampshire",1,SAOCOMP,14,"...","  Finance, insurance, real estate, rental, and leasing","Thousands of dollars",38878,36708,34021,35644,35551,36909,38485,41353
 "33000","New Hampshire",1,SAOCOMP,15,"...","   Finance and insurance","Thousands of dollars",24836,22977,22114,22195,21337,21798,21773,23859
 "33000","New Hampshire",1,SAOCOMP,16,"...","   Real estate and rental and leasing","Thousands of dollars",14042,13731,11907,13449,14214,15111,16712,17494
 "33000","New Hampshire",1,SAOCOMP,17,"...","  Professional and business services","Thousands of dollars",13339,12521,13991,16049,16586,18333,18270,18363
 "33000","New Hampshire",1,SAOCOMP,18,"...","  Educational services, health care, and social assistance","Thousands of dollars",19666,19759,21012,21367,22813,24563,26566,26701
 "33000","New Hampshire",1,SAOCOMP,19,"...","   Educational services","Thousands of dollars",17856,18003,19223,19516,20869,22511,24514,24465
 "33000","New Hampshire",1,SAOCOMP,20,"...","   Health care and social assistance","Thousands of dollars",1810,1756,1789,1851,1944,2052,2051,2236
 "33000","New Hampshire",1,SAOCOMP,21,"...","  Arts, entertainment, recreation, accommodation, and food services","Thousands of dollars",426546,416230,428133,432711,443263,471932,481694,520109
 "33000","New Hampshire",1,SAOCOMP,22,"...","   Arts, entertainment, and recreation","Thousands of dollars",167708,170020,176884,173410,178687,183964,196050,204528
 "33000","New Hampshire",1,SAOCOMP,23,"...","   Accommodation and food services","Thousands of dollars",258838,246210,251249,259300,264576,287968,285644,315582
 "33000","New Hampshire",1,SAOCOMP,24,"...","  Other services, except government","Thousands of dollars",11755,11956,12196,13098,13554,14202,14530,14969
 "33000","New Hampshire",1,SAOCOMP,25,"..."," Government","Thousands of dollars",50111,53329,55645,57986,58667,58581,58981,59694
 "33000","New Hampshire",1,SAOCOMP,26,"...","  Federal","Thousands of dollars",3300,3075,3277,3089,3018,2830,2534,2486
 "33000","New Hampshire",1,SAOCOMP,27,"...","  State and local","Thousands of dollars",46811,50255,52368,54896,55650,55750,56447,57208
"Note: See the included footnote file."
"SAOCOMP: Outdoor Recreation Satellite Account Compensation 1/"
"Last updated: November 10, 2020-- new statistics for 2018-2019; revised statistics for 2012-2017."
"Source: U.S. Department of Commerce / Bureau of Economic Analysis / Regional Economic Accounts"
