GeoFIPS,GeoName,Region,TableName,LineCode,IndustryClassification,Description,Unit,2012,2013,2014,2015,2016,2017,2018,2019
 "40000","Oklahoma",6,SAOCOMP,1,"...","All Industries","Thousands of dollars",1523173,1549105,1614468,1681767,1746316,1764864,1840287,1862115
 "40000","Oklahoma",6,SAOCOMP,2,"..."," Private Industries","Thousands of dollars",1365965,1380750,1437749,1496320,1559065,1579143,1649525,1659895
 "40000","Oklahoma",6,SAOCOMP,3,"...","  Agriculture, forestry, fishing, and hunting","Thousands of dollars",25529,23844,25504,27565,27306,31162,29870,31716
 "40000","Oklahoma",6,SAOCOMP,4,"...","  Mining","Thousands of dollars",2410,2420,2336,2137,1983,2060,2380,2449
 "40000","Oklahoma",6,SAOCOMP,5,"...","  Utilities","Thousands of dollars",3,3,2,3,4,4,3,3
 "40000","Oklahoma",6,SAOCOMP,6,"...","  Construction","Thousands of dollars",46870,49059,54743,63730,76754,92887,103302,104696
 "40000","Oklahoma",6,SAOCOMP,7,"...","  Manufacturing","Thousands of dollars",102638,103785,107546,110842,111193,125411,135518,134862
 "40000","Oklahoma",6,SAOCOMP,8,"...","   Durable goods","Thousands of dollars",47885,47829,49291,50832,49589,59663,69858,65068
 "40000","Oklahoma",6,SAOCOMP,9,"...","   Nondurable goods","Thousands of dollars",54752,55955,58255,60010,61605,65748,65660,69795
 "40000","Oklahoma",6,SAOCOMP,10,"...","  Wholesale trade","Thousands of dollars",78720,77290,82153,84928,80320,82437,81838,83051
 "40000","Oklahoma",6,SAOCOMP,11,"...","  Retail trade","Thousands of dollars",415901,434225,444538,462321,478973,470736,477384,480720
 "40000","Oklahoma",6,SAOCOMP,12,"...","  Transportation and warehousing","Thousands of dollars",190681,190450,186819,193852,189362,191303,192074,195092
 "40000","Oklahoma",6,SAOCOMP,13,"...","  Information","Thousands of dollars",3756,4015,4148,4111,4056,4063,3903,3762
 "40000","Oklahoma",6,SAOCOMP,14,"...","  Finance, insurance, real estate, rental, and leasing","Thousands of dollars",46535,42974,39929,38418,36737,36675,36390,37883
 "40000","Oklahoma",6,SAOCOMP,15,"...","   Finance and insurance","Thousands of dollars",10103,9708,9526,9920,9651,9815,9463,10376
 "40000","Oklahoma",6,SAOCOMP,16,"...","   Real estate and rental and leasing","Thousands of dollars",36432,33265,30402,28498,27086,26860,26926,27506
 "40000","Oklahoma",6,SAOCOMP,17,"...","  Professional and business services","Thousands of dollars",40104,35422,41088,45220,48095,54779,57977,59359
 "40000","Oklahoma",6,SAOCOMP,18,"...","  Educational services, health care, and social assistance","Thousands of dollars",26297,26470,29117,29856,32590,33707,37175,36758
 "40000","Oklahoma",6,SAOCOMP,19,"...","   Educational services","Thousands of dollars",23969,24107,26648,27225,29701,30784,34183,33608
 "40000","Oklahoma",6,SAOCOMP,20,"...","   Health care and social assistance","Thousands of dollars",2328,2363,2470,2631,2889,2924,2992,3149
 "40000","Oklahoma",6,SAOCOMP,21,"...","  Arts, entertainment, recreation, accommodation, and food services","Thousands of dollars",362883,365510,392862,402969,439598,421055,459068,457673
 "40000","Oklahoma",6,SAOCOMP,22,"...","   Arts, entertainment, and recreation","Thousands of dollars",203548,210843,224699,228590,248284,254715,264437,269549
 "40000","Oklahoma",6,SAOCOMP,23,"...","   Accommodation and food services","Thousands of dollars",159335,154667,168163,174380,191314,166341,194631,188124
 "40000","Oklahoma",6,SAOCOMP,24,"...","  Other services, except government","Thousands of dollars",23639,25284,26962,30367,32095,32862,32644,31871
 "40000","Oklahoma",6,SAOCOMP,25,"..."," Government","Thousands of dollars",157207,168354,176720,185447,187251,185721,190762,202220
 "40000","Oklahoma",6,SAOCOMP,26,"...","  Federal","Thousands of dollars",11811,13167,12322,11148,11346,11846,13059,13807
 "40000","Oklahoma",6,SAOCOMP,27,"...","  State and local","Thousands of dollars",145396,155188,164398,174299,175905,173875,177703,188413
"Note: See the included footnote file."
"SAOCOMP: Outdoor Recreation Satellite Account Compensation 1/"
"Last updated: November 10, 2020-- new statistics for 2018-2019; revised statistics for 2012-2017."
"Source: U.S. Department of Commerce / Bureau of Economic Analysis / Regional Economic Accounts"
