GeoFIPS,GeoName,Region,TableName,LineCode,IndustryClassification,Description,Unit,2012,2013,2014,2015,2016,2017,2018,2019
 "35000","New Mexico",6,SAOCOMP,1,"...","All Industries","Thousands of dollars",995108,1004348,1022915,1078752,1099848,1113456,1138857,1225432
 "35000","New Mexico",6,SAOCOMP,2,"..."," Private Industries","Thousands of dollars",832606,833614,846015,895640,912692,922973,938382,1011825
 "35000","New Mexico",6,SAOCOMP,3,"...","  Agriculture, forestry, fishing, and hunting","Thousands of dollars",9490,9298,10308,10446,11031,12618,12675,12906
 "35000","New Mexico",6,SAOCOMP,4,"...","  Mining","Thousands of dollars",2156,1945,1677,1410,1272,1582,1743,1652
 "35000","New Mexico",6,SAOCOMP,5,"...","  Utilities","Thousands of dollars",1,2,1,2,2,2,1,1
 "35000","New Mexico",6,SAOCOMP,6,"...","  Construction","Thousands of dollars",24974,22116,22640,21501,21440,23288,25388,27052
 "35000","New Mexico",6,SAOCOMP,7,"...","  Manufacturing","Thousands of dollars",23640,23979,23948,25916,25769,28223,28101,29354
 "35000","New Mexico",6,SAOCOMP,8,"...","   Durable goods","Thousands of dollars",6499,6209,6374,6554,6091,7039,7335,6680
 "35000","New Mexico",6,SAOCOMP,9,"...","   Nondurable goods","Thousands of dollars",17140,17770,17574,19362,19678,21184,20766,22674
 "35000","New Mexico",6,SAOCOMP,10,"...","  Wholesale trade","Thousands of dollars",26983,26604,27834,29499,27723,28442,27810,28352
 "35000","New Mexico",6,SAOCOMP,11,"...","  Retail trade","Thousands of dollars",273709,281795,282420,294202,297877,298916,303479,316627
 "35000","New Mexico",6,SAOCOMP,12,"...","  Transportation and warehousing","Thousands of dollars",57487,56741,56791,58928,59503,60668,64298,68694
 "35000","New Mexico",6,SAOCOMP,13,"...","  Information","Thousands of dollars",1567,1625,1693,1640,1629,1698,1645,1568
 "35000","New Mexico",6,SAOCOMP,14,"...","  Finance, insurance, real estate, rental, and leasing","Thousands of dollars",18447,18425,17393,20071,21226,23118,22420,26229
 "35000","New Mexico",6,SAOCOMP,15,"...","   Finance and insurance","Thousands of dollars",10401,9753,9850,11947,12463,13260,12880,15698
 "35000","New Mexico",6,SAOCOMP,16,"...","   Real estate and rental and leasing","Thousands of dollars",8046,8672,7543,8124,8763,9858,9539,10531
 "35000","New Mexico",6,SAOCOMP,17,"...","  Professional and business services","Thousands of dollars",18770,16141,18729,20043,20874,23638,24986,25551
 "35000","New Mexico",6,SAOCOMP,18,"...","  Educational services, health care, and social assistance","Thousands of dollars",13606,13601,14775,16025,17806,19160,20822,21637
 "35000","New Mexico",6,SAOCOMP,19,"...","   Educational services","Thousands of dollars",11893,11916,13078,14217,15894,17209,18875,19532
 "35000","New Mexico",6,SAOCOMP,20,"...","   Health care and social assistance","Thousands of dollars",1713,1685,1697,1808,1912,1951,1947,2105
 "35000","New Mexico",6,SAOCOMP,21,"...","  Arts, entertainment, recreation, accommodation, and food services","Thousands of dollars",351148,350499,356693,383919,394079,388662,391734,438443
 "35000","New Mexico",6,SAOCOMP,22,"...","   Arts, entertainment, and recreation","Thousands of dollars",98857,100447,108028,113967,120487,116966,114316,120786
 "35000","New Mexico",6,SAOCOMP,23,"...","   Accommodation and food services","Thousands of dollars",252291,250052,248666,269951,273592,271696,277418,317658
 "35000","New Mexico",6,SAOCOMP,24,"...","  Other services, except government","Thousands of dollars",10627,10844,11111,12038,12461,12957,13279,13759
 "35000","New Mexico",6,SAOCOMP,25,"..."," Government","Thousands of dollars",162502,170734,176900,183112,187156,190483,200475,213607
 "35000","New Mexico",6,SAOCOMP,26,"...","  Federal","Thousands of dollars",16877,17398,16830,15858,16879,17796,18825,20038
 "35000","New Mexico",6,SAOCOMP,27,"...","  State and local","Thousands of dollars",145625,153335,160070,167255,170277,172687,181649,193569
"Note: See the included footnote file."
"SAOCOMP: Outdoor Recreation Satellite Account Compensation 1/"
"Last updated: November 10, 2020-- new statistics for 2018-2019; revised statistics for 2012-2017."
"Source: U.S. Department of Commerce / Bureau of Economic Analysis / Regional Economic Accounts"
