GeoFIPS,GeoName,Region,TableName,LineCode,IndustryClassification,Description,Unit,2012,2013,2014,2015,2016,2017,2018,2019
 "13000","Georgia",5,SAOCOMP,1,"...","All Industries","Thousands of dollars",4846132,4980399,5199293,5424816,5659217,5919214,6196751,6323871
 "13000","Georgia",5,SAOCOMP,2,"..."," Private Industries","Thousands of dollars",4344530,4456026,4665944,4879214,5107797,5369488,5638670,5745156
 "13000","Georgia",5,SAOCOMP,3,"...","  Agriculture, forestry, fishing, and hunting","Thousands of dollars",67302,69273,68365,77680,70850,89189,83018,86549
 "13000","Georgia",5,SAOCOMP,4,"...","  Mining","Thousands of dollars",108,97,101,89,109,154,170,157
 "13000","Georgia",5,SAOCOMP,5,"...","  Utilities","Thousands of dollars",6,7,6,7,9,9,6,8
 "13000","Georgia",5,SAOCOMP,6,"...","  Construction","Thousands of dollars",73457,68484,71524,75756,87208,101918,108756,106669
 "13000","Georgia",5,SAOCOMP,7,"...","  Manufacturing","Thousands of dollars",423950,436996,454258,451411,433206,511471,573192,580359
 "13000","Georgia",5,SAOCOMP,8,"...","   Durable goods","Thousands of dollars",264842,278681,290452,287612,264655,342928,403976,403423
 "13000","Georgia",5,SAOCOMP,9,"...","   Nondurable goods","Thousands of dollars",159108,158315,163807,163798,168551,168544,169215,176936
 "13000","Georgia",5,SAOCOMP,10,"...","  Wholesale trade","Thousands of dollars",294938,295728,307182,328586,346690,356578,348388,349278
 "13000","Georgia",5,SAOCOMP,11,"...","  Retail trade","Thousands of dollars",1141603,1186367,1205160,1240388,1265700,1282610,1299620,1323392
 "13000","Georgia",5,SAOCOMP,12,"...","  Transportation and warehousing","Thousands of dollars",799241,848828,891801,976707,1075222,1129586,1205301,1182555
 "13000","Georgia",5,SAOCOMP,13,"...","  Information","Thousands of dollars",17497,18136,19389,19675,20372,21790,22492,22814
 "13000","Georgia",5,SAOCOMP,14,"...","  Finance, insurance, real estate, rental, and leasing","Thousands of dollars",77937,77686,77142,81330,83323,86199,87679,96075
 "13000","Georgia",5,SAOCOMP,15,"...","   Finance and insurance","Thousands of dollars",40178,38900,38056,38636,38045,39248,39675,44476
 "13000","Georgia",5,SAOCOMP,16,"...","   Real estate and rental and leasing","Thousands of dollars",37758,38787,39087,42694,45278,46952,48005,51600
 "13000","Georgia",5,SAOCOMP,17,"...","  Professional and business services","Thousands of dollars",113290,104853,111580,119396,117121,131454,137307,141895
 "13000","Georgia",5,SAOCOMP,18,"...","  Educational services, health care, and social assistance","Thousands of dollars",64787,66042,71408,72046,78149,81366,88740,88834
 "13000","Georgia",5,SAOCOMP,19,"...","   Educational services","Thousands of dollars",57863,59057,64129,64373,69850,72717,79879,79286
 "13000","Georgia",5,SAOCOMP,20,"...","   Health care and social assistance","Thousands of dollars",6924,6985,7279,7673,8299,8649,8861,9549
 "13000","Georgia",5,SAOCOMP,21,"...","  Arts, entertainment, recreation, accommodation, and food services","Thousands of dollars",1197494,1208073,1308946,1349897,1439933,1481834,1584026,1662248
 "13000","Georgia",5,SAOCOMP,22,"...","   Arts, entertainment, and recreation","Thousands of dollars",610720,652187,714284,735163,784936,806883,842459,886721
 "13000","Georgia",5,SAOCOMP,23,"...","   Accommodation and food services","Thousands of dollars",586774,555886,594662,614734,654998,674951,741567,775527
 "13000","Georgia",5,SAOCOMP,24,"...","  Other services, except government","Thousands of dollars",72919,75455,79081,86247,89906,95331,99972,104322
 "13000","Georgia",5,SAOCOMP,25,"..."," Government","Thousands of dollars",501602,524373,533349,545601,551420,549726,558080,578715
 "13000","Georgia",5,SAOCOMP,26,"...","  Federal","Thousands of dollars",52403,59315,55906,52729,53531,53602,55522,58313
 "13000","Georgia",5,SAOCOMP,27,"...","  State and local","Thousands of dollars",449198,465058,477443,492873,497889,496124,502559,520402
"Note: See the included footnote file."
"SAOCOMP: Outdoor Recreation Satellite Account Compensation 1/"
"Last updated: November 10, 2020-- new statistics for 2018-2019; revised statistics for 2012-2017."
"Source: U.S. Department of Commerce / Bureau of Economic Analysis / Regional Economic Accounts"
