GeoFIPS,GeoName,Region,TableName,LineCode,IndustryClassification,Description,Unit,2012,2013,2014,2015,2016,2017,2018,2019
 "42000","Pennsylvania",2,SAOCOMP,1,"...","All Industries","Thousands of dollars",5899799,6010313,6164079,6304443,6351676,6438102,6440744,6602521
 "42000","Pennsylvania",2,SAOCOMP,2,"..."," Private Industries","Thousands of dollars",5299938,5329884,5457368,5541570,5604794,5755998,5816484,6000273
 "42000","Pennsylvania",2,SAOCOMP,3,"...","  Agriculture, forestry, fishing, and hunting","Thousands of dollars",95379,90452,96956,105286,109165,122816,115731,114672
 "42000","Pennsylvania",2,SAOCOMP,4,"...","  Mining","Thousands of dollars",5551,4818,3860,3015,2570,4081,4936,4520
 "42000","Pennsylvania",2,SAOCOMP,5,"...","  Utilities","Thousands of dollars",62,68,56,69,86,97,67,93
 "42000","Pennsylvania",2,SAOCOMP,6,"...","  Construction","Thousands of dollars",85323,82740,86417,94543,108551,125532,133256,131483
 "42000","Pennsylvania",2,SAOCOMP,7,"...","  Manufacturing","Thousands of dollars",554608,562600,578716,573685,548337,576750,579390,598485
 "42000","Pennsylvania",2,SAOCOMP,8,"...","   Durable goods","Thousands of dollars",266789,272123,284022,280152,251737,281941,289974,301171
 "42000","Pennsylvania",2,SAOCOMP,9,"...","   Nondurable goods","Thousands of dollars",287819,290477,294695,293533,296600,294809,289416,297314
 "42000","Pennsylvania",2,SAOCOMP,10,"...","  Wholesale trade","Thousands of dollars",328205,321239,337787,370691,358183,362812,354258,356986
 "42000","Pennsylvania",2,SAOCOMP,11,"...","  Retail trade","Thousands of dollars",1494936,1517673,1502729,1493572,1484439,1488014,1480584,1506173
 "42000","Pennsylvania",2,SAOCOMP,12,"...","  Transportation and warehousing","Thousands of dollars",394892,400806,405045,437797,451097,464250,484416,515196
 "42000","Pennsylvania",2,SAOCOMP,13,"...","  Information","Thousands of dollars",16984,17929,18287,18378,18150,18467,18508,19173
 "42000","Pennsylvania",2,SAOCOMP,14,"...","  Finance, insurance, real estate, rental, and leasing","Thousands of dollars",155771,152466,148416,151332,149938,153800,157828,171940
 "42000","Pennsylvania",2,SAOCOMP,15,"...","   Finance and insurance","Thousands of dollars",105197,101772,100342,99605,95478,97982,99369,112143
 "42000","Pennsylvania",2,SAOCOMP,16,"...","   Real estate and rental and leasing","Thousands of dollars",50574,50694,48074,51727,54460,55819,58458,59796
 "42000","Pennsylvania",2,SAOCOMP,17,"...","  Professional and business services","Thousands of dollars",123348,113524,123222,135457,138379,159175,167974,173100
 "42000","Pennsylvania",2,SAOCOMP,18,"...","  Educational services, health care, and social assistance","Thousands of dollars",121553,128364,138638,141583,151301,157496,170668,174547
 "42000","Pennsylvania",2,SAOCOMP,19,"...","   Educational services","Thousands of dollars",109563,116232,126174,128647,137601,143379,156606,159514
 "42000","Pennsylvania",2,SAOCOMP,20,"...","   Health care and social assistance","Thousands of dollars",11990,12132,12463,12936,13700,14117,14062,15033
 "42000","Pennsylvania",2,SAOCOMP,21,"...","  Arts, entertainment, recreation, accommodation, and food services","Thousands of dollars",1836463,1847802,1925012,1917601,1984129,2018211,2041745,2124139
 "42000","Pennsylvania",2,SAOCOMP,22,"...","   Arts, entertainment, and recreation","Thousands of dollars",1130986,1195015,1279863,1257866,1309801,1316751,1347634,1387927
 "42000","Pennsylvania",2,SAOCOMP,23,"...","   Accommodation and food services","Thousands of dollars",705477,652787,645149,659735,674328,701460,694112,736212
 "42000","Pennsylvania",2,SAOCOMP,24,"...","  Other services, except government","Thousands of dollars",86866,89403,92227,98560,100468,104497,107124,109767
 "42000","Pennsylvania",2,SAOCOMP,25,"..."," Government","Thousands of dollars",599860,680429,706711,762873,746882,682104,624259,602248
 "42000","Pennsylvania",2,SAOCOMP,26,"...","  Federal","Thousands of dollars",53944,59221,55439,52965,56175,58421,62756,65409
 "42000","Pennsylvania",2,SAOCOMP,27,"...","  State and local","Thousands of dollars",545917,621208,651272,709907,690708,623683,561503,536839
"Note: See the included footnote file."
"SAOCOMP: Outdoor Recreation Satellite Account Compensation 1/"
"Last updated: November 10, 2020-- new statistics for 2018-2019; revised statistics for 2012-2017."
"Source: U.S. Department of Commerce / Bureau of Economic Analysis / Regional Economic Accounts"
