GeoFIPS,GeoName,Region,TableName,LineCode,IndustryClassification,Description,Unit,2012,2013,2014,2015,2016,2017,2018,2019
 "48000","Texas",6,SAOCOMP,1,"...","All Industries","Thousands of dollars",10876478,11078047,11521200,12144361,12754390,13333512,13841962,14431740
 "48000","Texas",6,SAOCOMP,2,"..."," Private Industries","Thousands of dollars",9969206,10132551,10511512,11054580,11570183,12093612,12542457,13081766
 "48000","Texas",6,SAOCOMP,3,"...","  Agriculture, forestry, fishing, and hunting","Thousands of dollars",199000,214441,224756,266666,238309,279006,254956,272059
 "48000","Texas",6,SAOCOMP,4,"...","  Mining","Thousands of dollars",14280,14145,14156,13823,13228,12404,13682,14714
 "48000","Texas",6,SAOCOMP,5,"...","  Utilities","Thousands of dollars",39,46,40,53,68,76,49,62
 "48000","Texas",6,SAOCOMP,6,"...","  Construction","Thousands of dollars",250700,248931,261353,268869,293120,329067,349244,347411
 "48000","Texas",6,SAOCOMP,7,"...","  Manufacturing","Thousands of dollars",1018928,1039735,1010355,1049842,1085734,1144072,1190373,1236615
 "48000","Texas",6,SAOCOMP,8,"...","   Durable goods","Thousands of dollars",339537,339212,356286,373925,360187,403848,446581,427855
 "48000","Texas",6,SAOCOMP,9,"...","   Nondurable goods","Thousands of dollars",679392,700523,654070,675917,725547,740224,743791,808760
 "48000","Texas",6,SAOCOMP,10,"...","  Wholesale trade","Thousands of dollars",683843,673634,712915,769894,743040,799224,808913,837145
 "48000","Texas",6,SAOCOMP,11,"...","  Retail trade","Thousands of dollars",2988252,3099451,3154128,3257479,3348820,3395548,3480115,3604276
 "48000","Texas",6,SAOCOMP,12,"...","  Transportation and warehousing","Thousands of dollars",1261202,1327128,1350351,1485794,1560629,1629665,1673550,1754745
 "48000","Texas",6,SAOCOMP,13,"...","  Information","Thousands of dollars",31752,34032,36407,38326,39324,41180,41437,42035
 "48000","Texas",6,SAOCOMP,14,"...","  Finance, insurance, real estate, rental, and leasing","Thousands of dollars",203715,199537,199077,215296,223503,233656,242261,268803
 "48000","Texas",6,SAOCOMP,15,"...","   Finance and insurance","Thousands of dollars",110206,106659,107573,114346,115101,118878,120043,139807
 "48000","Texas",6,SAOCOMP,16,"...","   Real estate and rental and leasing","Thousands of dollars",93509,92878,91503,100950,108402,114778,122218,128996
 "48000","Texas",6,SAOCOMP,17,"...","  Professional and business services","Thousands of dollars",274502,251332,286069,324311,345368,404190,434393,456445
 "48000","Texas",6,SAOCOMP,18,"...","  Educational services, health care, and social assistance","Thousands of dollars",157835,160100,173460,175923,194067,208252,234212,237081
 "48000","Texas",6,SAOCOMP,19,"...","   Educational services","Thousands of dollars",140715,142739,155306,156538,172808,186041,211699,212703
 "48000","Texas",6,SAOCOMP,20,"...","   Health care and social assistance","Thousands of dollars",17120,17361,18154,19385,21259,22212,22513,24377
 "48000","Texas",6,SAOCOMP,21,"...","  Arts, entertainment, recreation, accommodation, and food services","Thousands of dollars",2689943,2661808,2868350,2944065,3228716,3346895,3536327,3717830
 "48000","Texas",6,SAOCOMP,22,"...","   Arts, entertainment, and recreation","Thousands of dollars",1656661,1720005,1867717,1902809,2074226,2169229,2276417,2384358
 "48000","Texas",6,SAOCOMP,23,"...","   Accommodation and food services","Thousands of dollars",1033282,941803,1000633,1041257,1154490,1177666,1259910,1333472
 "48000","Texas",6,SAOCOMP,24,"...","  Other services, except government","Thousands of dollars",195214,208231,220096,244238,256259,270377,282947,292545
 "48000","Texas",6,SAOCOMP,25,"..."," Government","Thousands of dollars",907271,945496,1009688,1089781,1184207,1239900,1299505,1349973
 "48000","Texas",6,SAOCOMP,26,"...","  Federal","Thousands of dollars",53659,56362,51480,47658,50106,53397,57357,60439
 "48000","Texas",6,SAOCOMP,27,"...","  State and local","Thousands of dollars",853612,889135,958207,1042123,1134102,1186503,1242149,1289534
"Note: See the included footnote file."
"SAOCOMP: Outdoor Recreation Satellite Account Compensation 1/"
"Last updated: November 10, 2020-- new statistics for 2018-2019; revised statistics for 2012-2017."
"Source: U.S. Department of Commerce / Bureau of Economic Analysis / Regional Economic Accounts"
