GeoFIPS,GeoName,Region,TableName,LineCode,IndustryClassification,Description,Unit,2012,2013,2014,2015,2016,2017,2018,2019
 "27000","Minnesota",4,SAOCOMP,1,"...","All Industries","Thousands of dollars",3487415,3570775,3692219,3808418,3943064,4122186,4271539,4489325
 "27000","Minnesota",4,SAOCOMP,2,"..."," Private Industries","Thousands of dollars",3064831,3111102,3205050,3285973,3422772,3614724,3751655,3936068
 "27000","Minnesota",4,SAOCOMP,3,"...","  Agriculture, forestry, fishing, and hunting","Thousands of dollars",48802,44882,43961,47217,48747,60533,58545,63572
 "27000","Minnesota",4,SAOCOMP,4,"...","  Mining","Thousands of dollars",93,80,81,64,54,71,78,78
 "27000","Minnesota",4,SAOCOMP,5,"...","  Utilities","Thousands of dollars",21,25,20,22,24,24,15,19
 "27000","Minnesota",4,SAOCOMP,6,"...","  Construction","Thousands of dollars",102753,98124,101212,110851,128542,155275,173118,178505
 "27000","Minnesota",4,SAOCOMP,7,"...","  Manufacturing","Thousands of dollars",475236,502215,508153,510246,498586,541325,570968,596188
 "27000","Minnesota",4,SAOCOMP,8,"...","   Durable goods","Thousands of dollars",358579,380101,389228,384455,345952,397528,421788,435616
 "27000","Minnesota",4,SAOCOMP,9,"...","   Nondurable goods","Thousands of dollars",116656,122114,118925,125791,152635,143796,149179,160571
 "27000","Minnesota",4,SAOCOMP,10,"...","  Wholesale trade","Thousands of dollars",303020,307173,318055,328581,326870,345779,346068,348201
 "27000","Minnesota",4,SAOCOMP,11,"...","  Retail trade","Thousands of dollars",766332,782487,792400,815102,852572,874690,886083,921619
 "27000","Minnesota",4,SAOCOMP,12,"...","  Transportation and warehousing","Thousands of dollars",328562,335012,339453,357610,378648,388825,406355,420350
 "27000","Minnesota",4,SAOCOMP,13,"...","  Information","Thousands of dollars",7585,7784,8046,8360,8346,8589,8661,8512
 "27000","Minnesota",4,SAOCOMP,14,"...","  Finance, insurance, real estate, rental, and leasing","Thousands of dollars",110168,104030,98589,100041,99543,100385,100557,110738
 "27000","Minnesota",4,SAOCOMP,15,"...","   Finance and insurance","Thousands of dollars",82020,75849,72608,72496,69803,70605,70159,80792
 "27000","Minnesota",4,SAOCOMP,16,"...","   Real estate and rental and leasing","Thousands of dollars",28148,28181,25981,27545,29740,29780,30398,29946
 "27000","Minnesota",4,SAOCOMP,17,"...","  Professional and business services","Thousands of dollars",50614,46082,50606,55418,57307,66548,70481,72321
 "27000","Minnesota",4,SAOCOMP,18,"...","  Educational services, health care, and social assistance","Thousands of dollars",49827,50831,55494,56189,61999,64626,69319,68308
 "27000","Minnesota",4,SAOCOMP,19,"...","   Educational services","Thousands of dollars",44515,45417,49884,50323,55688,58006,62595,61006
 "27000","Minnesota",4,SAOCOMP,20,"...","   Health care and social assistance","Thousands of dollars",5312,5414,5610,5866,6311,6620,6724,7302
 "27000","Minnesota",4,SAOCOMP,21,"...","  Arts, entertainment, recreation, accommodation, and food services","Thousands of dollars",784269,793099,847406,850345,912737,955748,1006535,1090183
 "27000","Minnesota",4,SAOCOMP,22,"...","   Arts, entertainment, and recreation","Thousands of dollars",491737,514132,556926,559541,605238,631889,684701,735852
 "27000","Minnesota",4,SAOCOMP,23,"...","   Accommodation and food services","Thousands of dollars",292531,278967,290481,290804,307499,323859,321834,354331
 "27000","Minnesota",4,SAOCOMP,24,"...","  Other services, except government","Thousands of dollars",37549,39280,41576,45927,48797,52307,54873,57472
 "27000","Minnesota",4,SAOCOMP,25,"..."," Government","Thousands of dollars",422584,459673,487169,522445,520292,507462,519884,553257
 "27000","Minnesota",4,SAOCOMP,26,"...","  Federal","Thousands of dollars",9800,10123,10213,9651,9968,10298,10809,11553
 "27000","Minnesota",4,SAOCOMP,27,"...","  State and local","Thousands of dollars",412784,449550,476957,512794,510324,497164,509076,541704
"Note: See the included footnote file."
"SAOCOMP: Outdoor Recreation Satellite Account Compensation 1/"
"Last updated: November 10, 2020-- new statistics for 2018-2019; revised statistics for 2012-2017."
"Source: U.S. Department of Commerce / Bureau of Economic Analysis / Regional Economic Accounts"
