GeoFIPS,GeoName,Region,TableName,LineCode,IndustryClassification,Description,Unit,2012,2013,2014,2015,2016,2017,2018,2019
 "54000","West Virginia",5,SAOCOMP,1,"...","All Industries","Thousands of dollars",653245,649980,637622,664562,648665,648158,671674,681827
 "54000","West Virginia",5,SAOCOMP,2,"..."," Private Industries","Thousands of dollars",577705,570160,555634,581948,566949,569151,591812,598198
 "54000","West Virginia",5,SAOCOMP,3,"...","  Agriculture, forestry, fishing, and hunting","Thousands of dollars",5291,5134,5623,6196,6507,7626,7380,7131
 "54000","West Virginia",5,SAOCOMP,4,"...","  Mining","Thousands of dollars",9534,7597,5685,3720,2804,5686,7265,6456
 "54000","West Virginia",5,SAOCOMP,5,"...","  Utilities","Thousands of dollars",1,1,1,1,2,2,1,2
 "54000","West Virginia",5,SAOCOMP,6,"...","  Construction","Thousands of dollars",8963,9281,9659,10858,11770,13246,14107,14628
 "54000","West Virginia",5,SAOCOMP,7,"...","  Manufacturing","Thousands of dollars",18506,18034,18625,18986,19158,20336,20511,21048
 "54000","West Virginia",5,SAOCOMP,8,"...","   Durable goods","Thousands of dollars",4857,4237,4245,4330,4339,4691,5211,5729
 "54000","West Virginia",5,SAOCOMP,9,"...","   Nondurable goods","Thousands of dollars",13649,13797,14381,14656,14819,15645,15300,15318
 "54000","West Virginia",5,SAOCOMP,10,"...","  Wholesale trade","Thousands of dollars",41128,39496,40459,41415,37882,39410,37123,37049
 "54000","West Virginia",5,SAOCOMP,11,"...","  Retail trade","Thousands of dollars",204526,210457,204076,210003,205049,203380,207195,209714
 "54000","West Virginia",5,SAOCOMP,12,"...","  Transportation and warehousing","Thousands of dollars",23309,22907,22321,22463,21833,22233,24631,26060
 "54000","West Virginia",5,SAOCOMP,13,"...","  Information","Thousands of dollars",1542,1597,1669,1736,1766,1717,1565,1422
 "54000","West Virginia",5,SAOCOMP,14,"...","  Finance, insurance, real estate, rental, and leasing","Thousands of dollars",9749,9517,8721,9133,9110,9332,9059,10002
 "54000","West Virginia",5,SAOCOMP,15,"...","   Finance and insurance","Thousands of dollars",4623,4400,4234,4337,4160,4284,4305,4770
 "54000","West Virginia",5,SAOCOMP,16,"...","   Real estate and rental and leasing","Thousands of dollars",5126,5117,4487,4797,4950,5048,4754,5233
 "54000","West Virginia",5,SAOCOMP,17,"...","  Professional and business services","Thousands of dollars",11190,9812,11358,12374,13084,15293,16618,17374
 "54000","West Virginia",5,SAOCOMP,18,"...","  Educational services, health care, and social assistance","Thousands of dollars",7346,7385,7765,8027,8396,8639,9320,9353
 "54000","West Virginia",5,SAOCOMP,19,"...","   Educational services","Thousands of dollars",5755,5800,6181,6312,6612,6816,7461,7409
 "54000","West Virginia",5,SAOCOMP,20,"...","   Health care and social assistance","Thousands of dollars",1591,1585,1584,1715,1784,1824,1859,1944
 "54000","West Virginia",5,SAOCOMP,21,"...","  Arts, entertainment, recreation, accommodation, and food services","Thousands of dollars",229873,222191,212866,229832,222248,214659,229154,229876
 "54000","West Virginia",5,SAOCOMP,22,"...","   Arts, entertainment, and recreation","Thousands of dollars",78844,79601,82357,76733,76068,72459,72643,72916
 "54000","West Virginia",5,SAOCOMP,23,"...","   Accommodation and food services","Thousands of dollars",151029,142590,130509,153098,146181,142200,156511,156960
 "54000","West Virginia",5,SAOCOMP,24,"...","  Other services, except government","Thousands of dollars",6748,6750,6805,7205,7341,7593,7882,8084
 "54000","West Virginia",5,SAOCOMP,25,"..."," Government","Thousands of dollars",75540,79821,81988,82614,81716,79007,79862,83630
 "54000","West Virginia",5,SAOCOMP,26,"...","  Federal","Thousands of dollars",12571,13057,12504,11548,12032,12158,12625,13034
 "54000","West Virginia",5,SAOCOMP,27,"...","  State and local","Thousands of dollars",62969,66763,69484,71066,69684,66849,67237,70596
"Note: See the included footnote file."
"SAOCOMP: Outdoor Recreation Satellite Account Compensation 1/"
"Last updated: November 10, 2020-- new statistics for 2018-2019; revised statistics for 2012-2017."
"Source: U.S. Department of Commerce / Bureau of Economic Analysis / Regional Economic Accounts"
