GeoFIPS,GeoName,Region,TableName,LineCode,IndustryClassification,Description,Unit,2012,2013,2014,2015,2016,2017,2018,2019
 "23000","Maine",1,SAOCOMP,1,"...","All Industries","Thousands of dollars",1152873,1157466,1163065,1171326,1174563,1222069,1273974,1353825
 "23000","Maine",1,SAOCOMP,2,"..."," Private Industries","Thousands of dollars",1090336,1091133,1092948,1098924,1099506,1145720,1192159,1266082
 "23000","Maine",1,SAOCOMP,3,"...","  Agriculture, forestry, fishing, and hunting","Thousands of dollars",(D),9918,10917,11838,13440,14849,13992,13753
 "23000","Maine",1,SAOCOMP,4,"...","  Mining","Thousands of dollars",(D),10,10,(D),(D),9,10,9
 "23000","Maine",1,SAOCOMP,5,"...","  Utilities","Thousands of dollars",1,1,1,1,1,1,1,1
 "23000","Maine",1,SAOCOMP,6,"...","  Construction","Thousands of dollars",21550,17455,16917,14797,14655,15788,16753,16526
 "23000","Maine",1,SAOCOMP,7,"...","  Manufacturing","Thousands of dollars",116832,117092,108663,(D),(D),98335,109891,116926
 "23000","Maine",1,SAOCOMP,8,"...","   Durable goods","Thousands of dollars",71147,70527,72606,(D),(D),52741,58996,56033
 "23000","Maine",1,SAOCOMP,9,"...","   Nondurable goods","Thousands of dollars",45685,46565,36057,35365,68068,45594,50895,60893
 "23000","Maine",1,SAOCOMP,10,"...","  Wholesale trade","Thousands of dollars",27342,26672,28759,30310,29392,31175,30766,31473
 "23000","Maine",1,SAOCOMP,11,"...","  Retail trade","Thousands of dollars",294850,300522,297462,301237,295663,307717,312242,327229
 "23000","Maine",1,SAOCOMP,12,"...","  Transportation and warehousing","Thousands of dollars",33555,35041,36634,39237,42576,44073,46471,50781
 "23000","Maine",1,SAOCOMP,13,"...","  Information","Thousands of dollars",1278,1353,1381,1394,1393,1428,1422,1399
 "23000","Maine",1,SAOCOMP,14,"...","  Finance, insurance, real estate, rental, and leasing","Thousands of dollars",33367,32719,29323,30923,31106,32380,34011,37643
 "23000","Maine",1,SAOCOMP,15,"...","   Finance and insurance","Thousands of dollars",15288,15061,14311,14041,12780,13468,13974,15762
 "23000","Maine",1,SAOCOMP,16,"...","   Real estate and rental and leasing","Thousands of dollars",18079,17658,15012,16883,18325,18913,20036,21881
 "23000","Maine",1,SAOCOMP,17,"...","  Professional and business services","Thousands of dollars",8755,8035,9220,10237,10765,12332,13396,14024
 "23000","Maine",1,SAOCOMP,18,"...","  Educational services, health care, and social assistance","Thousands of dollars",13072,13475,14359,14565,15129,16329,18115,18687
 "23000","Maine",1,SAOCOMP,19,"...","   Educational services","Thousands of dollars",11264,11721,12586,12735,13287,14372,16145,16588
 "23000","Maine",1,SAOCOMP,20,"...","   Health care and social assistance","Thousands of dollars",1808,1754,1773,1830,1842,1957,1970,2099
 "23000","Maine",1,SAOCOMP,21,"...","  Arts, entertainment, recreation, accommodation, and food services","Thousands of dollars",520756,520138,530200,529287,509664,560070,583343,625394
 "23000","Maine",1,SAOCOMP,22,"...","   Arts, entertainment, and recreation","Thousands of dollars",152699,158245,165210,157856,160564,162920,169705,175739
 "23000","Maine",1,SAOCOMP,23,"...","   Accommodation and food services","Thousands of dollars",368056,361893,364989,371431,349100,397151,413638,449655
 "23000","Maine",1,SAOCOMP,24,"...","  Other services, except government","Thousands of dollars",8246,8703,9103,10132,10498,11234,11748,12238
 "23000","Maine",1,SAOCOMP,25,"..."," Government","Thousands of dollars",62537,66333,70117,72402,75058,76349,81815,87743
 "23000","Maine",1,SAOCOMP,26,"...","  Federal","Thousands of dollars",14494,15667,14440,13738,15000,16323,18773,20745
 "23000","Maine",1,SAOCOMP,27,"...","  State and local","Thousands of dollars",48044,50666,55677,58664,60057,60026,63042,66998
"Note: See the included footnote file."
"SAOCOMP: Outdoor Recreation Satellite Account Compensation 1/"
"Last updated: November 10, 2020-- new statistics for 2018-2019; revised statistics for 2012-2017."
"Source: U.S. Department of Commerce / Bureau of Economic Analysis / Regional Economic Accounts"
