GeoFIPS,GeoName,Region,TableName,LineCode,IndustryClassification,Description,Unit,2012,2013,2014,2015,2016,2017,2018,2019
 "28000","Mississippi",5,SAOCOMP,1,"...","All Industries","Thousands of dollars",940901,946795,969238,985518,1018830,1063041,1088877,1135887
 "28000","Mississippi",5,SAOCOMP,2,"..."," Private Industries","Thousands of dollars",822191,818679,840575,857812,890443,935293,957084,998826
 "28000","Mississippi",5,SAOCOMP,3,"...","  Agriculture, forestry, fishing, and hunting","Thousands of dollars",12022,11295,11710,12540,12997,14436,14277,14682
 "28000","Mississippi",5,SAOCOMP,4,"...","  Mining","Thousands of dollars",336,320,284,227,211,281,327,301
 "28000","Mississippi",5,SAOCOMP,5,"...","  Utilities","Thousands of dollars",3,3,3,3,4,4,3,3
 "28000","Mississippi",5,SAOCOMP,6,"...","  Construction","Thousands of dollars",38207,38085,39539,42629,48534,58079,64854,66246
 "28000","Mississippi",5,SAOCOMP,7,"...","  Manufacturing","Thousands of dollars",135873,136391,135190,143064,146513,165884,175255,185618
 "28000","Mississippi",5,SAOCOMP,8,"...","   Durable goods","Thousands of dollars",71479,70976,69801,76105,79160,95001,104768,110258
 "28000","Mississippi",5,SAOCOMP,9,"...","   Nondurable goods","Thousands of dollars",64394,65416,65389,66958,67352,70883,70488,75360
 "28000","Mississippi",5,SAOCOMP,10,"...","  Wholesale trade","Thousands of dollars",43672,42349,44463,47072,46550,48004,47368,48132
 "28000","Mississippi",5,SAOCOMP,11,"...","  Retail trade","Thousands of dollars",306705,311795,315078,314064,321919,324401,322999,329562
 "28000","Mississippi",5,SAOCOMP,12,"...","  Transportation and warehousing","Thousands of dollars",38953,38743,38073,39449,39601,40765,44255,47272
 "28000","Mississippi",5,SAOCOMP,13,"...","  Information","Thousands of dollars",1762,1871,1975,1990,2012,2033,1960,1889
 "28000","Mississippi",5,SAOCOMP,14,"...","  Finance, insurance, real estate, rental, and leasing","Thousands of dollars",11103,10781,10166,10760,11116,11457,10955,11849
 "28000","Mississippi",5,SAOCOMP,15,"...","   Finance and insurance","Thousands of dollars",4127,3902,3750,3844,3866,4035,3998,4443
 "28000","Mississippi",5,SAOCOMP,16,"...","   Real estate and rental and leasing","Thousands of dollars",6976,6879,6417,6916,7249,7421,6957,7406
 "28000","Mississippi",5,SAOCOMP,17,"...","  Professional and business services","Thousands of dollars",9034,7933,10059,11360,12429,14263,15516,16106
 "28000","Mississippi",5,SAOCOMP,18,"...","  Educational services, health care, and social assistance","Thousands of dollars",14264,13940,15074,15024,16117,16320,17658,17472
 "28000","Mississippi",5,SAOCOMP,19,"...","   Educational services","Thousands of dollars",12462,12148,13207,13088,14034,14163,15521,15163
 "28000","Mississippi",5,SAOCOMP,20,"...","   Health care and social assistance","Thousands of dollars",1802,1792,1867,1936,2083,2157,2138,2309
 "28000","Mississippi",5,SAOCOMP,21,"...","  Arts, entertainment, recreation, accommodation, and food services","Thousands of dollars",195123,189435,202735,202421,214825,221384,223202,240997
 "28000","Mississippi",5,SAOCOMP,22,"...","   Arts, entertainment, and recreation","Thousands of dollars",77538,78867,82262,78659,81743,82773,87933,91753
 "28000","Mississippi",5,SAOCOMP,23,"...","   Accommodation and food services","Thousands of dollars",117585,110567,120473,123762,133082,138611,135268,149244
 "28000","Mississippi",5,SAOCOMP,24,"...","  Other services, except government","Thousands of dollars",15135,15738,16226,17208,17615,17982,18454,18697
 "28000","Mississippi",5,SAOCOMP,25,"..."," Government","Thousands of dollars",118710,128116,128663,127706,128387,127748,131793,137062
 "28000","Mississippi",5,SAOCOMP,26,"...","  Federal","Thousands of dollars",40002,45076,41338,38465,38714,38342,40297,42632
 "28000","Mississippi",5,SAOCOMP,27,"...","  State and local","Thousands of dollars",78708,83040,87325,89241,89673,89406,91496,94429
"Note: See the included footnote file."
"SAOCOMP: Outdoor Recreation Satellite Account Compensation 1/"
"Last updated: November 10, 2020-- new statistics for 2018-2019; revised statistics for 2012-2017."
"Source: U.S. Department of Commerce / Bureau of Economic Analysis / Regional Economic Accounts"
