GeoFIPS,GeoName,Region,TableName,LineCode,IndustryClassification,Description,Unit,2012,2013,2014,2015,2016,2017,2018,2019
 "25000","Massachusetts",1,SAOCOMP,1,"...","All Industries","Thousands of dollars",4299623,4386260,4442729,4626526,4926358,5150954,5287022,5495300
 "25000","Massachusetts",1,SAOCOMP,2,"..."," Private Industries","Thousands of dollars",4003135,4070515,4117903,4290794,4575069,4783507,4890157,5072634
 "25000","Massachusetts",1,SAOCOMP,3,"...","  Agriculture, forestry, fishing, and hunting","Thousands of dollars",(D),28609,28835,30508,33916,34580,33111,31694
 "25000","Massachusetts",1,SAOCOMP,4,"...","  Mining","Thousands of dollars",(D),24,25,22,21,23,24,24
 "25000","Massachusetts",1,SAOCOMP,5,"...","  Utilities","Thousands of dollars",32,40,35,49,57,57,30,34
 "25000","Massachusetts",1,SAOCOMP,6,"...","  Construction","Thousands of dollars",44583,47738,52567,58112,65791,75120,80147,79865
 "25000","Massachusetts",1,SAOCOMP,7,"...","  Manufacturing","Thousands of dollars",373617,372258,349440,366577,437285,427473,446040,454015
 "25000","Massachusetts",1,SAOCOMP,8,"...","   Durable goods","Thousands of dollars",245912,239479,225257,238396,255706,282191,293230,285710
 "25000","Massachusetts",1,SAOCOMP,9,"...","   Nondurable goods","Thousands of dollars",127704,132779,124184,128181,181579,145282,152810,168305
 "25000","Massachusetts",1,SAOCOMP,10,"...","  Wholesale trade","Thousands of dollars",267387,256740,266210,284443,282517,293864,286592,284609
 "25000","Massachusetts",1,SAOCOMP,11,"...","  Retail trade","Thousands of dollars",1051017,1089308,1076605,1094376,1118730,1153352,1164239,1197744
 "25000","Massachusetts",1,SAOCOMP,12,"...","  Transportation and warehousing","Thousands of dollars",355907,362217,375115,405894,441709,467797,482095,523514
 "25000","Massachusetts",1,SAOCOMP,13,"...","  Information","Thousands of dollars",15201,15136,15595,16684,16618,17649,17892,17859
 "25000","Massachusetts",1,SAOCOMP,14,"...","  Finance, insurance, real estate, rental, and leasing","Thousands of dollars",98743,96154,92619,101565,101547,106779,109571,114964
 "25000","Massachusetts",1,SAOCOMP,15,"...","   Finance and insurance","Thousands of dollars",61679,58786,58477,63458,63381,67186,66055,71925
 "25000","Massachusetts",1,SAOCOMP,16,"...","   Real estate and rental and leasing","Thousands of dollars",37065,37368,34142,38107,38166,39593,43516,43039
 "25000","Massachusetts",1,SAOCOMP,17,"...","  Professional and business services","Thousands of dollars",128389,118010,124147,136725,142335,170888,185604,196002
 "25000","Massachusetts",1,SAOCOMP,18,"...","  Educational services, health care, and social assistance","Thousands of dollars",123855,127841,137748,141663,155081,166765,183557,186414
 "25000","Massachusetts",1,SAOCOMP,19,"...","   Educational services","Thousands of dollars",115912,119791,129569,133108,145946,157283,174162,176476
 "25000","Massachusetts",1,SAOCOMP,20,"...","   Health care and social assistance","Thousands of dollars",7943,8050,8179,8555,9135,9482,9396,9938
 "25000","Massachusetts",1,SAOCOMP,21,"...","  Arts, entertainment, recreation, accommodation, and food services","Thousands of dollars",1458129,1497327,1537443,1586192,1708632,1792490,1821693,1902903
 "25000","Massachusetts",1,SAOCOMP,22,"...","   Arts, entertainment, and recreation","Thousands of dollars",733763,762805,819361,823128,880338,909150,958280,987761
 "25000","Massachusetts",1,SAOCOMP,23,"...","   Accommodation and food services","Thousands of dollars",724366,734522,718083,763064,828294,883340,863413,915142
 "25000","Massachusetts",1,SAOCOMP,24,"...","  Other services, except government","Thousands of dollars",56603,59113,61517,67984,70830,76670,79562,82993
 "25000","Massachusetts",1,SAOCOMP,25,"..."," Government","Thousands of dollars",296488,315745,324826,335732,351289,367447,396865,422666
 "25000","Massachusetts",1,SAOCOMP,26,"...","  Federal","Thousands of dollars",57416,64134,59060,54367,54857,54397,57738,60707
 "25000","Massachusetts",1,SAOCOMP,27,"...","  State and local","Thousands of dollars",239071,251611,265766,281364,296432,313050,339128,361959
"Note: See the included footnote file."
"SAOCOMP: Outdoor Recreation Satellite Account Compensation 1/"
"Last updated: November 10, 2020-- new statistics for 2018-2019; revised statistics for 2012-2017."
"Source: U.S. Department of Commerce / Bureau of Economic Analysis / Regional Economic Accounts"
