GeoFIPS,GeoName,Region,TableName,LineCode,IndustryClassification,Description,Unit,2012,2013,2014,2015,2016,2017,2018,2019
 "21000","Kentucky",5,SAOCOMP,1,"...","All Industries","Thousands of dollars",1678618,1669790,1713444,1779491,1824389,1885158,1949554,2038259
 "21000","Kentucky",5,SAOCOMP,2,"..."," Private Industries","Thousands of dollars",1508841,1490606,1528675,1588825,1633779,1699051,1764167,1848818
 "21000","Kentucky",5,SAOCOMP,3,"...","  Agriculture, forestry, fishing, and hunting","Thousands of dollars",34819,32738,33068,35612,40525,45013,46108,46720
 "21000","Kentucky",5,SAOCOMP,4,"...","  Mining","Thousands of dollars",5483,4215,3106,1970,1454,2811,3421,2892
 "21000","Kentucky",5,SAOCOMP,5,"...","  Utilities","Thousands of dollars",3,4,3,4,5,5,3,4
 "21000","Kentucky",5,SAOCOMP,6,"...","  Construction","Thousands of dollars",24708,23228,22663,23883,25686,29855,32807,34654
 "21000","Kentucky",5,SAOCOMP,7,"...","  Manufacturing","Thousands of dollars",179396,183199,184884,196865,194976,203119,209133,220553
 "21000","Kentucky",5,SAOCOMP,8,"...","   Durable goods","Thousands of dollars",87561,89150,88384,100643,98251,104319,107640,114176
 "21000","Kentucky",5,SAOCOMP,9,"...","   Nondurable goods","Thousands of dollars",91835,94050,96500,96222,96725,98800,101493,106377
 "21000","Kentucky",5,SAOCOMP,10,"...","  Wholesale trade","Thousands of dollars",102040,100644,107125,113457,107924,112270,111943,114177
 "21000","Kentucky",5,SAOCOMP,11,"...","  Retail trade","Thousands of dollars",432801,438494,440979,448440,462748,474600,483339,496511
 "21000","Kentucky",5,SAOCOMP,12,"...","  Transportation and warehousing","Thousands of dollars",115679,111807,110197,110240,114318,118774,129390,137237
 "21000","Kentucky",5,SAOCOMP,13,"...","  Information","Thousands of dollars",3535,3642,3809,3790,3767,3786,3681,3628
 "21000","Kentucky",5,SAOCOMP,14,"...","  Finance, insurance, real estate, rental, and leasing","Thousands of dollars",33126,31571,31596,34217,36157,38239,38992,42388
 "21000","Kentucky",5,SAOCOMP,15,"...","   Finance and insurance","Thousands of dollars",23520,22508,22719,24448,25655,27192,27287,29614
 "21000","Kentucky",5,SAOCOMP,16,"...","   Real estate and rental and leasing","Thousands of dollars",9606,9062,8878,9769,10502,11047,11705,12773
 "21000","Kentucky",5,SAOCOMP,17,"...","  Professional and business services","Thousands of dollars",28626,25299,31300,35159,38191,43592,47687,49806
 "21000","Kentucky",5,SAOCOMP,18,"...","  Educational services, health care, and social assistance","Thousands of dollars",25525,25316,26825,26679,28648,30169,33195,33553
 "21000","Kentucky",5,SAOCOMP,19,"...","   Educational services","Thousands of dollars",22001,21869,23296,23005,24714,26058,29031,29106
 "21000","Kentucky",5,SAOCOMP,20,"...","   Health care and social assistance","Thousands of dollars",3525,3447,3529,3673,3934,4111,4164,4447
 "21000","Kentucky",5,SAOCOMP,21,"...","  Arts, entertainment, recreation, accommodation, and food services","Thousands of dollars",499731,486536,508188,531251,550323,566062,592373,633082
 "21000","Kentucky",5,SAOCOMP,22,"...","   Arts, entertainment, and recreation","Thousands of dollars",237031,254245,271315,285610,298113,305614,321319,348735
 "21000","Kentucky",5,SAOCOMP,23,"...","   Accommodation and food services","Thousands of dollars",262699,232291,236873,245641,252211,260448,271054,284347
 "21000","Kentucky",5,SAOCOMP,24,"...","  Other services, except government","Thousands of dollars",23367,23914,24933,27256,29056,30755,32094,33612
 "21000","Kentucky",5,SAOCOMP,25,"..."," Government","Thousands of dollars",169778,179184,184769,190667,190610,186107,185388,189441
 "21000","Kentucky",5,SAOCOMP,26,"...","  Federal","Thousands of dollars",20010,21539,20341,18591,18672,18897,19556,20101
 "21000","Kentucky",5,SAOCOMP,27,"...","  State and local","Thousands of dollars",149767,157645,164427,172076,171938,167210,165832,169340
"Note: See the included footnote file."
"SAOCOMP: Outdoor Recreation Satellite Account Compensation 1/"
"Last updated: November 10, 2020-- new statistics for 2018-2019; revised statistics for 2012-2017."
"Source: U.S. Department of Commerce / Bureau of Economic Analysis / Regional Economic Accounts"
