GeoFIPS,GeoName,Region,TableName,LineCode,IndustryClassification,Description,Unit,2012,2013,2014,2015,2016,2017,2018,2019
 "29000","Missouri",4,SAOCOMP,1,"...","All Industries","Thousands of dollars",3020636,3094344,3173193,3249480,3291503,3448182,3564520,3699723
 "29000","Missouri",4,SAOCOMP,2,"..."," Private Industries","Thousands of dollars",2702473,2751629,2819930,2882516,2923215,3082159,3186013,3303121
 "29000","Missouri",4,SAOCOMP,3,"...","  Agriculture, forestry, fishing, and hunting","Thousands of dollars",21446,19616,21945,23819,24834,28445,27072,27485
 "29000","Missouri",4,SAOCOMP,4,"...","  Mining","Thousands of dollars",595,492,377,246,198,423,560,474
 "29000","Missouri",4,SAOCOMP,5,"...","  Utilities","Thousands of dollars",12,14,12,14,18,19,12,14
 "29000","Missouri",4,SAOCOMP,6,"...","  Construction","Thousands of dollars",44004,44069,46795,52264,60630,71457,77942,78629
 "29000","Missouri",4,SAOCOMP,7,"...","  Manufacturing","Thousands of dollars",384831,399779,414098,408502,395976,421909,452810,468307
 "29000","Missouri",4,SAOCOMP,8,"...","   Durable goods","Thousands of dollars",269417,281602,294838,288077,259196,287266,315775,324907
 "29000","Missouri",4,SAOCOMP,9,"...","   Nondurable goods","Thousands of dollars",115414,118177,119260,120425,136780,134643,137035,143400
 "29000","Missouri",4,SAOCOMP,10,"...","  Wholesale trade","Thousands of dollars",162522,156023,162921,172016,172497,183964,186195,189838
 "29000","Missouri",4,SAOCOMP,11,"...","  Retail trade","Thousands of dollars",807161,828269,820970,828642,833108,852068,859076,885657
 "29000","Missouri",4,SAOCOMP,12,"...","  Transportation and warehousing","Thousands of dollars",199824,202489,198723,204624,205467,212469,226873,236584
 "29000","Missouri",4,SAOCOMP,13,"...","  Information","Thousands of dollars",10365,10568,10956,10965,10946,11159,11257,11291
 "29000","Missouri",4,SAOCOMP,14,"...","  Finance, insurance, real estate, rental, and leasing","Thousands of dollars",52790,50330,48487,50704,50853,52920,54049,60463
 "29000","Missouri",4,SAOCOMP,15,"...","   Finance and insurance","Thousands of dollars",27799,25909,24980,24859,24017,24451,24867,29379
 "29000","Missouri",4,SAOCOMP,16,"...","   Real estate and rental and leasing","Thousands of dollars",24991,24422,23507,25845,26836,28470,29182,31084
 "29000","Missouri",4,SAOCOMP,17,"...","  Professional and business services","Thousands of dollars",75345,68500,76555,87911,94961,113758,120063,122522
 "29000","Missouri",4,SAOCOMP,18,"...","  Educational services, health care, and social assistance","Thousands of dollars",43704,45096,48644,49112,51981,52972,57005,57687
 "29000","Missouri",4,SAOCOMP,19,"...","   Educational services","Thousands of dollars",38915,40253,43739,44030,46687,47409,51364,51576
 "29000","Missouri",4,SAOCOMP,20,"...","   Health care and social assistance","Thousands of dollars",4788,4843,4905,5082,5293,5562,5641,6110
 "29000","Missouri",4,SAOCOMP,21,"...","  Arts, entertainment, recreation, accommodation, and food services","Thousands of dollars",856652,881681,922652,942463,968645,1025308,1056674,1106075
 "29000","Missouri",4,SAOCOMP,22,"...","   Arts, entertainment, and recreation","Thousands of dollars",512443,549863,596501,604738,639941,656901,668186,685685
 "29000","Missouri",4,SAOCOMP,23,"...","   Accommodation and food services","Thousands of dollars",344209,331818,326151,337725,328704,368407,388488,420389
 "29000","Missouri",4,SAOCOMP,24,"...","  Other services, except government","Thousands of dollars",43224,44703,46796,51235,53102,55287,56427,58095
 "29000","Missouri",4,SAOCOMP,25,"..."," Government","Thousands of dollars",318163,342715,353263,366964,368288,366023,378507,396602
 "29000","Missouri",4,SAOCOMP,26,"...","  Federal","Thousands of dollars",28261,30874,28431,25540,24483,23063,23232,24552
 "29000","Missouri",4,SAOCOMP,27,"...","  State and local","Thousands of dollars",289902,311841,324832,341423,343805,342960,355275,372050
"Note: See the included footnote file."
"SAOCOMP: Outdoor Recreation Satellite Account Compensation 1/"
"Last updated: November 10, 2020-- new statistics for 2018-2019; revised statistics for 2012-2017."
"Source: U.S. Department of Commerce / Bureau of Economic Analysis / Regional Economic Accounts"
