GeoFIPS,GeoName,Region,TableName,LineCode,IndustryClassification,Description,Unit,2012,2013,2014,2015,2016,2017,2018,2019
 "12000","Florida",5,SAOCOMP,1,"...","All Industries","Thousands of dollars",16770192,17019117,17867941,18638496,19590781,20933626,22128850,23417903
 "12000","Florida",5,SAOCOMP,2,"..."," Private Industries","Thousands of dollars",15747977,15978203,16797444,17558386,18456798,19745650,20874273,22123586
 "12000","Florida",5,SAOCOMP,3,"...","  Agriculture, forestry, fishing, and hunting","Thousands of dollars",137879,139701,149688,168936,174891,200490,203060,230685
 "12000","Florida",5,SAOCOMP,4,"...","  Mining","Thousands of dollars",350,282,240,202,199,309,373,330
 "12000","Florida",5,SAOCOMP,5,"...","  Utilities","Thousands of dollars",21,25,20,26,32,37,27,39
 "12000","Florida",5,SAOCOMP,6,"...","  Construction","Thousands of dollars",265112,256906,264147,266014,299587,361044,402614,415278
 "12000","Florida",5,SAOCOMP,7,"...","  Manufacturing","Thousands of dollars",458425,463397,488473,499902,447075,457009,520795,497608
 "12000","Florida",5,SAOCOMP,8,"...","   Durable goods","Thousands of dollars",335686,337644,356225,362326,306674,314482,380822,355164
 "12000","Florida",5,SAOCOMP,9,"...","   Nondurable goods","Thousands of dollars",122739,125753,132248,137576,140400,142527,139974,142444
 "12000","Florida",5,SAOCOMP,10,"...","  Wholesale trade","Thousands of dollars",637765,623720,652611,702571,703677,743934,748614,768124
 "12000","Florida",5,SAOCOMP,11,"...","  Retail trade","Thousands of dollars",3787115,3935651,4053345,4245549,4363749,4484432,4604921,4800225
 "12000","Florida",5,SAOCOMP,12,"...","  Transportation and warehousing","Thousands of dollars",1926631,2135607,2234569,2473005,2701596,2899609,3057917,3338930
 "12000","Florida",5,SAOCOMP,13,"...","  Information","Thousands of dollars",21249,22206,23304,23979,24468,25132,25168,25096
 "12000","Florida",5,SAOCOMP,14,"...","  Finance, insurance, real estate, rental, and leasing","Thousands of dollars",257538,252967,235350,255501,267922,281425,299220,331881
 "12000","Florida",5,SAOCOMP,15,"...","   Finance and insurance","Thousands of dollars",86871,83448,83747,89568,92563,98307,102024,118854
 "12000","Florida",5,SAOCOMP,16,"...","   Real estate and rental and leasing","Thousands of dollars",170668,169519,151602,165933,175358,183118,197196,213026
 "12000","Florida",5,SAOCOMP,17,"...","  Professional and business services","Thousands of dollars",389519,359823,387103,428190,451785,536313,589689,619714
 "12000","Florida",5,SAOCOMP,18,"...","  Educational services, health care, and social assistance","Thousands of dollars",143371,143837,155438,155645,166457,173346,187838,189726
 "12000","Florida",5,SAOCOMP,19,"...","   Educational services","Thousands of dollars",122762,123660,134270,133427,142899,148663,162519,162624
 "12000","Florida",5,SAOCOMP,20,"...","   Health care and social assistance","Thousands of dollars",20609,20178,21168,22218,23558,24683,25319,27102
 "12000","Florida",5,SAOCOMP,21,"...","  Arts, entertainment, recreation, accommodation, and food services","Thousands of dollars",7536871,7445779,7938740,8092611,8590731,9299034,9940992,10605566
 "12000","Florida",5,SAOCOMP,22,"...","   Arts, entertainment, and recreation","Thousands of dollars",4059987,4105483,4321183,4354615,4775394,5255141,5708061,6108025
 "12000","Florida",5,SAOCOMP,23,"...","   Accommodation and food services","Thousands of dollars",3476884,3340296,3617556,3737996,3815338,4043893,4232931,4497541
 "12000","Florida",5,SAOCOMP,24,"...","  Other services, except government","Thousands of dollars",186130,198302,214416,246255,264629,283535,293044,300384
 "12000","Florida",5,SAOCOMP,25,"..."," Government","Thousands of dollars",1022215,1040915,1070497,1080110,1133983,1187976,1254578,1294317
 "12000","Florida",5,SAOCOMP,26,"...","  Federal","Thousands of dollars",72568,80951,76866,73069,74952,75346,77825,80663
 "12000","Florida",5,SAOCOMP,27,"...","  State and local","Thousands of dollars",949647,959963,993631,1007041,1059032,1112630,1176752,1213654
"Note: See the included footnote file."
"SAOCOMP: Outdoor Recreation Satellite Account Compensation 1/"
"Last updated: November 10, 2020-- new statistics for 2018-2019; revised statistics for 2012-2017."
"Source: U.S. Department of Commerce / Bureau of Economic Analysis / Regional Economic Accounts"
