GeoFIPS,GeoName,Region,TableName,LineCode,IndustryClassification,Description,Unit,2012,2013,2014,2015,2016,2017,2018,2019
 "16000","Idaho",7,SAOCOMP,1,"...","All Industries","Thousands of dollars",907690,915928,963803,989765,1038571,1131065,1209682,1273139
 "16000","Idaho",7,SAOCOMP,2,"..."," Private Industries","Thousands of dollars",818135,821486,863925,886392,929737,1018014,1092084,1149111
 "16000","Idaho",7,SAOCOMP,3,"...","  Agriculture, forestry, fishing, and hunting","Thousands of dollars",20553,21176,22453,25617,24636,29596,28812,29866
 "16000","Idaho",7,SAOCOMP,4,"...","  Mining","Thousands of dollars",246,185,168,139,127,181,202,184
 "16000","Idaho",7,SAOCOMP,5,"...","  Utilities","Thousands of dollars",1,1,1,1,1,1,1,1
 "16000","Idaho",7,SAOCOMP,6,"...","  Construction","Thousands of dollars",8205,9220,9579,10179,11051,13043,14554,15390
 "16000","Idaho",7,SAOCOMP,7,"...","  Manufacturing","Thousands of dollars",76082,80646,83752,91421,96319,121097,131879,137353
 "16000","Idaho",7,SAOCOMP,8,"...","   Durable goods","Thousands of dollars",52352,55887,58555,64686,68581,91287,100254,105180
 "16000","Idaho",7,SAOCOMP,9,"...","   Nondurable goods","Thousands of dollars",23729,24758,25197,26735,27738,29810,31625,32174
 "16000","Idaho",7,SAOCOMP,10,"...","  Wholesale trade","Thousands of dollars",37615,37196,39826,42659,43127,46029,46171,47784
 "16000","Idaho",7,SAOCOMP,11,"...","  Retail trade","Thousands of dollars",283311,290191,297207,305978,318730,333858,348779,365219
 "16000","Idaho",7,SAOCOMP,12,"...","  Transportation and warehousing","Thousands of dollars",59892,61009,61113,66850,68854,72225,77841,80400
 "16000","Idaho",7,SAOCOMP,13,"...","  Information","Thousands of dollars",1184,1270,1316,1360,1386,1434,1422,1401
 "16000","Idaho",7,SAOCOMP,14,"...","  Finance, insurance, real estate, rental, and leasing","Thousands of dollars",18520,17512,16518,16434,17882,20853,23046,26521
 "16000","Idaho",7,SAOCOMP,15,"...","   Finance and insurance","Thousands of dollars",11605,10868,10297,9827,10715,12582,13431,15775
 "16000","Idaho",7,SAOCOMP,16,"...","   Real estate and rental and leasing","Thousands of dollars",6915,6644,6221,6608,7167,8271,9616,10746
 "16000","Idaho",7,SAOCOMP,17,"...","  Professional and business services","Thousands of dollars",18476,16614,19092,20928,22335,26867,29975,32316
 "16000","Idaho",7,SAOCOMP,18,"...","  Educational services, health care, and social assistance","Thousands of dollars",12766,13066,14217,14560,16405,18258,20522,21140
 "16000","Idaho",7,SAOCOMP,19,"...","   Educational services","Thousands of dollars",11630,11942,13023,13317,15070,16823,19006,19490
 "16000","Idaho",7,SAOCOMP,20,"...","   Health care and social assistance","Thousands of dollars",1135,1124,1194,1243,1335,1436,1516,1650
 "16000","Idaho",7,SAOCOMP,21,"...","  Arts, entertainment, recreation, accommodation, and food services","Thousands of dollars",272584,264266,288914,279182,296473,320424,353128,374589
 "16000","Idaho",7,SAOCOMP,22,"...","   Arts, entertainment, and recreation","Thousands of dollars",128525,133437,142378,138154,149304,155479,166736,178715
 "16000","Idaho",7,SAOCOMP,23,"...","   Accommodation and food services","Thousands of dollars",144059,130830,146536,141028,147169,164944,186393,195873
 "16000","Idaho",7,SAOCOMP,24,"...","  Other services, except government","Thousands of dollars",8702,9135,9769,11085,12409,14146,15754,16946
 "16000","Idaho",7,SAOCOMP,25,"..."," Government","Thousands of dollars",89555,94442,99878,103374,108834,113051,117598,124028
 "16000","Idaho",7,SAOCOMP,26,"...","  Federal","Thousands of dollars",23542,23211,24428,22720,23991,24294,23598,23329
 "16000","Idaho",7,SAOCOMP,27,"...","  State and local","Thousands of dollars",66013,71230,75450,80654,84842,88757,94000,100699
"Note: See the included footnote file."
"SAOCOMP: Outdoor Recreation Satellite Account Compensation 1/"
"Last updated: November 10, 2020-- new statistics for 2018-2019; revised statistics for 2012-2017."
"Source: U.S. Department of Commerce / Bureau of Economic Analysis / Regional Economic Accounts"
