GeoFIPS,GeoName,Region,TableName,LineCode,IndustryClassification,Description,Unit,2012,2013,2014,2015,2016,2017,2018,2019
 "30000","Montana",7,SAOCOMP,1,"...","All Industries","Thousands of dollars",850769,891551,927789,975925,996886,1064553,1099552,1153517
 "30000","Montana",7,SAOCOMP,2,"..."," Private Industries","Thousands of dollars",776604,813394,848394,896959,913299,976528,1004550,1051950
 "30000","Montana",7,SAOCOMP,3,"...","  Agriculture, forestry, fishing, and hunting","Thousands of dollars",13114,13589,14414,14099,15001,16290,16364,16493
 "30000","Montana",7,SAOCOMP,4,"...","  Mining","Thousands of dollars",1751,1520,1206,868,709,1351,1666,1465
 "30000","Montana",7,SAOCOMP,5,"...","  Utilities","Thousands of dollars",1,1,1,1,1,1,1,1
 "30000","Montana",7,SAOCOMP,6,"...","  Construction","Thousands of dollars",13098,14728,13966,16042,16723,19203,20993,22770
 "30000","Montana",7,SAOCOMP,7,"...","  Manufacturing","Thousands of dollars",37950,39845,39060,43200,48434,52845,53985,56757
 "30000","Montana",7,SAOCOMP,8,"...","   Durable goods","Thousands of dollars",16988,18387,17660,20125,24205,25940,26297,25869
 "30000","Montana",7,SAOCOMP,9,"...","   Nondurable goods","Thousands of dollars",20961,21458,21400,23075,24230,26905,27689,30888
 "30000","Montana",7,SAOCOMP,10,"...","  Wholesale trade","Thousands of dollars",58648,60463,61624,64675,64537,66598,66314,67182
 "30000","Montana",7,SAOCOMP,11,"...","  Retail trade","Thousands of dollars",206369,218359,224238,237041,240867,250487,250726,258560
 "30000","Montana",7,SAOCOMP,12,"...","  Transportation and warehousing","Thousands of dollars",51688,53241,55808,59867,64348,70449,75466,83471
 "30000","Montana",7,SAOCOMP,13,"...","  Information","Thousands of dollars",936,994,1034,1040,1037,1055,1052,1039
 "30000","Montana",7,SAOCOMP,14,"...","  Finance, insurance, real estate, rental, and leasing","Thousands of dollars",11898,11759,11261,11756,12063,13119,13761,15412
 "30000","Montana",7,SAOCOMP,15,"...","   Finance and insurance","Thousands of dollars",6012,5481,5352,5191,5218,5486,5831,6619
 "30000","Montana",7,SAOCOMP,16,"...","   Real estate and rental and leasing","Thousands of dollars",5886,6278,5909,6565,6844,7633,7929,8794
 "30000","Montana",7,SAOCOMP,17,"...","  Professional and business services","Thousands of dollars",12325,10953,13458,15272,16661,19317,20892,21749
 "30000","Montana",7,SAOCOMP,18,"...","  Educational services, health care, and social assistance","Thousands of dollars",9240,9370,10253,10586,11546,12412,13914,14188
 "30000","Montana",7,SAOCOMP,19,"...","   Educational services","Thousands of dollars",8222,8333,9180,9426,10346,11106,12594,12791
 "30000","Montana",7,SAOCOMP,20,"...","   Health care and social assistance","Thousands of dollars",1017,1037,1073,1160,1200,1306,1320,1398
 "30000","Montana",7,SAOCOMP,21,"...","  Arts, entertainment, recreation, accommodation, and food services","Thousands of dollars",354336,373102,396289,416055,414481,445967,461688,484818
 "30000","Montana",7,SAOCOMP,22,"...","   Arts, entertainment, and recreation","Thousands of dollars",156749,162153,176189,176742,186752,184016,195282,205853
 "30000","Montana",7,SAOCOMP,23,"...","   Accommodation and food services","Thousands of dollars",197586,210949,220099,239313,227729,261950,266406,278964
 "30000","Montana",7,SAOCOMP,24,"...","  Other services, except government","Thousands of dollars",5250,5471,5782,6456,6891,7434,7730,8043
 "30000","Montana",7,SAOCOMP,25,"..."," Government","Thousands of dollars",74165,78157,79395,78967,83587,88025,95002,101567
 "30000","Montana",7,SAOCOMP,26,"...","  Federal","Thousands of dollars",36053,38013,37188,35596,38693,40983,43887,46195
 "30000","Montana",7,SAOCOMP,27,"...","  State and local","Thousands of dollars",38112,40144,42208,43371,44895,47042,51115,55372
"Note: See the included footnote file."
"SAOCOMP: Outdoor Recreation Satellite Account Compensation 1/"
"Last updated: November 10, 2020-- new statistics for 2018-2019; revised statistics for 2012-2017."
"Source: U.S. Department of Commerce / Bureau of Economic Analysis / Regional Economic Accounts"
