GeoFIPS,GeoName,Region,TableName,LineCode,IndustryClassification,Description,Unit,2012,2013,2014,2015,2016,2017,2018,2019
 "05000","Arkansas",5,SAOCOMP,1,"...","All Industries","Thousands of dollars",1143750,1158099,1192558,1223603,1279353,1300912,1376108,1441573
 "05000","Arkansas",5,SAOCOMP,2,"..."," Private Industries","Thousands of dollars",1012008,1019606,1051792,1079667,1132422,1149675,1212220,1263359
 "05000","Arkansas",5,SAOCOMP,3,"...","  Agriculture, forestry, fishing, and hunting","Thousands of dollars",10890,10697,10811,11944,12690,14751,14452,14714
 "05000","Arkansas",5,SAOCOMP,4,"...","  Mining","Thousands of dollars",595,492,408,297,260,419,482,415
 "05000","Arkansas",5,SAOCOMP,5,"...","  Utilities","Thousands of dollars",1,1,1,1,2,2,1,1
 "05000","Arkansas",5,SAOCOMP,6,"...","  Construction","Thousands of dollars",17475,17161,19081,22202,25852,28988,29730,28504
 "05000","Arkansas",5,SAOCOMP,7,"...","  Manufacturing","Thousands of dollars",186251,187052,192664,191223,200090,199104,215120,223244
 "05000","Arkansas",5,SAOCOMP,8,"...","   Durable goods","Thousands of dollars",100492,100637,109517,111415,102329,112883,125980,126907
 "05000","Arkansas",5,SAOCOMP,9,"...","   Nondurable goods","Thousands of dollars",85759,86415,83147,79809,97761,86221,89140,96337
 "05000","Arkansas",5,SAOCOMP,10,"...","  Wholesale trade","Thousands of dollars",71735,69655,72800,77630,76790,81310,82113,84408
 "05000","Arkansas",5,SAOCOMP,11,"...","  Retail trade","Thousands of dollars",301351,309249,312744,319508,332318,333511,342797,354531
 "05000","Arkansas",5,SAOCOMP,12,"...","  Transportation and warehousing","Thousands of dollars",79091,78640,77577,79401,77665,78827,84055,88459
 "05000","Arkansas",5,SAOCOMP,13,"...","  Information","Thousands of dollars",3395,3578,3707,3650,3512,3497,3364,3255
 "05000","Arkansas",5,SAOCOMP,14,"...","  Finance, insurance, real estate, rental, and leasing","Thousands of dollars",14140,13947,12952,13542,14368,14997,15286,16705
 "05000","Arkansas",5,SAOCOMP,15,"...","   Finance and insurance","Thousands of dollars",7451,7203,7113,7493,7680,8147,8292,9424
 "05000","Arkansas",5,SAOCOMP,16,"...","   Real estate and rental and leasing","Thousands of dollars",6689,6744,5839,6049,6688,6849,6994,7281
 "05000","Arkansas",5,SAOCOMP,17,"...","  Professional and business services","Thousands of dollars",13632,12123,15316,17368,19150,22225,24318,25099
 "05000","Arkansas",5,SAOCOMP,18,"...","  Educational services, health care, and social assistance","Thousands of dollars",17161,17465,19098,19533,21109,21627,23392,22992
 "05000","Arkansas",5,SAOCOMP,19,"...","   Educational services","Thousands of dollars",15053,15323,16873,17199,18566,18989,20683,20066
 "05000","Arkansas",5,SAOCOMP,20,"...","   Health care and social assistance","Thousands of dollars",2107,2142,2224,2334,2544,2638,2709,2926
 "05000","Arkansas",5,SAOCOMP,21,"...","  Arts, entertainment, recreation, accommodation, and food services","Thousands of dollars",278746,281297,295769,303120,327541,328569,354663,378329
 "05000","Arkansas",5,SAOCOMP,22,"...","   Arts, entertainment, and recreation","Thousands of dollars",117561,123863,132835,137640,148278,154255,163250,171759
 "05000","Arkansas",5,SAOCOMP,23,"...","   Accommodation and food services","Thousands of dollars",161185,157433,162934,165480,179263,174314,191413,206570
 "05000","Arkansas",5,SAOCOMP,24,"...","  Other services, except government","Thousands of dollars",17545,18251,18865,20248,21075,21847,22448,22701
 "05000","Arkansas",5,SAOCOMP,25,"..."," Government","Thousands of dollars",131742,138492,140766,143935,146931,151236,163888,178214
 "05000","Arkansas",5,SAOCOMP,26,"...","  Federal","Thousands of dollars",20895,22091,20443,19238,20686,21753,23278,23897
 "05000","Arkansas",5,SAOCOMP,27,"...","  State and local","Thousands of dollars",110847,116402,120323,124698,126245,129484,140610,154317
"Note: See the included footnote file."
"SAOCOMP: Outdoor Recreation Satellite Account Compensation 1/"
"Last updated: November 10, 2020-- new statistics for 2018-2019; revised statistics for 2012-2017."
"Source: U.S. Department of Commerce / Bureau of Economic Analysis / Regional Economic Accounts"
