GeoFIPS,GeoName,Region,TableName,LineCode,IndustryClassification,Description,Unit,2012,2013,2014,2015,2016,2017,2018,2019
 "39000","Ohio",3,SAOCOMP,1,"...","All Industries","Thousands of dollars",4763743,4794128,4954521,5074478,5205630,5319095,5578234,5792923
 "39000","Ohio",3,SAOCOMP,2,"..."," Private Industries","Thousands of dollars",4119418,4100928,4231656,4307281,4435547,4561403,4789743,4944612
 "39000","Ohio",3,SAOCOMP,3,"...","  Agriculture, forestry, fishing, and hunting","Thousands of dollars",55945,50592,52507,58855,66044,77191,71540,69558
 "39000","Ohio",3,SAOCOMP,4,"...","  Mining","Thousands of dollars",1900,1633,1353,1082,926,1555,1785,1494
 "39000","Ohio",3,SAOCOMP,5,"...","  Utilities","Thousands of dollars",18,22,19,23,26,27,17,22
 "39000","Ohio",3,SAOCOMP,6,"...","  Construction","Thousands of dollars",99788,98099,106887,119502,142943,173654,194011,196750
 "39000","Ohio",3,SAOCOMP,7,"...","  Manufacturing","Thousands of dollars",380251,390636,405009,431337,428416,475729,514168,529155
 "39000","Ohio",3,SAOCOMP,8,"...","   Durable goods","Thousands of dollars",188154,189832,195611,208749,203625,242956,277212,284443
 "39000","Ohio",3,SAOCOMP,9,"...","   Nondurable goods","Thousands of dollars",192097,200804,209398,222588,224790,232773,236956,244712
 "39000","Ohio",3,SAOCOMP,10,"...","  Wholesale trade","Thousands of dollars",307885,301307,312232,329806,322686,342146,343038,348565
 "39000","Ohio",3,SAOCOMP,11,"...","  Retail trade","Thousands of dollars",1397795,1397332,1385149,1357037,1359832,1347706,1369585,1387738
 "39000","Ohio",3,SAOCOMP,12,"...","  Transportation and warehousing","Thousands of dollars",273896,278477,277388,286537,290766,298040,318128,335994
 "39000","Ohio",3,SAOCOMP,13,"...","  Information","Thousands of dollars",15886,17052,17385,17911,17863,18269,18082,17354
 "39000","Ohio",3,SAOCOMP,14,"...","  Finance, insurance, real estate, rental, and leasing","Thousands of dollars",113340,110604,110828,117547,119626,123879,129141,144628
 "39000","Ohio",3,SAOCOMP,15,"...","   Finance and insurance","Thousands of dollars",81994,79569,79586,83410,83984,87402,89935,102670
 "39000","Ohio",3,SAOCOMP,16,"...","   Real estate and rental and leasing","Thousands of dollars",31346,31035,31242,34137,35642,36477,39206,41958
 "39000","Ohio",3,SAOCOMP,17,"...","  Professional and business services","Thousands of dollars",63490,57227,65675,73147,76964,88286,94103,97113
 "39000","Ohio",3,SAOCOMP,18,"...","  Educational services, health care, and social assistance","Thousands of dollars",64388,66295,72291,73753,80009,83162,90445,92383
 "39000","Ohio",3,SAOCOMP,19,"...","   Educational services","Thousands of dollars",55278,57072,62693,63713,69278,72231,79340,80514
 "39000","Ohio",3,SAOCOMP,20,"...","   Health care and social assistance","Thousands of dollars",9110,9223,9598,10041,10732,10931,11105,11869
 "39000","Ohio",3,SAOCOMP,21,"...","  Arts, entertainment, recreation, accommodation, and food services","Thousands of dollars",1270536,1254308,1343540,1351790,1437139,1435758,1546360,1620283
 "39000","Ohio",3,SAOCOMP,22,"...","   Arts, entertainment, and recreation","Thousands of dollars",832863,865771,931517,923750,975000,1002558,1051779,1106819
 "39000","Ohio",3,SAOCOMP,23,"...","   Accommodation and food services","Thousands of dollars",437673,388536,412023,428039,462139,433200,494581,513464
 "39000","Ohio",3,SAOCOMP,24,"...","  Other services, except government","Thousands of dollars",74300,77344,81394,88954,92307,96003,99340,103575
 "39000","Ohio",3,SAOCOMP,25,"..."," Government","Thousands of dollars",644325,693200,722865,767197,770083,757692,788491,848311
 "39000","Ohio",3,SAOCOMP,26,"...","  Federal","Thousands of dollars",19219,20496,19076,17670,18262,18610,19663,20318
 "39000","Ohio",3,SAOCOMP,27,"...","  State and local","Thousands of dollars",625106,672705,703789,749526,751820,739082,768828,827993
"Note: See the included footnote file."
"SAOCOMP: Outdoor Recreation Satellite Account Compensation 1/"
"Last updated: November 10, 2020-- new statistics for 2018-2019; revised statistics for 2012-2017."
"Source: U.S. Department of Commerce / Bureau of Economic Analysis / Regional Economic Accounts"
