GeoFIPS,GeoName,Region,TableName,LineCode,IndustryClassification,Description,Unit,2012,2013,2014,2015,2016,2017,2018,2019
 "45000","South Carolina",5,SAOCOMP,1,"...","All Industries","Thousands of dollars",2646252,2626349,2758439,2890105,2877012,3134651,3271719,3436488
 "45000","South Carolina",5,SAOCOMP,2,"..."," Private Industries","Thousands of dollars",2430055,2390436,2503156,2611757,2583695,2835164,2958736,3106652
 "45000","South Carolina",5,SAOCOMP,3,"...","  Agriculture, forestry, fishing, and hunting","Thousands of dollars",25681,25047,24809,28932,28082,38020,35847,37050
 "45000","South Carolina",5,SAOCOMP,4,"...","  Mining","Thousands of dollars",97,78,82,67,62,85,83,74
 "45000","South Carolina",5,SAOCOMP,5,"...","  Utilities","Thousands of dollars",4,4,3,4,4,5,3,5
 "45000","South Carolina",5,SAOCOMP,6,"...","  Construction","Thousands of dollars",29794,28431,30625,31970,33653,36549,39192,40625
 "45000","South Carolina",5,SAOCOMP,7,"...","  Manufacturing","Thousands of dollars",302267,306391,317044,320040,301995,350876,392435,391271
 "45000","South Carolina",5,SAOCOMP,8,"...","   Durable goods","Thousands of dollars",239992,244117,252739,255798,236626,285068,326321,323022
 "45000","South Carolina",5,SAOCOMP,9,"...","   Nondurable goods","Thousands of dollars",62275,62274,64305,64242,65368,65808,66114,68249
 "45000","South Carolina",5,SAOCOMP,10,"...","  Wholesale trade","Thousands of dollars",127479,126562,131580,140893,142994,149765,148891,150906
 "45000","South Carolina",5,SAOCOMP,11,"...","  Retail trade","Thousands of dollars",677931,694385,712959,745098,752204,796995,821303,865498
 "45000","South Carolina",5,SAOCOMP,12,"...","  Transportation and warehousing","Thousands of dollars",66811,71646,73952,80468,86083,88926,93059,102005
 "45000","South Carolina",5,SAOCOMP,13,"...","  Information","Thousands of dollars",3685,3932,4190,4369,4458,4620,4634,4606
 "45000","South Carolina",5,SAOCOMP,14,"...","  Finance, insurance, real estate, rental, and leasing","Thousands of dollars",36238,37067,34834,36544,37430,39240,40273,43151
 "45000","South Carolina",5,SAOCOMP,15,"...","   Finance and insurance","Thousands of dollars",16723,16324,15966,16348,16100,16416,16382,18286
 "45000","South Carolina",5,SAOCOMP,16,"...","   Real estate and rental and leasing","Thousands of dollars",19515,20743,18867,20196,21329,22824,23891,24865
 "45000","South Carolina",5,SAOCOMP,17,"...","  Professional and business services","Thousands of dollars",30125,28241,32223,38143,41956,50650,55151,58582
 "45000","South Carolina",5,SAOCOMP,18,"...","  Educational services, health care, and social assistance","Thousands of dollars",21932,21988,23896,24831,26535,28496,30735,30852
 "45000","South Carolina",5,SAOCOMP,19,"...","   Educational services","Thousands of dollars",17457,17743,19438,20065,21708,23200,25339,25088
 "45000","South Carolina",5,SAOCOMP,20,"...","   Health care and social assistance","Thousands of dollars",4475,4245,4457,4766,4827,5295,5397,5764
 "45000","South Carolina",5,SAOCOMP,21,"...","  Arts, entertainment, recreation, accommodation, and food services","Thousands of dollars",1074374,1011948,1080226,1119275,1084288,1203711,1247388,1329011
 "45000","South Carolina",5,SAOCOMP,22,"...","   Arts, entertainment, and recreation","Thousands of dollars",284591,295582,316188,315412,331845,334341,348289,369392
 "45000","South Carolina",5,SAOCOMP,23,"...","   Accommodation and food services","Thousands of dollars",789783,716366,764038,803863,752443,869370,899099,959618
 "45000","South Carolina",5,SAOCOMP,24,"...","  Other services, except government","Thousands of dollars",33640,34716,36733,41124,43952,47227,49741,53017
 "45000","South Carolina",5,SAOCOMP,25,"..."," Government","Thousands of dollars",216197,235913,255283,278348,293317,299487,312982,329836
 "45000","South Carolina",5,SAOCOMP,26,"...","  Federal","Thousands of dollars",16642,17996,16917,15780,15924,16308,17164,17956
 "45000","South Carolina",5,SAOCOMP,27,"...","  State and local","Thousands of dollars",199555,217917,238366,262568,277393,283180,295818,311880
"Note: See the included footnote file."
"SAOCOMP: Outdoor Recreation Satellite Account Compensation 1/"
"Last updated: November 10, 2020-- new statistics for 2018-2019; revised statistics for 2012-2017."
"Source: U.S. Department of Commerce / Bureau of Economic Analysis / Regional Economic Accounts"
