GeoFIPS,GeoName,Region,TableName,LineCode,IndustryClassification,Description,Unit,2012,2013,2014,2015,2016,2017,2018,2019
 "19000","Iowa",4,SAOCOMP,1,"...","All Industries","Thousands of dollars",1404882,1428532,1439720,1455118,1508526,1577180,1649707,1705209
 "19000","Iowa",4,SAOCOMP,2,"..."," Private Industries","Thousands of dollars",1263421,1285134,1289095,1302023,1350781,1416532,1482072,1531077
 "19000","Iowa",4,SAOCOMP,3,"...","  Agriculture, forestry, fishing, and hunting","Thousands of dollars",17965,16158,17716,18720,19192,23109,23333,24640
 "19000","Iowa",4,SAOCOMP,4,"...","  Mining","Thousands of dollars",29,25,25,21,22,29,32,31
 "19000","Iowa",4,SAOCOMP,5,"...","  Utilities","Thousands of dollars",2,2,2,2,2,3,2,2
 "19000","Iowa",4,SAOCOMP,6,"...","  Construction","Thousands of dollars",55272,59585,56584,51821,51358,56844,59941,60699
 "19000","Iowa",4,SAOCOMP,7,"...","  Manufacturing","Thousands of dollars",275249,284521,271473,275981,267800,309456,354462,332339
 "19000","Iowa",4,SAOCOMP,8,"...","   Durable goods","Thousands of dollars",206567,214010,195706,197682,183722,213168,252880,229897
 "19000","Iowa",4,SAOCOMP,9,"...","   Nondurable goods","Thousands of dollars",68683,70511,75767,78299,84079,96288,101583,102441
 "19000","Iowa",4,SAOCOMP,10,"...","  Wholesale trade","Thousands of dollars",103023,100817,107451,111815,112956,118676,117786,119638
 "19000","Iowa",4,SAOCOMP,11,"...","  Retail trade","Thousands of dollars",380244,393758,393872,397904,414520,417634,422997,446403
 "19000","Iowa",4,SAOCOMP,12,"...","  Transportation and warehousing","Thousands of dollars",58535,58155,57665,60081,60343,62566,66796,71009
 "19000","Iowa",4,SAOCOMP,13,"...","  Information","Thousands of dollars",3882,4023,4188,4294,4339,4396,4390,4288
 "19000","Iowa",4,SAOCOMP,14,"...","  Finance, insurance, real estate, rental, and leasing","Thousands of dollars",23627,23050,22755,24115,25168,26372,27335,29906
 "19000","Iowa",4,SAOCOMP,15,"...","   Finance and insurance","Thousands of dollars",18560,17769,17663,18460,18893,19898,20229,22452
 "19000","Iowa",4,SAOCOMP,16,"...","   Real estate and rental and leasing","Thousands of dollars",5067,5281,5092,5655,6276,6475,7106,7454
 "19000","Iowa",4,SAOCOMP,17,"...","  Professional and business services","Thousands of dollars",21280,18575,22460,24957,26944,30806,33218,34202
 "19000","Iowa",4,SAOCOMP,18,"...","  Educational services, health care, and social assistance","Thousands of dollars",18301,18703,20334,20906,22926,23999,26363,26877
 "19000","Iowa",4,SAOCOMP,19,"...","   Educational services","Thousands of dollars",16010,16378,17964,18432,20212,21215,23591,23852
 "19000","Iowa",4,SAOCOMP,20,"...","   Health care and social assistance","Thousands of dollars",2290,2324,2371,2473,2714,2784,2773,3024
 "19000","Iowa",4,SAOCOMP,21,"...","  Arts, entertainment, recreation, accommodation, and food services","Thousands of dollars",288065,289278,295451,291334,324662,321599,323806,358940
 "19000","Iowa",4,SAOCOMP,22,"...","   Arts, entertainment, and recreation","Thousands of dollars",153303,157566,167502,167847,177742,178180,184250,190291
 "19000","Iowa",4,SAOCOMP,23,"...","   Accommodation and food services","Thousands of dollars",134762,131712,127948,123488,146920,143419,139556,168649
 "19000","Iowa",4,SAOCOMP,24,"...","  Other services, except government","Thousands of dollars",17946,18483,19121,20071,20548,21044,21610,22103
 "19000","Iowa",4,SAOCOMP,25,"..."," Government","Thousands of dollars",141461,143398,150625,153095,157746,160648,167635,174132
 "19000","Iowa",4,SAOCOMP,26,"...","  Federal","Thousands of dollars",2145,2241,2065,1900,1931,1949,2029,2073
 "19000","Iowa",4,SAOCOMP,27,"...","  State and local","Thousands of dollars",139316,141156,148561,151195,155815,158700,165607,172059
"Note: See the included footnote file."
"SAOCOMP: Outdoor Recreation Satellite Account Compensation 1/"
"Last updated: November 10, 2020-- new statistics for 2018-2019; revised statistics for 2012-2017."
"Source: U.S. Department of Commerce / Bureau of Economic Analysis / Regional Economic Accounts"
