GeoFIPS,GeoName,Region,TableName,LineCode,IndustryClassification,Description,Unit,2012,2013,2014,2015,2016,2017,2018,2019
 "36000","New York",2,SAOCOMP,1,"...","All Industries","Thousands of dollars",13033146,13174926,13592649,14181571,14766004,14778097,15339900,15908105
 "36000","New York",2,SAOCOMP,2,"..."," Private Industries","Thousands of dollars",11294874,11312213,11694444,12143621,12720969,12804821,13292583,13735019
 "36000","New York",2,SAOCOMP,3,"...","  Agriculture, forestry, fishing, and hunting","Thousands of dollars",65922,63119,65233,67383,68554,75373,69844,68012
 "36000","New York",2,SAOCOMP,4,"...","  Mining","Thousands of dollars",222,202,220,200,208,275,283,255
 "36000","New York",2,SAOCOMP,5,"...","  Utilities","Thousands of dollars",18,20,18,22,27,29,20,26
 "36000","New York",2,SAOCOMP,6,"...","  Construction","Thousands of dollars",331007,278188,284369,278215,296212,325853,343502,344470
 "36000","New York",2,SAOCOMP,7,"...","  Manufacturing","Thousands of dollars",684111,683769,714180,749028,675098,688672,644925,623387
 "36000","New York",2,SAOCOMP,8,"...","   Durable goods","Thousands of dollars",184276,185283,190824,222007,191215,188152,192452,191700
 "36000","New York",2,SAOCOMP,9,"...","   Nondurable goods","Thousands of dollars",499835,498486,523356,527021,483882,500521,452474,431687
 "36000","New York",2,SAOCOMP,10,"...","  Wholesale trade","Thousands of dollars",1503702,1405357,1457599,1541883,1541120,1529869,1466253,1431115
 "36000","New York",2,SAOCOMP,11,"...","  Retail trade","Thousands of dollars",3045552,3184317,3212620,3292462,3360095,3335771,3431192,3564395
 "36000","New York",2,SAOCOMP,12,"...","  Transportation and warehousing","Thousands of dollars",944082,997782,1020955,1126392,1201132,1254309,1315201,1373250
 "36000","New York",2,SAOCOMP,13,"...","  Information","Thousands of dollars",51497,54906,56927,58003,60251,60873,62224,60902
 "36000","New York",2,SAOCOMP,14,"...","  Finance, insurance, real estate, rental, and leasing","Thousands of dollars",223727,221190,208851,223251,225191,234550,236211,258056
 "36000","New York",2,SAOCOMP,15,"...","   Finance and insurance","Thousands of dollars",142688,136731,135557,141533,140327,146553,143908,159717
 "36000","New York",2,SAOCOMP,16,"...","   Real estate and rental and leasing","Thousands of dollars",81040,84459,73294,81718,84864,87997,92303,98339
 "36000","New York",2,SAOCOMP,17,"...","  Professional and business services","Thousands of dollars",234427,213625,225828,254617,253655,293303,298168,310540
 "36000","New York",2,SAOCOMP,18,"...","  Educational services, health care, and social assistance","Thousands of dollars",264535,269861,294412,302597,334769,356459,389366,392155
 "36000","New York",2,SAOCOMP,19,"...","   Educational services","Thousands of dollars",246601,252032,276019,283457,313808,335109,367144,368294
 "36000","New York",2,SAOCOMP,20,"...","   Health care and social assistance","Thousands of dollars",17934,17829,18393,19141,20961,21350,22222,23861
 "36000","New York",2,SAOCOMP,21,"...","  Arts, entertainment, recreation, accommodation, and food services","Thousands of dollars",3805602,3795504,4001606,4085292,4536258,4471896,4851645,5118218
 "36000","New York",2,SAOCOMP,22,"...","   Arts, entertainment, and recreation","Thousands of dollars",1758919,1862128,2006787,2037481,2165486,2221965,2338122,2457334
 "36000","New York",2,SAOCOMP,23,"...","   Accommodation and food services","Thousands of dollars",2046683,1933376,1994819,2047810,2370772,2249931,2513523,2660884
 "36000","New York",2,SAOCOMP,24,"...","  Other services, except government","Thousands of dollars",140469,144374,151627,164276,168400,177589,183749,190238
 "36000","New York",2,SAOCOMP,25,"..."," Government","Thousands of dollars",1738272,1862712,1898205,2037950,2045035,1973276,2047317,2173086
 "36000","New York",2,SAOCOMP,26,"...","  Federal","Thousands of dollars",98792,100424,85989,78839,87137,95327,108455,118420
 "36000","New York",2,SAOCOMP,27,"...","  State and local","Thousands of dollars",1639480,1762289,1812216,1959111,1957898,1877949,1938862,2054666
"Note: See the included footnote file."
"SAOCOMP: Outdoor Recreation Satellite Account Compensation 1/"
"Last updated: November 10, 2020-- new statistics for 2018-2019; revised statistics for 2012-2017."
"Source: U.S. Department of Commerce / Bureau of Economic Analysis / Regional Economic Accounts"
