GeoFIPS,GeoName,Region,TableName,LineCode,IndustryClassification,Description,Unit,2012,2013,2014,2015,2016,2017,2018,2019
 "49000","Utah",7,SAOCOMP,1,"...","All Industries","Thousands of dollars",2277288,2329282,2392032,2465349,2651939,2885219,3072811,3230222
 "49000","Utah",7,SAOCOMP,2,"..."," Private Industries","Thousands of dollars",2011317,2053145,2106413,2175349,2339769,2558427,2724618,2864145
 "49000","Utah",7,SAOCOMP,3,"...","  Agriculture, forestry, fishing, and hunting","Thousands of dollars",16731,17145,18710,19934,20362,23900,23711,23619
 "49000","Utah",7,SAOCOMP,4,"...","  Mining","Thousands of dollars",2005,1691,1343,970,821,1613,2153,1972
 "49000","Utah",7,SAOCOMP,5,"...","  Utilities","Thousands of dollars",2,2,2,2,2,2,2,2
 "49000","Utah",7,SAOCOMP,6,"...","  Construction","Thousands of dollars",44772,41927,42591,44675,50285,59307,64619,65272
 "49000","Utah",7,SAOCOMP,7,"...","  Manufacturing","Thousands of dollars",199592,193391,188931,201736,216960,238508,251382,240022
 "49000","Utah",7,SAOCOMP,8,"...","   Durable goods","Thousands of dollars",150860,142688,136372,145998,160098,177616,190405,175347
 "49000","Utah",7,SAOCOMP,9,"...","   Nondurable goods","Thousands of dollars",48732,50703,52559,55737,56862,60892,60977,64675
 "49000","Utah",7,SAOCOMP,10,"...","  Wholesale trade","Thousands of dollars",133121,135094,136841,143837,148693,161220,162413,167424
 "49000","Utah",7,SAOCOMP,11,"...","  Retail trade","Thousands of dollars",571524,599248,606092,624272,642143,686784,729792,780836
 "49000","Utah",7,SAOCOMP,12,"...","  Transportation and warehousing","Thousands of dollars",165577,174889,181241,197703,223154,244408,264830,291480
 "49000","Utah",7,SAOCOMP,13,"...","  Information","Thousands of dollars",2936,3032,3241,3723,3887,4251,4340,4463
 "49000","Utah",7,SAOCOMP,14,"...","  Finance, insurance, real estate, rental, and leasing","Thousands of dollars",60552,57355,55507,56927,64641,68660,75980,83296
 "49000","Utah",7,SAOCOMP,15,"...","   Finance and insurance","Thousands of dollars",45601,42627,40819,40379,44332,46337,48339,53345
 "49000","Utah",7,SAOCOMP,16,"...","   Real estate and rental and leasing","Thousands of dollars",14950,14727,14688,16548,20309,22324,27641,29951
 "49000","Utah",7,SAOCOMP,17,"...","  Professional and business services","Thousands of dollars",53128,48214,52374,58774,62856,74442,78553,78580
 "49000","Utah",7,SAOCOMP,18,"...","  Educational services, health care, and social assistance","Thousands of dollars",35951,37090,40630,42383,50049,55174,63207,64479
 "49000","Utah",7,SAOCOMP,19,"...","   Educational services","Thousands of dollars",33873,34985,38458,40118,47604,52519,60474,61578
 "49000","Utah",7,SAOCOMP,20,"...","   Health care and social assistance","Thousands of dollars",2078,2104,2172,2265,2445,2655,2733,2900
 "49000","Utah",7,SAOCOMP,21,"...","  Arts, entertainment, recreation, accommodation, and food services","Thousands of dollars",694637,712474,746181,745333,818480,899214,959897,1016659
 "49000","Utah",7,SAOCOMP,22,"...","   Arts, entertainment, and recreation","Thousands of dollars",347517,359025,379621,373668,421127,440285,475412,500569
 "49000","Utah",7,SAOCOMP,23,"...","   Accommodation and food services","Thousands of dollars",347119,353449,366560,371666,397353,458930,484485,516091
 "49000","Utah",7,SAOCOMP,24,"...","  Other services, except government","Thousands of dollars",30790,31592,32729,35079,37436,40941,43739,46043
 "49000","Utah",7,SAOCOMP,25,"..."," Government","Thousands of dollars",265970,276137,285619,290000,312170,326792,348194,366076
 "49000","Utah",7,SAOCOMP,26,"...","  Federal","Thousands of dollars",91291,95920,96142,91940,100562,107106,116058,123867
 "49000","Utah",7,SAOCOMP,27,"...","  State and local","Thousands of dollars",174679,180217,189477,198060,211607,219686,232136,242210
"Note: See the included footnote file."
"SAOCOMP: Outdoor Recreation Satellite Account Compensation 1/"
"Last updated: November 10, 2020-- new statistics for 2018-2019; revised statistics for 2012-2017."
"Source: U.S. Department of Commerce / Bureau of Economic Analysis / Regional Economic Accounts"
