GeoFIPS,GeoName,Region,TableName,LineCode,IndustryClassification,Description,Unit,2012,2013,2014,2015,2016,2017,2018,2019
 "17000","Illinois",3,SAOCOMP,1,"...","All Industries","Thousands of dollars",6910463,6893951,7038930,7269109,7584129,7852651,8068704,8206955
 "17000","Illinois",3,SAOCOMP,2,"..."," Private Industries","Thousands of dollars",5865293,5834109,5954746,6154089,6402379,6641389,6865312,7049602
 "17000","Illinois",3,SAOCOMP,3,"...","  Agriculture, forestry, fishing, and hunting","Thousands of dollars",49584,45940,47325,52175,54207,64055,60100,60827
 "17000","Illinois",3,SAOCOMP,4,"...","  Mining","Thousands of dollars",2667,2203,1740,1252,1037,2130,2577,2140
 "17000","Illinois",3,SAOCOMP,5,"...","  Utilities","Thousands of dollars",11,13,11,13,16,16,10,13
 "17000","Illinois",3,SAOCOMP,6,"...","  Construction","Thousands of dollars",172219,151020,152559,153200,170105,198892,215987,216276
 "17000","Illinois",3,SAOCOMP,7,"...","  Manufacturing","Thousands of dollars",656741,672887,671569,676923,658681,703380,745840,769408
 "17000","Illinois",3,SAOCOMP,8,"...","   Durable goods","Thousands of dollars",366802,369966,355894,348420,313442,355196,396371,403981
 "17000","Illinois",3,SAOCOMP,9,"...","   Nondurable goods","Thousands of dollars",289940,302921,315675,328503,345239,348183,349469,365427
 "17000","Illinois",3,SAOCOMP,10,"...","  Wholesale trade","Thousands of dollars",506165,491844,510484,534981,527677,559606,557685,558056
 "17000","Illinois",3,SAOCOMP,11,"...","  Retail trade","Thousands of dollars",1477166,1509715,1507442,1531908,1549788,1552570,1564533,1587043
 "17000","Illinois",3,SAOCOMP,12,"...","  Transportation and warehousing","Thousands of dollars",818443,833018,848741,900013,945092,983822,1035867,1087471
 "17000","Illinois",3,SAOCOMP,13,"...","  Information","Thousands of dollars",19378,20352,20982,21214,21454,21825,21570,21161
 "17000","Illinois",3,SAOCOMP,14,"...","  Finance, insurance, real estate, rental, and leasing","Thousands of dollars",144440,139944,138307,148771,154091,162255,162406,178480
 "17000","Illinois",3,SAOCOMP,15,"...","   Finance and insurance","Thousands of dollars",98910,93858,91491,96008,96782,101758,101265,116848
 "17000","Illinois",3,SAOCOMP,16,"...","   Real estate and rental and leasing","Thousands of dollars",45530,46086,46816,52762,57309,60497,61141,61632
 "17000","Illinois",3,SAOCOMP,17,"...","  Professional and business services","Thousands of dollars",166948,149054,158431,177401,181402,202683,200302,205241
 "17000","Illinois",3,SAOCOMP,18,"...","  Educational services, health care, and social assistance","Thousands of dollars",101056,102708,109930,110288,119162,125001,136992,139478
 "17000","Illinois",3,SAOCOMP,19,"...","   Educational services","Thousands of dollars",89951,91532,98461,98299,106275,111786,123656,125296
 "17000","Illinois",3,SAOCOMP,20,"...","   Health care and social assistance","Thousands of dollars",11106,11176,11469,11989,12887,13215,13336,14181
 "17000","Illinois",3,SAOCOMP,21,"...","  Arts, entertainment, recreation, accommodation, and food services","Thousands of dollars",1663806,1625600,1693133,1743474,1912604,1949892,2040576,2099342
 "17000","Illinois",3,SAOCOMP,22,"...","   Arts, entertainment, and recreation","Thousands of dollars",979681,1009876,1072638,1073568,1154903,1198504,1237270,1257827
 "17000","Illinois",3,SAOCOMP,23,"...","   Accommodation and food services","Thousands of dollars",684125,615723,620496,669906,757701,751388,803306,841515
 "17000","Illinois",3,SAOCOMP,24,"...","  Other services, except government","Thousands of dollars",86668,89810,94091,102475,107061,115263,120867,124666
 "17000","Illinois",3,SAOCOMP,25,"..."," Government","Thousands of dollars",1045170,1059842,1084184,1115020,1181749,1211262,1203392,1157353
 "17000","Illinois",3,SAOCOMP,26,"...","  Federal","Thousands of dollars",7175,7311,6707,6032,5905,6179,6593,6956
 "17000","Illinois",3,SAOCOMP,27,"...","  State and local","Thousands of dollars",1037995,1052531,1077478,1108988,1175845,1205083,1196799,1150398
"Note: See the included footnote file."
"SAOCOMP: Outdoor Recreation Satellite Account Compensation 1/"
"Last updated: November 10, 2020-- new statistics for 2018-2019; revised statistics for 2012-2017."
"Source: U.S. Department of Commerce / Bureau of Economic Analysis / Regional Economic Accounts"
