GeoFIPS,GeoName,Region,TableName,LineCode,IndustryClassification,Description,Unit,2012,2013,2014,2015,2016,2017,2018,2019
 "01000","Alabama",5,SAOCOMP,1,"...","All Industries","Thousands of dollars",1698759,1696814,1737178,1768568,1822191,1889125,1969581,2023480
 "01000","Alabama",5,SAOCOMP,2,"..."," Private Industries","Thousands of dollars",1496329,1484422,1515619,1539282,1588718,1656677,1732598,1778680
 "01000","Alabama",5,SAOCOMP,3,"...","  Agriculture, forestry, fishing, and hunting","Thousands of dollars",24376,21709,21505,22678,22716,26345,24267,24267
 "01000","Alabama",5,SAOCOMP,4,"...","  Mining","Thousands of dollars",2416,1986,1519,1055,832,1802,2445,2270
 "01000","Alabama",5,SAOCOMP,5,"...","  Utilities","Thousands of dollars",8,8,7,8,9,10,6,8
 "01000","Alabama",5,SAOCOMP,6,"...","  Construction","Thousands of dollars",20075,23171,25407,28852,33832,41095,45750,46634
 "01000","Alabama",5,SAOCOMP,7,"...","  Manufacturing","Thousands of dollars",174825,173230,167945,163117,159119,170630,195425,193992
 "01000","Alabama",5,SAOCOMP,8,"...","   Durable goods","Thousands of dollars",91901,90566,85309,85950,84040,95949,122805,120595
 "01000","Alabama",5,SAOCOMP,9,"...","   Nondurable goods","Thousands of dollars",82924,82664,82636,77167,75079,74680,72620,73397
 "01000","Alabama",5,SAOCOMP,10,"...","  Wholesale trade","Thousands of dollars",105761,104243,106885,110206,106103,109183,106147,106540
 "01000","Alabama",5,SAOCOMP,11,"...","  Retail trade","Thousands of dollars",545396,556132,560623,572408,593273,606224,614602,630446
 "01000","Alabama",5,SAOCOMP,12,"...","  Transportation and warehousing","Thousands of dollars",69694,69416,67928,69253,69779,71409,77693,82069
 "01000","Alabama",5,SAOCOMP,13,"...","  Information","Thousands of dollars",3499,3688,3839,3840,3804,3772,3621,3533
 "01000","Alabama",5,SAOCOMP,14,"...","  Finance, insurance, real estate, rental, and leasing","Thousands of dollars",33665,31356,29627,30461,31009,32075,32377,34805
 "01000","Alabama",5,SAOCOMP,15,"...","   Finance and insurance","Thousands of dollars",18514,16839,16454,16653,16674,17057,16737,18456
 "01000","Alabama",5,SAOCOMP,16,"...","   Real estate and rental and leasing","Thousands of dollars",15151,14516,13173,13808,14334,15018,15640,16349
 "01000","Alabama",5,SAOCOMP,17,"...","  Professional and business services","Thousands of dollars",20177,18074,21481,24129,25817,30198,32632,34207
 "01000","Alabama",5,SAOCOMP,18,"...","  Educational services, health care, and social assistance","Thousands of dollars",21792,21730,23628,24170,26624,27959,30330,30145
 "01000","Alabama",5,SAOCOMP,19,"...","   Educational services","Thousands of dollars",18490,18430,20203,20598,22799,23994,26336,25885
 "01000","Alabama",5,SAOCOMP,20,"...","   Health care and social assistance","Thousands of dollars",3302,3300,3425,3572,3825,3965,3993,4260
 "01000","Alabama",5,SAOCOMP,21,"...","  Arts, entertainment, recreation, accommodation, and food services","Thousands of dollars",444517,428967,453139,454386,479312,497498,527108,547724
 "01000","Alabama",5,SAOCOMP,22,"...","   Arts, entertainment, and recreation","Thousands of dollars",171607,178614,186698,182149,189069,190574,202777,212170
 "01000","Alabama",5,SAOCOMP,23,"...","   Accommodation and food services","Thousands of dollars",272910,250353,266441,272237,290243,306924,324331,335554
 "01000","Alabama",5,SAOCOMP,24,"...","  Other services, except government","Thousands of dollars",30129,30713,32086,34719,36489,38477,40196,42041
 "01000","Alabama",5,SAOCOMP,25,"..."," Government","Thousands of dollars",202430,212392,221559,229286,233473,232448,236983,244801
 "01000","Alabama",5,SAOCOMP,26,"...","  Federal","Thousands of dollars",8563,9148,8625,8032,8348,8789,9548,10281
 "01000","Alabama",5,SAOCOMP,27,"...","  State and local","Thousands of dollars",193867,203244,212934,221254,225125,223659,227435,234520
"Note: See the included footnote file."
"SAOCOMP: Outdoor Recreation Satellite Account Compensation 1/"
"Last updated: November 10, 2020-- new statistics for 2018-2019; revised statistics for 2012-2017."
"Source: U.S. Department of Commerce / Bureau of Economic Analysis / Regional Economic Accounts"
