GeoFIPS,GeoName,Region,TableName,LineCode,IndustryClassification,Description,Unit,2012,2013,2014,2015,2016,2017,2018,2019
 "18000","Indiana",3,SAOCOMP,1,"...","All Industries","Thousands of dollars",3623037,3673621,3709427,3813175,3837188,4323408,4903037,4929849
 "18000","Indiana",3,SAOCOMP,2,"..."," Private Industries","Thousands of dollars",3409704,3457606,3483757,3579271,3596409,4081579,4648867,4657156
 "18000","Indiana",3,SAOCOMP,3,"...","  Agriculture, forestry, fishing, and hunting","Thousands of dollars",17280,15946,18029,19334,20478,24200,25537,26912
 "18000","Indiana",3,SAOCOMP,4,"...","  Mining","Thousands of dollars",1888,1574,1248,903,740,1538,1946,1683
 "18000","Indiana",3,SAOCOMP,5,"...","  Utilities","Thousands of dollars",4,4,3,4,5,5,4,4
 "18000","Indiana",3,SAOCOMP,6,"...","  Construction","Thousands of dollars",68269,62860,66494,73276,83812,94993,99071,97405
 "18000","Indiana",3,SAOCOMP,7,"...","  Manufacturing","Thousands of dollars",1406989,1435424,1404877,1458320,1434129,1879947,2347665,2278741
 "18000","Indiana",3,SAOCOMP,8,"...","   Durable goods","Thousands of dollars",1246787,1270975,1230219,1282609,1257729,1697288,2168151,2090460
 "18000","Indiana",3,SAOCOMP,9,"...","   Nondurable goods","Thousands of dollars",160202,164449,174657,175711,176400,182659,179514,188281
 "18000","Indiana",3,SAOCOMP,10,"...","  Wholesale trade","Thousands of dollars",153413,149940,156214,163384,159213,166252,167437,170466
 "18000","Indiana",3,SAOCOMP,11,"...","  Retail trade","Thousands of dollars",748590,775370,777724,776472,776333,772243,792981,822550
 "18000","Indiana",3,SAOCOMP,12,"...","  Transportation and warehousing","Thousands of dollars",175076,176973,177880,183079,178730,177283,187256,198310
 "18000","Indiana",3,SAOCOMP,13,"...","  Information","Thousands of dollars",5531,5782,6011,6049,5924,5774,5427,5060
 "18000","Indiana",3,SAOCOMP,14,"...","  Finance, insurance, real estate, rental, and leasing","Thousands of dollars",47411,45596,44782,47099,47685,49078,50578,54722
 "18000","Indiana",3,SAOCOMP,15,"...","   Finance and insurance","Thousands of dollars",30543,28440,27750,27896,27384,27950,28189,31181
 "18000","Indiana",3,SAOCOMP,16,"...","   Real estate and rental and leasing","Thousands of dollars",16867,17156,17032,19202,20301,21128,22389,23541
 "18000","Indiana",3,SAOCOMP,17,"...","  Professional and business services","Thousands of dollars",56681,50261,55833,61295,63993,72535,75508,76637
 "18000","Indiana",3,SAOCOMP,18,"...","  Educational services, health care, and social assistance","Thousands of dollars",36424,37159,40325,41361,44838,46422,50163,50943
 "18000","Indiana",3,SAOCOMP,19,"...","   Educational services","Thousands of dollars",31212,31809,34775,35499,38557,39895,43470,43757
 "18000","Indiana",3,SAOCOMP,20,"...","   Health care and social assistance","Thousands of dollars",5212,5350,5550,5862,6281,6527,6692,7186
 "18000","Indiana",3,SAOCOMP,21,"...","  Arts, entertainment, recreation, accommodation, and food services","Thousands of dollars",645096,651850,683623,693922,723296,731227,782907,809409
 "18000","Indiana",3,SAOCOMP,22,"...","   Arts, entertainment, and recreation","Thousands of dollars",371564,390234,416837,414853,440445,456683,476055,496864
 "18000","Indiana",3,SAOCOMP,23,"...","   Accommodation and food services","Thousands of dollars",273532,261617,266786,279069,282851,274544,306852,312544
 "18000","Indiana",3,SAOCOMP,24,"...","  Other services, except government","Thousands of dollars",47053,48867,50715,54773,57234,60083,62388,64316
 "18000","Indiana",3,SAOCOMP,25,"..."," Government","Thousands of dollars",213333,216015,225670,233903,240779,241829,254170,272693
 "18000","Indiana",3,SAOCOMP,26,"...","  Federal","Thousands of dollars",15024,15732,14091,12544,12428,12641,13642,14990
 "18000","Indiana",3,SAOCOMP,27,"...","  State and local","Thousands of dollars",198309,200282,211579,221359,228352,229188,240527,257702
"Note: See the included footnote file."
"SAOCOMP: Outdoor Recreation Satellite Account Compensation 1/"
"Last updated: November 10, 2020-- new statistics for 2018-2019; revised statistics for 2012-2017."
"Source: U.S. Department of Commerce / Bureau of Economic Analysis / Regional Economic Accounts"
