GeoFIPS,GeoName,Region,TableName,LineCode,IndustryClassification,Description,Unit,2012,2013,2014,2015,2016,2017,2018,2019
 "15000","Hawaii",8,SAOCOMP,1,"...","All Industries","Thousands of dollars",2046381,2097580,2156926,2290727,2309728,2472809,2553195,2699539
 "15000","Hawaii",8,SAOCOMP,2,"..."," Private Industries","Thousands of dollars",1895679,1936145,1987393,2112681,2119740,2276431,2347546,2487559
 "15000","Hawaii",8,SAOCOMP,3,"...","  Agriculture, forestry, fishing, and hunting","Thousands of dollars",17721,16660,17890,18894,20709,20845,18527,17970
 "15000","Hawaii",8,SAOCOMP,4,"...","  Mining","Thousands of dollars",17,15,15,13,12,17,16,14
 "15000","Hawaii",8,SAOCOMP,5,"...","  Utilities","Thousands of dollars",2,2,2,2,3,3,2,2
 "15000","Hawaii",8,SAOCOMP,6,"...","  Construction","Thousands of dollars",21440,21083,22595,24785,28936,33458,35200,33850
 "15000","Hawaii",8,SAOCOMP,7,"...","  Manufacturing","Thousands of dollars",24568,25492,25192,26412,26928,27476,26867,27065
 "15000","Hawaii",8,SAOCOMP,8,"...","   Durable goods","Thousands of dollars",3258,2984,2750,2729,2814,2937,3124,2844
 "15000","Hawaii",8,SAOCOMP,9,"...","   Nondurable goods","Thousands of dollars",21310,22508,22442,23683,24114,24539,23743,24221
 "15000","Hawaii",8,SAOCOMP,10,"...","  Wholesale trade","Thousands of dollars",29784,29358,30470,32560,32190,33255,32607,32927
 "15000","Hawaii",8,SAOCOMP,11,"...","  Retail trade","Thousands of dollars",385250,401939,402706,417876,404517,424024,430304,445975
 "15000","Hawaii",8,SAOCOMP,12,"...","  Transportation and warehousing","Thousands of dollars",463288,501039,514303,566747,600969,641969,681612,743124
 "15000","Hawaii",8,SAOCOMP,13,"...","  Information","Thousands of dollars",1444,1553,1657,1703,1750,1784,1746,1689
 "15000","Hawaii",8,SAOCOMP,14,"...","  Finance, insurance, real estate, rental, and leasing","Thousands of dollars",22147,22473,20706,21960,22480,23756,25275,27264
 "15000","Hawaii",8,SAOCOMP,15,"...","   Finance and insurance","Thousands of dollars",6212,5858,5689,5664,5557,5821,5943,6738
 "15000","Hawaii",8,SAOCOMP,16,"...","   Real estate and rental and leasing","Thousands of dollars",15936,16615,15018,16296,16923,17935,19332,20526
 "15000","Hawaii",8,SAOCOMP,17,"...","  Professional and business services","Thousands of dollars",53639,50376,52679,58131,58270,66950,68480,69256
 "15000","Hawaii",8,SAOCOMP,18,"...","  Educational services, health care, and social assistance","Thousands of dollars",14170,14117,14909,14787,14890,15787,16945,17571
 "15000","Hawaii",8,SAOCOMP,19,"...","   Educational services","Thousands of dollars",11402,11486,12227,11922,12075,12795,13980,14462
 "15000","Hawaii",8,SAOCOMP,20,"...","   Health care and social assistance","Thousands of dollars",2768,2631,2681,2865,2816,2992,2965,3109
 "15000","Hawaii",8,SAOCOMP,21,"...","  Arts, entertainment, recreation, accommodation, and food services","Thousands of dollars",850506,840327,872199,915543,894598,972423,994690,1054983
 "15000","Hawaii",8,SAOCOMP,22,"...","   Arts, entertainment, and recreation","Thousands of dollars",187942,196584,208097,198635,201628,203738,219221,240512
 "15000","Hawaii",8,SAOCOMP,23,"...","   Accommodation and food services","Thousands of dollars",662564,643743,664102,716908,692970,768685,775469,814471
 "15000","Hawaii",8,SAOCOMP,24,"...","  Other services, except government","Thousands of dollars",11703,11712,12071,13269,13489,14684,15273,15869
 "15000","Hawaii",8,SAOCOMP,25,"..."," Government","Thousands of dollars",150702,161434,169534,178046,189988,196378,205650,211980
 "15000","Hawaii",8,SAOCOMP,26,"...","  Federal","Thousands of dollars",34589,39410,37601,36086,37604,38788,40894,41930
 "15000","Hawaii",8,SAOCOMP,27,"...","  State and local","Thousands of dollars",116113,122024,131933,141960,152384,157590,164755,170051
"Note: See the included footnote file."
"SAOCOMP: Outdoor Recreation Satellite Account Compensation 1/"
"Last updated: November 10, 2020-- new statistics for 2018-2019; revised statistics for 2012-2017."
"Source: U.S. Department of Commerce / Bureau of Economic Analysis / Regional Economic Accounts"
