GeoFIPS,GeoName,Region,TableName,LineCode,IndustryClassification,Description,Unit,2012,2013,2014,2015,2016,2017,2018,2019
 "04000","Arizona",6,SAOCOMP,1,"...","All Industries","Thousands of dollars",3569836,3598379,3807866,3968218,4168110,4387256,4605410,4839452
 "04000","Arizona",6,SAOCOMP,2,"..."," Private Industries","Thousands of dollars",3209846,3226311,3427992,3581120,3760925,3959652,4127929,4314270
 "04000","Arizona",6,SAOCOMP,3,"...","  Agriculture, forestry, fishing, and hunting","Thousands of dollars",26386,25402,26785,27903,27902,31244,29771,29462
 "04000","Arizona",6,SAOCOMP,4,"...","  Mining","Thousands of dollars",3077,2604,2028,1428,1119,2333,2992,2643
 "04000","Arizona",6,SAOCOMP,5,"...","  Utilities","Thousands of dollars",5,6,5,6,7,8,5,6
 "04000","Arizona",6,SAOCOMP,6,"...","  Construction","Thousands of dollars",68553,72291,73773,74480,81772,95690,105495,106089
 "04000","Arizona",6,SAOCOMP,7,"...","  Manufacturing","Thousands of dollars",130753,131597,132363,141749,159131,171711,188783,204728
 "04000","Arizona",6,SAOCOMP,8,"...","   Durable goods","Thousands of dollars",102730,101995,100386,108321,124013,136283,152730,167359
 "04000","Arizona",6,SAOCOMP,9,"...","   Nondurable goods","Thousands of dollars",28023,29603,31976,33428,35118,35428,36053,37370
 "04000","Arizona",6,SAOCOMP,10,"...","  Wholesale trade","Thousands of dollars",131153,127827,130518,136597,134477,143722,146332,150643
 "04000","Arizona",6,SAOCOMP,11,"...","  Retail trade","Thousands of dollars",843292,867728,899790,929875,949792,969171,991253,1028950
 "04000","Arizona",6,SAOCOMP,12,"...","  Transportation and warehousing","Thousands of dollars",419833,433036,435360,463595,497705,521023,550235,578420
 "04000","Arizona",6,SAOCOMP,13,"...","  Information","Thousands of dollars",5921,6344,6878,7332,7553,7819,7747,7682
 "04000","Arizona",6,SAOCOMP,14,"...","  Finance, insurance, real estate, rental, and leasing","Thousands of dollars",72167,72949,69058,74852,77781,80964,80752,85085
 "04000","Arizona",6,SAOCOMP,15,"...","   Finance and insurance","Thousands of dollars",24831,24251,24606,26656,27299,28380,26082,29220
 "04000","Arizona",6,SAOCOMP,16,"...","   Real estate and rental and leasing","Thousands of dollars",47336,48698,44452,48197,50482,52584,54671,55865
 "04000","Arizona",6,SAOCOMP,17,"...","  Professional and business services","Thousands of dollars",116722,106984,117345,135459,144171,169320,179539,182772
 "04000","Arizona",6,SAOCOMP,18,"...","  Educational services, health care, and social assistance","Thousands of dollars",37272,37310,40362,41181,44413,46569,48727,48772
 "04000","Arizona",6,SAOCOMP,19,"...","   Educational services","Thousands of dollars",31846,31925,34652,35166,37973,39805,41786,41266
 "04000","Arizona",6,SAOCOMP,20,"...","   Health care and social assistance","Thousands of dollars",5425,5386,5709,6014,6440,6764,6942,7506
 "04000","Arizona",6,SAOCOMP,21,"...","  Arts, entertainment, recreation, accommodation, and food services","Thousands of dollars",1316238,1301855,1451279,1500203,1586533,1668764,1742077,1832038
 "04000","Arizona",6,SAOCOMP,22,"...","   Arts, entertainment, and recreation","Thousands of dollars",560635,582546,640453,646797,697439,718120,752521,795953
 "04000","Arizona",6,SAOCOMP,23,"...","   Accommodation and food services","Thousands of dollars",755603,719310,810826,853406,889094,950644,989556,1036084
 "04000","Arizona",6,SAOCOMP,24,"...","  Other services, except government","Thousands of dollars",38475,40377,42449,46459,48568,51314,54221,56979
 "04000","Arizona",6,SAOCOMP,25,"..."," Government","Thousands of dollars",359990,372068,379874,387098,407184,427603,477481,525182
 "04000","Arizona",6,SAOCOMP,26,"...","  Federal","Thousands of dollars",80035,85745,82138,78576,83770,88265,94258,100087
 "04000","Arizona",6,SAOCOMP,27,"...","  State and local","Thousands of dollars",279955,286323,297736,308522,323415,339338,383224,425095
"Note: See the included footnote file."
"SAOCOMP: Outdoor Recreation Satellite Account Compensation 1/"
"Last updated: November 10, 2020-- new statistics for 2018-2019; revised statistics for 2012-2017."
"Source: U.S. Department of Commerce / Bureau of Economic Analysis / Regional Economic Accounts"
