GeoFIPS,GeoName,Region,TableName,LineCode,IndustryClassification,Description,Unit,2012,2013,2014,2015,2016,2017,2018,2019
 "32000","Nevada",8,SAOCOMP,1,"...","All Industries","Thousands of dollars",1978323,1960166,2029468,2162192,2289358,2397932,2466194,2615294
 "32000","Nevada",8,SAOCOMP,2,"..."," Private Industries","Thousands of dollars",1754697,1727310,1785256,1908063,2023225,2123862,2180094,2318442
 "32000","Nevada",8,SAOCOMP,3,"...","  Agriculture, forestry, fishing, and hunting","Thousands of dollars",3905,3702,4013,4339,4540,4986,4886,4738
 "32000","Nevada",8,SAOCOMP,4,"...","  Mining","Thousands of dollars",2283,2126,2333,2000,1925,2712,2725,2434
 "32000","Nevada",8,SAOCOMP,5,"...","  Utilities","Thousands of dollars",13,17,15,21,27,28,16,19
 "32000","Nevada",8,SAOCOMP,6,"...","  Construction","Thousands of dollars",70530,70080,76264,75198,77852,84240,91926,96114
 "32000","Nevada",8,SAOCOMP,7,"...","  Manufacturing","Thousands of dollars",29781,31062,32427,34265,35396,37297,37341,39591
 "32000","Nevada",8,SAOCOMP,8,"...","   Durable goods","Thousands of dollars",19463,20437,21267,22614,22999,25204,24909,26753
 "32000","Nevada",8,SAOCOMP,9,"...","   Nondurable goods","Thousands of dollars",10318,10625,11160,11650,12397,12093,12432,12838
 "32000","Nevada",8,SAOCOMP,10,"...","  Wholesale trade","Thousands of dollars",67694,65825,68750,75433,77319,81712,81660,84502
 "32000","Nevada",8,SAOCOMP,11,"...","  Retail trade","Thousands of dollars",499552,511714,518757,542406,559747,568793,574125,598227
 "32000","Nevada",8,SAOCOMP,12,"...","  Transportation and warehousing","Thousands of dollars",361159,369680,381857,419321,438752,478964,503473,549781
 "32000","Nevada",8,SAOCOMP,13,"...","  Information","Thousands of dollars",1719,1780,1880,1965,2048,2188,2233,2291
 "32000","Nevada",8,SAOCOMP,14,"...","  Finance, insurance, real estate, rental, and leasing","Thousands of dollars",25515,25816,23671,25126,26570,27914,27930,31041
 "32000","Nevada",8,SAOCOMP,15,"...","   Finance and insurance","Thousands of dollars",11219,10593,10049,10527,10684,11064,10944,12251
 "32000","Nevada",8,SAOCOMP,16,"...","   Real estate and rental and leasing","Thousands of dollars",14296,15223,13622,14599,15886,16850,16986,18789
 "32000","Nevada",8,SAOCOMP,17,"...","  Professional and business services","Thousands of dollars",46699,40675,43042,46652,48280,56315,57686,59997
 "32000","Nevada",8,SAOCOMP,18,"...","  Educational services, health care, and social assistance","Thousands of dollars",14980,14851,16146,17192,19461,21087,23017,23611
 "32000","Nevada",8,SAOCOMP,19,"...","   Educational services","Thousands of dollars",11969,12032,13256,14037,15975,17426,19329,19620
 "32000","Nevada",8,SAOCOMP,20,"...","   Health care and social assistance","Thousands of dollars",3011,2819,2891,3155,3486,3661,3688,3991
 "32000","Nevada",8,SAOCOMP,21,"...","  Arts, entertainment, recreation, accommodation, and food services","Thousands of dollars",614327,573081,598338,644369,710095,734593,748514,800149
 "32000","Nevada",8,SAOCOMP,22,"...","   Arts, entertainment, and recreation","Thousands of dollars",222182,230050,246833,252828,275355,283690,301517,318253
 "32000","Nevada",8,SAOCOMP,23,"...","   Accommodation and food services","Thousands of dollars",392144,343030,351504,391541,434740,450903,446997,481896
 "32000","Nevada",8,SAOCOMP,24,"...","  Other services, except government","Thousands of dollars",16539,16900,17764,19776,21215,23034,24563,25948
 "32000","Nevada",8,SAOCOMP,25,"..."," Government","Thousands of dollars",223627,232856,244211,254129,266133,274070,286100,296852
 "32000","Nevada",8,SAOCOMP,26,"...","  Federal","Thousands of dollars",34790,36367,33868,32167,34372,35648,37954,40136
 "32000","Nevada",8,SAOCOMP,27,"...","  State and local","Thousands of dollars",188836,196489,210343,221962,231761,238422,248146,256717
"Note: See the included footnote file."
"SAOCOMP: Outdoor Recreation Satellite Account Compensation 1/"
"Last updated: November 10, 2020-- new statistics for 2018-2019; revised statistics for 2012-2017."
"Source: U.S. Department of Commerce / Bureau of Economic Analysis / Regional Economic Accounts"
