GeoFIPS,GeoName,Region,TableName,LineCode,IndustryClassification,Description,Unit,2012,2013,2014,2015,2016,2017,2018,2019
 "11000","District of Columbia",2,SAOCOMP,1,"...","All Industries","Thousands of dollars",815362,787738,791950,851561,858165,931055,942992,970926
 "11000","District of Columbia",2,SAOCOMP,2,"..."," Private Industries","Thousands of dollars",647671,599987,606602,656737,647922,720903,726329,751686
 "11000","District of Columbia",2,SAOCOMP,3,"...","  Agriculture, forestry, fishing, and hunting","Thousands of dollars",0,0,0,0,0,0,0,0
 "11000","District of Columbia",2,SAOCOMP,4,"...","  Mining","Thousands of dollars",0,0,0,0,0,0,0,0
 "11000","District of Columbia",2,SAOCOMP,5,"...","  Utilities","Thousands of dollars",1,1,1,1,1,1,1,1
 "11000","District of Columbia",2,SAOCOMP,6,"...","  Construction","Thousands of dollars",18352,16366,16959,18007,19021,(D),22214,23237
 "11000","District of Columbia",2,SAOCOMP,7,"...","  Manufacturing","Thousands of dollars",1577,1651,1641,1592,1578,(D),1593,1799
 "11000","District of Columbia",2,SAOCOMP,8,"...","   Durable goods","Thousands of dollars",496,515,408,406,487,(D),612,775
 "11000","District of Columbia",2,SAOCOMP,9,"...","   Nondurable goods","Thousands of dollars",1081,1136,1234,1186,1091,(D),981,1024
 "11000","District of Columbia",2,SAOCOMP,10,"...","  Wholesale trade","Thousands of dollars",7546,6987,7226,7821,7614,8007,9818,10111
 "11000","District of Columbia",2,SAOCOMP,11,"...","  Retail trade","Thousands of dollars",101659,100632,98567,104062,100520,106904,104942,104610
 "11000","District of Columbia",2,SAOCOMP,12,"...","  Transportation and warehousing","Thousands of dollars",11169,11442,11091,11569,11828,11716,12502,14313
 "11000","District of Columbia",2,SAOCOMP,13,"...","  Information","Thousands of dollars",4747,4962,4937,4731,4528,4617,4808,4938
 "11000","District of Columbia",2,SAOCOMP,14,"...","  Finance, insurance, real estate, rental, and leasing","Thousands of dollars",5762,5820,5749,5898,5536,5419,4975,5354
 "11000","District of Columbia",2,SAOCOMP,15,"...","   Finance and insurance","Thousands of dollars",4092,3883,3877,3951,3766,3559,3359,3706
 "11000","District of Columbia",2,SAOCOMP,16,"...","   Real estate and rental and leasing","Thousands of dollars",1670,1937,1872,1947,1770,1861,1616,1647
 "11000","District of Columbia",2,SAOCOMP,17,"...","  Professional and business services","Thousands of dollars",20946,19718,21056,22951,23138,25399,26152,26273
 "11000","District of Columbia",2,SAOCOMP,18,"...","  Educational services, health care, and social assistance","Thousands of dollars",27095,28085,29719,29262,29172,29062,30134,30531
 "11000","District of Columbia",2,SAOCOMP,19,"...","   Educational services","Thousands of dollars",25097,26276,27924,27294,27223,26925,28018,28339
 "11000","District of Columbia",2,SAOCOMP,20,"...","   Health care and social assistance","Thousands of dollars",1999,1809,1795,1968,1949,2137,2115,2192
 "11000","District of Columbia",2,SAOCOMP,21,"...","  Arts, entertainment, recreation, accommodation, and food services","Thousands of dollars",438036,393980,398763,439150,433545,494255,495466,516328
 "11000","District of Columbia",2,SAOCOMP,22,"...","   Arts, entertainment, and recreation","Thousands of dollars",93926,98148,110801,115255,124995,131597,137130,145239
 "11000","District of Columbia",2,SAOCOMP,23,"...","   Accommodation and food services","Thousands of dollars",344109,295832,287962,323895,308549,362659,358336,371090
 "11000","District of Columbia",2,SAOCOMP,24,"...","  Other services, except government","Thousands of dollars",10781,10343,10891,11693,11441,12963,13724,14190
 "11000","District of Columbia",2,SAOCOMP,25,"..."," Government","Thousands of dollars",167691,187751,185348,194824,210243,210152,216663,219240
 "11000","District of Columbia",2,SAOCOMP,26,"...","  Federal","Thousands of dollars",88679,101169,98137,97512,106835,112059,120602,125641
 "11000","District of Columbia",2,SAOCOMP,27,"...","  State and local","Thousands of dollars",79012,86582,87212,97312,103407,98093,96061,93599
"Note: See the included footnote file."
"SAOCOMP: Outdoor Recreation Satellite Account Compensation 1/"
"Last updated: November 10, 2020-- new statistics for 2018-2019; revised statistics for 2012-2017."
"Source: U.S. Department of Commerce / Bureau of Economic Analysis / Regional Economic Accounts"
