GeoFIPS,GeoName,Region,TableName,LineCode,IndustryClassification,Description,Unit,2012,2013,2014,2015,2016,2017,2018,2019
 "55000","Wisconsin",3,SAOCOMP,1,"...","All Industries","Thousands of dollars",3445028,3485157,3603672,3586130,3552251,3705359,3827076,3883067
 "55000","Wisconsin",3,SAOCOMP,2,"..."," Private Industries","Thousands of dollars",3154906,3198931,3313820,3300809,3265918,3420643,3530889,3568642
 "55000","Wisconsin",3,SAOCOMP,3,"...","  Agriculture, forestry, fishing, and hunting","Thousands of dollars",38390,37129,39140,41290,42715,47587,47052,50408
 "55000","Wisconsin",3,SAOCOMP,4,"...","  Mining","Thousands of dollars",98,83,83,63,59,83,92,86
 "55000","Wisconsin",3,SAOCOMP,5,"...","  Utilities","Thousands of dollars",16,19,16,20,24,25,15,18
 "55000","Wisconsin",3,SAOCOMP,6,"...","  Construction","Thousands of dollars",48471,49960,54428,58055,63644,72505,79284,82032
 "55000","Wisconsin",3,SAOCOMP,7,"...","  Manufacturing","Thousands of dollars",730960,794419,824810,778845,687523,750721,741526,735499
 "55000","Wisconsin",3,SAOCOMP,8,"...","   Durable goods","Thousands of dollars",595741,656117,689115,636971,523046,590246,573616,562665
 "55000","Wisconsin",3,SAOCOMP,9,"...","   Nondurable goods","Thousands of dollars",135218,138302,135695,141874,164477,160474,167910,172833
 "55000","Wisconsin",3,SAOCOMP,10,"...","  Wholesale trade","Thousands of dollars",317413,318302,331672,343601,343187,351556,353451,354160
 "55000","Wisconsin",3,SAOCOMP,11,"...","  Retail trade","Thousands of dollars",734345,743974,749679,763305,772490,789052,806582,820693
 "55000","Wisconsin",3,SAOCOMP,12,"...","  Transportation and warehousing","Thousands of dollars",152927,153009,149956,154106,154183,157234,168930,182160
 "55000","Wisconsin",3,SAOCOMP,13,"...","  Information","Thousands of dollars",6220,6386,6716,7233,7279,7555,7516,7539
 "55000","Wisconsin",3,SAOCOMP,14,"...","  Finance, insurance, real estate, rental, and leasing","Thousands of dollars",78393,74876,68900,69944,69533,72165,74318,81221
 "55000","Wisconsin",3,SAOCOMP,15,"...","   Finance and insurance","Thousands of dollars",51408,48195,45812,44959,43600,44844,44857,49872
 "55000","Wisconsin",3,SAOCOMP,16,"...","   Real estate and rental and leasing","Thousands of dollars",26985,26681,23088,24986,25933,27321,29461,31348
 "55000","Wisconsin",3,SAOCOMP,17,"...","  Professional and business services","Thousands of dollars",50576,45621,51318,57576,61726,72270,77602,78868
 "55000","Wisconsin",3,SAOCOMP,18,"...","  Educational services, health care, and social assistance","Thousands of dollars",44043,44861,48422,48861,53035,56080,62063,62864
 "55000","Wisconsin",3,SAOCOMP,19,"...","   Educational services","Thousands of dollars",38940,39728,43121,43357,47280,50146,56069,56583
 "55000","Wisconsin",3,SAOCOMP,20,"...","   Health care and social assistance","Thousands of dollars",5103,5133,5301,5504,5755,5934,5994,6281
 "55000","Wisconsin",3,SAOCOMP,21,"...","  Arts, entertainment, recreation, accommodation, and food services","Thousands of dollars",917264,893267,950041,935771,966527,997730,1064777,1063775
 "55000","Wisconsin",3,SAOCOMP,22,"...","   Arts, entertainment, and recreation","Thousands of dollars",516747,537054,579843,565707,595642,603513,645464,673225
 "55000","Wisconsin",3,SAOCOMP,23,"...","   Accommodation and food services","Thousands of dollars",400517,356212,370198,370064,370884,394217,419313,390549
 "55000","Wisconsin",3,SAOCOMP,24,"...","  Other services, except government","Thousands of dollars",35791,37025,38638,42138,43994,46081,47681,49319
 "55000","Wisconsin",3,SAOCOMP,25,"..."," Government","Thousands of dollars",290122,286226,289852,285321,286333,284716,296187,314424
 "55000","Wisconsin",3,SAOCOMP,26,"...","  Federal","Thousands of dollars",5438,5329,5421,5320,5928,6349,6627,6874
 "55000","Wisconsin",3,SAOCOMP,27,"...","  State and local","Thousands of dollars",284683,280897,284431,280001,280405,278366,289560,307551
"Note: See the included footnote file."
"SAOCOMP: Outdoor Recreation Satellite Account Compensation 1/"
"Last updated: November 10, 2020-- new statistics for 2018-2019; revised statistics for 2012-2017."
"Source: U.S. Department of Commerce / Bureau of Economic Analysis / Regional Economic Accounts"
