GeoFIPS,GeoName,Region,TableName,LineCode,IndustryClassification,Description,Unit,2012,2013,2014,2015,2016,2017,2018,2019
 "24000","Maryland",2,SAOCOMP,1,"...","All Industries","Thousands of dollars",3205434,3168895,3268362,3357558,3441879,3531054,3651996,3853295
 "24000","Maryland",2,SAOCOMP,2,"..."," Private Industries","Thousands of dollars",2746745,2682610,2759602,2822580,2882613,2956537,3047125,3215925
 "24000","Maryland",2,SAOCOMP,3,"...","  Agriculture, forestry, fishing, and hunting","Thousands of dollars",33673,33076,34378,37978,38351,46029,44510,46768
 "24000","Maryland",2,SAOCOMP,4,"...","  Mining","Thousands of dollars",272,217,167,118,105,232,312,283
 "24000","Maryland",2,SAOCOMP,5,"...","  Utilities","Thousands of dollars",9,10,8,10,12,12,8,11
 "24000","Maryland",2,SAOCOMP,6,"...","  Construction","Thousands of dollars",43017,41761,45485,49955,58694,70977,80009,83090
 "24000","Maryland",2,SAOCOMP,7,"...","  Manufacturing","Thousands of dollars",106616,109058,109703,111519,105176,108229,113085,114682
 "24000","Maryland",2,SAOCOMP,8,"...","   Durable goods","Thousands of dollars",53092,54171,52765,53412,44635,50104,55442,55351
 "24000","Maryland",2,SAOCOMP,9,"...","   Nondurable goods","Thousands of dollars",53525,54887,56938,58108,60541,58124,57643,59331
 "24000","Maryland",2,SAOCOMP,10,"...","  Wholesale trade","Thousands of dollars",127867,124594,130164,141256,140452,147134,144609,147178
 "24000","Maryland",2,SAOCOMP,11,"...","  Retail trade","Thousands of dollars",902961,902653,902792,910282,905927,904550,906180,942596
 "24000","Maryland",2,SAOCOMP,12,"...","  Transportation and warehousing","Thousands of dollars",224858,229759,230629,245956,261538,272976,289647,307999
 "24000","Maryland",2,SAOCOMP,13,"...","  Information","Thousands of dollars",7135,7487,7839,7978,8075,8210,8076,7975
 "24000","Maryland",2,SAOCOMP,14,"...","  Finance, insurance, real estate, rental, and leasing","Thousands of dollars",66153,62165,60615,61214,61601,62313,64174,68555
 "24000","Maryland",2,SAOCOMP,15,"...","   Finance and insurance","Thousands of dollars",34784,31388,29835,28551,27328,27766,27971,31383
 "24000","Maryland",2,SAOCOMP,16,"...","   Real estate and rental and leasing","Thousands of dollars",31369,30777,30781,32663,34273,34547,36203,37171
 "24000","Maryland",2,SAOCOMP,17,"...","  Professional and business services","Thousands of dollars",60518,56410,61329,69186,71267,83350,87702,88523
 "24000","Maryland",2,SAOCOMP,18,"...","  Educational services, health care, and social assistance","Thousands of dollars",58336,58238,63052,63357,69785,74037,81301,81904
 "24000","Maryland",2,SAOCOMP,19,"...","   Educational services","Thousands of dollars",52200,52323,56957,57034,63083,67137,74320,74344
 "24000","Maryland",2,SAOCOMP,20,"...","   Health care and social assistance","Thousands of dollars",6136,5915,6095,6323,6702,6900,6981,7560
 "24000","Maryland",2,SAOCOMP,21,"...","  Arts, entertainment, recreation, accommodation, and food services","Thousands of dollars",1052659,993730,1048049,1054012,1090146,1104566,1152558,1249620
 "24000","Maryland",2,SAOCOMP,22,"...","   Arts, entertainment, and recreation","Thousands of dollars",462186,484746,527521,522147,555111,566230,589992,611045
 "24000","Maryland",2,SAOCOMP,23,"...","   Accommodation and food services","Thousands of dollars",590473,508984,520528,531864,535035,538337,562566,638574
 "24000","Maryland",2,SAOCOMP,24,"...","  Other services, except government","Thousands of dollars",62671,63451,65391,69758,71482,73922,74952,76742
 "24000","Maryland",2,SAOCOMP,25,"..."," Government","Thousands of dollars",458689,486284,508760,534978,559265,574517,604871,637370
 "24000","Maryland",2,SAOCOMP,26,"...","  Federal","Thousands of dollars",41898,47018,44617,42374,43411,43165,44699,46207
 "24000","Maryland",2,SAOCOMP,27,"...","  State and local","Thousands of dollars",416791,439266,464143,492604,515855,531352,560172,591164
"Note: See the included footnote file."
"SAOCOMP: Outdoor Recreation Satellite Account Compensation 1/"
"Last updated: November 10, 2020-- new statistics for 2018-2019; revised statistics for 2012-2017."
"Source: U.S. Department of Commerce / Bureau of Economic Analysis / Regional Economic Accounts"
