GeoFIPS,GeoName,Region,TableName,LineCode,IndustryClassification,Description,Unit,2012,2013,2014,2015,2016,2017,2018,2019
 "51000","Virginia",5,SAOCOMP,1,"...","All Industries","Thousands of dollars",3921173,3923586,4085123,4199233,4299370,4464195,4588110,4716666
 "51000","Virginia",5,SAOCOMP,2,"..."," Private Industries","Thousands of dollars",3344633,3321430,3468400,3567935,3649720,3811746,3919486,4026545
 "51000","Virginia",5,SAOCOMP,3,"...","  Agriculture, forestry, fishing, and hunting","Thousands of dollars",53065,54399,56574,61832,60932,73672,72131,72348
 "51000","Virginia",5,SAOCOMP,4,"...","  Mining","Thousands of dollars",2394,1962,1459,976,744,1476,1826,1589
 "51000","Virginia",5,SAOCOMP,5,"...","  Utilities","Thousands of dollars",4,5,4,5,5,6,4,5
 "51000","Virginia",5,SAOCOMP,6,"...","  Construction","Thousands of dollars",69885,65589,71310,77646,87343,99313,107103,108266
 "51000","Virginia",5,SAOCOMP,7,"...","  Manufacturing","Thousands of dollars",138647,136924,139602,141961,143602,148388,155518,156393
 "51000","Virginia",5,SAOCOMP,8,"...","   Durable goods","Thousands of dollars",53949,51270,51547,52137,50534,56012,60925,59071
 "51000","Virginia",5,SAOCOMP,9,"...","   Nondurable goods","Thousands of dollars",84698,85655,88055,89824,93068,92375,94593,97322
 "51000","Virginia",5,SAOCOMP,10,"...","  Wholesale trade","Thousands of dollars",225646,224576,224936,234550,230396,238841,234791,234688
 "51000","Virginia",5,SAOCOMP,11,"...","  Retail trade","Thousands of dollars",981674,1002213,1016944,1028714,1028893,1048852,1057905,1079324
 "51000","Virginia",5,SAOCOMP,12,"...","  Transportation and warehousing","Thousands of dollars",335870,353812,366135,397482,419745,431925,448232,472206
 "51000","Virginia",5,SAOCOMP,13,"...","  Information","Thousands of dollars",13915,14862,15835,16631,17032,17152,17004,16829
 "51000","Virginia",5,SAOCOMP,14,"...","  Finance, insurance, real estate, rental, and leasing","Thousands of dollars",66404,64422,61980,66133,66565,67463,68589,75664
 "51000","Virginia",5,SAOCOMP,15,"...","   Finance and insurance","Thousands of dollars",35490,33934,34162,35275,34936,35568,36510,42028
 "51000","Virginia",5,SAOCOMP,16,"...","   Real estate and rental and leasing","Thousands of dollars",30914,30487,27819,30858,31630,31894,32079,33636
 "51000","Virginia",5,SAOCOMP,17,"...","  Professional and business services","Thousands of dollars",76208,67300,74420,82809,88202,103083,110150,113485
 "51000","Virginia",5,SAOCOMP,18,"...","  Educational services, health care, and social assistance","Thousands of dollars",66112,66647,72269,72386,78101,82390,89064,89033
 "51000","Virginia",5,SAOCOMP,19,"...","   Educational services","Thousands of dollars",59035,59673,64976,64769,70066,73996,80548,79916
 "51000","Virginia",5,SAOCOMP,20,"...","   Health care and social assistance","Thousands of dollars",7077,6973,7293,7616,8035,8394,8515,9117
 "51000","Virginia",5,SAOCOMP,21,"...","  Arts, entertainment, recreation, accommodation, and food services","Thousands of dollars",1255013,1207253,1303361,1318294,1357142,1423662,1478207,1524431
 "51000","Virginia",5,SAOCOMP,22,"...","   Arts, entertainment, and recreation","Thousands of dollars",542072,559099,592741,592277,637885,660738,685533,703162
 "51000","Virginia",5,SAOCOMP,23,"...","   Accommodation and food services","Thousands of dollars",712941,648155,710619,726017,719257,762925,792673,821269
 "51000","Virginia",5,SAOCOMP,24,"...","  Other services, except government","Thousands of dollars",59796,61467,63571,68517,71018,75523,78962,82285
 "51000","Virginia",5,SAOCOMP,25,"..."," Government","Thousands of dollars",576540,602156,616723,631298,649650,652449,668624,690121
 "51000","Virginia",5,SAOCOMP,26,"...","  Federal","Thousands of dollars",90894,101667,95083,88565,90895,93099,98187,100355
 "51000","Virginia",5,SAOCOMP,27,"...","  State and local","Thousands of dollars",485647,500489,521640,542733,558754,559350,570437,589766
"Note: See the included footnote file."
"SAOCOMP: Outdoor Recreation Satellite Account Compensation 1/"
"Last updated: November 10, 2020-- new statistics for 2018-2019; revised statistics for 2012-2017."
"Source: U.S. Department of Commerce / Bureau of Economic Analysis / Regional Economic Accounts"
