GeoFIPS,GeoName,Region,TableName,LineCode,IndustryClassification,Description,Unit,2012,2013,2014,2015,2016,2017,2018,2019
 "06000","California",8,SAOCOMP,1,"...","All Industries","Thousands of dollars",22571025,22959802,23870047,24947549,26105632,27663830,28592559,29589251
 "06000","California",8,SAOCOMP,2,"..."," Private Industries","Thousands of dollars",19779939,20118526,20963032,21980826,22923172,24352427,25193393,26178387
 "06000","California",8,SAOCOMP,3,"...","  Agriculture, forestry, fishing, and hunting","Thousands of dollars",310951,297603,323668,345728,362477,424259,395497,442335
 "06000","California",8,SAOCOMP,4,"...","  Mining","Thousands of dollars",3123,2829,2507,2114,1800,2460,2642,2179
 "06000","California",8,SAOCOMP,5,"...","  Utilities","Thousands of dollars",29,33,28,31,36,33,25,28
 "06000","California",8,SAOCOMP,6,"...","  Construction","Thousands of dollars",434462,430229,433578,442588,474132,521219,526854,504258
 "06000","California",8,SAOCOMP,7,"...","  Manufacturing","Thousands of dollars",1980194,1988830,2005331,2080171,1980216,2125406,2063088,2026964
 "06000","California",8,SAOCOMP,8,"...","   Durable goods","Thousands of dollars",678545,663476,681340,746603,722440,798927,829707,784024
 "06000","California",8,SAOCOMP,9,"...","   Nondurable goods","Thousands of dollars",1301649,1325353,1323991,1333568,1257776,1326479,1233381,1242940
 "06000","California",8,SAOCOMP,10,"...","  Wholesale trade","Thousands of dollars",1593263,1547942,1640648,1785062,1788845,1855197,1846878,1837543
 "06000","California",8,SAOCOMP,11,"...","  Retail trade","Thousands of dollars",5299275,5504958,5620622,5852269,5999400,6209649,6351192,6560472
 "06000","California",8,SAOCOMP,12,"...","  Transportation and warehousing","Thousands of dollars",1840526,1968946,2022343,2204275,2397917,2588345,2755708,2931188
 "06000","California",8,SAOCOMP,13,"...","  Information","Thousands of dollars",48289,53144,56780,63993,66440,74292,79103,82696
 "06000","California",8,SAOCOMP,14,"...","  Finance, insurance, real estate, rental, and leasing","Thousands of dollars",355927,346455,332383,353315,370493,395006,399184,436189
 "06000","California",8,SAOCOMP,15,"...","   Finance and insurance","Thousands of dollars",190253,182501,174044,179248,181773,187542,179316,200209
 "06000","California",8,SAOCOMP,16,"...","   Real estate and rental and leasing","Thousands of dollars",165674,163955,158339,174067,188720,207465,219868,235980
 "06000","California",8,SAOCOMP,17,"...","  Professional and business services","Thousands of dollars",373532,352334,386258,441570,471801,568431,621199,652238
 "06000","California",8,SAOCOMP,18,"...","  Educational services, health care, and social assistance","Thousands of dollars",330012,344774,379051,394440,441335,479167,533168,548943
 "06000","California",8,SAOCOMP,19,"...","   Educational services","Thousands of dollars",302320,316980,350062,363448,408329,444703,498534,511509
 "06000","California",8,SAOCOMP,20,"...","   Health care and social assistance","Thousands of dollars",27691,27794,28988,30992,33006,34464,34634,37434
 "06000","California",8,SAOCOMP,21,"...","  Arts, entertainment, recreation, accommodation, and food services","Thousands of dollars",6918854,6975185,7434961,7652778,8187244,8699995,9186646,9702327
 "06000","California",8,SAOCOMP,22,"...","   Arts, entertainment, and recreation","Thousands of dollars",3955693,4139330,4392525,4420348,4765868,5019104,5298576,5578521
 "06000","California",8,SAOCOMP,23,"...","   Accommodation and food services","Thousands of dollars",2963161,2835855,3042436,3232429,3421376,3680892,3888070,4123807
 "06000","California",8,SAOCOMP,24,"...","  Other services, except government","Thousands of dollars",291503,305264,324873,362494,381036,408966,432208,451028
 "06000","California",8,SAOCOMP,25,"..."," Government","Thousands of dollars",2791086,2841277,2907015,2966723,3182460,3311403,3399167,3410863
 "06000","California",8,SAOCOMP,26,"...","  Federal","Thousands of dollars",326722,347514,337394,315938,331012,339463,352939,362622
 "06000","California",8,SAOCOMP,27,"...","  State and local","Thousands of dollars",2464363,2493762,2569621,2650785,2851448,2971940,3046227,3048241
"Note: See the included footnote file."
"SAOCOMP: Outdoor Recreation Satellite Account Compensation 1/"
"Last updated: November 10, 2020-- new statistics for 2018-2019; revised statistics for 2012-2017."
"Source: U.S. Department of Commerce / Bureau of Economic Analysis / Regional Economic Accounts"
