GeoFIPS,GeoName,Region,TableName,LineCode,IndustryClassification,Description,Unit,2012,2013,2014,2015,2016,2017,2018,2019
 "11000","District of Columbia",2,SAOEMP,1,"...","All Industries","Number of jobs",18576,17069,16333,17211,16688,17886,17388,17218
 "11000","District of Columbia",2,SAOEMP,2,"..."," Private Industries","Number of jobs",16537,14826,14175,15000,14338,15583,15122,14994
 "11000","District of Columbia",2,SAOEMP,3,"...","  Agriculture, forestry, fishing, and hunting","Number of jobs",0,0,0,0,0,0,0,0
 "11000","District of Columbia",2,SAOEMP,4,"...","  Mining","Number of jobs",0,0,0,0,0,0,0,0
 "11000","District of Columbia",2,SAOEMP,5,"...","  Utilities","Number of jobs",0,0,0,0,0,0,0,0
 "11000","District of Columbia",2,SAOEMP,6,"...","  Construction","Number of jobs",461,449,273,303,278,(D),267,292
 "11000","District of Columbia",2,SAOEMP,7,"...","  Manufacturing","Number of jobs",15,15,15,15,15,(D),15,16
 "11000","District of Columbia",2,SAOEMP,8,"...","   Durable goods","Number of jobs",4,5,4,4,4,(D),5,6
 "11000","District of Columbia",2,SAOEMP,9,"...","   Nondurable goods","Number of jobs",11,10,10,11,11,(D),10,10
 "11000","District of Columbia",2,SAOEMP,10,"...","  Wholesale trade","Number of jobs",100,94,94,96,96,97,109,109
 "11000","District of Columbia",2,SAOEMP,11,"...","  Retail trade","Number of jobs",3079,3021,2999,3081,2967,3057,2882,2714
 "11000","District of Columbia",2,SAOEMP,12,"...","  Transportation and warehousing","Number of jobs",328,324,300,335,343,358,367,377
 "11000","District of Columbia",2,SAOEMP,13,"...","  Information","Number of jobs",56,54,52,50,49,48,49,50
 "11000","District of Columbia",2,SAOEMP,14,"...","  Finance, insurance, real estate, rental, and leasing","Number of jobs",78,83,79,78,72,70,61,62
 "11000","District of Columbia",2,SAOEMP,15,"...","   Finance and insurance","Number of jobs",31,28,27,26,24,22,20,22
 "11000","District of Columbia",2,SAOEMP,16,"...","   Real estate and rental and leasing","Number of jobs",47,54,52,52,48,48,41,40
 "11000","District of Columbia",2,SAOEMP,17,"...","  Professional and business services","Number of jobs",304,302,293,305,318,305,304,304
 "11000","District of Columbia",2,SAOEMP,18,"...","  Educational services, health care, and social assistance","Number of jobs",604,656,665,638,615,599,603,611
 "11000","District of Columbia",2,SAOEMP,19,"...","   Educational services","Number of jobs",579,635,644,616,593,576,581,590
 "11000","District of Columbia",2,SAOEMP,20,"...","   Health care and social assistance","Number of jobs",24,22,21,22,21,23,22,22
 "11000","District of Columbia",2,SAOEMP,21,"...","  Arts, entertainment, recreation, accommodation, and food services","Number of jobs",11045,9375,8938,9630,9137,10308,9989,9964
 "11000","District of Columbia",2,SAOEMP,22,"...","   Arts, entertainment, and recreation","Number of jobs",1301,1282,1301,1312,1413,1531,1633,1686
 "11000","District of Columbia",2,SAOEMP,23,"...","   Accommodation and food services","Number of jobs",9744,8093,7637,8318,7724,8776,8356,8278
 "11000","District of Columbia",2,SAOEMP,24,"...","  Other services, except government","Number of jobs",468,453,469,469,448,461,477,494
 "11000","District of Columbia",2,SAOEMP,25,"..."," Government","Number of jobs",2039,2242,2158,2211,2350,2303,2265,2224
 "11000","District of Columbia",2,SAOEMP,26,"...","  Federal","Number of jobs",1196,1360,1278,1247,1333,1364,1411,1442
 "11000","District of Columbia",2,SAOEMP,27,"...","  State and local","Number of jobs",843,882,880,964,1017,939,854,781
"Note: See the included footnote file."
"SAOEMP: Outdoor Recreation Satellite Account Employment 1/"
"Last updated: November 10, 2020-- new statistics for 2018-2019; revised statistics for 2012-2017."
"Source: U.S. Department of Commerce / Bureau of Economic Analysis / Regional Economic Accounts"
