GeoFIPS,GeoName,Region,TableName,LineCode,IndustryClassification,Description,Unit,2012,2013,2014,2015,2016,2017,2018,2019
 "36000","New York",2,SAOEMP,1,"...","All Industries","Number of jobs",289794,286098,286853,289107,299067,291115,293912,291429
 "36000","New York",2,SAOEMP,2,"..."," Private Industries","Number of jobs",269997,266360,267335,269222,279503,272778,275896,273208
 "36000","New York",2,SAOEMP,3,"...","  Agriculture, forestry, fishing, and hunting","Number of jobs",1387,1309,1383,1482,1509,1593,1594,1607
 "36000","New York",2,SAOEMP,4,"...","  Mining","Number of jobs",5,4,4,4,4,4,4,4
 "36000","New York",2,SAOEMP,5,"...","  Utilities","Number of jobs",0,0,0,0,0,0,0,0
 "36000","New York",2,SAOEMP,6,"...","  Construction","Number of jobs",8441,7684,5262,5495,5212,5052,5057,5271
 "36000","New York",2,SAOEMP,7,"...","  Manufacturing","Number of jobs",9722,9550,9509,9859,9604,9214,9000,8643
 "36000","New York",2,SAOEMP,8,"...","   Durable goods","Number of jobs",2588,2619,2653,2962,2652,2565,2473,2392
 "36000","New York",2,SAOEMP,9,"...","   Nondurable goods","Number of jobs",7134,6931,6855,6898,6953,6649,6527,6251
 "36000","New York",2,SAOEMP,10,"...","  Wholesale trade","Number of jobs",14961,14453,14466,14670,14711,14579,14098,13750
 "36000","New York",2,SAOEMP,11,"...","  Retail trade","Number of jobs",95083,94872,96158,93689,94750,91883,90421,87101
 "36000","New York",2,SAOEMP,12,"...","  Transportation and warehousing","Number of jobs",14146,13958,13713,14611,14805,15013,15019,14735
 "36000","New York",2,SAOEMP,13,"...","  Information","Number of jobs",630,631,623,627,626,613,594,575
 "36000","New York",2,SAOEMP,14,"...","  Finance, insurance, real estate, rental, and leasing","Number of jobs",3068,3128,2745,2869,2840,2851,2821,2989
 "36000","New York",2,SAOEMP,15,"...","   Finance and insurance","Number of jobs",1139,1078,1018,995,964,970,919,1022
 "36000","New York",2,SAOEMP,16,"...","   Real estate and rental and leasing","Number of jobs",1929,2050,1727,1874,1876,1881,1902,1966
 "36000","New York",2,SAOEMP,17,"...","  Professional and business services","Number of jobs",3718,3751,3659,3891,4119,4084,4053,4050
 "36000","New York",2,SAOEMP,18,"...","  Educational services, health care, and social assistance","Number of jobs",8328,8927,9419,9694,10626,11207,11488,11483
 "36000","New York",2,SAOEMP,19,"...","   Educational services","Number of jobs",8055,8658,9145,9415,10328,10908,11189,11170
 "36000","New York",2,SAOEMP,20,"...","   Health care and social assistance","Number of jobs",273,270,274,279,298,299,299,312
 "36000","New York",2,SAOEMP,21,"...","  Arts, entertainment, recreation, accommodation, and food services","Number of jobs",106286,103888,106037,107991,116365,112421,117363,118604
 "36000","New York",2,SAOEMP,22,"...","   Arts, entertainment, and recreation","Number of jobs",47773,50039,52679,53086,53995,54763,55511,56346
 "36000","New York",2,SAOEMP,23,"...","   Accommodation and food services","Number of jobs",58513,53848,53358,54906,62370,57658,61852,62259
 "36000","New York",2,SAOEMP,24,"...","  Other services, except government","Number of jobs",4222,4204,4357,4340,4332,4264,4382,4396
 "36000","New York",2,SAOEMP,25,"..."," Government","Number of jobs",19798,19737,19518,19885,19564,18337,18016,18221
 "36000","New York",2,SAOEMP,26,"...","  Federal","Number of jobs",1271,1294,1065,957,1040,1113,1223,1314
 "36000","New York",2,SAOEMP,27,"...","  State and local","Number of jobs",18527,18443,18454,18928,18524,17224,16794,16908
"Note: See the included footnote file."
"SAOEMP: Outdoor Recreation Satellite Account Employment 1/"
"Last updated: November 10, 2020-- new statistics for 2018-2019; revised statistics for 2012-2017."
"Source: U.S. Department of Commerce / Bureau of Economic Analysis / Regional Economic Accounts"
