GeoFIPS,GeoName,Region,TableName,LineCode,IndustryClassification,Description,Unit,2012,2013,2014,2015,2016,2017,2018,2019
 "38000","North Dakota",4,SAOEMP,1,"...","All Industries","Number of jobs",15627,15970,15894,16670,16497,16302,16426,16821
 "38000","North Dakota",4,SAOEMP,2,"..."," Private Industries","Number of jobs",13979,14221,14087,14751,14505,14257,14330,14667
 "38000","North Dakota",4,SAOEMP,3,"...","  Agriculture, forestry, fishing, and hunting","Number of jobs",85,80,89,93,95,107,115,115
 "38000","North Dakota",4,SAOEMP,4,"...","  Mining","Number of jobs",16,15,14,11,11,14,17,17
 "38000","North Dakota",4,SAOEMP,5,"...","  Utilities","Number of jobs",0,0,0,0,0,0,0,0
 "38000","North Dakota",4,SAOEMP,6,"...","  Construction","Number of jobs",470,507,447,522,529,540,559,576
 "38000","North Dakota",4,SAOEMP,7,"...","  Manufacturing","Number of jobs",218,221,218,220,222,224,217,220
 "38000","North Dakota",4,SAOEMP,8,"...","   Durable goods","Number of jobs",78,82,78,78,74,74,71,72
 "38000","North Dakota",4,SAOEMP,9,"...","   Nondurable goods","Number of jobs",140,138,140,142,148,150,146,148
 "38000","North Dakota",4,SAOEMP,10,"...","  Wholesale trade","Number of jobs",623,636,652,653,625,612,582,582
 "38000","North Dakota",4,SAOEMP,11,"...","  Retail trade","Number of jobs",5171,5360,5377,5516,5505,5343,5199,5134
 "38000","North Dakota",4,SAOEMP,12,"...","  Transportation and warehousing","Number of jobs",563,558,548,538,495,455,444,452
 "38000","North Dakota",4,SAOEMP,13,"...","  Information","Number of jobs",19,19,19,20,20,19,18,17
 "38000","North Dakota",4,SAOEMP,14,"...","  Finance, insurance, real estate, rental, and leasing","Number of jobs",111,110,103,105,104,101,103,102
 "38000","North Dakota",4,SAOEMP,15,"...","   Finance and insurance","Number of jobs",49,46,43,41,40,39,38,41
 "38000","North Dakota",4,SAOEMP,16,"...","   Real estate and rental and leasing","Number of jobs",62,64,60,64,64,61,65,61
 "38000","North Dakota",4,SAOEMP,17,"...","  Professional and business services","Number of jobs",347,335,318,315,316,308,306,308
 "38000","North Dakota",4,SAOEMP,18,"...","  Educational services, health care, and social assistance","Number of jobs",239,257,268,278,307,322,330,330
 "38000","North Dakota",4,SAOEMP,19,"...","   Educational services","Number of jobs",225,243,254,264,293,307,315,314
 "38000","North Dakota",4,SAOEMP,20,"...","   Health care and social assistance","Number of jobs",14,14,14,15,15,15,15,16
 "38000","North Dakota",4,SAOEMP,21,"...","  Arts, entertainment, recreation, accommodation, and food services","Number of jobs",5963,5970,5880,6320,6123,6067,6292,6665
 "38000","North Dakota",4,SAOEMP,22,"...","   Arts, entertainment, and recreation","Number of jobs",1877,1905,2003,2011,2089,2165,2260,2325
 "38000","North Dakota",4,SAOEMP,23,"...","   Accommodation and food services","Number of jobs",4086,4065,3877,4309,4033,3902,4032,4340
 "38000","North Dakota",4,SAOEMP,24,"...","  Other services, except government","Number of jobs",153,152,155,159,154,148,148,149
 "38000","North Dakota",4,SAOEMP,25,"..."," Government","Number of jobs",1648,1749,1807,1919,1993,2044,2096,2154
 "38000","North Dakota",4,SAOEMP,26,"...","  Federal","Number of jobs",52,55,49,44,46,46,50,53
 "38000","North Dakota",4,SAOEMP,27,"...","  State and local","Number of jobs",1596,1694,1757,1874,1947,1998,2046,2101
"Note: See the included footnote file."
"SAOEMP: Outdoor Recreation Satellite Account Employment 1/"
"Last updated: November 10, 2020-- new statistics for 2018-2019; revised statistics for 2012-2017."
"Source: U.S. Department of Commerce / Bureau of Economic Analysis / Regional Economic Accounts"
