GeoFIPS,GeoName,Region,TableName,LineCode,IndustryClassification,Description,Unit,2012,2013,2014,2015,2016,2017,2018,2019
 "33000","New Hampshire",1,SAOEMP,1,"...","All Industries","Number of jobs",35891,35504,35317,36103,36116,36905,36290,37051
 "33000","New Hampshire",1,SAOEMP,2,"..."," Private Industries","Number of jobs",35014,34611,34410,35185,35203,36004,35396,36151
 "33000","New Hampshire",1,SAOEMP,3,"...","  Agriculture, forestry, fishing, and hunting","Number of jobs",131,123,126,143,143,152,152,156
 "33000","New Hampshire",1,SAOEMP,4,"...","  Mining","Number of jobs",0,0,0,0,0,0,0,0
 "33000","New Hampshire",1,SAOEMP,5,"...","  Utilities","Number of jobs",0,0,0,0,0,0,0,0
 "33000","New Hampshire",1,SAOEMP,6,"...","  Construction","Number of jobs",105,113,96,113,118,127,136,143
 "33000","New Hampshire",1,SAOEMP,7,"...","  Manufacturing","Number of jobs",883,963,962,1054,1131,1128,1112,1106
 "33000","New Hampshire",1,SAOEMP,8,"...","   Durable goods","Number of jobs",634,716,713,796,856,853,840,832
 "33000","New Hampshire",1,SAOEMP,9,"...","   Nondurable goods","Number of jobs",249,246,249,258,275,275,271,274
 "33000","New Hampshire",1,SAOEMP,10,"...","  Wholesale trade","Number of jobs",961,913,939,974,932,968,944,957
 "33000","New Hampshire",1,SAOEMP,11,"...","  Retail trade","Number of jobs",12141,12260,12424,12231,11972,11900,11411,11226
 "33000","New Hampshire",1,SAOEMP,12,"...","  Transportation and warehousing","Number of jobs",772,744,699,703,692,698,698,714
 "33000","New Hampshire",1,SAOEMP,13,"...","  Information","Number of jobs",30,30,29,30,30,31,30,29
 "33000","New Hampshire",1,SAOEMP,14,"...","  Finance, insurance, real estate, rental, and leasing","Number of jobs",676,653,550,597,581,579,594,625
 "33000","New Hampshire",1,SAOEMP,15,"...","   Finance and insurance","Number of jobs",254,232,211,204,190,185,177,192
 "33000","New Hampshire",1,SAOEMP,16,"...","   Real estate and rental and leasing","Number of jobs",422,421,339,393,391,395,417,432
 "33000","New Hampshire",1,SAOEMP,17,"...","  Professional and business services","Number of jobs",216,220,224,247,272,272,271,271
 "33000","New Hampshire",1,SAOEMP,18,"...","  Educational services, health care, and social assistance","Number of jobs",829,880,890,905,933,976,991,1001
 "33000","New Hampshire",1,SAOEMP,19,"...","   Educational services","Number of jobs",802,854,864,879,907,948,965,973
 "33000","New Hampshire",1,SAOEMP,20,"...","   Health care and social assistance","Number of jobs",27,26,26,26,27,28,27,28
 "33000","New Hampshire",1,SAOEMP,21,"...","  Arts, entertainment, recreation, accommodation, and food services","Number of jobs",17937,17393,17147,17862,18075,18853,18732,19591
 "33000","New Hampshire",1,SAOEMP,22,"...","   Arts, entertainment, and recreation","Number of jobs",7170,7217,7304,7404,7504,7742,8073,8396
 "33000","New Hampshire",1,SAOEMP,23,"...","   Accommodation and food services","Number of jobs",10767,10176,9843,10458,10571,11111,10658,11194
 "33000","New Hampshire",1,SAOEMP,24,"...","  Other services, except government","Number of jobs",332,320,324,326,322,321,325,333
 "33000","New Hampshire",1,SAOEMP,25,"..."," Government","Number of jobs",878,893,908,918,913,902,894,900
 "33000","New Hampshire",1,SAOEMP,26,"...","  Federal","Number of jobs",38,38,40,37,35,31,26,25
 "33000","New Hampshire",1,SAOEMP,27,"...","  State and local","Number of jobs",839,855,868,882,879,870,868,875
"Note: See the included footnote file."
"SAOEMP: Outdoor Recreation Satellite Account Employment 1/"
"Last updated: November 10, 2020-- new statistics for 2018-2019; revised statistics for 2012-2017."
"Source: U.S. Department of Commerce / Bureau of Economic Analysis / Regional Economic Accounts"
