GeoFIPS,GeoName,Region,TableName,LineCode,IndustryClassification,Description,Unit,2012,2013,2014,2015,2016,2017,2018,2019
 "34000","New Jersey",2,SAOEMP,1,"...","All Industries","Number of jobs",131502,127279,129724,130395,134283,133105,130645,132057
 "34000","New Jersey",2,SAOEMP,2,"..."," Private Industries","Number of jobs",124177,119665,122003,122406,126345,125622,123378,124745
 "34000","New Jersey",2,SAOEMP,3,"...","  Agriculture, forestry, fishing, and hunting","Number of jobs",931,835,852,940,954,1009,988,1000
 "34000","New Jersey",2,SAOEMP,4,"...","  Mining","Number of jobs",1,0,0,1,1,1,1,1
 "34000","New Jersey",2,SAOEMP,5,"...","  Utilities","Number of jobs",0,0,0,0,0,0,0,0
 "34000","New Jersey",2,SAOEMP,6,"...","  Construction","Number of jobs",1773,1870,1609,1738,1679,1653,1622,1620
 "34000","New Jersey",2,SAOEMP,7,"...","  Manufacturing","Number of jobs",4252,4186,4212,4274,4504,4640,4637,4548
 "34000","New Jersey",2,SAOEMP,8,"...","   Durable goods","Number of jobs",1285,1281,1352,1451,1575,1701,1752,1673
 "34000","New Jersey",2,SAOEMP,9,"...","   Nondurable goods","Number of jobs",2967,2905,2860,2823,2929,2939,2885,2875
 "34000","New Jersey",2,SAOEMP,10,"...","  Wholesale trade","Number of jobs",5820,5670,5685,5804,5795,5814,5703,5604
 "34000","New Jersey",2,SAOEMP,11,"...","  Retail trade","Number of jobs",48506,47588,48612,47231,47410,46033,43767,42473
 "34000","New Jersey",2,SAOEMP,12,"...","  Transportation and warehousing","Number of jobs",6951,6742,6486,6549,6549,6669,6770,6771
 "34000","New Jersey",2,SAOEMP,13,"...","  Information","Number of jobs",215,217,213,213,211,204,195,186
 "34000","New Jersey",2,SAOEMP,14,"...","  Finance, insurance, real estate, rental, and leasing","Number of jobs",1613,1611,1499,1539,1558,1503,1527,1600
 "34000","New Jersey",2,SAOEMP,15,"...","   Finance and insurance","Number of jobs",492,460,436,430,419,414,403,457
 "34000","New Jersey",2,SAOEMP,16,"...","   Real estate and rental and leasing","Number of jobs",1120,1151,1063,1109,1140,1089,1124,1143
 "34000","New Jersey",2,SAOEMP,17,"...","  Professional and business services","Number of jobs",1733,1687,1649,1749,1874,1834,1807,1793
 "34000","New Jersey",2,SAOEMP,18,"...","  Educational services, health care, and social assistance","Number of jobs",3444,3680,3789,3782,4066,4207,4274,4288
 "34000","New Jersey",2,SAOEMP,19,"...","   Educational services","Number of jobs",3318,3556,3662,3651,3927,4067,4138,4143
 "34000","New Jersey",2,SAOEMP,20,"...","   Health care and social assistance","Number of jobs",126,123,128,131,138,140,136,145
 "34000","New Jersey",2,SAOEMP,21,"...","  Arts, entertainment, recreation, accommodation, and food services","Number of jobs",47190,43841,45598,46797,49986,50351,50373,53126
 "34000","New Jersey",2,SAOEMP,22,"...","   Arts, entertainment, and recreation","Number of jobs",23109,23375,24324,24836,26381,27589,29075,30139
 "34000","New Jersey",2,SAOEMP,23,"...","   Accommodation and food services","Number of jobs",24081,20465,21274,21961,23605,22763,21298,22987
 "34000","New Jersey",2,SAOEMP,24,"...","  Other services, except government","Number of jobs",1749,1738,1797,1789,1758,1702,1714,1735
 "34000","New Jersey",2,SAOEMP,25,"..."," Government","Number of jobs",7326,7614,7721,7990,7938,7483,7267,7312
 "34000","New Jersey",2,SAOEMP,26,"...","  Federal","Number of jobs",429,455,385,335,319,306,312,324
 "34000","New Jersey",2,SAOEMP,27,"...","  State and local","Number of jobs",6897,7158,7336,7654,7619,7177,6955,6988
"Note: See the included footnote file."
"SAOEMP: Outdoor Recreation Satellite Account Employment 1/"
"Last updated: November 10, 2020-- new statistics for 2018-2019; revised statistics for 2012-2017."
"Source: U.S. Department of Commerce / Bureau of Economic Analysis / Regional Economic Accounts"
