GeoFIPS,GeoName,Region,TableName,LineCode,IndustryClassification,Description,Unit,2012,2013,2014,2015,2016,2017,2018,2019
 "35000","New Mexico",6,SAOEMP,1,"...","All Industries","Number of jobs",32989,33086,32762,34137,34117,33531,33299,35065
 "35000","New Mexico",6,SAOEMP,2,"..."," Private Industries","Number of jobs",30567,30646,30288,31649,31622,31042,30707,32298
 "35000","New Mexico",6,SAOEMP,3,"...","  Agriculture, forestry, fishing, and hunting","Number of jobs",302,289,309,331,334,370,389,401
 "35000","New Mexico",6,SAOEMP,4,"...","  Mining","Number of jobs",19,18,17,41,37,53,55,57
 "35000","New Mexico",6,SAOEMP,5,"...","  Utilities","Number of jobs",0,0,0,0,0,0,0,0
 "35000","New Mexico",6,SAOEMP,6,"...","  Construction","Number of jobs",634,598,496,516,467,440,444,477
 "35000","New Mexico",6,SAOEMP,7,"...","  Manufacturing","Number of jobs",373,374,373,381,390,398,386,388
 "35000","New Mexico",6,SAOEMP,8,"...","   Durable goods","Number of jobs",132,131,129,129,125,132,125,118
 "35000","New Mexico",6,SAOEMP,9,"...","   Nondurable goods","Number of jobs",242,244,243,252,264,266,261,270
 "35000","New Mexico",6,SAOEMP,10,"...","  Wholesale trade","Number of jobs",397,391,393,399,382,381,370,369
 "35000","New Mexico",6,SAOEMP,11,"...","  Retail trade","Number of jobs",10525,10722,10716,10717,10571,10308,10069,10079
 "35000","New Mexico",6,SAOEMP,12,"...","  Transportation and warehousing","Number of jobs",842,801,766,764,756,752,783,804
 "35000","New Mexico",6,SAOEMP,13,"...","  Information","Number of jobs",31,31,31,30,30,30,28,27
 "35000","New Mexico",6,SAOEMP,14,"...","  Finance, insurance, real estate, rental, and leasing","Number of jobs",355,374,322,366,367,382,357,407
 "35000","New Mexico",6,SAOEMP,15,"...","   Finance and insurance","Number of jobs",112,107,100,114,113,116,112,136
 "35000","New Mexico",6,SAOEMP,16,"...","   Real estate and rental and leasing","Number of jobs",244,267,221,252,254,266,246,271
 "35000","New Mexico",6,SAOEMP,17,"...","  Professional and business services","Number of jobs",379,382,388,409,436,447,456,464
 "35000","New Mexico",6,SAOEMP,18,"...","  Educational services, health care, and social assistance","Number of jobs",621,664,678,734,785,820,825,863
 "35000","New Mexico",6,SAOEMP,19,"...","   Educational services","Number of jobs",590,634,648,702,752,787,794,829
 "35000","New Mexico",6,SAOEMP,20,"...","   Health care and social assistance","Number of jobs",31,31,30,32,33,33,32,34
 "35000","New Mexico",6,SAOEMP,21,"...","  Arts, entertainment, recreation, accommodation, and food services","Number of jobs",15750,15669,15465,16620,16735,16340,16212,17627
 "35000","New Mexico",6,SAOEMP,22,"...","   Arts, entertainment, and recreation","Number of jobs",4465,4626,4819,5170,5285,5262,5177,5446
 "35000","New Mexico",6,SAOEMP,23,"...","   Accommodation and food services","Number of jobs",11286,11043,10645,11450,11450,11077,11035,12181
 "35000","New Mexico",6,SAOEMP,24,"...","  Other services, except government","Number of jobs",337,332,334,339,332,325,330,336
 "35000","New Mexico",6,SAOEMP,25,"..."," Government","Number of jobs",2422,2440,2474,2488,2495,2489,2593,2767
 "35000","New Mexico",6,SAOEMP,26,"...","  Federal","Number of jobs",201,204,191,177,186,192,195,204
 "35000","New Mexico",6,SAOEMP,27,"...","  State and local","Number of jobs",2221,2236,2283,2311,2309,2297,2398,2563
"Note: See the included footnote file."
"SAOEMP: Outdoor Recreation Satellite Account Employment 1/"
"Last updated: November 10, 2020-- new statistics for 2018-2019; revised statistics for 2012-2017."
"Source: U.S. Department of Commerce / Bureau of Economic Analysis / Regional Economic Accounts"
