GeoFIPS,GeoName,Region,TableName,LineCode,IndustryClassification,Description,Unit,2012,2013,2014,2015,2016,2017,2018,2019
 "46000","South Dakota",4,SAOEMP,1,"...","All Industries","Number of jobs",19171,19574,19406,20150,19602,20405,20320,20252
 "46000","South Dakota",4,SAOEMP,2,"..."," Private Industries","Number of jobs",17494,17807,17618,18342,17848,18751,18709,18600
 "46000","South Dakota",4,SAOEMP,3,"...","  Agriculture, forestry, fishing, and hunting","Number of jobs",208,213,223,227,221,232,243,237
 "46000","South Dakota",4,SAOEMP,4,"...","  Mining","Number of jobs",0,0,0,0,0,0,0,0
 "46000","South Dakota",4,SAOEMP,5,"...","  Utilities","Number of jobs",0,0,0,0,0,0,0,0
 "46000","South Dakota",4,SAOEMP,6,"...","  Construction","Number of jobs",452,475,346,366,324,301,291,291
 "46000","South Dakota",4,SAOEMP,7,"...","  Manufacturing","Number of jobs",458,472,467,487,499,508,507,517
 "46000","South Dakota",4,SAOEMP,8,"...","   Durable goods","Number of jobs",251,267,264,278,274,265,248,249
 "46000","South Dakota",4,SAOEMP,9,"...","   Nondurable goods","Number of jobs",207,204,202,208,225,243,258,268
 "46000","South Dakota",4,SAOEMP,10,"...","  Wholesale trade","Number of jobs",421,414,429,451,455,459,449,452
 "46000","South Dakota",4,SAOEMP,11,"...","  Retail trade","Number of jobs",5776,5968,5964,6055,6025,6186,6109,5998
 "46000","South Dakota",4,SAOEMP,12,"...","  Transportation and warehousing","Number of jobs",408,415,406,420,415,400,391,386
 "46000","South Dakota",4,SAOEMP,13,"...","  Information","Number of jobs",21,21,20,21,21,21,20,19
 "46000","South Dakota",4,SAOEMP,14,"...","  Finance, insurance, real estate, rental, and leasing","Number of jobs",107,107,96,100,99,97,100,101
 "46000","South Dakota",4,SAOEMP,15,"...","   Finance and insurance","Number of jobs",47,46,43,41,39,37,36,38
 "46000","South Dakota",4,SAOEMP,16,"...","   Real estate and rental and leasing","Number of jobs",59,61,53,58,61,60,64,63
 "46000","South Dakota",4,SAOEMP,17,"...","  Professional and business services","Number of jobs",334,337,338,353,362,356,353,359
 "46000","South Dakota",4,SAOEMP,18,"...","  Educational services, health care, and social assistance","Number of jobs",350,376,393,413,446,469,486,488
 "46000","South Dakota",4,SAOEMP,19,"...","   Educational services","Number of jobs",332,359,376,395,428,451,469,470
 "46000","South Dakota",4,SAOEMP,20,"...","   Health care and social assistance","Number of jobs",17,17,17,18,17,18,17,18
 "46000","South Dakota",4,SAOEMP,21,"...","  Arts, entertainment, recreation, accommodation, and food services","Number of jobs",8782,8834,8758,9271,8809,9550,9583,9576
 "46000","South Dakota",4,SAOEMP,22,"...","   Arts, entertainment, and recreation","Number of jobs",2378,2400,2514,2576,2741,2885,3113,3249
 "46000","South Dakota",4,SAOEMP,23,"...","   Accommodation and food services","Number of jobs",6404,6434,6244,6695,6068,6665,6470,6327
 "46000","South Dakota",4,SAOEMP,24,"...","  Other services, except government","Number of jobs",177,176,178,180,173,173,177,176
 "46000","South Dakota",4,SAOEMP,25,"..."," Government","Number of jobs",1677,1767,1788,1808,1755,1654,1612,1652
 "46000","South Dakota",4,SAOEMP,26,"...","  Federal","Number of jobs",343,367,330,306,314,317,325,332
 "46000","South Dakota",4,SAOEMP,27,"...","  State and local","Number of jobs",1334,1400,1457,1502,1440,1337,1287,1321
"Note: See the included footnote file."
"SAOEMP: Outdoor Recreation Satellite Account Employment 1/"
"Last updated: November 10, 2020-- new statistics for 2018-2019; revised statistics for 2012-2017."
"Source: U.S. Department of Commerce / Bureau of Economic Analysis / Regional Economic Accounts"
