GeoFIPS,GeoName,Region,TableName,LineCode,IndustryClassification,Description,Unit,2012,2013,2014,2015,2016,2017,2018,2019
 "45000","South Carolina",5,SAOEMP,1,"...","All Industries","Number of jobs",90310,87545,90396,93456,92255,97945,98939,101075
 "45000","South Carolina",5,SAOEMP,2,"..."," Private Industries","Number of jobs",86591,83626,86181,88891,87476,93205,94229,96297
 "45000","South Carolina",5,SAOEMP,3,"...","  Agriculture, forestry, fishing, and hunting","Number of jobs",559,521,539,562,560,632,648,662
 "45000","South Carolina",5,SAOEMP,4,"...","  Mining","Number of jobs",2,2,2,2,1,2,2,1
 "45000","South Carolina",5,SAOEMP,5,"...","  Utilities","Number of jobs",0,0,0,0,0,0,0,0
 "45000","South Carolina",5,SAOEMP,6,"...","  Construction","Number of jobs",772,782,674,761,731,707,719,756
 "45000","South Carolina",5,SAOEMP,7,"...","  Manufacturing","Number of jobs",4595,4730,4751,4935,5259,5689,5882,5988
 "45000","South Carolina",5,SAOEMP,8,"...","   Durable goods","Number of jobs",3247,3434,3487,3675,3976,4403,4587,4694
 "45000","South Carolina",5,SAOEMP,9,"...","   Nondurable goods","Number of jobs",1348,1295,1264,1260,1283,1285,1296,1294
 "45000","South Carolina",5,SAOEMP,10,"...","  Wholesale trade","Number of jobs",2088,2069,2061,2125,2169,2206,2163,2165
 "45000","South Carolina",5,SAOEMP,11,"...","  Retail trade","Number of jobs",26976,27284,28048,28356,28154,28984,28877,28781
 "45000","South Carolina",5,SAOEMP,12,"...","  Transportation and warehousing","Number of jobs",1304,1332,1315,1412,1477,1505,1541,1601
 "45000","South Carolina",5,SAOEMP,13,"...","  Information","Number of jobs",66,67,67,69,69,69,67,65
 "45000","South Carolina",5,SAOEMP,14,"...","  Finance, insurance, real estate, rental, and leasing","Number of jobs",685,713,646,655,665,676,676,697
 "45000","South Carolina",5,SAOEMP,15,"...","   Finance and insurance","Number of jobs",195,186,175,170,165,162,153,169
 "45000","South Carolina",5,SAOEMP,16,"...","   Real estate and rental and leasing","Number of jobs",490,528,471,484,500,514,524,528
 "45000","South Carolina",5,SAOEMP,17,"...","  Professional and business services","Number of jobs",670,690,702,792,907,953,1003,1042
 "45000","South Carolina",5,SAOEMP,18,"...","  Educational services, health care, and social assistance","Number of jobs",794,846,891,922,991,1027,1055,1056
 "45000","South Carolina",5,SAOEMP,19,"...","   Educational services","Number of jobs",717,774,817,846,916,946,975,973
 "45000","South Carolina",5,SAOEMP,20,"...","   Health care and social assistance","Number of jobs",77,72,74,76,75,80,80,83
 "45000","South Carolina",5,SAOEMP,21,"...","  Arts, entertainment, recreation, accommodation, and food services","Number of jobs",47165,43712,45579,47361,45564,49791,50588,52438
 "45000","South Carolina",5,SAOEMP,22,"...","   Arts, entertainment, and recreation","Number of jobs",12294,12725,13477,13887,14575,15036,15731,16691
 "45000","South Carolina",5,SAOEMP,23,"...","   Accommodation and food services","Number of jobs",34871,30986,32102,33474,30989,34755,34857,35747
 "45000","South Carolina",5,SAOEMP,24,"...","  Other services, except government","Number of jobs",915,877,908,939,930,963,1009,1046
 "45000","South Carolina",5,SAOEMP,25,"..."," Government","Number of jobs",3719,3919,4215,4565,4779,4741,4710,4778
 "45000","South Carolina",5,SAOEMP,26,"...","  Federal","Number of jobs",134,147,133,121,121,119,122,126
 "45000","South Carolina",5,SAOEMP,27,"...","  State and local","Number of jobs",3585,3772,4082,4444,4658,4621,4588,4652
"Note: See the included footnote file."
"SAOEMP: Outdoor Recreation Satellite Account Employment 1/"
"Last updated: November 10, 2020-- new statistics for 2018-2019; revised statistics for 2012-2017."
"Source: U.S. Department of Commerce / Bureau of Economic Analysis / Regional Economic Accounts"
