GeoFIPS,GeoName,Region,TableName,LineCode,IndustryClassification,Description,Unit,2012,2013,2014,2015,2016,2017,2018,2019
 "37000","North Carolina",5,SAOEMP,1,"...","All Industries","Number of jobs",138814,137442,140119,143409,144907,150574,149006,151661
 "37000","North Carolina",5,SAOEMP,2,"..."," Private Industries","Number of jobs",130572,129281,132033,135473,136650,142157,140618,143408
 "37000","North Carolina",5,SAOEMP,3,"...","  Agriculture, forestry, fishing, and hunting","Number of jobs",1179,1112,1144,1261,1264,1377,1381,1416
 "37000","North Carolina",5,SAOEMP,4,"...","  Mining","Number of jobs",2,1,1,1,1,1,1,1
 "37000","North Carolina",5,SAOEMP,5,"...","  Utilities","Number of jobs",0,0,0,0,0,0,0,0
 "37000","North Carolina",5,SAOEMP,6,"...","  Construction","Number of jobs",1887,1916,1631,1801,1784,1846,1946,2079
 "37000","North Carolina",5,SAOEMP,7,"...","  Manufacturing","Number of jobs",6883,6756,6930,7343,7298,7486,7551,7566
 "37000","North Carolina",5,SAOEMP,8,"...","   Durable goods","Number of jobs",2954,2946,3048,3418,3273,3526,3625,3664
 "37000","North Carolina",5,SAOEMP,9,"...","   Nondurable goods","Number of jobs",3928,3810,3882,3925,4025,3961,3926,3902
 "37000","North Carolina",5,SAOEMP,10,"...","  Wholesale trade","Number of jobs",4064,3981,4027,4162,4231,4353,4354,4420
 "37000","North Carolina",5,SAOEMP,11,"...","  Retail trade","Number of jobs",45801,46411,47339,47513,48039,49030,48153,47990
 "37000","North Carolina",5,SAOEMP,12,"...","  Transportation and warehousing","Number of jobs",5324,5198,5130,5277,5309,5476,5642,5749
 "37000","North Carolina",5,SAOEMP,13,"...","  Information","Number of jobs",173,172,171,175,179,180,175,167
 "37000","North Carolina",5,SAOEMP,14,"...","  Finance, insurance, real estate, rental, and leasing","Number of jobs",1299,1291,1163,1185,1203,1212,1224,1301
 "37000","North Carolina",5,SAOEMP,15,"...","   Finance and insurance","Number of jobs",395,371,351,345,350,350,332,368
 "37000","North Carolina",5,SAOEMP,16,"...","   Real estate and rental and leasing","Number of jobs",904,921,812,840,853,862,891,933
 "37000","North Carolina",5,SAOEMP,17,"...","  Professional and business services","Number of jobs",1232,1251,1261,1344,1428,1429,1460,1511
 "37000","North Carolina",5,SAOEMP,18,"...","  Educational services, health care, and social assistance","Number of jobs",2478,2599,2697,2683,2897,3045,3206,3333
 "37000","North Carolina",5,SAOEMP,19,"...","   Educational services","Number of jobs",2354,2476,2572,2555,2765,2908,3073,3192
 "37000","North Carolina",5,SAOEMP,20,"...","   Health care and social assistance","Number of jobs",125,122,126,129,132,137,133,141
 "37000","North Carolina",5,SAOEMP,21,"...","  Arts, entertainment, recreation, accommodation, and food services","Number of jobs",58542,56891,58774,60924,61220,64902,63666,65984
 "37000","North Carolina",5,SAOEMP,22,"...","   Arts, entertainment, and recreation","Number of jobs",25355,26080,27162,27698,29054,29971,30952,31806
 "37000","North Carolina",5,SAOEMP,23,"...","   Accommodation and food services","Number of jobs",33186,30811,31612,33226,32166,34931,32714,34179
 "37000","North Carolina",5,SAOEMP,24,"...","  Other services, except government","Number of jobs",1708,1702,1766,1802,1799,1820,1860,1891
 "37000","North Carolina",5,SAOEMP,25,"..."," Government","Number of jobs",8243,8161,8085,7936,8257,8416,8388,8252
 "37000","North Carolina",5,SAOEMP,26,"...","  Federal","Number of jobs",1429,1569,1409,1285,1299,1299,1337,1385
 "37000","North Carolina",5,SAOEMP,27,"...","  State and local","Number of jobs",6813,6592,6676,6651,6958,7117,7052,6867
"Note: See the included footnote file."
"SAOEMP: Outdoor Recreation Satellite Account Employment 1/"
"Last updated: November 10, 2020-- new statistics for 2018-2019; revised statistics for 2012-2017."
"Source: U.S. Department of Commerce / Bureau of Economic Analysis / Regional Economic Accounts"
