GeoFIPS,GeoName,Region,TableName,LineCode,IndustryClassification,Description,Unit,2012,2013,2014,2015,2016,2017,2018,2019
 "54000","West Virginia",5,SAOEMP,1,"...","All Industries","Number of jobs",24799,24344,23352,24229,23362,22572,22924,22543
 "54000","West Virginia",5,SAOEMP,2,"..."," Private Industries","Number of jobs",22998,22521,21520,22430,21631,20973,21375,20956
 "54000","West Virginia",5,SAOEMP,3,"...","  Agriculture, forestry, fishing, and hunting","Number of jobs",104,104,109,123,121,140,146,147
 "54000","West Virginia",5,SAOEMP,4,"...","  Mining","Number of jobs",135,100,73,53,43,83,101,92
 "54000","West Virginia",5,SAOEMP,5,"...","  Utilities","Number of jobs",0,0,0,0,0,0,0,0
 "54000","West Virginia",5,SAOEMP,6,"...","  Construction","Number of jobs",262,274,302,369,377,385,389,408
 "54000","West Virginia",5,SAOEMP,7,"...","  Manufacturing","Number of jobs",292,279,280,280,283,288,284,279
 "54000","West Virginia",5,SAOEMP,8,"...","   Durable goods","Number of jobs",76,70,70,70,71,74,75,77
 "54000","West Virginia",5,SAOEMP,9,"...","   Nondurable goods","Number of jobs",216,209,210,209,212,214,209,202
 "54000","West Virginia",5,SAOEMP,10,"...","  Wholesale trade","Number of jobs",698,658,635,617,578,591,559,553
 "54000","West Virginia",5,SAOEMP,11,"...","  Retail trade","Number of jobs",8809,8940,8707,8751,8508,8239,8160,7883
 "54000","West Virginia",5,SAOEMP,12,"...","  Transportation and warehousing","Number of jobs",418,402,386,386,377,377,389,394
 "54000","West Virginia",5,SAOEMP,13,"...","  Information","Number of jobs",32,32,32,33,33,32,29,26
 "54000","West Virginia",5,SAOEMP,14,"...","  Finance, insurance, real estate, rental, and leasing","Number of jobs",203,204,180,183,178,172,162,173
 "54000","West Virginia",5,SAOEMP,15,"...","   Finance and insurance","Number of jobs",62,59,56,53,49,47,46,51
 "54000","West Virginia",5,SAOEMP,16,"...","   Real estate and rental and leasing","Number of jobs",142,144,125,130,129,125,116,122
 "54000","West Virginia",5,SAOEMP,17,"...","  Professional and business services","Number of jobs",318,319,315,325,340,346,353,362
 "54000","West Virginia",5,SAOEMP,18,"...","  Educational services, health care, and social assistance","Number of jobs",308,326,334,342,357,364,368,364
 "54000","West Virginia",5,SAOEMP,19,"...","   Educational services","Number of jobs",277,295,304,311,325,333,337,333
 "54000","West Virginia",5,SAOEMP,20,"...","   Health care and social assistance","Number of jobs",31,30,30,31,31,31,30,31
 "54000","West Virginia",5,SAOEMP,21,"...","  Arts, entertainment, recreation, accommodation, and food services","Number of jobs",11166,10642,9929,10728,10207,9737,10211,10053
 "54000","West Virginia",5,SAOEMP,22,"...","   Arts, entertainment, and recreation","Number of jobs",3444,3457,3561,3378,3308,3223,3259,3314
 "54000","West Virginia",5,SAOEMP,23,"...","   Accommodation and food services","Number of jobs",7722,7185,6369,7351,6899,6513,6953,6740
 "54000","West Virginia",5,SAOEMP,24,"...","  Other services, except government","Number of jobs",253,242,238,239,229,219,225,223
 "54000","West Virginia",5,SAOEMP,25,"..."," Government","Number of jobs",1801,1824,1832,1799,1730,1599,1548,1587
 "54000","West Virginia",5,SAOEMP,26,"...","  Federal","Number of jobs",165,171,159,144,147,145,144,146
 "54000","West Virginia",5,SAOEMP,27,"...","  State and local","Number of jobs",1636,1652,1673,1655,1584,1454,1404,1441
"Note: See the included footnote file."
"SAOEMP: Outdoor Recreation Satellite Account Employment 1/"
"Last updated: November 10, 2020-- new statistics for 2018-2019; revised statistics for 2012-2017."
"Source: U.S. Department of Commerce / Bureau of Economic Analysis / Regional Economic Accounts"
