GeoFIPS,GeoName,Region,TableName,LineCode,IndustryClassification,Description,Unit,2012,2013,2014,2015,2016,2017,2018,2019
 "44000","Rhode Island",1,SAOEMP,1,"...","All Industries","Number of jobs",20740,20813,20630,21019,21087,20886,21669,21052
 "44000","Rhode Island",1,SAOEMP,2,"..."," Private Industries","Number of jobs",20287,20378,20205,20611,20676,20470,21231,20589
 "44000","Rhode Island",1,SAOEMP,3,"...","  Agriculture, forestry, fishing, and hunting","Number of jobs",84,(D),(D),(D),(D),(D),(D),(D)
 "44000","Rhode Island",1,SAOEMP,4,"...","  Mining","Number of jobs",0,(D),(D),(D),(D),(D),(D),(D)
 "44000","Rhode Island",1,SAOEMP,5,"...","  Utilities","Number of jobs",0,0,0,0,0,0,0,0
 "44000","Rhode Island",1,SAOEMP,6,"...","  Construction","Number of jobs",138,175,182,204,197,(D),188,188
 "44000","Rhode Island",1,SAOEMP,7,"...","  Manufacturing","Number of jobs",745,755,758,(D),(D),736,734,710
 "44000","Rhode Island",1,SAOEMP,8,"...","   Durable goods","Number of jobs",542,557,559,(D),(D),524,528,508
 "44000","Rhode Island",1,SAOEMP,9,"...","   Nondurable goods","Number of jobs",203,198,198,201,211,211,207,201
 "44000","Rhode Island",1,SAOEMP,10,"...","  Wholesale trade","Number of jobs",347,337,335,341,333,333,325,325
 "44000","Rhode Island",1,SAOEMP,11,"...","  Retail trade","Number of jobs",5376,5491,5449,5441,5379,5243,5271,5025
 "44000","Rhode Island",1,SAOEMP,12,"...","  Transportation and warehousing","Number of jobs",655,642,613,641,633,634,633,625
 "44000","Rhode Island",1,SAOEMP,13,"...","  Information","Number of jobs",21,20,19,19,19,18,17,16
 "44000","Rhode Island",1,SAOEMP,14,"...","  Finance, insurance, real estate, rental, and leasing","Number of jobs",185,195,173,173,176,175,175,189
 "44000","Rhode Island",1,SAOEMP,15,"...","   Finance and insurance","Number of jobs",76,71,68,68,68,68,66,75
 "44000","Rhode Island",1,SAOEMP,16,"...","   Real estate and rental and leasing","Number of jobs",109,124,105,105,108,107,109,114
 "44000","Rhode Island",1,SAOEMP,17,"...","  Professional and business services","Number of jobs",489,498,489,525,557,543,543,556
 "44000","Rhode Island",1,SAOEMP,18,"...","  Educational services, health care, and social assistance","Number of jobs",358,375,386,388,411,425,431,435
 "44000","Rhode Island",1,SAOEMP,19,"...","   Educational services","Number of jobs",330,348,359,361,384,398,404,408
 "44000","Rhode Island",1,SAOEMP,20,"...","   Health care and social assistance","Number of jobs",28,27,27,27,27,27,27,27
 "44000","Rhode Island",1,SAOEMP,21,"...","  Arts, entertainment, recreation, accommodation, and food services","Number of jobs",11592,11522,11427,11760,11858,11783,12516,12125
 "44000","Rhode Island",1,SAOEMP,22,"...","   Arts, entertainment, and recreation","Number of jobs",3544,3757,3964,3945,4050,4088,4219,4326
 "44000","Rhode Island",1,SAOEMP,23,"...","   Accommodation and food services","Number of jobs",8047,7765,7464,7815,7807,7696,8297,7799
 "44000","Rhode Island",1,SAOEMP,24,"...","  Other services, except government","Number of jobs",298,290,293,298,297,294,302,297
 "44000","Rhode Island",1,SAOEMP,25,"..."," Government","Number of jobs",452,434,425,408,411,417,438,463
 "44000","Rhode Island",1,SAOEMP,26,"...","  Federal","Number of jobs",4,4,4,4,4,4,4,5
 "44000","Rhode Island",1,SAOEMP,27,"...","  State and local","Number of jobs",448,430,422,405,407,413,433,458
"Note: See the included footnote file."
"SAOEMP: Outdoor Recreation Satellite Account Employment 1/"
"Last updated: November 10, 2020-- new statistics for 2018-2019; revised statistics for 2012-2017."
"Source: U.S. Department of Commerce / Bureau of Economic Analysis / Regional Economic Accounts"
