GeoFIPS,GeoName,Region,TableName,LineCode,IndustryClassification,Description,Unit,2012,2013,2014,2015,2016,2017,2018,2019
 "01000","Alabama",5,SAOVA,1,"...","All Industries","Thousands of dollars",3606738,3633426,3652139,3740572,3809422,3936511,4068476,4167984
 "01000","Alabama",5,SAOVA,2,"..."," Private Industries","Thousands of dollars",3375090,3387006,3391783,3472602,3535715,3661807,3789285,3885435
 "01000","Alabama",5,SAOVA,3,"...","  Agriculture, forestry, fishing, and hunting","Thousands of dollars",84575,98950,94571,97390,90451,98846,102971,109155
 "01000","Alabama",5,SAOVA,4,"...","  Mining","Thousands of dollars",11623,9311,6690,4172,3494,8440,11512,10593
 "01000","Alabama",5,SAOVA,5,"...","  Utilities","Thousands of dollars",18,18,15,17,20,22,15,18
 "01000","Alabama",5,SAOVA,6,"...","  Construction","Thousands of dollars",30707,36020,39808,48976,56524,66508,73666,75407
 "01000","Alabama",5,SAOVA,7,"...","  Manufacturing","Thousands of dollars",450379,455818,440311,420584,396372,411665,455785,454736
 "01000","Alabama",5,SAOVA,8,"...","   Durable goods","Thousands of dollars",195445,205493,194556,189498,184409,198078,226216,227059
 "01000","Alabama",5,SAOVA,9,"...","   Nondurable goods","Thousands of dollars",254934,250325,245755,231086,211962,213587,229569,227677
 "01000","Alabama",5,SAOVA,10,"...","  Wholesale trade","Thousands of dollars",332505,327655,338455,348397,330842,332016,312553,314176
 "01000","Alabama",5,SAOVA,11,"...","  Retail trade","Thousands of dollars",1150095,1186486,1180339,1192067,1240181,1268595,1278721,1317667
 "01000","Alabama",5,SAOVA,12,"...","  Transportation and warehousing","Thousands of dollars",175252,173162,174989,176549,174278,171538,180442,187965
 "01000","Alabama",5,SAOVA,13,"...","  Information","Thousands of dollars",10205,10749,10648,10993,11221,11067,10950,11000
 "01000","Alabama",5,SAOVA,14,"...","  Finance, insurance, real estate, rental, and leasing","Thousands of dollars",233052,213871,181648,199378,213461,223536,228307,233818
 "01000","Alabama",5,SAOVA,15,"...","   Finance and insurance","Thousands of dollars",35968,31895,38494,42401,43572,41761,45296,50397
 "01000","Alabama",5,SAOVA,16,"...","   Real estate and rental and leasing","Thousands of dollars",197084,181976,143155,156978,169889,181775,183012,183421
 "01000","Alabama",5,SAOVA,17,"...","  Professional and business services","Thousands of dollars",32300,31811,35082,38012,40422,45218,47281,48528
 "01000","Alabama",5,SAOVA,18,"...","  Educational services, health care, and social assistance","Thousands of dollars",28216,27060,28823,28773,31305,32383,34403,34221
 "01000","Alabama",5,SAOVA,19,"...","   Educational services","Thousands of dollars",21682,20904,22453,22209,24280,25157,27194,26635
 "01000","Alabama",5,SAOVA,20,"...","   Health care and social assistance","Thousands of dollars",6534,6156,6370,6563,7025,7226,7210,7586
 "01000","Alabama",5,SAOVA,21,"...","  Arts, entertainment, recreation, accommodation, and food services","Thousands of dollars",789475,769258,811622,855138,891832,932516,990160,1022101
 "01000","Alabama",5,SAOVA,22,"...","   Arts, entertainment, and recreation","Thousands of dollars",267640,270416,282170,284394,295491,301677,320716,335232
 "01000","Alabama",5,SAOVA,23,"...","   Accommodation and food services","Thousands of dollars",521835,498842,529452,570744,596340,630838,669444,686869
 "01000","Alabama",5,SAOVA,24,"...","  Other services, except government","Thousands of dollars",46689,46837,48781,52156,55313,59458,62519,66051
 "01000","Alabama",5,SAOVA,25,"..."," Government","Thousands of dollars",231649,246420,260357,267970,273707,274704,279191,282549
 "01000","Alabama",5,SAOVA,26,"...","  Federal","Thousands of dollars",14365,17200,16078,14987,15478,16334,17801,19432
 "01000","Alabama",5,SAOVA,27,"...","  State and local","Thousands of dollars",217283,229220,244278,252983,258229,258370,261390,263117
"Note: See the included footnote file."
"SAOVA: Outdoor Recreation Satellite Account Value Added 1/"
"Last updated: November 10, 2020-- new statistics for 2018-2019; revised statistics for 2012-2017."
"Source: U.S. Department of Commerce / Bureau of Economic Analysis / Regional Economic Accounts"
