GeoFIPS,GeoName,Region,TableName,LineCode,IndustryClassification,Description,Unit,2012,2013,2014,2015,2016,2017,2018,2019
 "09000","Connecticut",1,SAOVA,1,"...","All Industries","Thousands of dollars",3295187,3428281,3376335,3430986,3489513,3463947,3543342,3683759
 "09000","Connecticut",1,SAOVA,2,"..."," Private Industries","Thousands of dollars",3141400,3262313,3199483,3248331,3312372,3293777,3373423,3505794
 "09000","Connecticut",1,SAOVA,3,"...","  Agriculture, forestry, fishing, and hunting","Thousands of dollars",27789,37303,35888,39755,37586,41416,39724,38645
 "09000","Connecticut",1,SAOVA,4,"...","  Mining","Thousands of dollars",64,62,66,46,37,46,47,44
 "09000","Connecticut",1,SAOVA,5,"...","  Utilities","Thousands of dollars",18,20,17,21,25,28,18,22
 "09000","Connecticut",1,SAOVA,6,"...","  Construction","Thousands of dollars",33841,35782,39932,48679,55146,60908,63615,62255
 "09000","Connecticut",1,SAOVA,7,"...","  Manufacturing","Thousands of dollars",401431,460510,431172,438593,454022,433516,429420,436120
 "09000","Connecticut",1,SAOVA,8,"...","   Durable goods","Thousands of dollars",268316,320616,286725,291880,311218,296899,295824,302010
 "09000","Connecticut",1,SAOVA,9,"...","   Nondurable goods","Thousands of dollars",133115,139894,144447,146713,142804,136617,133596,134110
 "09000","Connecticut",1,SAOVA,10,"...","  Wholesale trade","Thousands of dollars",296508,291628,300273,310309,289398,286673,285488,293325
 "09000","Connecticut",1,SAOVA,11,"...","  Retail trade","Thousands of dollars",939163,976108,948396,929162,937899,928309,927425,946941
 "09000","Connecticut",1,SAOVA,12,"...","  Transportation and warehousing","Thousands of dollars",193620,196799,201504,212543,213009,215036,221921,237682
 "09000","Connecticut",1,SAOVA,13,"...","  Information","Thousands of dollars",15246,15951,15809,16621,17429,17362,17290,17584
 "09000","Connecticut",1,SAOVA,14,"...","  Finance, insurance, real estate, rental, and leasing","Thousands of dollars",206412,188862,182448,199198,208450,205671,206438,215625
 "09000","Connecticut",1,SAOVA,15,"...","   Finance and insurance","Thousands of dollars",75529,68024,79706,85140,84099,74413,74885,78177
 "09000","Connecticut",1,SAOVA,16,"...","   Real estate and rental and leasing","Thousands of dollars",130883,120838,102742,114058,124351,131258,131553,137449
 "09000","Connecticut",1,SAOVA,17,"...","  Professional and business services","Thousands of dollars",55401,53906,57030,60352,62614,70602,74270,76096
 "09000","Connecticut",1,SAOVA,18,"...","  Educational services, health care, and social assistance","Thousands of dollars",45283,46707,49093,47664,52054,53710,56693,57010
 "09000","Connecticut",1,SAOVA,19,"...","   Educational services","Thousands of dollars",38104,39807,42179,40699,44642,46286,49264,49101
 "09000","Connecticut",1,SAOVA,20,"...","   Health care and social assistance","Thousands of dollars",7179,6900,6914,6965,7412,7424,7429,7909
 "09000","Connecticut",1,SAOVA,21,"...","  Arts, entertainment, recreation, accommodation, and food services","Thousands of dollars",869543,901429,879355,885256,923660,916497,984781,1055555
 "09000","Connecticut",1,SAOVA,22,"...","   Arts, entertainment, and recreation","Thousands of dollars",398071,406821,431357,437838,447433,448944,472016,490073
 "09000","Connecticut",1,SAOVA,23,"...","   Accommodation and food services","Thousands of dollars",471472,494607,447998,447418,476227,467553,512766,565482
 "09000","Connecticut",1,SAOVA,24,"...","  Other services, except government","Thousands of dollars",57080,57244,58502,60132,61043,64003,66293,68890
 "09000","Connecticut",1,SAOVA,25,"..."," Government","Thousands of dollars",153787,165968,176852,182655,177140,170170,169919,177965
 "09000","Connecticut",1,SAOVA,26,"...","  Federal","Thousands of dollars",4296,5756,5454,5312,5444,5783,6047,6269
 "09000","Connecticut",1,SAOVA,27,"...","  State and local","Thousands of dollars",149490,160212,171397,177343,171696,164387,163872,171696
"Note: See the included footnote file."
"SAOVA: Outdoor Recreation Satellite Account Value Added 1/"
"Last updated: November 10, 2020-- new statistics for 2018-2019; revised statistics for 2012-2017."
"Source: U.S. Department of Commerce / Bureau of Economic Analysis / Regional Economic Accounts"
