GeoFIPS,GeoName,Region,TableName,LineCode,IndustryClassification,Description,Unit,2012,2013,2014,2015,2016,2017,2018,2019
 "38000","North Dakota",4,SAOVA,1,"...","All Industries","Thousands of dollars",1147850,1195552,1222207,1278615,1226900,1214869,1234480,1260609
 "38000","North Dakota",4,SAOVA,2,"..."," Private Industries","Thousands of dollars",1051466,1087721,1103815,1150790,1089693,1069044,1080477,1102763
 "38000","North Dakota",4,SAOVA,3,"...","  Agriculture, forestry, fishing, and hunting","Thousands of dollars",47491,50371,49785,47830,46243,50553,51801,50123
 "38000","North Dakota",4,SAOVA,4,"...","  Mining","Thousands of dollars",5806,5770,6077,4522,3882,6271,8000,7715
 "38000","North Dakota",4,SAOVA,5,"...","  Utilities","Thousands of dollars",2,2,2,3,3,4,3,3
 "38000","North Dakota",4,SAOVA,6,"...","  Construction","Thousands of dollars",28335,29464,32837,37944,40863,43192,45224,44404
 "38000","North Dakota",4,SAOVA,7,"...","  Manufacturing","Thousands of dollars",77810,77809,77697,71683,55573,65142,79735,78145
 "38000","North Dakota",4,SAOVA,8,"...","   Durable goods","Thousands of dollars",9089,8839,8694,8097,7263,8069,8753,9184
 "38000","North Dakota",4,SAOVA,9,"...","   Nondurable goods","Thousands of dollars",68721,68969,69003,63586,48310,57072,70982,68961
 "38000","North Dakota",4,SAOVA,10,"...","  Wholesale trade","Thousands of dollars",171046,180365,194749,198185,177493,170914,165004,169617
 "38000","North Dakota",4,SAOVA,11,"...","  Retail trade","Thousands of dollars",293345,313675,311300,322910,321457,309349,298340,306573
 "38000","North Dakota",4,SAOVA,12,"...","  Transportation and warehousing","Thousands of dollars",110450,111347,115427,116442,107593,98548,95820,100215
 "38000","North Dakota",4,SAOVA,13,"...","  Information","Thousands of dollars",2330,2379,2401,2593,2703,2726,2700,2731
 "38000","North Dakota",4,SAOVA,14,"...","  Finance, insurance, real estate, rental, and leasing","Thousands of dollars",47548,45524,43285,51032,53418,49913,55238,49778
 "38000","North Dakota",4,SAOVA,15,"...","   Finance and insurance","Thousands of dollars",10422,8937,10575,11476,11636,10748,10984,11701
 "38000","North Dakota",4,SAOVA,16,"...","   Real estate and rental and leasing","Thousands of dollars",37126,36587,32710,39556,41782,39165,44254,38078
 "38000","North Dakota",4,SAOVA,17,"...","  Professional and business services","Thousands of dollars",19733,18551,19057,19155,19051,20417,20749,20994
 "38000","North Dakota",4,SAOVA,18,"...","  Educational services, health care, and social assistance","Thousands of dollars",5938,5852,6208,6541,7115,7531,8228,8468
 "38000","North Dakota",4,SAOVA,19,"...","   Educational services","Thousands of dollars",4512,4470,4790,4978,5437,5768,6418,6499
 "38000","North Dakota",4,SAOVA,20,"...","   Health care and social assistance","Thousands of dollars",1427,1382,1417,1562,1678,1763,1809,1970
 "38000","North Dakota",4,SAOVA,21,"...","  Arts, entertainment, recreation, accommodation, and food services","Thousands of dollars",231239,236019,233787,259847,241881,232039,237290,251405
 "38000","North Dakota",4,SAOVA,22,"...","   Arts, entertainment, and recreation","Thousands of dollars",72204,70344,73938,74300,74803,73279,75220,77258
 "38000","North Dakota",4,SAOVA,23,"...","   Accommodation and food services","Thousands of dollars",159035,165674,159849,185547,167079,158759,162069,174147
 "38000","North Dakota",4,SAOVA,24,"...","  Other services, except government","Thousands of dollars",10393,10593,11204,12104,12416,12447,12347,12592
 "38000","North Dakota",4,SAOVA,25,"..."," Government","Thousands of dollars",96384,107831,118391,127825,137207,145825,154004,157845
 "38000","North Dakota",4,SAOVA,26,"...","  Federal","Thousands of dollars",7107,8091,7468,6820,7069,7392,8241,8874
 "38000","North Dakota",4,SAOVA,27,"...","  State and local","Thousands of dollars",89277,99740,110923,121005,130138,138433,145762,148971
"Note: See the included footnote file."
"SAOVA: Outdoor Recreation Satellite Account Value Added 1/"
"Last updated: November 10, 2020-- new statistics for 2018-2019; revised statistics for 2012-2017."
"Source: U.S. Department of Commerce / Bureau of Economic Analysis / Regional Economic Accounts"
