GeoFIPS,GeoName,Region,TableName,LineCode,IndustryClassification,Description,Unit,2012,2013,2014,2015,2016,2017,2018,2019
 "28000","Mississippi",5,SAOVA,1,"...","All Industries","Thousands of dollars",2328159,2366963,2395544,2446354,2402383,2582217,2740584,2793934
 "28000","Mississippi",5,SAOVA,2,"..."," Private Industries","Thousands of dollars",2139731,2163519,2187036,2238326,2196754,2381183,2535391,2578942
 "28000","Mississippi",5,SAOVA,3,"...","  Agriculture, forestry, fishing, and hunting","Thousands of dollars",64878,73133,70076,71788,69140,80534,84072,87078
 "28000","Mississippi",5,SAOVA,4,"...","  Mining","Thousands of dollars",1366,1357,1321,939,817,1198,1497,1371
 "28000","Mississippi",5,SAOVA,5,"...","  Utilities","Thousands of dollars",9,10,9,11,13,13,9,10
 "28000","Mississippi",5,SAOVA,6,"...","  Construction","Thousands of dollars",58849,59809,62568,72773,81273,94126,104517,107073
 "28000","Mississippi",5,SAOVA,7,"...","  Manufacturing","Thousands of dollars",615773,624212,619448,611438,506777,642717,804356,777246
 "28000","Mississippi",5,SAOVA,8,"...","   Durable goods","Thousands of dollars",144880,153924,153294,153236,149255,160683,171914,180594
 "28000","Mississippi",5,SAOVA,9,"...","   Nondurable goods","Thousands of dollars",470894,470289,466154,458202,357522,482034,632443,596652
 "28000","Mississippi",5,SAOVA,10,"...","  Wholesale trade","Thousands of dollars",178379,171378,177956,185807,185835,181509,175271,179917
 "28000","Mississippi",5,SAOVA,11,"...","  Retail trade","Thousands of dollars",614519,636542,637486,631026,650726,656997,648975,663875
 "28000","Mississippi",5,SAOVA,12,"...","  Transportation and warehousing","Thousands of dollars",95085,94021,95368,98996,99071,100040,105088,110741
 "28000","Mississippi",5,SAOVA,13,"...","  Information","Thousands of dollars",4999,5547,5658,6106,6387,6547,6660,6665
 "28000","Mississippi",5,SAOVA,14,"...","  Finance, insurance, real estate, rental, and leasing","Thousands of dollars",105595,101821,92193,108192,122779,123676,106245,114141
 "28000","Mississippi",5,SAOVA,15,"...","   Finance and insurance","Thousands of dollars",15546,14434,18005,21226,23058,22228,23637,25251
 "28000","Mississippi",5,SAOVA,16,"...","   Real estate and rental and leasing","Thousands of dollars",90049,87387,74188,86966,99720,101447,82607,88890
 "28000","Mississippi",5,SAOVA,17,"...","  Professional and business services","Thousands of dollars",17353,17247,19293,20999,22359,24561,25652,26198
 "28000","Mississippi",5,SAOVA,18,"...","  Educational services, health care, and social assistance","Thousands of dollars",14631,14120,15157,15172,16504,17076,18340,18395
 "28000","Mississippi",5,SAOVA,19,"...","   Educational services","Thousands of dollars",11287,11016,11948,11913,13017,13532,14887,14716
 "28000","Mississippi",5,SAOVA,20,"...","   Health care and social assistance","Thousands of dollars",3344,3104,3209,3258,3487,3544,3453,3679
 "28000","Mississippi",5,SAOVA,21,"...","  Arts, entertainment, recreation, accommodation, and food services","Thousands of dollars",341957,337411,362793,386728,406807,423732,425932,457374
 "28000","Mississippi",5,SAOVA,22,"...","   Arts, entertainment, and recreation","Thousands of dollars",106705,106816,112871,117457,124070,130308,139270,144567
 "28000","Mississippi",5,SAOVA,23,"...","   Accommodation and food services","Thousands of dollars",235251,230594,249921,269271,282737,293424,286662,312807
 "28000","Mississippi",5,SAOVA,24,"...","  Other services, except government","Thousands of dollars",26336,26910,27712,28353,28266,28457,28779,28858
 "28000","Mississippi",5,SAOVA,25,"..."," Government","Thousands of dollars",188428,203444,208508,208028,205629,201034,205193,214992
 "28000","Mississippi",5,SAOVA,26,"...","  Federal","Thousands of dollars",62471,72103,66068,61081,61095,60696,63950,67934
 "28000","Mississippi",5,SAOVA,27,"...","  State and local","Thousands of dollars",125957,131341,142440,146948,144534,140338,141243,147058
"Note: See the included footnote file."
"SAOVA: Outdoor Recreation Satellite Account Value Added 1/"
"Last updated: November 10, 2020-- new statistics for 2018-2019; revised statistics for 2012-2017."
"Source: U.S. Department of Commerce / Bureau of Economic Analysis / Regional Economic Accounts"
