GeoFIPS,GeoName,Region,TableName,LineCode,IndustryClassification,Description,Unit,2012,2013,2014,2015,2016,2017,2018,2019
 "18000","Indiana",3,SAOVA,1,"...","All Industries","Thousands of dollars",7803653,8204831,8280377,8435976,8371396,9439166,10363706,10520793
 "18000","Indiana",3,SAOVA,2,"..."," Private Industries","Thousands of dollars",7566208,7946818,7996296,8125704,8050817,9116598,10032166,10171637
 "18000","Indiana",3,SAOVA,3,"...","  Agriculture, forestry, fishing, and hunting","Thousands of dollars",102480,104236,111765,115014,114788,126252,128622,127026
 "18000","Indiana",3,SAOVA,4,"...","  Mining","Thousands of dollars",6750,5779,4443,3042,2672,6090,7340,6155
 "18000","Indiana",3,SAOVA,5,"...","  Utilities","Thousands of dollars",15,16,14,17,20,22,15,18
 "18000","Indiana",3,SAOVA,6,"...","  Construction","Thousands of dollars",105998,99281,105834,126031,141032,154463,160017,157856
 "18000","Indiana",3,SAOVA,7,"...","  Manufacturing","Thousands of dollars",3534240,3835796,3822070,3811263,3688396,4667395,5392960,5390921
 "18000","Indiana",3,SAOVA,8,"...","   Durable goods","Thousands of dollars",2519147,2855537,2839614,2937401,2953211,3915512,4613525,4636474
 "18000","Indiana",3,SAOVA,9,"...","   Nondurable goods","Thousands of dollars",1015093,980258,982455,873861,735185,751883,779435,754447
 "18000","Indiana",3,SAOVA,10,"...","  Wholesale trade","Thousands of dollars",507460,504187,521140,539370,515597,528785,537683,551670
 "18000","Indiana",3,SAOVA,11,"...","  Retail trade","Thousands of dollars",1539169,1614207,1598339,1580632,1587004,1582225,1619352,1681986
 "18000","Indiana",3,SAOVA,12,"...","  Transportation and warehousing","Thousands of dollars",299999,298751,307320,325729,327540,337299,352094,367778
 "18000","Indiana",3,SAOVA,13,"...","  Information","Thousands of dollars",14440,15343,15356,15989,16297,16161,16213,15823
 "18000","Indiana",3,SAOVA,14,"...","  Finance, insurance, real estate, rental, and leasing","Thousands of dollars",184232,183524,172470,201483,208181,219717,231605,244745
 "18000","Indiana",3,SAOVA,15,"...","   Finance and insurance","Thousands of dollars",48120,42199,50591,56411,60299,59439,64383,70221
 "18000","Indiana",3,SAOVA,16,"...","   Real estate and rental and leasing","Thousands of dollars",136112,141326,121880,145073,147881,160279,167222,174524
 "18000","Indiana",3,SAOVA,17,"...","  Professional and business services","Thousands of dollars",76019,74059,79334,85619,90718,101196,104353,106052
 "18000","Indiana",3,SAOVA,18,"...","  Educational services, health care, and social assistance","Thousands of dollars",41855,42119,44830,45026,49250,51155,54515,54757
 "18000","Indiana",3,SAOVA,19,"...","   Educational services","Thousands of dollars",32585,33196,35613,35456,39024,40619,43802,43407
 "18000","Indiana",3,SAOVA,20,"...","   Health care and social assistance","Thousands of dollars",9269,8923,9217,9570,10226,10536,10713,11350
 "18000","Indiana",3,SAOVA,21,"...","  Arts, entertainment, recreation, accommodation, and food services","Thousands of dollars",1069803,1084543,1125875,1185379,1216198,1227954,1326383,1362387
 "18000","Indiana",3,SAOVA,22,"...","   Arts, entertainment, and recreation","Thousands of dollars",568736,582910,614249,617849,649183,672229,699924,726031
 "18000","Indiana",3,SAOVA,23,"...","   Accommodation and food services","Thousands of dollars",501068,501633,511626,567530,567015,555725,626459,636357
 "18000","Indiana",3,SAOVA,24,"...","  Other services, except government","Thousands of dollars",83748,84977,87505,91110,93123,97885,101016,104462
 "18000","Indiana",3,SAOVA,25,"..."," Government","Thousands of dollars",237446,258014,284081,310272,320580,322568,331540,349156
 "18000","Indiana",3,SAOVA,26,"...","  Federal","Thousands of dollars",23696,25679,22957,20277,19916,20279,21884,24118
 "18000","Indiana",3,SAOVA,27,"...","  State and local","Thousands of dollars",213749,232334,261124,289995,300663,302289,309656,325038
"Note: See the included footnote file."
"SAOVA: Outdoor Recreation Satellite Account Value Added 1/"
"Last updated: November 10, 2020-- new statistics for 2018-2019; revised statistics for 2012-2017."
"Source: U.S. Department of Commerce / Bureau of Economic Analysis / Regional Economic Accounts"
