GeoFIPS,GeoName,Region,TableName,LineCode,IndustryClassification,Description,Unit,2012,2013,2014,2015,2016,2017,2018,2019
 "45000","South Carolina",5,SAOVA,1,"...","All Industries","Thousands of dollars",5311175,5399069,5565760,5977987,5968734,6535126,6794594,7142644
 "45000","South Carolina",5,SAOVA,2,"..."," Private Industries","Thousands of dollars",5082722,5144795,5275555,5647531,5616009,6176049,6421647,6749302
 "45000","South Carolina",5,SAOVA,3,"...","  Agriculture, forestry, fishing, and hunting","Thousands of dollars",95732,111250,108059,126278,118610,164501,162386,171408
 "45000","South Carolina",5,SAOVA,4,"...","  Mining","Thousands of dollars",268,231,227,161,139,204,202,179
 "45000","South Carolina",5,SAOVA,5,"...","  Utilities","Thousands of dollars",9,9,8,9,11,13,9,12
 "45000","South Carolina",5,SAOVA,6,"...","  Construction","Thousands of dollars",46270,44721,48455,54532,56277,59154,63087,65698
 "45000","South Carolina",5,SAOVA,7,"...","  Manufacturing","Thousands of dollars",703762,746765,750674,769142,767479,865392,926964,962905
 "45000","South Carolina",5,SAOVA,8,"...","   Durable goods","Thousands of dollars",549609,594193,593566,604197,594976,694809,754153,786709
 "45000","South Carolina",5,SAOVA,9,"...","   Nondurable goods","Thousands of dollars",154153,152572,157108,164945,172504,170583,172811,176196
 "45000","South Carolina",5,SAOVA,10,"...","  Wholesale trade","Thousands of dollars",366580,360496,372429,394132,391383,395714,399463,404360
 "45000","South Carolina",5,SAOVA,11,"...","  Retail trade","Thousands of dollars",1344203,1392802,1415723,1469032,1495437,1590808,1631202,1722108
 "45000","South Carolina",5,SAOVA,12,"...","  Transportation and warehousing","Thousands of dollars",153656,161461,171888,186980,200988,205781,214930,238527
 "45000","South Carolina",5,SAOVA,13,"...","  Information","Thousands of dollars",10530,11594,11893,12970,13638,14355,15129,15446
 "45000","South Carolina",5,SAOVA,14,"...","  Finance, insurance, real estate, rental, and leasing","Thousands of dollars",313696,342185,292697,324883,352304,376753,390698,399013
 "45000","South Carolina",5,SAOVA,15,"...","   Finance and insurance","Thousands of dollars",35168,31505,38832,43824,46479,43021,45163,48182
 "45000","South Carolina",5,SAOVA,16,"...","   Real estate and rental and leasing","Thousands of dollars",278528,310681,253865,281060,305825,333732,345535,350830
 "45000","South Carolina",5,SAOVA,17,"...","  Professional and business services","Thousands of dollars",41386,41116,44666,49406,53232,60623,64055,67044
 "45000","South Carolina",5,SAOVA,18,"...","  Educational services, health care, and social assistance","Thousands of dollars",32604,30468,32521,33273,35180,38008,40270,40368
 "45000","South Carolina",5,SAOVA,19,"...","   Educational services","Thousands of dollars",24339,22986,24672,24881,26661,28710,30887,30465
 "45000","South Carolina",5,SAOVA,20,"...","   Health care and social assistance","Thousands of dollars",8265,7481,7849,8392,8519,9298,9383,9903
 "45000","South Carolina",5,SAOVA,21,"...","  Arts, entertainment, recreation, accommodation, and food services","Thousands of dollars",1916144,1842731,1964038,2159189,2059890,2327466,2431778,2575090
 "45000","South Carolina",5,SAOVA,22,"...","   Arts, entertainment, and recreation","Thousands of dollars",464472,462982,490535,508564,529093,540348,559778,587286
 "45000","South Carolina",5,SAOVA,23,"...","   Accommodation and food services","Thousands of dollars",1451672,1379749,1473503,1650625,1530797,1787118,1872000,1987804
 "45000","South Carolina",5,SAOVA,24,"...","  Other services, except government","Thousands of dollars",57882,58964,62278,67545,71440,77278,81474,87145
 "45000","South Carolina",5,SAOVA,25,"..."," Government","Thousands of dollars",228452,254275,290205,330456,352726,359078,372947,393342
 "45000","South Carolina",5,SAOVA,26,"...","  Federal","Thousands of dollars",22186,25648,23834,22077,22284,22805,24093,25348
 "45000","South Carolina",5,SAOVA,27,"...","  State and local","Thousands of dollars",206266,228627,266371,308379,330441,336273,348854,367994
"Note: See the included footnote file."
"SAOVA: Outdoor Recreation Satellite Account Value Added 1/"
"Last updated: November 10, 2020-- new statistics for 2018-2019; revised statistics for 2012-2017."
"Source: U.S. Department of Commerce / Bureau of Economic Analysis / Regional Economic Accounts"
