GeoFIPS,GeoName,Region,TableName,LineCode,IndustryClassification,Description,Unit,2012,2013,2014,2015,2016,2017,2018,2019
 "22000","Louisiana",5,SAOVA,1,"...","All Industries","Thousands of dollars",6489037,6388636,6411756,6383488,5792527,6234420,6862856,6933573
 "22000","Louisiana",5,SAOVA,2,"..."," Private Industries","Thousands of dollars",6099233,5981309,5970376,5929292,5344283,5787567,6400774,6443818
 "22000","Louisiana",5,SAOVA,3,"...","  Agriculture, forestry, fishing, and hunting","Thousands of dollars",93790,104511,98948,105647,95382,106140,106432,109853
 "22000","Louisiana",5,SAOVA,4,"...","  Mining","Thousands of dollars",11475,11492,11116,8007,6958,8213,9257,7989
 "22000","Louisiana",5,SAOVA,5,"...","  Utilities","Thousands of dollars",14,15,14,16,18,19,13,15
 "22000","Louisiana",5,SAOVA,6,"...","  Construction","Thousands of dollars",182617,202388,209194,233686,231593,235046,235237,235521
 "22000","Louisiana",5,SAOVA,7,"...","  Manufacturing","Thousands of dollars",2580529,2413217,2337751,2133331,1489828,1969723,2496040,2352480
 "22000","Louisiana",5,SAOVA,8,"...","   Durable goods","Thousands of dollars",89573,96427,100120,100944,92504,95524,99946,94467
 "22000","Louisiana",5,SAOVA,9,"...","   Nondurable goods","Thousands of dollars",2490956,2316790,2237631,2032386,1397324,1874199,2396095,2258013
 "22000","Louisiana",5,SAOVA,10,"...","  Wholesale trade","Thousands of dollars",413034,409971,423465,418181,387647,377742,357476,363107
 "22000","Louisiana",5,SAOVA,11,"...","  Retail trade","Thousands of dollars",1163966,1195838,1186674,1194572,1225729,1197084,1181805,1202209
 "22000","Louisiana",5,SAOVA,12,"...","  Transportation and warehousing","Thousands of dollars",433228,452849,466387,489757,491632,490148,524858,567183
 "22000","Louisiana",5,SAOVA,13,"...","  Information","Thousands of dollars",7837,8444,8474,9094,9523,10001,10101,10189
 "22000","Louisiana",5,SAOVA,14,"...","  Finance, insurance, real estate, rental, and leasing","Thousands of dollars",194141,192832,178238,210539,217688,230876,236486,266259
 "22000","Louisiana",5,SAOVA,15,"...","   Finance and insurance","Thousands of dollars",46504,40857,48901,54802,59252,59121,64967,71221
 "22000","Louisiana",5,SAOVA,16,"...","   Real estate and rental and leasing","Thousands of dollars",147637,151974,129337,155737,158436,171755,171519,195038
 "22000","Louisiana",5,SAOVA,17,"...","  Professional and business services","Thousands of dollars",39224,38313,41593,44861,47405,52942,55408,57456
 "22000","Louisiana",5,SAOVA,18,"...","  Educational services, health care, and social assistance","Thousands of dollars",23440,23109,24920,25814,29021,30649,33315,34080
 "22000","Louisiana",5,SAOVA,19,"...","   Educational services","Thousands of dollars",17605,17693,19278,19864,22522,24115,26736,27075
 "22000","Louisiana",5,SAOVA,20,"...","   Health care and social assistance","Thousands of dollars",5835,5417,5642,5950,6500,6534,6580,7005
 "22000","Louisiana",5,SAOVA,21,"...","  Arts, entertainment, recreation, accommodation, and food services","Thousands of dollars",901657,873729,927047,997375,1053815,1021010,1096844,1180077
 "22000","Louisiana",5,SAOVA,22,"...","   Arts, entertainment, and recreation","Thousands of dollars",375048,381528,407724,412238,435206,447828,465745,492725
 "22000","Louisiana",5,SAOVA,23,"...","   Accommodation and food services","Thousands of dollars",526608,492201,519323,585137,618609,573182,631099,687352
 "22000","Louisiana",5,SAOVA,24,"...","  Other services, except government","Thousands of dollars",54283,54602,56556,58412,58042,57975,57502,57400
 "22000","Louisiana",5,SAOVA,25,"..."," Government","Thousands of dollars",389804,407327,441380,454196,448244,446853,462082,489755
 "22000","Louisiana",5,SAOVA,26,"...","  Federal","Thousands of dollars",9394,11701,11026,10137,9800,9627,9907,10495
 "22000","Louisiana",5,SAOVA,27,"...","  State and local","Thousands of dollars",380410,395626,430354,444060,438444,437226,452175,479260
"Note: See the included footnote file."
"SAOVA: Outdoor Recreation Satellite Account Value Added 1/"
"Last updated: November 10, 2020-- new statistics for 2018-2019; revised statistics for 2012-2017."
"Source: U.S. Department of Commerce / Bureau of Economic Analysis / Regional Economic Accounts"
