GeoFIPS,GeoName,Region,TableName,LineCode,IndustryClassification,Description,Unit,2012,2013,2014,2015,2016,2017,2018,2019
 "46000","South Dakota",4,SAOVA,1,"...","All Industries","Thousands of dollars",1138347,1188791,1201773,1263748,1245098,1303182,1317712,1346993
 "46000","South Dakota",4,SAOVA,2,"..."," Private Industries","Thousands of dollars",1017415,1060413,1069716,1130977,1111472,1168521,1177535,1199475
 "46000","South Dakota",4,SAOVA,3,"...","  Agriculture, forestry, fishing, and hunting","Thousands of dollars",74086,84280,82281,78632,70264,73243,74020,67873
 "46000","South Dakota",4,SAOVA,4,"...","  Mining","Thousands of dollars",27,26,28,21,18,22,26,25
 "46000","South Dakota",4,SAOVA,5,"...","  Utilities","Thousands of dollars",2,2,2,2,3,3,2,2
 "46000","South Dakota",4,SAOVA,6,"...","  Construction","Thousands of dollars",27658,27601,28371,29814,27730,26918,26643,25712
 "46000","South Dakota",4,SAOVA,7,"...","  Manufacturing","Thousands of dollars",65226,67973,69901,72466,77664,81655,83370,88921
 "46000","South Dakota",4,SAOVA,8,"...","   Durable goods","Thousands of dollars",37963,40852,40751,39771,39821,40179,39669,44356
 "46000","South Dakota",4,SAOVA,9,"...","   Nondurable goods","Thousands of dollars",27263,27121,29150,32695,37843,41476,43701,44566
 "46000","South Dakota",4,SAOVA,10,"...","  Wholesale trade","Thousands of dollars",117834,118319,126435,135627,132263,130427,126327,128419
 "46000","South Dakota",4,SAOVA,11,"...","  Retail trade","Thousands of dollars",292513,308513,304127,309182,309721,321001,319154,328652
 "46000","South Dakota",4,SAOVA,12,"...","  Transportation and warehousing","Thousands of dollars",49316,50959,52578,54688,55159,53488,53782,56415
 "46000","South Dakota",4,SAOVA,13,"...","  Information","Thousands of dollars",2165,2304,2313,2457,2593,2672,2760,2893
 "46000","South Dakota",4,SAOVA,14,"...","  Finance, insurance, real estate, rental, and leasing","Thousands of dollars",45956,45030,39874,43558,50813,50894,51933,53811
 "46000","South Dakota",4,SAOVA,15,"...","   Finance and insurance","Thousands of dollars",13937,12760,14668,15940,16235,15509,16077,17167
 "46000","South Dakota",4,SAOVA,16,"...","   Real estate and rental and leasing","Thousands of dollars",32019,32270,25205,27618,34578,35385,35856,36645
 "46000","South Dakota",4,SAOVA,17,"...","  Professional and business services","Thousands of dollars",20829,20457,22532,24632,25924,27914,28108,28362
 "46000","South Dakota",4,SAOVA,18,"...","  Educational services, health care, and social assistance","Thousands of dollars",8753,8707,9337,9754,10619,11399,12287,12218
 "46000","South Dakota",4,SAOVA,19,"...","   Educational services","Thousands of dollars",7052,7059,7655,7977,8802,9478,10385,10236
 "46000","South Dakota",4,SAOVA,20,"...","   Health care and social assistance","Thousands of dollars",1700,1648,1682,1778,1817,1921,1902,1982
 "46000","South Dakota",4,SAOVA,21,"...","  Arts, entertainment, recreation, accommodation, and food services","Thousands of dollars",301579,314648,319975,357820,336219,375818,385390,391917
 "46000","South Dakota",4,SAOVA,22,"...","   Arts, entertainment, and recreation","Thousands of dollars",74801,73225,77162,79936,84670,87739,93279,98007
 "46000","South Dakota",4,SAOVA,23,"...","   Accommodation and food services","Thousands of dollars",226779,241423,242813,277884,251549,288079,292111,293909
 "46000","South Dakota",4,SAOVA,24,"...","  Other services, except government","Thousands of dollars",11471,11595,11963,12322,12481,13067,13733,14255
 "46000","South Dakota",4,SAOVA,25,"..."," Government","Thousands of dollars",120932,128378,132057,132771,133626,134661,140177,147518
 "46000","South Dakota",4,SAOVA,26,"...","  Federal","Thousands of dollars",40224,44093,41014,38400,40153,41773,44692,46719
 "46000","South Dakota",4,SAOVA,27,"...","  State and local","Thousands of dollars",80708,84286,91043,94371,93473,92888,95484,100799
"Note: See the included footnote file."
"SAOVA: Outdoor Recreation Satellite Account Value Added 1/"
"Last updated: November 10, 2020-- new statistics for 2018-2019; revised statistics for 2012-2017."
"Source: U.S. Department of Commerce / Bureau of Economic Analysis / Regional Economic Accounts"
