GeoFIPS,GeoName,Region,TableName,LineCode,IndustryClassification,Description,Unit,2012,2013,2014,2015,2016,2017,2018,2019
 "17000","Illinois",3,SAOVA,1,"...","All Industries","Thousands of dollars",13320580,13225975,13474479,13878000,14155872,14711567,15258685,15570784
 "17000","Illinois",3,SAOVA,2,"..."," Private Industries","Thousands of dollars",12255362,12182071,12398160,12835901,13064258,13556149,14041517,14320497
 "17000","Illinois",3,SAOVA,3,"...","  Agriculture, forestry, fishing, and hunting","Thousands of dollars",383067,384639,396221,419865,421279,468917,475593,481606
 "17000","Illinois",3,SAOVA,4,"...","  Mining","Thousands of dollars",6857,5667,4454,3113,2855,6452,7446,6029
 "17000","Illinois",3,SAOVA,5,"...","  Utilities","Thousands of dollars",26,27,23,28,33,35,23,28
 "17000","Illinois",3,SAOVA,6,"...","  Construction","Thousands of dollars",268775,239507,243638,263966,286734,324230,349802,351539
 "17000","Illinois",3,SAOVA,7,"...","  Manufacturing","Thousands of dollars",2273602,2221129,2164182,2029951,1801832,1972949,2171855,2175271
 "17000","Illinois",3,SAOVA,8,"...","   Durable goods","Thousands of dollars",685630,704843,674882,666106,659357,735330,815293,835760
 "17000","Illinois",3,SAOVA,9,"...","   Nondurable goods","Thousands of dollars",1587972,1516286,1489301,1363844,1142474,1237619,1356563,1339511
 "17000","Illinois",3,SAOVA,10,"...","  Wholesale trade","Thousands of dollars",1496990,1472290,1530970,1581622,1525431,1559029,1543807,1562133
 "17000","Illinois",3,SAOVA,11,"...","  Retail trade","Thousands of dollars",2651016,2732849,2712018,2745964,2803678,2812079,2819937,2871785
 "17000","Illinois",3,SAOVA,12,"...","  Transportation and warehousing","Thousands of dollars",1385905,1424432,1513241,1657974,1733045,1785805,1849672,1930721
 "17000","Illinois",3,SAOVA,13,"...","  Information","Thousands of dollars",57612,60387,60325,62337,64780,65750,67195,67886
 "17000","Illinois",3,SAOVA,14,"...","  Finance, insurance, real estate, rental, and leasing","Thousands of dollars",474091,468237,482038,544550,605055,623766,638289,655363
 "17000","Illinois",3,SAOVA,15,"...","   Finance and insurance","Thousands of dollars",139562,124564,150464,171015,179436,171172,180628,196213
 "17000","Illinois",3,SAOVA,16,"...","   Real estate and rental and leasing","Thousands of dollars",334529,343673,331574,373536,425619,452594,457661,459150
 "17000","Illinois",3,SAOVA,17,"...","  Professional and business services","Thousands of dollars",328526,308677,315466,334095,338292,364521,353539,362235
 "17000","Illinois",3,SAOVA,18,"...","  Educational services, health care, and social assistance","Thousands of dollars",107601,108254,114568,112037,124105,130434,140979,141757
 "17000","Illinois",3,SAOVA,19,"...","   Educational services","Thousands of dollars",87526,89377,95254,92090,102638,108808,119389,119110
 "17000","Illinois",3,SAOVA,20,"...","   Health care and social assistance","Thousands of dollars",20076,18877,19313,19947,21466,21626,21590,22647
 "17000","Illinois",3,SAOVA,21,"...","  Arts, entertainment, recreation, accommodation, and food services","Thousands of dollars",2658568,2591001,2688576,2898631,3168761,3241196,3413259,3496646
 "17000","Illinois",3,SAOVA,22,"...","   Arts, entertainment, and recreation","Thousands of dollars",1443963,1453373,1543124,1589985,1710578,1790319,1857018,1884596
 "17000","Illinois",3,SAOVA,23,"...","   Accommodation and food services","Thousands of dollars",1214604,1137628,1145452,1308646,1458183,1450877,1556240,1612050
 "17000","Illinois",3,SAOVA,24,"...","  Other services, except government","Thousands of dollars",162725,164975,172439,181768,188377,200988,210122,217497
 "17000","Illinois",3,SAOVA,25,"..."," Government","Thousands of dollars",1065218,1043905,1076319,1042100,1091615,1155418,1217168,1250287
 "17000","Illinois",3,SAOVA,26,"...","  Federal","Thousands of dollars",8905,10207,9135,8150,8032,8460,9125,9718
 "17000","Illinois",3,SAOVA,27,"...","  State and local","Thousands of dollars",1056313,1033697,1067184,1033950,1083583,1146959,1208043,1240569
"Note: See the included footnote file."
"SAOVA: Outdoor Recreation Satellite Account Value Added 1/"
"Last updated: November 10, 2020-- new statistics for 2018-2019; revised statistics for 2012-2017."
"Source: U.S. Department of Commerce / Bureau of Economic Analysis / Regional Economic Accounts"
