GeoFIPS,GeoName,Region,TableName,LineCode,IndustryClassification,Description,Unit,2012,2013,2014,2015,2016,2017,2018,2019
 "11000","District of Columbia",2,SAOVA,1,"...","All Industries","Thousands of dollars",1313497,1304842,1312774,1440970,1420900,1556415,1587578,1642970
 "11000","District of Columbia",2,SAOVA,2,"..."," Private Industries","Thousands of dollars",1096315,1035844,1033362,1142879,1107277,1235208,1249078,1284797
 "11000","District of Columbia",2,SAOVA,3,"...","  Agriculture, forestry, fishing, and hunting","Thousands of dollars",0,0,0,0,0,0,0,0
 "11000","District of Columbia",2,SAOVA,4,"...","  Mining","Thousands of dollars",0,0,0,0,0,0,0,0
 "11000","District of Columbia",2,SAOVA,5,"...","  Utilities","Thousands of dollars",5,5,4,5,5,5,4,5
 "11000","District of Columbia",2,SAOVA,6,"...","  Construction","Thousands of dollars",28881,26218,27359,31467,32376,34399,36238,38085
 "11000","District of Columbia",2,SAOVA,7,"...","  Manufacturing","Thousands of dollars",5651,6047,6118,6641,7658,8581,8659,10177
 "11000","District of Columbia",2,SAOVA,8,"...","   Durable goods","Thousands of dollars",1253,1479,1215,1373,1839,1963,2044,2849
 "11000","District of Columbia",2,SAOVA,9,"...","   Nondurable goods","Thousands of dollars",4398,4569,4903,5268,5819,6618,6615,7328
 "11000","District of Columbia",2,SAOVA,10,"...","  Wholesale trade","Thousands of dollars",17491,16846,17563,19086,18640,19129,38798,39841
 "11000","District of Columbia",2,SAOVA,11,"...","  Retail trade","Thousands of dollars",173098,172076,166121,172901,166376,174970,170050,169613
 "11000","District of Columbia",2,SAOVA,12,"...","  Transportation and warehousing","Thousands of dollars",18471,18951,18345,18808,19202,19923,20776,23210
 "11000","District of Columbia",2,SAOVA,13,"...","  Information","Thousands of dollars",10264,10361,10087,9708,9666,9891,10599,11261
 "11000","District of Columbia",2,SAOVA,14,"...","  Finance, insurance, real estate, rental, and leasing","Thousands of dollars",37448,40483,39809,40932,37299,41126,35663,36688
 "11000","District of Columbia",2,SAOVA,15,"...","   Finance and insurance","Thousands of dollars",18076,16058,18870,20045,19618,17021,16711,17364
 "11000","District of Columbia",2,SAOVA,16,"...","   Real estate and rental and leasing","Thousands of dollars",19372,24425,20939,20887,17681,24104,18953,19324
 "11000","District of Columbia",2,SAOVA,17,"...","  Professional and business services","Thousands of dollars",40652,40047,41488,42658,41860,43568,43144,42981
 "11000","District of Columbia",2,SAOVA,18,"...","  Educational services, health care, and social assistance","Thousands of dollars",25005,25239,25794,24579,24685,25191,25508,25848
 "11000","District of Columbia",2,SAOVA,19,"...","   Educational services","Thousands of dollars",21114,21799,22390,20831,20974,21142,21560,21801
 "11000","District of Columbia",2,SAOVA,20,"...","   Health care and social assistance","Thousands of dollars",3891,3440,3404,3748,3711,4049,3948,4047
 "11000","District of Columbia",2,SAOVA,21,"...","  Arts, entertainment, recreation, accommodation, and food services","Thousands of dollars",712945,653800,653327,747568,721762,827913,827502,854144
 "11000","District of Columbia",2,SAOVA,22,"...","   Arts, entertainment, and recreation","Thousands of dollars",126977,130945,146475,153013,166521,177488,185819,196608
 "11000","District of Columbia",2,SAOVA,23,"...","   Accommodation and food services","Thousands of dollars",585967,522855,506851,594554,555242,650425,641682,657537
 "11000","District of Columbia",2,SAOVA,24,"...","  Other services, except government","Thousands of dollars",26404,25771,27348,28526,27748,30511,32136,32944
 "11000","District of Columbia",2,SAOVA,25,"..."," Government","Thousands of dollars",217183,268998,279411,298091,313623,321207,338500,358173
 "11000","District of Columbia",2,SAOVA,26,"...","  Federal","Thousands of dollars",142800,166760,161855,159629,173449,182630,197010,206090
 "11000","District of Columbia",2,SAOVA,27,"...","  State and local","Thousands of dollars",74383,102238,117556,138462,140174,138577,141490,152083
"Note: See the included footnote file."
"SAOVA: Outdoor Recreation Satellite Account Value Added 1/"
"Last updated: November 10, 2020-- new statistics for 2018-2019; revised statistics for 2012-2017."
"Source: U.S. Department of Commerce / Bureau of Economic Analysis / Regional Economic Accounts"
