GeoFIPS,GeoName,Region,TableName,LineCode,IndustryClassification,Description,Unit,2012,2013,2014,2015,2016,2017,2018,2019
 "47000","Tennessee",5,SAOVA,1,"...","All Industries","Thousands of dollars",7050953,7114542,7301238,7560919,7703958,8038052,8471747,8966118
 "47000","Tennessee",5,SAOVA,2,"..."," Private Industries","Thousands of dollars",6691450,6733410,6904742,7158035,7289898,7614277,8026649,8498155
 "47000","Tennessee",5,SAOVA,3,"...","  Agriculture, forestry, fishing, and hunting","Thousands of dollars",96612,115806,114181,123429,116752,130902,132790,136727
 "47000","Tennessee",5,SAOVA,4,"...","  Mining","Thousands of dollars",444,401,331,238,208,403,429,334
 "47000","Tennessee",5,SAOVA,5,"...","  Utilities","Thousands of dollars",7,7,6,8,9,9,6,8
 "47000","Tennessee",5,SAOVA,6,"...","  Construction","Thousands of dollars",68823,74719,84632,102574,112869,122563,129653,128434
 "47000","Tennessee",5,SAOVA,7,"...","  Manufacturing","Thousands of dollars",975064,1025195,1033210,1055722,998065,992227,1053934,1063525
 "47000","Tennessee",5,SAOVA,8,"...","   Durable goods","Thousands of dollars",537740,562104,567594,575614,553126,554931,609578,619901
 "47000","Tennessee",5,SAOVA,9,"...","   Nondurable goods","Thousands of dollars",437324,463091,465616,480108,444939,437297,444356,443624
 "47000","Tennessee",5,SAOVA,10,"...","  Wholesale trade","Thousands of dollars",617476,608867,636593,673445,663922,669415,684559,692637
 "47000","Tennessee",5,SAOVA,11,"...","  Retail trade","Thousands of dollars",2114588,2110071,2105736,2081812,2121211,2148975,2183043,2291622
 "47000","Tennessee",5,SAOVA,12,"...","  Transportation and warehousing","Thousands of dollars",519289,524096,533440,560632,571728,598397,654767,731498
 "47000","Tennessee",5,SAOVA,13,"...","  Information","Thousands of dollars",16308,17644,18053,19441,20805,22264,23222,23745
 "47000","Tennessee",5,SAOVA,14,"...","  Finance, insurance, real estate, rental, and leasing","Thousands of dollars",261917,276934,247369,293129,315390,325356,355436,378285
 "47000","Tennessee",5,SAOVA,15,"...","   Finance and insurance","Thousands of dollars",66291,62239,75509,85207,86741,80609,84436,90441
 "47000","Tennessee",5,SAOVA,16,"...","   Real estate and rental and leasing","Thousands of dollars",195626,214695,171859,207922,228649,244747,270999,287844
 "47000","Tennessee",5,SAOVA,17,"...","  Professional and business services","Thousands of dollars",83649,83582,91412,102617,112230,131729,138871,149314
 "47000","Tennessee",5,SAOVA,18,"...","  Educational services, health care, and social assistance","Thousands of dollars",42533,41582,44418,44530,49375,53172,57539,59872
 "47000","Tennessee",5,SAOVA,19,"...","   Educational services","Thousands of dollars",31619,31322,33702,33429,37523,40914,45402,47042
 "47000","Tennessee",5,SAOVA,20,"...","   Health care and social assistance","Thousands of dollars",10914,10260,10715,11100,11851,12257,12136,12830
 "47000","Tennessee",5,SAOVA,21,"...","  Arts, entertainment, recreation, accommodation, and food services","Thousands of dollars",1833526,1793121,1930713,2031856,2134813,2339430,2525752,2747930
 "47000","Tennessee",5,SAOVA,22,"...","   Arts, entertainment, and recreation","Thousands of dollars",676079,677346,725406,749532,819090,889936,979644,1044746
 "47000","Tennessee",5,SAOVA,23,"...","   Accommodation and food services","Thousands of dollars",1157447,1115774,1205308,1282324,1315723,1449494,1546109,1703184
 "47000","Tennessee",5,SAOVA,24,"...","  Other services, except government","Thousands of dollars",61214,61387,64648,68603,72521,79435,86647,94226
 "47000","Tennessee",5,SAOVA,25,"..."," Government","Thousands of dollars",359502,381133,396496,402884,414059,423775,445098,467963
 "47000","Tennessee",5,SAOVA,26,"...","  Federal","Thousands of dollars",73955,84191,79666,75486,79129,81517,88059,94083
 "47000","Tennessee",5,SAOVA,27,"...","  State and local","Thousands of dollars",285547,296942,316830,327398,334930,342258,357039,373880
"Note: See the included footnote file."
"SAOVA: Outdoor Recreation Satellite Account Value Added 1/"
"Last updated: November 10, 2020-- new statistics for 2018-2019; revised statistics for 2012-2017."
"Source: U.S. Department of Commerce / Bureau of Economic Analysis / Regional Economic Accounts"
