GeoFIPS,GeoName,Region,TableName,LineCode,IndustryClassification,Description,Unit,2012,2013,2014,2015,2016,2017,2018,2019
 "41000","Oregon",8,SAOVA,1,"...","All Industries","Thousands of dollars",5243537,5308948,5578542,6104000,6338161,6750598,6960218,7239818
 "41000","Oregon",8,SAOVA,2,"..."," Private Industries","Thousands of dollars",4919526,4952734,5186819,5681423,5893079,6284557,6471368,6725668
 "41000","Oregon",8,SAOVA,3,"...","  Agriculture, forestry, fishing, and hunting","Thousands of dollars",107211,124798,123215,135937,135032,153582,155011,159201
 "41000","Oregon",8,SAOVA,4,"...","  Mining","Thousands of dollars",170,164,170,125,121,199,214,192
 "41000","Oregon",8,SAOVA,5,"...","  Utilities","Thousands of dollars",6,6,5,6,7,7,5,6
 "41000","Oregon",8,SAOVA,6,"...","  Construction","Thousands of dollars",57677,60499,64794,74423,78355,83868,88276,87734
 "41000","Oregon",8,SAOVA,7,"...","  Manufacturing","Thousands of dollars",342900,375661,387207,430048,444737,497507,514445,524663
 "41000","Oregon",8,SAOVA,8,"...","   Durable goods","Thousands of dollars",225187,246464,259175,289030,288496,347556,358104,362514
 "41000","Oregon",8,SAOVA,9,"...","   Nondurable goods","Thousands of dollars",117713,129197,128032,141018,156241,149951,156340,162149
 "41000","Oregon",8,SAOVA,10,"...","  Wholesale trade","Thousands of dollars",1032812,1003677,1045992,1164031,1193812,1225748,1206018,1225455
 "41000","Oregon",8,SAOVA,11,"...","  Retail trade","Thousands of dollars",1267069,1321227,1365603,1452809,1521324,1585278,1624026,1695165
 "41000","Oregon",8,SAOVA,12,"...","  Transportation and warehousing","Thousands of dollars",393982,423928,472065,536177,576681,609958,628524,664425
 "41000","Oregon",8,SAOVA,13,"...","  Information","Thousands of dollars",9517,9740,9902,10872,11726,13052,14283,15380
 "41000","Oregon",8,SAOVA,14,"...","  Finance, insurance, real estate, rental, and leasing","Thousands of dollars",237824,249750,229064,260701,281304,298796,284777,330496
 "41000","Oregon",8,SAOVA,15,"...","   Finance and insurance","Thousands of dollars",55892,49846,59422,64916,66256,62512,67101,72890
 "41000","Oregon",8,SAOVA,16,"...","   Real estate and rental and leasing","Thousands of dollars",181932,199905,169642,195785,215048,236284,217677,257606
 "41000","Oregon",8,SAOVA,17,"...","  Professional and business services","Thousands of dollars",57743,55793,60245,64471,68912,77149,79914,81232
 "41000","Oregon",8,SAOVA,18,"...","  Educational services, health care, and social assistance","Thousands of dollars",42315,41037,44424,45268,49377,52430,56826,57050
 "41000","Oregon",8,SAOVA,19,"...","   Educational services","Thousands of dollars",34570,33987,37053,37470,41081,43597,47802,47558
 "41000","Oregon",8,SAOVA,20,"...","   Health care and social assistance","Thousands of dollars",7745,7051,7371,7798,8296,8833,9024,9492
 "41000","Oregon",8,SAOVA,21,"...","  Arts, entertainment, recreation, accommodation, and food services","Thousands of dollars",1306842,1223068,1317397,1437332,1460470,1612118,1740982,1803185
 "41000","Oregon",8,SAOVA,22,"...","   Arts, entertainment, and recreation","Thousands of dollars",450284,443451,470913,480197,507084,527415,558725,580651
 "41000","Oregon",8,SAOVA,23,"...","   Accommodation and food services","Thousands of dollars",856559,779617,846485,957135,953386,1084703,1182257,1222534
 "41000","Oregon",8,SAOVA,24,"...","  Other services, except government","Thousands of dollars",63460,63386,66736,69222,71222,74864,78069,81486
 "41000","Oregon",8,SAOVA,25,"..."," Government","Thousands of dollars",324011,356215,391723,422577,445082,466041,488851,514150
 "41000","Oregon",8,SAOVA,26,"...","  Federal","Thousands of dollars",56281,54941,58631,57052,63724,69258,69358,70032
 "41000","Oregon",8,SAOVA,27,"...","  State and local","Thousands of dollars",267730,301274,333092,365525,381358,396783,419493,444119
"Note: See the included footnote file."
"SAOVA: Outdoor Recreation Satellite Account Value Added 1/"
"Last updated: November 10, 2020-- new statistics for 2018-2019; revised statistics for 2012-2017."
"Source: U.S. Department of Commerce / Bureau of Economic Analysis / Regional Economic Accounts"
