GeoFIPS,GeoName,Region,TableName,LineCode,IndustryClassification,Description,Unit,2012,2013,2014,2015,2016,2017,2018,2019
 "24000","Maryland",2,SAOVA,1,"...","All Industries","Thousands of dollars",5961934,5990801,6171373,6492800,6571051,6645472,6789265,7140584
 "24000","Maryland",2,SAOVA,2,"..."," Private Industries","Thousands of dollars",5397813,5332743,5441770,5671345,5748118,5859919,6019340,6343939
 "24000","Maryland",2,SAOVA,3,"...","  Agriculture, forestry, fishing, and hunting","Thousands of dollars",104882,115244,108001,113162,101289,116665,112690,115664
 "24000","Maryland",2,SAOVA,4,"...","  Mining","Thousands of dollars",308,264,245,174,154,273,299,263
 "24000","Maryland",2,SAOVA,5,"...","  Utilities","Thousands of dollars",22,22,19,23,27,29,18,23
 "24000","Maryland",2,SAOVA,6,"...","  Construction","Thousands of dollars",66935,65765,72057,85524,98652,115513,129393,134923
 "24000","Maryland",2,SAOVA,7,"...","  Manufacturing","Thousands of dollars",283409,292253,283111,279462,259611,274757,298713,297543
 "24000","Maryland",2,SAOVA,8,"...","   Durable goods","Thousands of dollars",120657,124170,111517,103663,92103,105335,120868,123524
 "24000","Maryland",2,SAOVA,9,"...","   Nondurable goods","Thousands of dollars",162753,168083,171594,175799,167509,169421,177845,174018
 "24000","Maryland",2,SAOVA,10,"...","  Wholesale trade","Thousands of dollars",387008,379357,406911,440325,443546,452759,437495,450498
 "24000","Maryland",2,SAOVA,11,"...","  Retail trade","Thousands of dollars",1653153,1669060,1653182,1658124,1654935,1649563,1641157,1716156
 "24000","Maryland",2,SAOVA,12,"...","  Transportation and warehousing","Thousands of dollars",482862,501921,524596,566236,586988,594612,617847,652595
 "24000","Maryland",2,SAOVA,13,"...","  Information","Thousands of dollars",20251,21977,22217,23482,24596,25056,25788,25882
 "24000","Maryland",2,SAOVA,14,"...","  Finance, insurance, real estate, rental, and leasing","Thousands of dollars",359616,348721,348090,380335,411352,401878,422745,440907
 "24000","Maryland",2,SAOVA,15,"...","   Finance and insurance","Thousands of dollars",56754,50880,60902,66356,67245,62678,66416,71866
 "24000","Maryland",2,SAOVA,16,"...","   Real estate and rental and leasing","Thousands of dollars",302862,297841,287188,313979,344107,339200,356328,369041
 "24000","Maryland",2,SAOVA,17,"...","  Professional and business services","Thousands of dollars",94776,95787,102906,116214,126176,151364,162449,165531
 "24000","Maryland",2,SAOVA,18,"...","  Educational services, health care, and social assistance","Thousands of dollars",71018,69413,73691,72391,80216,85330,92461,92625
 "24000","Maryland",2,SAOVA,19,"...","   Educational services","Thousands of dollars",59462,58907,62946,61345,68570,73481,80582,79825
 "24000","Maryland",2,SAOVA,20,"...","   Health care and social assistance","Thousands of dollars",11556,10506,10744,11046,11646,11848,11879,12800
 "24000","Maryland",2,SAOVA,21,"...","  Arts, entertainment, recreation, accommodation, and food services","Thousands of dollars",1737417,1639574,1710903,1798157,1822798,1850525,1935017,2103173
 "24000","Maryland",2,SAOVA,22,"...","   Arts, entertainment, and recreation","Thousands of dollars",643942,657031,708510,717609,758681,781133,814707,842574
 "24000","Maryland",2,SAOVA,23,"...","   Accommodation and food services","Thousands of dollars",1093476,982542,1002393,1080548,1064116,1069392,1120310,1260599
 "24000","Maryland",2,SAOVA,24,"...","  Other services, except government","Thousands of dollars",136155,133385,135841,137737,137778,141597,143268,148156
 "24000","Maryland",2,SAOVA,25,"..."," Government","Thousands of dollars",564122,658058,729604,821455,822933,785552,769926,796645
 "24000","Maryland",2,SAOVA,26,"...","  Federal","Thousands of dollars",68098,81029,76766,72810,74424,74683,77596,80346
 "24000","Maryland",2,SAOVA,27,"...","  State and local","Thousands of dollars",496024,577028,652838,748646,748509,710869,692330,716299
"Note: See the included footnote file."
"SAOVA: Outdoor Recreation Satellite Account Value Added 1/"
"Last updated: November 10, 2020-- new statistics for 2018-2019; revised statistics for 2012-2017."
"Source: U.S. Department of Commerce / Bureau of Economic Analysis / Regional Economic Accounts"
