GeoFIPS,GeoName,Region,TableName,LineCode,IndustryClassification,Description,Unit,2012,2013,2014,2015,2016,2017,2018,2019
 "48000","Texas",6,SAOVA,1,"...","All Industries","Thousands of dollars",28343482,29459260,30247480,31629181,30377805,32870769,35162602,35911171
 "48000","Texas",6,SAOVA,2,"..."," Private Industries","Thousands of dollars",27320788,28385077,29090614,30419678,29105842,31543027,33759150,34439972
 "48000","Texas",6,SAOVA,3,"...","  Agriculture, forestry, fishing, and hunting","Thousands of dollars",769899,932102,946774,1064725,899975,1026281,955230,987128
 "48000","Texas",6,SAOVA,4,"...","  Mining","Thousands of dollars",93218,100126,105751,78378,67693,75785,89289,87156
 "48000","Texas",6,SAOVA,5,"...","  Utilities","Thousands of dollars",103,109,97,120,147,165,108,135
 "48000","Texas",6,SAOVA,6,"...","  Construction","Thousands of dollars",387039,389293,411828,458274,490507,532517,561750,560985
 "48000","Texas",6,SAOVA,7,"...","  Manufacturing","Thousands of dollars",7291109,7803019,7733851,7764275,5734917,7271536,8628685,8153402
 "48000","Texas",6,SAOVA,8,"...","   Durable goods","Thousands of dollars",735630,779680,826866,860783,830474,904812,986480,956111
 "48000","Texas",6,SAOVA,9,"...","   Nondurable goods","Thousands of dollars",6555480,7023339,6906985,6903492,4904443,6366725,7642205,7197290
 "48000","Texas",6,SAOVA,10,"...","  Wholesale trade","Thousands of dollars",3008029,3098799,3245657,3355880,3209627,3445440,3563892,3754911
 "48000","Texas",6,SAOVA,11,"...","  Retail trade","Thousands of dollars",6638093,6956039,6998722,7161064,7368543,7419463,7525017,7812276
 "48000","Texas",6,SAOVA,12,"...","  Transportation and warehousing","Thousands of dollars",2428733,2466988,2630322,2857032,2987429,3004452,3111639,3342259
 "48000","Texas",6,SAOVA,13,"...","  Information","Thousands of dollars",98035,108616,111255,119724,125655,131070,136555,142026
 "48000","Texas",6,SAOVA,14,"...","  Finance, insurance, real estate, rental, and leasing","Thousands of dollars",1056177,1034433,996344,1174729,1289014,1335452,1409478,1477354
 "48000","Texas",6,SAOVA,15,"...","   Finance and insurance","Thousands of dollars",226654,209439,254855,295744,313888,305941,326616,361843
 "48000","Texas",6,SAOVA,16,"...","   Real estate and rental and leasing","Thousands of dollars",829523,824994,741489,878985,975127,1029511,1082861,1115511
 "48000","Texas",6,SAOVA,17,"...","  Professional and business services","Thousands of dollars",365680,363722,396804,435830,466691,534254,566399,592790
 "48000","Texas",6,SAOVA,18,"...","  Educational services, health care, and social assistance","Thousands of dollars",194076,196264,213739,220347,250109,270573,302534,305979
 "48000","Texas",6,SAOVA,19,"...","   Educational services","Thousands of dollars",161511,165490,181671,186725,213259,232524,264456,265443
 "48000","Texas",6,SAOVA,20,"...","   Health care and social assistance","Thousands of dollars",32565,30773,32069,33622,36850,38049,38077,40536
 "48000","Texas",6,SAOVA,21,"...","  Arts, entertainment, recreation, accommodation, and food services","Thousands of dollars",4641853,4571185,4914088,5313770,5783927,6040030,6428425,6719902
 "48000","Texas",6,SAOVA,22,"...","   Arts, entertainment, and recreation","Thousands of dollars",2551888,2581470,2803156,2974826,3238871,3426995,3611982,3771730
 "48000","Texas",6,SAOVA,23,"...","   Accommodation and food services","Thousands of dollars",2089965,1989716,2110932,2338943,2545056,2613035,2816442,2948173
 "48000","Texas",6,SAOVA,24,"...","  Other services, except government","Thousands of dollars",348744,364381,385383,415531,431608,456010,480150,503669
 "48000","Texas",6,SAOVA,25,"..."," Government","Thousands of dollars",1022694,1074183,1156865,1209503,1271963,1327742,1403452,1471199
 "48000","Texas",6,SAOVA,26,"...","  Federal","Thousands of dollars",71944,80952,72754,67162,71116,75899,81739,86386
 "48000","Texas",6,SAOVA,27,"...","  State and local","Thousands of dollars",950750,993231,1084112,1142341,1200847,1251843,1321713,1384813
"Note: See the included footnote file."
"SAOVA: Outdoor Recreation Satellite Account Value Added 1/"
"Last updated: November 10, 2020-- new statistics for 2018-2019; revised statistics for 2012-2017."
"Source: U.S. Department of Commerce / Bureau of Economic Analysis / Regional Economic Accounts"
