GeoFIPS,GeoName,Region,TableName,LineCode,IndustryClassification,Description,Unit,2012,2013,2014,2015,2016,2017,2018,2019
 "34000","New Jersey",2,SAOVA,1,"...","All Industries","Thousands of dollars",9920406,9921835,10221362,10712216,11099463,11190243,11298559,11721500
 "34000","New Jersey",2,SAOVA,2,"..."," Private Industries","Thousands of dollars",9512570,9498220,9784687,10283480,10669207,10762544,10861477,11269651
 "34000","New Jersey",2,SAOVA,3,"...","  Agriculture, forestry, fishing, and hunting","Thousands of dollars",68115,79606,73432,79733,74504,87980,86882,85444
 "34000","New Jersey",2,SAOVA,4,"...","  Mining","Thousands of dollars",123,128,130,94,79,99,105,99
 "34000","New Jersey",2,SAOVA,5,"...","  Utilities","Thousands of dollars",26,27,24,27,30,30,20,24
 "34000","New Jersey",2,SAOVA,6,"...","  Construction","Thousands of dollars",105096,106473,114066,130779,140451,148499,148491,141629
 "34000","New Jersey",2,SAOVA,7,"...","  Manufacturing","Thousands of dollars",898096,875650,917130,941550,966284,993936,1033052,1041388
 "34000","New Jersey",2,SAOVA,8,"...","   Durable goods","Thousands of dollars",192653,185776,187729,202982,211303,222119,243159,238901
 "34000","New Jersey",2,SAOVA,9,"...","   Nondurable goods","Thousands of dollars",705442,689874,729401,738568,754981,771817,789893,802487
 "34000","New Jersey",2,SAOVA,10,"...","  Wholesale trade","Thousands of dollars",988383,979809,1013307,1067881,1035309,1032470,1007433,1011119
 "34000","New Jersey",2,SAOVA,11,"...","  Retail trade","Thousands of dollars",2773588,2836457,2870110,2893266,2934643,2894961,2801468,2865420
 "34000","New Jersey",2,SAOVA,12,"...","  Transportation and warehousing","Thousands of dollars",839987,915735,973257,1086505,1135483,1160237,1202189,1273841
 "34000","New Jersey",2,SAOVA,13,"...","  Information","Thousands of dollars",53088,56391,56072,59167,62054,62508,63429,63698
 "34000","New Jersey",2,SAOVA,14,"...","  Finance, insurance, real estate, rental, and leasing","Thousands of dollars",871576,859333,769305,831574,896076,861869,921030,944591
 "34000","New Jersey",2,SAOVA,15,"...","   Finance and insurance","Thousands of dollars",148776,133155,153234,166436,167487,157848,162951,172915
 "34000","New Jersey",2,SAOVA,16,"...","   Real estate and rental and leasing","Thousands of dollars",722799,726178,616072,665138,728589,704021,758079,771676
 "34000","New Jersey",2,SAOVA,17,"...","  Professional and business services","Thousands of dollars",239797,219270,222885,224336,223637,242305,247782,251247
 "34000","New Jersey",2,SAOVA,18,"...","  Educational services, health care, and social assistance","Thousands of dollars",105865,104460,110900,108466,116751,120869,127341,126621
 "34000","New Jersey",2,SAOVA,19,"...","   Educational services","Thousands of dollars",89348,89058,94848,91878,98891,102857,109697,107620
 "34000","New Jersey",2,SAOVA,20,"...","   Health care and social assistance","Thousands of dollars",16517,15402,16051,16588,17861,18012,17645,19001
 "34000","New Jersey",2,SAOVA,21,"...","  Arts, entertainment, recreation, accommodation, and food services","Thousands of dollars",2420170,2313270,2507004,2698513,2924603,2997118,3062601,3300129
 "34000","New Jersey",2,SAOVA,22,"...","   Arts, entertainment, and recreation","Thousands of dollars",1161846,1169393,1256069,1313494,1425915,1512582,1627457,1720428
 "34000","New Jersey",2,SAOVA,23,"...","   Accommodation and food services","Thousands of dollars",1258324,1143877,1250936,1385019,1498688,1484536,1435144,1579701
 "34000","New Jersey",2,SAOVA,24,"...","  Other services, except government","Thousands of dollars",148660,151612,157066,161589,159303,159663,159654,164402
 "34000","New Jersey",2,SAOVA,25,"..."," Government","Thousands of dollars",407836,423615,436674,428735,430256,427699,437081,451849
 "34000","New Jersey",2,SAOVA,26,"...","  Federal","Thousands of dollars",53598,58465,51412,45495,44206,43875,46715,49608
 "34000","New Jersey",2,SAOVA,27,"...","  State and local","Thousands of dollars",354238,365151,385263,383240,386050,383825,390367,402241
"Note: See the included footnote file."
"SAOVA: Outdoor Recreation Satellite Account Value Added 1/"
"Last updated: November 10, 2020-- new statistics for 2018-2019; revised statistics for 2012-2017."
"Source: U.S. Department of Commerce / Bureau of Economic Analysis / Regional Economic Accounts"
