GeoFIPS,GeoName,Region,TableName,LineCode,IndustryClassification,Description,Unit,2012,2013,2014,2015,2016,2017,2018,2019
 "44000","Rhode Island",1,SAOVA,1,"...","All Industries","Thousands of dollars",1174064,1224033,1225104,1314102,1338436,1359134,1436797,1448461
 "44000","Rhode Island",1,SAOVA,2,"..."," Private Industries","Thousands of dollars",1126226,1171020,1168406,1254428,1279495,1300995,1377580,1386401
 "44000","Rhode Island",1,SAOVA,3,"...","  Agriculture, forestry, fishing, and hunting","Thousands of dollars",7193,8049,7526,7597,7316,7731,7940,7702
 "44000","Rhode Island",1,SAOVA,4,"...","  Mining","Thousands of dollars",15,14,16,11,9,10,10,10
 "44000","Rhode Island",1,SAOVA,5,"...","  Utilities","Thousands of dollars",1,1,1,1,1,1,1,1
 "44000","Rhode Island",1,SAOVA,6,"...","  Construction","Thousands of dollars",8181,10198,11223,13331,14788,16635,17724,17477
 "44000","Rhode Island",1,SAOVA,7,"...","  Manufacturing","Thousands of dollars",90865,90198,91034,93425,93662,94740,97538,96240
 "44000","Rhode Island",1,SAOVA,8,"...","   Durable goods","Thousands of dollars",61789,59366,57200,55869,50969,48858,50846,46301
 "44000","Rhode Island",1,SAOVA,9,"...","   Nondurable goods","Thousands of dollars",29076,30831,33834,37556,42693,45882,46692,49939
 "44000","Rhode Island",1,SAOVA,10,"...","  Wholesale trade","Thousands of dollars",73310,70412,72876,76983,74195,73186,70882,72060
 "44000","Rhode Island",1,SAOVA,11,"...","  Retail trade","Thousands of dollars",250867,263267,260447,270861,276075,278303,285570,288708
 "44000","Rhode Island",1,SAOVA,12,"...","  Transportation and warehousing","Thousands of dollars",97027,102957,108325,118163,117826,114449,116011,118902
 "44000","Rhode Island",1,SAOVA,13,"...","  Information","Thousands of dollars",3826,3825,3842,3798,3903,3901,3863,3842
 "44000","Rhode Island",1,SAOVA,14,"...","  Finance, insurance, real estate, rental, and leasing","Thousands of dollars",68948,82436,64450,68162,75618,75813,81021,85001
 "44000","Rhode Island",1,SAOVA,15,"...","   Finance and insurance","Thousands of dollars",15739,13833,16739,18364,18827,17430,18152,19245
 "44000","Rhode Island",1,SAOVA,16,"...","   Real estate and rental and leasing","Thousands of dollars",53209,68602,47711,49797,56791,58383,62869,65756
 "44000","Rhode Island",1,SAOVA,17,"...","  Professional and business services","Thousands of dollars",38960,38767,41017,43618,43525,47651,49503,53419
 "44000","Rhode Island",1,SAOVA,18,"...","  Educational services, health care, and social assistance","Thousands of dollars",15710,15721,16265,15686,16540,16649,17640,17584
 "44000","Rhode Island",1,SAOVA,19,"...","   Educational services","Thousands of dollars",12884,13027,13569,12836,13572,13668,14554,14482
 "44000","Rhode Island",1,SAOVA,20,"...","   Health care and social assistance","Thousands of dollars",2826,2695,2697,2850,2968,2980,3086,3102
 "44000","Rhode Island",1,SAOVA,21,"...","  Arts, entertainment, recreation, accommodation, and food services","Thousands of dollars",453881,467871,473221,523510,535826,550865,608192,603319
 "44000","Rhode Island",1,SAOVA,22,"...","   Arts, entertainment, and recreation","Thousands of dollars",125808,130536,139517,145894,152916,155826,161739,165666
 "44000","Rhode Island",1,SAOVA,23,"...","   Accommodation and food services","Thousands of dollars",328073,337336,333704,377616,382910,395039,446453,437652
 "44000","Rhode Island",1,SAOVA,24,"...","  Other services, except government","Thousands of dollars",17443,17304,18163,19282,20211,21060,21684,22136
 "44000","Rhode Island",1,SAOVA,25,"..."," Government","Thousands of dollars",47838,53012,56698,59675,58941,58140,59217,62060
 "44000","Rhode Island",1,SAOVA,26,"...","  Federal","Thousands of dollars",2482,2954,2690,2453,2390,2459,2553,2641
 "44000","Rhode Island",1,SAOVA,27,"...","  State and local","Thousands of dollars",45355,50058,54008,57222,56551,55681,56664,59419
"Note: See the included footnote file."
"SAOVA: Outdoor Recreation Satellite Account Value Added 1/"
"Last updated: November 10, 2020-- new statistics for 2018-2019; revised statistics for 2012-2017."
"Source: U.S. Department of Commerce / Bureau of Economic Analysis / Regional Economic Accounts"
