GeoFIPS,GeoName,Region,TableName,LineCode,IndustryClassification,Description,Unit,2012,2013,2014,2015,2016,2017,2018,2019
 "50000","Vermont",1,SAOVA,1,"...","All Industries","Thousands of dollars",1335309,1386187,1329999,1502763,1518723,1616449,1664646,1758619
 "50000","Vermont",1,SAOVA,2,"..."," Private Industries","Thousands of dollars",1297945,1345822,1286005,1456196,1471598,1569067,1615489,1706481
 "50000","Vermont",1,SAOVA,3,"...","  Agriculture, forestry, fishing, and hunting","Thousands of dollars",5272,6868,6590,6322,5908,6392,6336,6144
 "50000","Vermont",1,SAOVA,4,"...","  Mining","Thousands of dollars",245,203,196,134,115,187,163,131
 "50000","Vermont",1,SAOVA,5,"...","  Utilities","Thousands of dollars",1,1,1,1,1,1,1,1
 "50000","Vermont",1,SAOVA,6,"...","  Construction","Thousands of dollars",5984,5966,6128,7007,7297,7797,8125,8193
 "50000","Vermont",1,SAOVA,7,"...","  Manufacturing","Thousands of dollars",109961,116505,104792,108658,122222,121902,127512,140392
 "50000","Vermont",1,SAOVA,8,"...","   Durable goods","Thousands of dollars",80188,86714,73702,75834,88435,87206,91009,102719
 "50000","Vermont",1,SAOVA,9,"...","   Nondurable goods","Thousands of dollars",29773,29790,31090,32824,33787,34696,36503,37673
 "50000","Vermont",1,SAOVA,10,"...","  Wholesale trade","Thousands of dollars",124483,120680,128336,130623,121075,121987,117211,117233
 "50000","Vermont",1,SAOVA,11,"...","  Retail trade","Thousands of dollars",243720,253210,243548,251963,242057,247634,248069,257140
 "50000","Vermont",1,SAOVA,12,"...","  Transportation and warehousing","Thousands of dollars",48796,48077,49383,51497,49145,48457,49355,52083
 "50000","Vermont",1,SAOVA,13,"...","  Information","Thousands of dollars",1770,1862,1836,1886,1922,1916,1908,1931
 "50000","Vermont",1,SAOVA,14,"...","  Finance, insurance, real estate, rental, and leasing","Thousands of dollars",209917,212174,185810,211195,234021,245869,250158,279735
 "50000","Vermont",1,SAOVA,15,"...","   Finance and insurance","Thousands of dollars",35719,32584,39064,42866,43941,43083,47751,52664
 "50000","Vermont",1,SAOVA,16,"...","   Real estate and rental and leasing","Thousands of dollars",174198,179590,146746,168329,190080,202786,202407,227072
 "50000","Vermont",1,SAOVA,17,"...","  Professional and business services","Thousands of dollars",14104,13891,14026,14433,14436,16005,16386,16548
 "50000","Vermont",1,SAOVA,18,"...","  Educational services, health care, and social assistance","Thousands of dollars",18546,19334,21206,22499,25528,28059,30502,29307
 "50000","Vermont",1,SAOVA,19,"...","   Educational services","Thousands of dollars",16957,17826,19743,20871,23854,26316,28781,27531
 "50000","Vermont",1,SAOVA,20,"...","   Health care and social assistance","Thousands of dollars",1589,1507,1463,1628,1674,1743,1721,1777
 "50000","Vermont",1,SAOVA,21,"...","  Arts, entertainment, recreation, accommodation, and food services","Thousands of dollars",504782,536590,513395,638654,636217,710662,747189,784632
 "50000","Vermont",1,SAOVA,22,"...","   Arts, entertainment, and recreation","Thousands of dollars",137458,138935,151524,160254,170206,177078,187809,197383
 "50000","Vermont",1,SAOVA,23,"...","   Accommodation and food services","Thousands of dollars",367323,397654,361871,478400,466011,533585,559380,587250
 "50000","Vermont",1,SAOVA,24,"...","  Other services, except government","Thousands of dollars",10364,10462,10756,11324,11655,12198,12574,13011
 "50000","Vermont",1,SAOVA,25,"..."," Government","Thousands of dollars",37364,40365,43994,46567,47125,47382,49157,52138
 "50000","Vermont",1,SAOVA,26,"...","  Federal","Thousands of dollars",1024,1017,977,911,969,1031,1111,1168
 "50000","Vermont",1,SAOVA,27,"...","  State and local","Thousands of dollars",36340,39348,43017,45656,46156,46351,48046,50970
"Note: See the included footnote file."
"SAOVA: Outdoor Recreation Satellite Account Value Added 1/"
"Last updated: November 10, 2020-- new statistics for 2018-2019; revised statistics for 2012-2017."
"Source: U.S. Department of Commerce / Bureau of Economic Analysis / Regional Economic Accounts"
