GeoFIPS,GeoName,Region,TableName,LineCode,IndustryClassification,Description,Unit,2012,2013,2014,2015,2016,2017,2018,2019
 "21000","Kentucky",5,SAOVA,1,"...","All Industries","Thousands of dollars",3624471,3691124,3769814,3952847,3970110,4136937,4323491,4513432
 "21000","Kentucky",5,SAOVA,2,"..."," Private Industries","Thousands of dollars",3431969,3477924,3540239,3708154,3718966,3878454,4050001,4220132
 "21000","Kentucky",5,SAOVA,3,"...","  Agriculture, forestry, fishing, and hunting","Thousands of dollars",109103,130336,129633,137856,135107,150710,160797,166711
 "21000","Kentucky",5,SAOVA,4,"...","  Mining","Thousands of dollars",24612,18687,13358,8139,6801,14677,17094,14015
 "21000","Kentucky",5,SAOVA,5,"...","  Utilities","Thousands of dollars",14,15,14,17,19,20,13,16
 "21000","Kentucky",5,SAOVA,6,"...","  Construction","Thousands of dollars",37320,35830,35200,39741,42114,47453,51990,55051
 "21000","Kentucky",5,SAOVA,7,"...","  Manufacturing","Thousands of dollars",630378,671226,676477,720881,687260,732778,801891,850265
 "21000","Kentucky",5,SAOVA,8,"...","   Durable goods","Thousands of dollars",221389,238478,237930,270735,279010,282714,294757,329779
 "21000","Kentucky",5,SAOVA,9,"...","   Nondurable goods","Thousands of dollars",408989,432748,438547,450146,408249,450064,507134,520486
 "21000","Kentucky",5,SAOVA,10,"...","  Wholesale trade","Thousands of dollars",428887,434035,464159,483720,450507,461256,456649,467939
 "21000","Kentucky",5,SAOVA,11,"...","  Retail trade","Thousands of dollars",904583,930774,927144,937878,972911,1000315,1012964,1040778
 "21000","Kentucky",5,SAOVA,12,"...","  Transportation and warehousing","Thousands of dollars",205913,206012,211636,215862,215400,217039,234858,252756
 "21000","Kentucky",5,SAOVA,13,"...","  Information","Thousands of dollars",9140,9715,9916,10267,10692,10828,10934,11115
 "21000","Kentucky",5,SAOVA,14,"...","  Finance, insurance, real estate, rental, and leasing","Thousands of dollars",159535,142610,140014,159352,169777,172026,173759,178031
 "21000","Kentucky",5,SAOVA,15,"...","   Finance and insurance","Thousands of dollars",37560,33780,41819,47610,49502,46083,48075,51434
 "21000","Kentucky",5,SAOVA,16,"...","   Real estate and rental and leasing","Thousands of dollars",121975,108829,98195,111742,120274,125943,125684,126597
 "21000","Kentucky",5,SAOVA,17,"...","  Professional and business services","Thousands of dollars",57919,56227,61262,64834,67750,73187,76346,78374
 "21000","Kentucky",5,SAOVA,18,"...","  Educational services, health care, and social assistance","Thousands of dollars",29669,28662,29969,29497,31650,33127,35907,36090
 "21000","Kentucky",5,SAOVA,19,"...","   Educational services","Thousands of dollars",23270,22744,23923,23279,25016,26284,29052,28876
 "21000","Kentucky",5,SAOVA,20,"...","   Health care and social assistance","Thousands of dollars",6400,5918,6047,6218,6633,6843,6855,7214
 "21000","Kentucky",5,SAOVA,21,"...","  Arts, entertainment, recreation, accommodation, and food services","Thousands of dollars",795247,774090,800535,857352,884682,919174,969473,1019580
 "21000","Kentucky",5,SAOVA,22,"...","   Arts, entertainment, and recreation","Thousands of dollars",288941,303149,319372,328036,348314,361504,383978,407595
 "21000","Kentucky",5,SAOVA,23,"...","   Accommodation and food services","Thousands of dollars",506306,470941,481162,529316,536368,557669,585496,611985
 "21000","Kentucky",5,SAOVA,24,"...","  Other services, except government","Thousands of dollars",39649,39706,40924,42757,44296,45863,47327,49411
 "21000","Kentucky",5,SAOVA,25,"..."," Government","Thousands of dollars",192502,213200,229576,244693,251144,258483,273489,293300
 "21000","Kentucky",5,SAOVA,26,"...","  Federal","Thousands of dollars",26539,30241,28413,26008,26414,26882,27988,28900
 "21000","Kentucky",5,SAOVA,27,"...","  State and local","Thousands of dollars",165963,182958,201162,218685,224730,231601,245501,264400
"Note: See the included footnote file."
"SAOVA: Outdoor Recreation Satellite Account Value Added 1/"
"Last updated: November 10, 2020-- new statistics for 2018-2019; revised statistics for 2012-2017."
"Source: U.S. Department of Commerce / Bureau of Economic Analysis / Regional Economic Accounts"
