GeoFIPS,GeoName,Region,TableName,LineCode,IndustryClassification,Description,Unit,2012,2013,2014,2015,2016,2017,2018,2019
 "39000","Ohio",3,SAOVA,1,"...","All Industries","Thousands of dollars",9655480,9729388,10009954,10266807,10260348,10524403,11096265,11399534
 "39000","Ohio",3,SAOVA,2,"..."," Private Industries","Thousands of dollars",9082477,9130521,9377292,9609463,9566170,9793442,10323436,10595037
 "39000","Ohio",3,SAOVA,3,"...","  Agriculture, forestry, fishing, and hunting","Thousands of dollars",211842,239727,231178,245068,228147,246953,250941,256095
 "39000","Ohio",3,SAOVA,4,"...","  Mining","Thousands of dollars",5581,4718,3865,2652,2304,3997,4259,3388
 "39000","Ohio",3,SAOVA,5,"...","  Utilities","Thousands of dollars",44,45,40,48,57,61,39,49
 "39000","Ohio",3,SAOVA,6,"...","  Construction","Thousands of dollars",156064,156047,171323,207268,242184,284455,315706,321606
 "39000","Ohio",3,SAOVA,7,"...","  Manufacturing","Thousands of dollars",1616786,1718022,1785813,1785878,1538028,1670542,1865568,1883241
 "39000","Ohio",3,SAOVA,8,"...","   Durable goods","Thousands of dollars",402964,423244,436674,460806,472147,562637,626772,662647
 "39000","Ohio",3,SAOVA,9,"...","   Nondurable goods","Thousands of dollars",1213822,1294778,1349140,1325072,1065881,1107905,1238796,1220594
 "39000","Ohio",3,SAOVA,10,"...","  Wholesale trade","Thousands of dollars",1063922,1025967,1056598,1095654,1052495,1073161,1052317,1077985
 "39000","Ohio",3,SAOVA,11,"...","  Retail trade","Thousands of dollars",2743182,2771810,2735574,2693600,2749338,2747271,2790746,2842858
 "39000","Ohio",3,SAOVA,12,"...","  Transportation and warehousing","Thousands of dollars",569913,569168,588480,613325,626582,630636,659356,700661
 "39000","Ohio",3,SAOVA,13,"...","  Information","Thousands of dollars",54535,55830,54924,57681,61413,64456,68075,67150
 "39000","Ohio",3,SAOVA,14,"...","  Finance, insurance, real estate, rental, and leasing","Thousands of dollars",315035,294374,305318,348079,366338,359108,393281,416275
 "39000","Ohio",3,SAOVA,15,"...","   Finance and insurance","Thousands of dollars",119415,107335,129677,146521,150414,139923,143596,154484
 "39000","Ohio",3,SAOVA,16,"...","   Real estate and rental and leasing","Thousands of dollars",195620,187039,175640,201558,215924,219186,249686,261791
 "39000","Ohio",3,SAOVA,17,"...","  Professional and business services","Thousands of dollars",112835,108806,115631,122497,126306,137748,140684,142937
 "39000","Ohio",3,SAOVA,18,"...","  Educational services, health care, and social assistance","Thousands of dollars",72876,73397,79134,79331,87201,90816,98141,99346
 "39000","Ohio",3,SAOVA,19,"...","   Educational services","Thousands of dollars",57130,58532,63734,63465,70228,73762,81000,81319
 "39000","Ohio",3,SAOVA,20,"...","   Health care and social assistance","Thousands of dollars",15746,14864,15400,15866,16973,17054,17141,18027
 "39000","Ohio",3,SAOVA,21,"...","  Arts, entertainment, recreation, accommodation, and food services","Thousands of dollars",2022924,1974006,2104434,2206854,2331032,2324172,2518062,2609250
 "39000","Ohio",3,SAOVA,22,"...","   Arts, entertainment, and recreation","Thousands of dollars",1214154,1226757,1313507,1338116,1407001,1449657,1514048,1573885
 "39000","Ohio",3,SAOVA,23,"...","   Accommodation and food services","Thousands of dollars",808770,747249,790927,868737,924031,874515,1004015,1035365
 "39000","Ohio",3,SAOVA,24,"...","  Other services, except government","Thousands of dollars",136939,138604,144982,151527,154745,160065,166261,174198
 "39000","Ohio",3,SAOVA,25,"..."," Government","Thousands of dollars",573003,598867,632661,657344,694177,730961,772828,804497
 "39000","Ohio",3,SAOVA,26,"...","  Federal","Thousands of dollars",31717,36053,33450,30871,31597,32205,33820,34867
 "39000","Ohio",3,SAOVA,27,"...","  State and local","Thousands of dollars",541286,562814,599211,626473,662581,698756,739009,769630
"Note: See the included footnote file."
"SAOVA: Outdoor Recreation Satellite Account Value Added 1/"
"Last updated: November 10, 2020-- new statistics for 2018-2019; revised statistics for 2012-2017."
"Source: U.S. Department of Commerce / Bureau of Economic Analysis / Regional Economic Accounts"
