GeoFIPS,GeoName,Region,TableName,LineCode,IndustryClassification,Description,Unit,2012,2013,2014,2015,2016,2017,2018,2019
 "29000","Missouri",4,SAOVA,1,"...","All Industries","Thousands of dollars",5974366,6138987,6235237,6481576,6631062,6918143,7092627,7351615
 "29000","Missouri",4,SAOVA,2,"..."," Private Industries","Thousands of dollars",5595544,5738809,5819257,6057805,6207421,6499386,6671087,6919320
 "29000","Missouri",4,SAOVA,3,"...","  Agriculture, forestry, fishing, and hunting","Thousands of dollars",102095,116188,122099,134970,131103,147489,148818,153059
 "29000","Missouri",4,SAOVA,4,"...","  Mining","Thousands of dollars",1319,1100,832,537,493,1226,1699,1492
 "29000","Missouri",4,SAOVA,5,"...","  Utilities","Thousands of dollars",26,27,23,28,34,38,24,29
 "29000","Missouri",4,SAOVA,6,"...","  Construction","Thousands of dollars",67954,69236,74105,89354,101660,115947,125734,127318
 "29000","Missouri",4,SAOVA,7,"...","  Manufacturing","Thousands of dollars",976516,1043036,1066596,1094039,1170992,1226100,1291187,1362167
 "29000","Missouri",4,SAOVA,8,"...","   Durable goods","Thousands of dollars",589612,631340,650969,655224,686454,758478,816919,875562
 "29000","Missouri",4,SAOVA,9,"...","   Nondurable goods","Thousands of dollars",386904,411696,415628,438815,484538,467622,474268,486605
 "29000","Missouri",4,SAOVA,10,"...","  Wholesale trade","Thousands of dollars",453923,437662,459279,487477,484737,502157,499120,509188
 "29000","Missouri",4,SAOVA,11,"...","  Retail trade","Thousands of dollars",1555089,1611001,1582107,1580282,1603630,1646089,1650683,1697232
 "29000","Missouri",4,SAOVA,12,"...","  Transportation and warehousing","Thousands of dollars",524244,520516,536196,552981,563350,576035,609426,633561
 "29000","Missouri",4,SAOVA,13,"...","  Information","Thousands of dollars",36914,37862,37916,38003,39263,39796,40756,41189
 "29000","Missouri",4,SAOVA,14,"...","  Finance, insurance, real estate, rental, and leasing","Thousands of dollars",306700,298548,276844,324663,333952,347708,340280,356363
 "29000","Missouri",4,SAOVA,15,"...","   Finance and insurance","Thousands of dollars",61549,54786,65070,70843,72223,68080,71808,78398
 "29000","Missouri",4,SAOVA,16,"...","   Real estate and rental and leasing","Thousands of dollars",245152,243762,211774,253820,261729,279628,268473,277965
 "29000","Missouri",4,SAOVA,17,"...","  Professional and business services","Thousands of dollars",113089,110309,117701,128542,137655,156229,158631,158406
 "29000","Missouri",4,SAOVA,18,"...","  Educational services, health care, and social assistance","Thousands of dollars",44593,45346,48501,48611,53025,55165,59046,59232
 "29000","Missouri",4,SAOVA,19,"...","   Educational services","Thousands of dollars",35988,37158,40227,40118,44129,45862,49681,49228
 "29000","Missouri",4,SAOVA,20,"...","   Health care and social assistance","Thousands of dollars",8605,8188,8274,8493,8896,9303,9366,10005
 "29000","Missouri",4,SAOVA,21,"...","  Arts, entertainment, recreation, accommodation, and food services","Thousands of dollars",1344647,1379218,1425538,1502890,1510320,1605278,1664103,1736074
 "29000","Missouri",4,SAOVA,22,"...","   Arts, entertainment, and recreation","Thousands of dollars",737468,766413,820527,834440,864774,875717,885959,901113
 "29000","Missouri",4,SAOVA,23,"...","   Accommodation and food services","Thousands of dollars",607179,612805,605011,668450,645546,729562,778144,834961
 "29000","Missouri",4,SAOVA,24,"...","  Other services, except government","Thousands of dollars",68434,68759,71519,75427,77205,80129,81579,84009
 "29000","Missouri",4,SAOVA,25,"..."," Government","Thousands of dollars",378822,400178,415980,423771,423641,418758,421540,432295
 "29000","Missouri",4,SAOVA,26,"...","  Federal","Thousands of dollars",43093,48663,44777,40012,38171,35927,36177,38358
 "29000","Missouri",4,SAOVA,27,"...","  State and local","Thousands of dollars",335729,351515,371202,383759,385470,382831,385363,393937
"Note: See the included footnote file."
"SAOVA: Outdoor Recreation Satellite Account Value Added 1/"
"Last updated: November 10, 2020-- new statistics for 2018-2019; revised statistics for 2012-2017."
"Source: U.S. Department of Commerce / Bureau of Economic Analysis / Regional Economic Accounts"
