GeoFIPS,GeoName,Region,TableName,LineCode,IndustryClassification,Description,Unit,2012,2013,2014,2015,2016,2017,2018,2019
 "37000","North Carolina",5,SAOVA,1,"...","All Industries","Thousands of dollars",9638932,9788142,10019209,10709026,10782165,11263103,11447905,12077972
 "37000","North Carolina",5,SAOVA,2,"..."," Private Industries","Thousands of dollars",9007826,9103965,9316477,10002908,10067413,10531924,10675335,11260209
 "37000","North Carolina",5,SAOVA,3,"...","  Agriculture, forestry, fishing, and hunting","Thousands of dollars",133969,158102,151739,158871,148333,169248,170742,178826
 "37000","North Carolina",5,SAOVA,4,"...","  Mining","Thousands of dollars",258,260,265,186,151,199,214,201
 "37000","North Carolina",5,SAOVA,5,"...","  Utilities","Thousands of dollars",25,24,21,25,30,33,22,28
 "37000","North Carolina",5,SAOVA,6,"...","  Construction","Thousands of dollars",114726,112008,117023,133786,148000,166860,180292,184622
 "37000","North Carolina",5,SAOVA,7,"...","  Manufacturing","Thousands of dollars",1514406,1494518,1543497,1732488,1618973,1618394,1609456,1635214
 "37000","North Carolina",5,SAOVA,8,"...","   Durable goods","Thousands of dollars",411644,420281,448940,563978,445315,471073,510376,535397
 "37000","North Carolina",5,SAOVA,9,"...","   Nondurable goods","Thousands of dollars",1102762,1074237,1094557,1168510,1173658,1147321,1099080,1099818
 "37000","North Carolina",5,SAOVA,10,"...","  Wholesale trade","Thousands of dollars",895156,867304,895000,946713,914951,913763,898477,927650
 "37000","North Carolina",5,SAOVA,11,"...","  Retail trade","Thousands of dollars",2204473,2311223,2325477,2397687,2458218,2554999,2574927,2747751
 "37000","North Carolina",5,SAOVA,12,"...","  Transportation and warehousing","Thousands of dollars",779618,785919,833678,911500,962569,1005916,1063813,1152390
 "37000","North Carolina",5,SAOVA,13,"...","  Information","Thousands of dollars",28249,30215,31428,34939,38880,42741,46043,46998
 "37000","North Carolina",5,SAOVA,14,"...","  Finance, insurance, real estate, rental, and leasing","Thousands of dollars",621878,618488,529898,595839,626640,642936,677228,729243
 "37000","North Carolina",5,SAOVA,15,"...","   Finance and insurance","Thousands of dollars",70512,63227,76696,87272,93262,90205,97413,106371
 "37000","North Carolina",5,SAOVA,16,"...","   Real estate and rental and leasing","Thousands of dollars",551366,555260,453202,508567,533378,552731,579815,622872
 "37000","North Carolina",5,SAOVA,17,"...","  Professional and business services","Thousands of dollars",93340,91564,97808,105069,109951,122845,128405,134382
 "37000","North Carolina",5,SAOVA,18,"...","  Educational services, health care, and social assistance","Thousands of dollars",86537,84466,90083,87071,95116,100784,110873,115247
 "37000","North Carolina",5,SAOVA,19,"...","   Educational services","Thousands of dollars",72922,71765,76930,73382,80732,85623,95934,99142
 "37000","North Carolina",5,SAOVA,20,"...","   Health care and social assistance","Thousands of dollars",13615,12701,13153,13689,14384,15161,14939,16105
 "37000","North Carolina",5,SAOVA,21,"...","  Arts, entertainment, recreation, accommodation, and food services","Thousands of dollars",2415643,2426501,2570780,2758505,2798879,3037905,3054965,3240429
 "37000","North Carolina",5,SAOVA,22,"...","   Arts, entertainment, and recreation","Thousands of dollars",1122984,1153653,1213375,1220288,1292410,1320708,1367489,1409330
 "37000","North Carolina",5,SAOVA,23,"...","   Accommodation and food services","Thousands of dollars",1292659,1272847,1357404,1538217,1506469,1717196,1687477,1831099
 "37000","North Carolina",5,SAOVA,24,"...","  Other services, except government","Thousands of dollars",119547,123373,129782,140225,146720,155301,159878,167228
 "37000","North Carolina",5,SAOVA,25,"..."," Government","Thousands of dollars",631107,684177,702731,706119,714752,731178,772570,817763
 "37000","North Carolina",5,SAOVA,26,"...","  Federal","Thousands of dollars",181785,207924,192887,177920,182628,188379,201638,213013
 "37000","North Carolina",5,SAOVA,27,"...","  State and local","Thousands of dollars",449322,476253,509844,528198,532124,542799,570932,604751
"Note: See the included footnote file."
"SAOVA: Outdoor Recreation Satellite Account Value Added 1/"
"Last updated: November 10, 2020-- new statistics for 2018-2019; revised statistics for 2012-2017."
"Source: U.S. Department of Commerce / Bureau of Economic Analysis / Regional Economic Accounts"
