GeoFIPS,GeoName,Region,TableName,LineCode,IndustryClassification,Description,Unit,2012,2013,2014,2015,2016,2017,2018,2019
 "54000","West Virginia",5,SAOVA,1,"...","All Industries","Thousands of dollars",1452429,1446769,1401895,1472719,1426374,1446180,1479748,1494112
 "54000","West Virginia",5,SAOVA,2,"..."," Private Industries","Thousands of dollars",1318628,1305642,1255731,1326935,1284076,1306214,1336365,1343499
 "54000","West Virginia",5,SAOVA,3,"...","  Agriculture, forestry, fishing, and hunting","Thousands of dollars",13706,15563,15752,17065,16765,19940,19429,19179
 "54000","West Virginia",5,SAOVA,4,"...","  Mining","Thousands of dollars",54296,41997,30837,19477,16611,37004,47286,42263
 "54000","West Virginia",5,SAOVA,5,"...","  Utilities","Thousands of dollars",4,5,4,5,6,7,5,6
 "54000","West Virginia",5,SAOVA,6,"...","  Construction","Thousands of dollars",13766,14333,14972,17979,19298,21091,22375,23283
 "54000","West Virginia",5,SAOVA,7,"...","  Manufacturing","Thousands of dollars",88633,91854,96343,99667,92791,101572,106906,101740
 "54000","West Virginia",5,SAOVA,8,"...","   Durable goods","Thousands of dollars",11222,10569,11072,11923,12904,13491,15221,16649
 "54000","West Virginia",5,SAOVA,9,"...","   Nondurable goods","Thousands of dollars",77411,81285,85271,87744,79887,88080,91685,85091
 "54000","West Virginia",5,SAOVA,10,"...","  Wholesale trade","Thousands of dollars",149175,145125,152819,157187,145310,150730,141669,144468
 "54000","West Virginia",5,SAOVA,11,"...","  Retail trade","Thousands of dollars",400172,415958,397922,407104,398799,394824,400588,404357
 "54000","West Virginia",5,SAOVA,12,"...","  Transportation and warehousing","Thousands of dollars",47000,45909,46174,45949,43613,42845,46546,48712
 "54000","West Virginia",5,SAOVA,13,"...","  Information","Thousands of dollars",3755,3848,3843,4063,4339,4243,4026,3809
 "54000","West Virginia",5,SAOVA,14,"...","  Finance, insurance, real estate, rental, and leasing","Thousands of dollars",109860,105133,90078,99817,108504,108808,96963,107703
 "54000","West Virginia",5,SAOVA,15,"...","   Finance and insurance","Thousands of dollars",15751,13864,16598,18283,19155,17856,18870,19773
 "54000","West Virginia",5,SAOVA,16,"...","   Real estate and rental and leasing","Thousands of dollars",94110,91269,73480,81533,89349,90952,78093,87930
 "54000","West Virginia",5,SAOVA,17,"...","  Professional and business services","Thousands of dollars",17667,17156,18430,19400,20234,22372,23370,23952
 "54000","West Virginia",5,SAOVA,18,"...","  Educational services, health care, and social assistance","Thousands of dollars",10203,9751,9954,10322,10889,11079,11811,11775
 "54000","West Virginia",5,SAOVA,19,"...","   Educational services","Thousands of dollars",7243,6960,7165,7310,7744,7913,8600,8453
 "54000","West Virginia",5,SAOVA,20,"...","   Health care and social assistance","Thousands of dollars",2960,2791,2789,3012,3145,3166,3211,3322
 "54000","West Virginia",5,SAOVA,21,"...","  Arts, entertainment, recreation, accommodation, and food services","Thousands of dollars",395711,384682,364268,414518,392686,377374,400726,397342
 "54000","West Virginia",5,SAOVA,22,"...","   Arts, entertainment, and recreation","Thousands of dollars",122089,118428,122590,121341,121175,117315,117178,117202
 "54000","West Virginia",5,SAOVA,23,"...","   Accommodation and food services","Thousands of dollars",273621,266254,241679,293177,271511,260059,283548,280140
 "54000","West Virginia",5,SAOVA,24,"...","  Other services, except government","Thousands of dollars",14678,14329,14334,14382,14233,14328,14665,14909
 "54000","West Virginia",5,SAOVA,25,"..."," Government","Thousands of dollars",133801,141127,146164,145784,142298,139966,143382,150612
 "54000","West Virginia",5,SAOVA,26,"...","  Federal","Thousands of dollars",19809,21045,20151,18469,19109,19381,20174,20906
 "54000","West Virginia",5,SAOVA,27,"...","  State and local","Thousands of dollars",113991,120082,126014,127314,123189,120585,123208,129706
"Note: See the included footnote file."
"SAOVA: Outdoor Recreation Satellite Account Value Added 1/"
"Last updated: November 10, 2020-- new statistics for 2018-2019; revised statistics for 2012-2017."
"Source: U.S. Department of Commerce / Bureau of Economic Analysis / Regional Economic Accounts"
