GeoFIPS,GeoName,Region,TableName,LineCode,IndustryClassification,Description,Unit,2012,2013,2014,2015,2016,2017,2018,2019
 "56000","Wyoming",7,SAOVA,1,"...","All Industries","Thousands of dollars",1405524,1448841,1499359,1554212,1508533,1622012,1685392,1686585
 "56000","Wyoming",7,SAOVA,2,"..."," Private Industries","Thousands of dollars",1271036,1304643,1352561,1407728,1357723,1468771,1524985,1518557
 "56000","Wyoming",7,SAOVA,3,"...","  Agriculture, forestry, fishing, and hunting","Thousands of dollars",63590,77169,77878,81013,68194,75941,70374,66333
 "56000","Wyoming",7,SAOVA,4,"...","  Mining","Thousands of dollars",20419,17247,14110,9768,8664,16516,19252,16132
 "56000","Wyoming",7,SAOVA,5,"...","  Utilities","Thousands of dollars",4,4,3,4,5,5,3,4
 "56000","Wyoming",7,SAOVA,6,"...","  Construction","Thousands of dollars",24271,22391,23653,24639,23545,22583,22425,22180
 "56000","Wyoming",7,SAOVA,7,"...","  Manufacturing","Thousands of dollars",173836,151868,140214,121076,82583,109607,132376,125648
 "56000","Wyoming",7,SAOVA,8,"...","   Durable goods","Thousands of dollars",2309,2536,2345,2589,3111,3289,3564,4722
 "56000","Wyoming",7,SAOVA,9,"...","   Nondurable goods","Thousands of dollars",171527,149332,137869,118487,79473,106318,128812,120926
 "56000","Wyoming",7,SAOVA,10,"...","  Wholesale trade","Thousands of dollars",56784,57782,72679,76052,71534,73529,71618,74015
 "56000","Wyoming",7,SAOVA,11,"...","  Retail trade","Thousands of dollars",242040,256235,257533,255968,249951,254233,250533,251320
 "56000","Wyoming",7,SAOVA,12,"...","  Transportation and warehousing","Thousands of dollars",46260,47021,51277,52747,56733,58526,59145,67233
 "56000","Wyoming",7,SAOVA,13,"...","  Information","Thousands of dollars",1314,1391,1388,1466,1587,1690,1760,1771
 "56000","Wyoming",7,SAOVA,14,"...","  Finance, insurance, real estate, rental, and leasing","Thousands of dollars",84949,74394,67496,74676,84904,76096,77929,80808
 "56000","Wyoming",7,SAOVA,15,"...","   Finance and insurance","Thousands of dollars",24447,21675,25471,27462,27738,25873,28053,30153
 "56000","Wyoming",7,SAOVA,16,"...","   Real estate and rental and leasing","Thousands of dollars",60502,52719,42025,47214,57165,50223,49876,50655
 "56000","Wyoming",7,SAOVA,17,"...","  Professional and business services","Thousands of dollars",15902,15370,16781,17758,18711,20513,21451,21780
 "56000","Wyoming",7,SAOVA,18,"...","  Educational services, health care, and social assistance","Thousands of dollars",11354,11280,12233,12760,13962,15004,16501,16432
 "56000","Wyoming",7,SAOVA,19,"...","   Educational services","Thousands of dollars",10012,10009,10902,11370,12520,13486,15008,14945
 "56000","Wyoming",7,SAOVA,20,"...","   Health care and social assistance","Thousands of dollars",1342,1271,1331,1390,1442,1518,1493,1486
 "56000","Wyoming",7,SAOVA,21,"...","  Arts, entertainment, recreation, accommodation, and food services","Thousands of dollars",522439,564798,609398,671691,669120,735984,772880,765911
 "56000","Wyoming",7,SAOVA,22,"...","   Arts, entertainment, and recreation","Thousands of dollars",134421,133212,142196,147705,153432,153923,160415,164110
 "56000","Wyoming",7,SAOVA,23,"...","   Accommodation and food services","Thousands of dollars",388018,431586,467202,523986,515688,582061,612465,601801
 "56000","Wyoming",7,SAOVA,24,"...","  Other services, except government","Thousands of dollars",7874,7692,7919,8110,8231,8544,8738,8990
 "56000","Wyoming",7,SAOVA,25,"..."," Government","Thousands of dollars",134488,144198,146798,146484,150810,153240,160407,168028
 "56000","Wyoming",7,SAOVA,26,"...","  Federal","Thousands of dollars",61911,68495,64770,61544,65868,69358,75147,79717
 "56000","Wyoming",7,SAOVA,27,"...","  State and local","Thousands of dollars",72577,75703,82029,84939,84943,83882,85260,88311
"Note: See the included footnote file."
"SAOVA: Outdoor Recreation Satellite Account Value Added 1/"
"Last updated: November 10, 2020-- new statistics for 2018-2019; revised statistics for 2012-2017."
"Source: U.S. Department of Commerce / Bureau of Economic Analysis / Regional Economic Accounts"
