GeoFIPS,GeoName,Region,TableName,LineCode,IndustryClassification,Description,Unit,2012,2013,2014,2015,2016,2017,2018,2019
 "51000","Virginia",5,SAOVA,1,"...","All Industries","Thousands of dollars",7631536,7751556,7959180,8429540,8531737,8818104,9030186,9308418
 "51000","Virginia",5,SAOVA,2,"..."," Private Industries","Thousands of dollars",6998898,7045509,7219979,7662586,7762386,8047285,8233927,8479787
 "51000","Virginia",5,SAOVA,3,"...","  Agriculture, forestry, fishing, and hunting","Thousands of dollars",186492,220726,219127,233626,209524,254551,253084,250176
 "51000","Virginia",5,SAOVA,4,"...","  Mining","Thousands of dollars",9252,6915,4755,2846,2426,5693,7022,5985
 "51000","Virginia",5,SAOVA,5,"...","  Utilities","Thousands of dollars",14,15,13,15,17,19,13,15
 "51000","Virginia",5,SAOVA,6,"...","  Construction","Thousands of dollars",109705,104617,114600,134960,148200,162797,174236,176842
 "51000","Virginia",5,SAOVA,7,"...","  Manufacturing","Thousands of dollars",550820,558255,555151,587890,560608,538255,549575,562733
 "51000","Virginia",5,SAOVA,8,"...","   Durable goods","Thousands of dollars",93034,93731,94778,97522,95675,105236,116590,118592
 "51000","Virginia",5,SAOVA,9,"...","   Nondurable goods","Thousands of dollars",457787,464524,460373,490369,464933,433019,432985,444141
 "51000","Virginia",5,SAOVA,10,"...","  Wholesale trade","Thousands of dollars",600898,600427,572141,611028,613924,630191,616162,624196
 "51000","Virginia",5,SAOVA,11,"...","  Retail trade","Thousands of dollars",1860395,1913270,1921159,1922709,1928799,1965996,1971189,2016195
 "51000","Virginia",5,SAOVA,12,"...","  Transportation and warehousing","Thousands of dollars",758479,798991,858914,952685,998777,1007580,1024873,1085631
 "51000","Virginia",5,SAOVA,13,"...","  Information","Thousands of dollars",35269,38961,40291,44527,48633,50997,52775,54791
 "51000","Virginia",5,SAOVA,14,"...","  Finance, insurance, real estate, rental, and leasing","Thousands of dollars",430496,417430,362040,427951,449036,430682,436272,467920
 "51000","Virginia",5,SAOVA,15,"...","   Finance and insurance","Thousands of dollars",79610,70171,83118,89229,90453,83716,90637,103717
 "51000","Virginia",5,SAOVA,16,"...","   Real estate and rental and leasing","Thousands of dollars",350886,347258,278922,338722,358583,346966,345635,364203
 "51000","Virginia",5,SAOVA,17,"...","  Professional and business services","Thousands of dollars",125079,117676,124261,132863,141283,160259,167880,173300
 "51000","Virginia",5,SAOVA,18,"...","  Educational services, health care, and social assistance","Thousands of dollars",77389,75595,80696,79209,85444,90085,96141,95748
 "51000","Virginia",5,SAOVA,19,"...","   Educational services","Thousands of dollars",64811,63986,68574,66727,72325,76517,82495,81322
 "51000","Virginia",5,SAOVA,20,"...","   Health care and social assistance","Thousands of dollars",12577,11609,12122,12482,13119,13568,13645,14426
 "51000","Virginia",5,SAOVA,21,"...","  Arts, entertainment, recreation, accommodation, and food services","Thousands of dollars",2124050,2061732,2232333,2392607,2432925,2597896,2725502,2799189
 "51000","Virginia",5,SAOVA,22,"...","   Arts, entertainment, and recreation","Thousands of dollars",787311,791307,838599,876872,950750,1014304,1063472,1091503
 "51000","Virginia",5,SAOVA,23,"...","   Accommodation and food services","Thousands of dollars",1336739,1270424,1393735,1515735,1482175,1583592,1662030,1707686
 "51000","Virginia",5,SAOVA,24,"...","  Other services, except government","Thousands of dollars",130559,130900,134497,139670,142791,152284,159203,167065
 "51000","Virginia",5,SAOVA,25,"..."," Government","Thousands of dollars",632639,706047,739201,766954,769351,770820,796259,828630
 "51000","Virginia",5,SAOVA,26,"...","  Federal","Thousands of dollars",136702,161523,149983,138783,141796,145434,153626,157292
 "51000","Virginia",5,SAOVA,27,"...","  State and local","Thousands of dollars",495937,544523,589218,628171,627555,625385,642633,671338
"Note: See the included footnote file."
"SAOVA: Outdoor Recreation Satellite Account Value Added 1/"
"Last updated: November 10, 2020-- new statistics for 2018-2019; revised statistics for 2012-2017."
"Source: U.S. Department of Commerce / Bureau of Economic Analysis / Regional Economic Accounts"
