GeoFIPS,GeoName,Region,TableName,LineCode,IndustryClassification,Description,Unit,2012,2013,2014,2015,2016,2017,2018,2019
 "05000","Arkansas",5,SAOVA,1,"...","All Industries","Thousands of dollars",2392047,2470129,2504300,2592735,2666772,2679836,2782543,2884431
 "05000","Arkansas",5,SAOVA,2,"..."," Private Industries","Thousands of dollars",2241811,2308463,2334755,2418579,2488662,2499422,2595001,2689222
 "05000","Arkansas",5,SAOVA,3,"...","  Agriculture, forestry, fishing, and hunting","Thousands of dollars",69697,76773,74865,76811,72950,80801,81704,81958
 "05000","Arkansas",5,SAOVA,4,"...","  Mining","Thousands of dollars",1547,1515,1548,1039,847,985,1008,847
 "05000","Arkansas",5,SAOVA,5,"...","  Utilities","Thousands of dollars",4,4,4,4,5,5,4,4
 "05000","Arkansas",5,SAOVA,6,"...","  Construction","Thousands of dollars",27389,27260,30514,38317,43624,47271,48130,46321
 "05000","Arkansas",5,SAOVA,7,"...","  Manufacturing","Thousands of dollars",409105,446735,459707,472151,466521,460754,483668,496478
 "05000","Arkansas",5,SAOVA,8,"...","   Durable goods","Thousands of dollars",189018,212227,224207,238765,239184,251125,262025,273905
 "05000","Arkansas",5,SAOVA,9,"...","   Nondurable goods","Thousands of dollars",220087,234509,235500,233386,227337,209630,221643,222573
 "05000","Arkansas",5,SAOVA,10,"...","  Wholesale trade","Thousands of dollars",255397,243878,250143,258735,249660,253262,250798,257385
 "05000","Arkansas",5,SAOVA,11,"...","  Retail trade","Thousands of dollars",622517,646785,642702,645072,669584,666359,677321,700630
 "05000","Arkansas",5,SAOVA,12,"...","  Transportation and warehousing","Thousands of dollars",177276,174105,176638,180186,174069,170693,176925,184416
 "05000","Arkansas",5,SAOVA,13,"...","  Information","Thousands of dollars",13408,13720,13669,13716,13691,13818,14092,14334
 "05000","Arkansas",5,SAOVA,14,"...","  Finance, insurance, real estate, rental, and leasing","Thousands of dollars",125138,124899,104680,115227,136736,137302,137030,142323
 "05000","Arkansas",5,SAOVA,15,"...","   Finance and insurance","Thousands of dollars",19009,17081,20832,23743,25262,24328,25783,28726
 "05000","Arkansas",5,SAOVA,16,"...","   Real estate and rental and leasing","Thousands of dollars",106128,107817,83847,91484,111474,112974,111247,113597
 "05000","Arkansas",5,SAOVA,17,"...","  Professional and business services","Thousands of dollars",24199,24334,27546,30541,33328,37441,39634,40437
 "05000","Arkansas",5,SAOVA,18,"...","  Educational services, health care, and social assistance","Thousands of dollars",20729,20406,21819,22040,23997,24856,26918,26743
 "05000","Arkansas",5,SAOVA,19,"...","   Educational services","Thousands of dollars",16976,16846,18139,18245,19863,20636,22630,22175
 "05000","Arkansas",5,SAOVA,20,"...","   Health care and social assistance","Thousands of dollars",3753,3560,3680,3795,4134,4220,4288,4569
 "05000","Arkansas",5,SAOVA,21,"...","  Arts, entertainment, recreation, accommodation, and food services","Thousands of dollars",462246,474921,497108,530578,569213,570731,621731,660848
 "05000","Arkansas",5,SAOVA,22,"...","   Arts, entertainment, and recreation","Thousands of dollars",167344,173807,184711,192527,207824,215733,228608,239582
 "05000","Arkansas",5,SAOVA,23,"...","   Accommodation and food services","Thousands of dollars",294902,301114,312397,338050,361389,354998,393123,421266
 "05000","Arkansas",5,SAOVA,24,"...","  Other services, except government","Thousands of dollars",33158,33127,33813,34161,34437,35145,36039,36498
 "05000","Arkansas",5,SAOVA,25,"..."," Government","Thousands of dollars",150236,161666,169544,174156,178111,180414,187543,195209
 "05000","Arkansas",5,SAOVA,26,"...","  Federal","Thousands of dollars",32432,35034,32378,30272,32436,34302,36866,38025
 "05000","Arkansas",5,SAOVA,27,"...","  State and local","Thousands of dollars",117805,126632,137166,143884,145675,146112,150676,157184
"Note: See the included footnote file."
"SAOVA: Outdoor Recreation Satellite Account Value Added 1/"
"Last updated: November 10, 2020-- new statistics for 2018-2019; revised statistics for 2012-2017."
"Source: U.S. Department of Commerce / Bureau of Economic Analysis / Regional Economic Accounts"
