GeoFIPS,GeoName,Region,TableName,LineCode,IndustryClassification,Description,Unit,2012,2013,2014,2015,2016,2017,2018,2019
 "49000","Utah",7,SAOVA,1,"...","All Industries","Thousands of dollars",4412590,4558266,4702978,4933660,5202645,5653423,6019173,6362413
 "49000","Utah",7,SAOVA,2,"..."," Private Industries","Thousands of dollars",3977721,4118863,4250854,4495563,4752562,5190529,5529101,5841369
 "49000","Utah",7,SAOVA,3,"...","  Agriculture, forestry, fishing, and hunting","Thousands of dollars",45212,55693,56705,56500,50715,56393,54614,53148
 "49000","Utah",7,SAOVA,4,"...","  Mining","Thousands of dollars",4565,3921,3353,2232,1924,3639,4128,3330
 "49000","Utah",7,SAOVA,5,"...","  Utilities","Thousands of dollars",6,6,6,6,7,8,5,6
 "49000","Utah",7,SAOVA,6,"...","  Construction","Thousands of dollars",69493,66146,67701,76824,84672,96555,104528,105989
 "49000","Utah",7,SAOVA,7,"...","  Manufacturing","Thousands of dollars",433931,437550,434850,440439,443342,501959,553218,536998
 "49000","Utah",7,SAOVA,8,"...","   Durable goods","Thousands of dollars",235416,223999,217623,226321,260761,289933,305165,286157
 "49000","Utah",7,SAOVA,9,"...","   Nondurable goods","Thousands of dollars",198515,213551,217227,214118,182581,212026,248053,250841
 "49000","Utah",7,SAOVA,10,"...","  Wholesale trade","Thousands of dollars",341307,338388,345062,357711,363433,388964,387239,401317
 "49000","Utah",7,SAOVA,11,"...","  Retail trade","Thousands of dollars",1078662,1138340,1144068,1177812,1230846,1318575,1392578,1502256
 "49000","Utah",7,SAOVA,12,"...","  Transportation and warehousing","Thousands of dollars",372482,405151,446689,508358,561837,592071,626172,689175
 "49000","Utah",7,SAOVA,13,"...","  Information","Thousands of dollars",8134,8304,8591,9615,10563,11453,11933,12524
 "49000","Utah",7,SAOVA,14,"...","  Finance, insurance, real estate, rental, and leasing","Thousands of dollars",310331,310123,320174,357157,402444,422078,461015,490048
 "49000","Utah",7,SAOVA,15,"...","   Finance and insurance","Thousands of dollars",158189,152375,177353,205215,224322,234115,244246,259509
 "49000","Utah",7,SAOVA,16,"...","   Real estate and rental and leasing","Thousands of dollars",152142,157748,142822,151941,178122,187963,216769,230540
 "49000","Utah",7,SAOVA,17,"...","  Professional and business services","Thousands of dollars",91854,82006,79850,74543,70265,71876,70002,67975
 "49000","Utah",7,SAOVA,18,"...","  Educational services, health care, and social assistance","Thousands of dollars",40181,41653,45939,48696,56086,63381,72363,74721
 "49000","Utah",7,SAOVA,19,"...","   Educational services","Thousands of dollars",36144,37792,41958,44565,51594,58541,67416,69493
 "49000","Utah",7,SAOVA,20,"...","   Health care and social assistance","Thousands of dollars",4037,3860,3981,4131,4492,4840,4947,5228
 "49000","Utah",7,SAOVA,21,"...","  Arts, entertainment, recreation, accommodation, and food services","Thousands of dollars",1143797,1193023,1257831,1343319,1431553,1614194,1738427,1847104
 "49000","Utah",7,SAOVA,22,"...","   Arts, entertainment, and recreation","Thousands of dollars",528821,537986,575518,599764,642507,690219,747201,796231
 "49000","Utah",7,SAOVA,23,"...","   Accommodation and food services","Thousands of dollars",614976,655037,682313,743555,789046,923976,991226,1050873
 "49000","Utah",7,SAOVA,24,"...","  Other services, except government","Thousands of dollars",37767,38560,40036,42350,44875,49383,52878,56779
 "49000","Utah",7,SAOVA,25,"..."," Government","Thousands of dollars",434869,439403,452124,438097,450083,462895,490072,521044
 "49000","Utah",7,SAOVA,26,"...","  Federal","Thousands of dollars",146266,156477,156895,148824,161468,172684,187670,201171
 "49000","Utah",7,SAOVA,27,"...","  State and local","Thousands of dollars",288603,282925,295228,289273,288615,290211,302402,319873
"Note: See the included footnote file."
"SAOVA: Outdoor Recreation Satellite Account Value Added 1/"
"Last updated: November 10, 2020-- new statistics for 2018-2019; revised statistics for 2012-2017."
"Source: U.S. Department of Commerce / Bureau of Economic Analysis / Regional Economic Accounts"
