GeoFIPS,GeoName,Region,TableName,LineCode,IndustryClassification,Description,Unit,2012,2013,2014,2015,2016,2017,2018,2019
 "06000","California",8,SAOVA,1,"...","All Industries","Thousands of dollars",43075759,44367144,45944832,48748106,49834699,52788865,55343370,57376843
 "06000","California",8,SAOVA,2,"..."," Private Industries","Thousands of dollars",40056751,41297697,42774549,45609056,46477750,49222950,51601235,53533931
 "06000","California",8,SAOVA,3,"...","  Agriculture, forestry, fishing, and hunting","Thousands of dollars",792139,936557,923931,941753,913183,981623,986727,1026726
 "06000","California",8,SAOVA,4,"...","  Mining","Thousands of dollars",7250,7182,7253,4651,3646,4580,5284,4903
 "06000","California",8,SAOVA,5,"...","  Utilities","Thousands of dollars",105,108,100,105,115,114,87,91
 "06000","California",8,SAOVA,6,"...","  Construction","Thousands of dollars",664997,669379,679016,748520,787134,837444,842694,809730
 "06000","California",8,SAOVA,7,"...","  Manufacturing","Thousands of dollars",5727493,5700227,5660169,5620642,4998943,5568015,5962102,5816878
 "06000","California",8,SAOVA,8,"...","   Durable goods","Thousands of dollars",1448544,1493910,1496972,1608827,1601537,1681518,1731375,1694098
 "06000","California",8,SAOVA,9,"...","   Nondurable goods","Thousands of dollars",4278948,4206317,4163197,4011815,3397406,3886497,4230727,4122779
 "06000","California",8,SAOVA,10,"...","  Wholesale trade","Thousands of dollars",3809645,3744431,4015790,4312574,4132015,4180719,4381710,4424287
 "06000","California",8,SAOVA,11,"...","  Retail trade","Thousands of dollars",9630355,10069893,10188282,10525861,10846703,11217903,11447146,11926099
 "06000","California",8,SAOVA,12,"...","  Transportation and warehousing","Thousands of dollars",4429962,5084580,5468183,6173995,6434733,6621529,6892307,7348858
 "06000","California",8,SAOVA,13,"...","  Information","Thousands of dollars",147581,161074,168389,191420,206940,228673,247904,261246
 "06000","California",8,SAOVA,14,"...","  Finance, insurance, real estate, rental, and leasing","Thousands of dollars",2182757,2128366,1969999,2181165,2334728,2547850,2634483,2803596
 "06000","California",8,SAOVA,15,"...","   Finance and insurance","Thousands of dollars",238245,210863,247117,268024,271578,252074,266380,286945
 "06000","California",8,SAOVA,16,"...","   Real estate and rental and leasing","Thousands of dollars",1944512,1917503,1722882,1913141,2063151,2295776,2368102,2516651
 "06000","California",8,SAOVA,17,"...","  Professional and business services","Thousands of dollars",692916,685764,719733,782887,833624,972937,1041215,1091901
 "06000","California",8,SAOVA,18,"...","  Educational services, health care, and social assistance","Thousands of dollars",374138,380785,413084,417350,467024,507383,565479,580934
 "06000","California",8,SAOVA,19,"...","   Educational services","Thousands of dollars",320918,330522,360877,362457,408303,446410,504445,515474
 "06000","California",8,SAOVA,20,"...","   Health care and social assistance","Thousands of dollars",53220,50263,52206,54893,58721,60973,61034,65460
 "06000","California",8,SAOVA,21,"...","  Arts, entertainment, recreation, accommodation, and food services","Thousands of dollars",10979797,11099806,11899174,13000080,13782599,14764108,15754431,16551782
 "06000","California",8,SAOVA,22,"...","   Arts, entertainment, and recreation","Thousands of dollars",5720622,5833450,6224964,6527794,6980508,7351902,7816205,8179457
 "06000","California",8,SAOVA,23,"...","   Accommodation and food services","Thousands of dollars",5259175,5266356,5674211,6472286,6802091,7412206,7938226,8372325
 "06000","California",8,SAOVA,24,"...","  Other services, except government","Thousands of dollars",617618,629545,661445,708052,736362,790073,839666,886901
 "06000","California",8,SAOVA,25,"..."," Government","Thousands of dollars",3019008,3069447,3170283,3139049,3356950,3565915,3742135,3842913
 "06000","California",8,SAOVA,26,"...","  Federal","Thousands of dollars",520687,572349,554423,515198,535197,550325,572821,590327
 "06000","California",8,SAOVA,27,"...","  State and local","Thousands of dollars",2498321,2497098,2615860,2623851,2821752,3015590,3169314,3252586
"Note: See the included footnote file."
"SAOVA: Outdoor Recreation Satellite Account Value Added 1/"
"Last updated: November 10, 2020-- new statistics for 2018-2019; revised statistics for 2012-2017."
"Source: U.S. Department of Commerce / Bureau of Economic Analysis / Regional Economic Accounts"
