GeoFIPS,GeoName,Region,TableName,LineCode,IndustryClassification,Description,Unit,2012,2013,2014,2015,2016,2017,2018,2019
 "42000","Pennsylvania",2,SAOVA,1,"...","All Industries","Thousands of dollars",11294639,11490100,11647604,12214360,12365322,12654392,12829595,13214772
 "42000","Pennsylvania",2,SAOVA,2,"..."," Private Industries","Thousands of dollars",10779257,10928271,11054412,11603749,11730035,11998524,12141171,12500069
 "42000","Pennsylvania",2,SAOVA,3,"...","  Agriculture, forestry, fishing, and hunting","Thousands of dollars",221643,249793,240852,253272,233707,261498,255776,258587
 "42000","Pennsylvania",2,SAOVA,4,"...","  Mining","Thousands of dollars",26893,23447,19723,13947,12170,20236,24383,21624
 "42000","Pennsylvania",2,SAOVA,5,"...","  Utilities","Thousands of dollars",119,116,97,118,148,174,121,165
 "42000","Pennsylvania",2,SAOVA,6,"...","  Construction","Thousands of dollars",131745,129719,136504,161221,181786,203397,214553,212277
 "42000","Pennsylvania",2,SAOVA,7,"...","  Manufacturing","Thousands of dollars",1446249,1539493,1547599,1560744,1496327,1552653,1593822,1644937
 "42000","Pennsylvania",2,SAOVA,8,"...","   Durable goods","Thousands of dollars",610153,679238,658840,643922,612029,651721,639430,690797
 "42000","Pennsylvania",2,SAOVA,9,"...","   Nondurable goods","Thousands of dollars",836097,860254,888759,916823,884298,900932,954392,954140
 "42000","Pennsylvania",2,SAOVA,10,"...","  Wholesale trade","Thousands of dollars",1024261,990548,1061134,1270626,1272001,1281303,1280794,1302728
 "42000","Pennsylvania",2,SAOVA,11,"...","  Retail trade","Thousands of dollars",2852251,2920517,2875928,2853131,2873228,2889699,2872688,2933372
 "42000","Pennsylvania",2,SAOVA,12,"...","  Transportation and warehousing","Thousands of dollars",781497,805697,851641,932504,955760,964552,993272,1051395
 "42000","Pennsylvania",2,SAOVA,13,"...","  Information","Thousands of dollars",45131,47608,46957,48992,50690,52144,54236,58749
 "42000","Pennsylvania",2,SAOVA,14,"...","  Finance, insurance, real estate, rental, and leasing","Thousands of dollars",772727,757715,695308,767807,816515,814147,813889,830960
 "42000","Pennsylvania",2,SAOVA,15,"...","   Finance and insurance","Thousands of dollars",224324,200458,233549,249647,249410,230043,239662,256602
 "42000","Pennsylvania",2,SAOVA,16,"...","   Real estate and rental and leasing","Thousands of dollars",548403,557257,461760,518160,567106,584104,574227,574357
 "42000","Pennsylvania",2,SAOVA,17,"...","  Professional and business services","Thousands of dollars",200090,193682,199647,205326,204319,221902,227373,232900
 "42000","Pennsylvania",2,SAOVA,18,"...","  Educational services, health care, and social assistance","Thousands of dollars",131412,134491,141459,136159,148009,153315,162716,163937
 "42000","Pennsylvania",2,SAOVA,19,"...","   Educational services","Thousands of dollars",108861,113234,119806,114128,124829,129886,139703,139709
 "42000","Pennsylvania",2,SAOVA,20,"...","   Health care and social assistance","Thousands of dollars",22551,21257,21653,22031,23180,23430,23014,24227
 "42000","Pennsylvania",2,SAOVA,21,"...","  Arts, entertainment, recreation, accommodation, and food services","Thousands of dollars",2968321,2957512,3054797,3211014,3294667,3385388,3443134,3577334
 "42000","Pennsylvania",2,SAOVA,22,"...","   Arts, entertainment, and recreation","Thousands of dollars",1649186,1685217,1794732,1828298,1901347,1921547,1970783,2031434
 "42000","Pennsylvania",2,SAOVA,23,"...","   Accommodation and food services","Thousands of dollars",1319135,1272295,1260065,1382716,1393320,1463842,1472350,1545899
 "42000","Pennsylvania",2,SAOVA,24,"...","  Other services, except government","Thousands of dollars",176919,177932,182762,188887,190707,198115,204414,211105
 "42000","Pennsylvania",2,SAOVA,25,"..."," Government","Thousands of dollars",515382,561829,593192,610611,635287,655868,688423,714703
 "42000","Pennsylvania",2,SAOVA,26,"...","  Federal","Thousands of dollars",86164,97125,90918,86263,90852,94980,102370,107157
 "42000","Pennsylvania",2,SAOVA,27,"...","  State and local","Thousands of dollars",429218,464704,502274,524348,544435,560889,586053,607546
"Note: See the included footnote file."
"SAOVA: Outdoor Recreation Satellite Account Value Added 1/"
"Last updated: November 10, 2020-- new statistics for 2018-2019; revised statistics for 2012-2017."
"Source: U.S. Department of Commerce / Bureau of Economic Analysis / Regional Economic Accounts"
