GeoFIPS,GeoName,Region,TableName,LineCode,IndustryClassification,Description,Unit,2012,2013,2014,2015,2016,2017,2018,2019
 "53000","Washington",8,SAOVA,1,"...","All Industries","Thousands of dollars",8939671,9152710,9680450,10442876,10765746,11373928,11998877,12343986
 "53000","Washington",8,SAOVA,2,"..."," Private Industries","Thousands of dollars",8368890,8544235,9040170,9785305,10072058,10637471,11211151,11511112
 "53000","Washington",8,SAOVA,3,"...","  Agriculture, forestry, fishing, and hunting","Thousands of dollars",180520,194344,179652,172151,162881,177061,178542,180356
 "53000","Washington",8,SAOVA,4,"...","  Mining","Thousands of dollars",301,269,261,177,159,251,286,264
 "53000","Washington",8,SAOVA,5,"...","  Utilities","Thousands of dollars",23,26,22,26,30,33,21,26
 "53000","Washington",8,SAOVA,6,"...","  Construction","Thousands of dollars",142686,150366,162531,190794,207978,229701,246453,254103
 "53000","Washington",8,SAOVA,7,"...","  Manufacturing","Thousands of dollars",1316444,1334465,1455608,1547670,1458411,1533143,1631128,1427703
 "53000","Washington",8,SAOVA,8,"...","   Durable goods","Thousands of dollars",794095,821132,899703,996014,1003046,1015484,1013929,826561
 "53000","Washington",8,SAOVA,9,"...","   Nondurable goods","Thousands of dollars",522349,513333,555905,551656,455365,517659,617199,601142
 "53000","Washington",8,SAOVA,10,"...","  Wholesale trade","Thousands of dollars",859112,841106,873504,916619,930571,991979,979107,1002569
 "53000","Washington",8,SAOVA,11,"...","  Retail trade","Thousands of dollars",2227099,2351645,2435801,2575133,2711996,2832313,2973912,3195776
 "53000","Washington",8,SAOVA,12,"...","  Transportation and warehousing","Thousands of dollars",808017,935595,1042072,1232327,1350068,1451918,1554808,1653457
 "53000","Washington",8,SAOVA,13,"...","  Information","Thousands of dollars",64688,63405,66471,77698,81124,91121,101307,113038
 "53000","Washington",8,SAOVA,14,"...","  Finance, insurance, real estate, rental, and leasing","Thousands of dollars",457691,467407,403713,468585,487886,510819,530133,573890
 "53000","Washington",8,SAOVA,15,"...","   Finance and insurance","Thousands of dollars",102911,91416,106982,115797,116983,108894,113755,121778
 "53000","Washington",8,SAOVA,16,"...","   Real estate and rental and leasing","Thousands of dollars",354780,375991,296731,352788,370903,401925,416378,452112
 "53000","Washington",8,SAOVA,17,"...","  Professional and business services","Thousands of dollars",258754,246459,252274,258960,261379,289167,298288,312657
 "53000","Washington",8,SAOVA,18,"...","  Educational services, health care, and social assistance","Thousands of dollars",69983,68057,73831,74428,82129,87389,96413,97013
 "53000","Washington",8,SAOVA,19,"...","   Educational services","Thousands of dollars",58570,57585,62768,62850,69801,74583,83244,83030
 "53000","Washington",8,SAOVA,20,"...","   Health care and social assistance","Thousands of dollars",11413,10473,11063,11578,12329,12806,13169,13983
 "53000","Washington",8,SAOVA,21,"...","  Arts, entertainment, recreation, accommodation, and food services","Thousands of dollars",1834516,1738264,1935718,2107278,2175261,2280488,2457704,2532678
 "53000","Washington",8,SAOVA,22,"...","   Arts, entertainment, and recreation","Thousands of dollars",806469,826469,892731,915047,956280,969050,1002478,1025849
 "53000","Washington",8,SAOVA,23,"...","   Accommodation and food services","Thousands of dollars",1028047,911795,1042987,1192232,1218982,1311438,1455226,1506829
 "53000","Washington",8,SAOVA,24,"...","  Other services, except government","Thousands of dollars",149057,152827,158712,163459,162183,162087,163047,167581
 "53000","Washington",8,SAOVA,25,"..."," Government","Thousands of dollars",570781,608475,640280,657571,693688,736457,787726,832874
 "53000","Washington",8,SAOVA,26,"...","  Federal","Thousands of dollars",100288,112822,108148,101248,104786,108044,113271,118780
 "53000","Washington",8,SAOVA,27,"...","  State and local","Thousands of dollars",470493,495653,532132,556323,588902,628413,674455,714094
"Note: See the included footnote file."
"SAOVA: Outdoor Recreation Satellite Account Value Added 1/"
"Last updated: November 10, 2020-- new statistics for 2018-2019; revised statistics for 2012-2017."
"Source: U.S. Department of Commerce / Bureau of Economic Analysis / Regional Economic Accounts"
