GeoFIPS,GeoName,Region,TableName,LineCode,IndustryClassification,Description,Unit,2012,2013,2014,2015,2016,2017,2018,2019
 "40000","Oklahoma",6,SAOVA,1,"...","All Industries","Thousands of dollars",3428562,3452094,3520350,3622209,3619749,3653282,3846789,3873471
 "40000","Oklahoma",6,SAOVA,2,"..."," Private Industries","Thousands of dollars",3223754,3233495,3286150,3379729,3376460,3409167,3592702,3605573
 "40000","Oklahoma",6,SAOVA,3,"...","  Agriculture, forestry, fishing, and hunting","Thousands of dollars",78194,85453,81100,84395,77560,89833,91966,96523
 "40000","Oklahoma",6,SAOVA,4,"...","  Mining","Thousands of dollars",11644,12673,13925,10559,9398,10936,12824,12144
 "40000","Oklahoma",6,SAOVA,5,"...","  Utilities","Thousands of dollars",10,10,9,11,13,14,9,12
 "40000","Oklahoma",6,SAOVA,6,"...","  Construction","Thousands of dollars",72979,77830,87548,110383,129933,152004,167894,170843
 "40000","Oklahoma",6,SAOVA,7,"...","  Manufacturing","Thousands of dollars",551575,512358,499040,466104,383531,463603,540102,530309
 "40000","Oklahoma",6,SAOVA,8,"...","   Durable goods","Thousands of dollars",103536,106794,112581,116520,114484,130662,143216,138153
 "40000","Oklahoma",6,SAOVA,9,"...","   Nondurable goods","Thousands of dollars",448039,405563,386459,349584,269046,332941,396885,392156
 "40000","Oklahoma",6,SAOVA,10,"...","  Wholesale trade","Thousands of dollars",323594,315169,325118,311256,282900,275729,267582,271149
 "40000","Oklahoma",6,SAOVA,11,"...","  Retail trade","Thousands of dollars",885759,933955,940947,957833,990188,962333,971380,975502
 "40000","Oklahoma",6,SAOVA,12,"...","  Transportation and warehousing","Thousands of dollars",316578,320875,328734,373914,369407,357334,365075,377068
 "40000","Oklahoma",6,SAOVA,13,"...","  Information","Thousands of dollars",9745,10526,10542,10920,11232,11340,11492,11542
 "40000","Oklahoma",6,SAOVA,14,"...","  Finance, insurance, real estate, rental, and leasing","Thousands of dollars",237025,223812,205884,210818,216414,207933,209172,217634
 "40000","Oklahoma",6,SAOVA,15,"...","   Finance and insurance","Thousands of dollars",31214,28219,33770,37660,38734,36327,37635,40712
 "40000","Oklahoma",6,SAOVA,16,"...","   Real estate and rental and leasing","Thousands of dollars",205811,195593,172114,173159,177679,171606,171537,176923
 "40000","Oklahoma",6,SAOVA,17,"...","  Professional and business services","Thousands of dollars",69439,67721,73005,78734,84162,93260,96444,98045
 "40000","Oklahoma",6,SAOVA,18,"...","  Educational services, health care, and social assistance","Thousands of dollars",28515,28462,30919,31539,34815,36093,39719,39691
 "40000","Oklahoma",6,SAOVA,19,"...","   Educational services","Thousands of dollars",24050,24199,26472,26902,29750,31061,34639,34449
 "40000","Oklahoma",6,SAOVA,20,"...","   Health care and social assistance","Thousands of dollars",4465,4262,4447,4637,5065,5032,5080,5242
 "40000","Oklahoma",6,SAOVA,21,"...","  Arts, entertainment, recreation, accommodation, and food services","Thousands of dollars",596846,600672,642366,681527,732647,693259,764554,752768
 "40000","Oklahoma",6,SAOVA,22,"...","   Arts, entertainment, and recreation","Thousands of dollars",300406,301423,318309,328372,352609,361766,375105,379875
 "40000","Oklahoma",6,SAOVA,23,"...","   Accommodation and food services","Thousands of dollars",296439,299249,324057,353155,380038,331494,389449,372892
 "40000","Oklahoma",6,SAOVA,24,"...","  Other services, except government","Thousands of dollars",41851,43977,47011,51737,54260,55496,54489,52343
 "40000","Oklahoma",6,SAOVA,25,"..."," Government","Thousands of dollars",204808,218600,234200,242480,243288,244116,254087,267897
 "40000","Oklahoma",6,SAOVA,26,"...","  Federal","Thousands of dollars",16013,18922,17555,15784,16135,16901,18793,19995
 "40000","Oklahoma",6,SAOVA,27,"...","  State and local","Thousands of dollars",188795,199678,216645,226696,227153,227215,235294,247903
"Note: See the included footnote file."
"SAOVA: Outdoor Recreation Satellite Account Value Added 1/"
"Last updated: November 10, 2020-- new statistics for 2018-2019; revised statistics for 2012-2017."
"Source: U.S. Department of Commerce / Bureau of Economic Analysis / Regional Economic Accounts"
