GeoFIPS,GeoName,Region,TableName,LineCode,IndustryClassification,Description,Unit,2012,2013,2014,2015,2016,2017,2018,2019
 "16000","Idaho",7,SAOVA,1,"...","All Industries","Thousands of dollars",1800859,1837716,1916498,2019445,2097266,2257860,2387909,2498689
 "16000","Idaho",7,SAOVA,2,"..."," Private Industries","Thousands of dollars",1680760,1712614,1783321,1886126,1958993,2113909,2237467,2341445
 "16000","Idaho",7,SAOVA,3,"...","  Agriculture, forestry, fishing, and hunting","Thousands of dollars",77588,92108,92939,105581,94721,110304,104284,107250
 "16000","Idaho",7,SAOVA,4,"...","  Mining","Thousands of dollars",494,415,336,262,242,334,324,255
 "16000","Idaho",7,SAOVA,5,"...","  Utilities","Thousands of dollars",3,4,3,3,4,4,3,3
 "16000","Idaho",7,SAOVA,6,"...","  Construction","Thousands of dollars",12293,14098,14756,16920,18124,20734,23073,24520
 "16000","Idaho",7,SAOVA,7,"...","  Manufacturing","Thousands of dollars",192452,209631,216223,232499,236299,272937,282378,291455
 "16000","Idaho",7,SAOVA,8,"...","   Durable goods","Thousands of dollars",107240,117781,123160,135403,144424,180179,187076,195907
 "16000","Idaho",7,SAOVA,9,"...","   Nondurable goods","Thousands of dollars",85212,91849,93064,97096,91875,92758,95302,95547
 "16000","Idaho",7,SAOVA,10,"...","  Wholesale trade","Thousands of dollars",117844,116413,122725,131404,141535,147604,147131,152867
 "16000","Idaho",7,SAOVA,11,"...","  Retail trade","Thousands of dollars",516865,535796,543953,557797,588184,617751,640156,669922
 "16000","Idaho",7,SAOVA,12,"...","  Transportation and warehousing","Thousands of dollars",141239,142062,148781,163985,168065,171067,181157,187148
 "16000","Idaho",7,SAOVA,13,"...","  Information","Thousands of dollars",2987,3149,3166,3309,3530,3633,3756,3875
 "16000","Idaho",7,SAOVA,14,"...","  Finance, insurance, real estate, rental, and leasing","Thousands of dollars",130316,121833,115437,127044,133402,139351,152205,164882
 "16000","Idaho",7,SAOVA,15,"...","   Finance and insurance","Thousands of dollars",18324,16221,19281,21258,21851,20340,21524,23441
 "16000","Idaho",7,SAOVA,16,"...","   Real estate and rental and leasing","Thousands of dollars",111992,105613,96156,105786,111551,119011,130680,141441
 "16000","Idaho",7,SAOVA,17,"...","  Professional and business services","Thousands of dollars",32750,32344,34157,36152,38082,43682,46950,49790
 "16000","Idaho",7,SAOVA,18,"...","  Educational services, health care, and social assistance","Thousands of dollars",13919,13707,14824,15136,16691,17794,19622,19914
 "16000","Idaho",7,SAOVA,19,"...","   Educational services","Thousands of dollars",11753,11688,12686,12954,14363,15348,17085,17207
 "16000","Idaho",7,SAOVA,20,"...","   Health care and social assistance","Thousands of dollars",2165,2019,2138,2182,2328,2446,2537,2707
 "16000","Idaho",7,SAOVA,21,"...","  Arts, entertainment, recreation, accommodation, and food services","Thousands of dollars",423246,412196,455916,474200,495969,541281,605674,636151
 "16000","Idaho",7,SAOVA,22,"...","   Arts, entertainment, and recreation","Thousands of dollars",168988,170093,182798,190386,199488,202671,215950,227789
 "16000","Idaho",7,SAOVA,23,"...","   Accommodation and food services","Thousands of dollars",254259,242103,273119,283815,296481,338610,389724,408362
 "16000","Idaho",7,SAOVA,24,"...","  Other services, except government","Thousands of dollars",18763,18858,20104,21832,24144,27432,30754,33412
 "16000","Idaho",7,SAOVA,25,"..."," Government","Thousands of dollars",120100,125102,133177,133319,138273,143951,150443,157244
 "16000","Idaho",7,SAOVA,26,"...","  Federal","Thousands of dollars",37147,37289,39298,36266,38037,38670,37641,37349
 "16000","Idaho",7,SAOVA,27,"...","  State and local","Thousands of dollars",82953,87813,93879,97053,100236,105281,112802,119895
"Note: See the included footnote file."
"SAOVA: Outdoor Recreation Satellite Account Value Added 1/"
"Last updated: November 10, 2020-- new statistics for 2018-2019; revised statistics for 2012-2017."
"Source: U.S. Department of Commerce / Bureau of Economic Analysis / Regional Economic Accounts"
