GeoFIPS,GeoName,Region,TableName,LineCode,IndustryClassification,Description,Unit,2012,2013,2014,2015,2016,2017,2018,2019
 "35000","New Mexico",6,SAOVA,1,"...","All Industries","Thousands of dollars",2015727,2079153,2079896,2192624,2157711,2198978,2233448,2364995
 "35000","New Mexico",6,SAOVA,2,"..."," Private Industries","Thousands of dollars",1818356,1868372,1853877,1959064,1925737,1971921,2002567,2122634
 "35000","New Mexico",6,SAOVA,3,"...","  Agriculture, forestry, fishing, and hunting","Thousands of dollars",33043,39114,38968,36890,35624,39639,38721,37800
 "35000","New Mexico",6,SAOVA,4,"...","  Mining","Thousands of dollars",8220,8006,7703,5718,5114,6865,7760,6984
 "35000","New Mexico",6,SAOVA,5,"...","  Utilities","Thousands of dollars",5,5,5,6,6,7,4,5
 "35000","New Mexico",6,SAOVA,6,"...","  Construction","Thousands of dollars",38728,34752,35735,36583,35786,37673,40898,43795
 "35000","New Mexico",6,SAOVA,7,"...","  Manufacturing","Thousands of dollars",161198,153287,151422,151824,110510,136412,156102,153016
 "35000","New Mexico",6,SAOVA,8,"...","   Durable goods","Thousands of dollars",13277,13075,13607,13512,12187,13088,13558,12507
 "35000","New Mexico",6,SAOVA,9,"...","   Nondurable goods","Thousands of dollars",147921,140211,137816,138312,98322,123324,142544,140509
 "35000","New Mexico",6,SAOVA,10,"...","  Wholesale trade","Thousands of dollars",105982,105628,108299,111962,104218,104142,102715,105821
 "35000","New Mexico",6,SAOVA,11,"...","  Retail trade","Thousands of dollars",536607,563047,555915,571146,573145,569623,572684,600339
 "35000","New Mexico",6,SAOVA,12,"...","  Transportation and warehousing","Thousands of dollars",138925,139429,144450,149421,146477,142669,147958,156802
 "35000","New Mexico",6,SAOVA,13,"...","  Information","Thousands of dollars",5507,6079,6177,6448,6516,6845,7236,7034
 "35000","New Mexico",6,SAOVA,14,"...","  Finance, insurance, real estate, rental, and leasing","Thousands of dollars",154151,170799,145452,153174,165465,183848,162821,170396
 "35000","New Mexico",6,SAOVA,15,"...","   Finance and insurance","Thousands of dollars",30097,26724,32564,36319,37550,34712,36405,38809
 "35000","New Mexico",6,SAOVA,16,"...","   Real estate and rental and leasing","Thousands of dollars",124054,144075,112888,116855,127915,149136,126416,131587
 "35000","New Mexico",6,SAOVA,17,"...","  Professional and business services","Thousands of dollars",28489,27869,30727,33232,35620,40178,41858,42516
 "35000","New Mexico",6,SAOVA,18,"...","  Educational services, health care, and social assistance","Thousands of dollars",16381,16088,17213,18085,20037,21373,23426,23998
 "35000","New Mexico",6,SAOVA,19,"...","   Educational services","Thousands of dollars",13288,13173,14271,14957,16727,18035,20114,20414
 "35000","New Mexico",6,SAOVA,20,"...","   Health care and social assistance","Thousands of dollars",3093,2915,2942,3128,3310,3339,3312,3584
 "35000","New Mexico",6,SAOVA,21,"...","  Arts, entertainment, recreation, accommodation, and food services","Thousands of dollars",570749,583924,591018,662899,665175,659739,676643,749323
 "35000","New Mexico",6,SAOVA,22,"...","   Arts, entertainment, and recreation","Thousands of dollars",141149,140225,149769,155662,161144,158943,161677,165648
 "35000","New Mexico",6,SAOVA,23,"...","   Accommodation and food services","Thousands of dollars",429599,443699,441249,507237,504031,500795,514966,583674
 "35000","New Mexico",6,SAOVA,24,"...","  Other services, except government","Thousands of dollars",20372,20346,20793,21677,22044,22909,23739,24807
 "35000","New Mexico",6,SAOVA,25,"..."," Government","Thousands of dollars",197371,210781,226019,233560,231975,227057,230880,242361
 "35000","New Mexico",6,SAOVA,26,"...","  Federal","Thousands of dollars",28305,31159,30005,28188,29720,31387,33129,35184
 "35000","New Mexico",6,SAOVA,27,"...","  State and local","Thousands of dollars",169066,179621,196014,205372,202255,195669,197751,207177
"Note: See the included footnote file."
"SAOVA: Outdoor Recreation Satellite Account Value Added 1/"
"Last updated: November 10, 2020-- new statistics for 2018-2019; revised statistics for 2012-2017."
"Source: U.S. Department of Commerce / Bureau of Economic Analysis / Regional Economic Accounts"
