GeoFIPS,GeoName,Region,TableName,LineCode,IndustryClassification,Description,Unit,2012,2013,2014,2015,2016,2017,2018,2019
 "08000","Colorado",7,SAOVA,1,"...","All Industries","Thousands of dollars",8727559,8884148,9296892,10003170,10431229,11118219,11687674,12242946
 "08000","Colorado",7,SAOVA,2,"..."," Private Industries","Thousands of dollars",8078192,8213889,8592214,9290237,9673360,10308236,10818937,11332204
 "08000","Colorado",7,SAOVA,3,"...","  Agriculture, forestry, fishing, and hunting","Thousands of dollars",98159,118800,120517,129323,120434,140453,138530,135092
 "08000","Colorado",7,SAOVA,4,"...","  Mining","Thousands of dollars",9796,8823,8566,5909,5005,7555,8992,8342
 "08000","Colorado",7,SAOVA,5,"...","  Utilities","Thousands of dollars",11,12,11,13,14,15,10,13
 "08000","Colorado",7,SAOVA,6,"...","  Construction","Thousands of dollars",133795,117199,114680,126759,136574,156058,171333,180669
 "08000","Colorado",7,SAOVA,7,"...","  Manufacturing","Thousands of dollars",466846,476988,477121,477579,430105,461300,483973,481545
 "08000","Colorado",7,SAOVA,8,"...","   Durable goods","Thousands of dollars",198571,194423,186634,189279,170301,190236,193873,195790
 "08000","Colorado",7,SAOVA,9,"...","   Nondurable goods","Thousands of dollars",268275,282565,290487,288301,259804,271063,290100,285755
 "08000","Colorado",7,SAOVA,10,"...","  Wholesale trade","Thousands of dollars",617938,602127,639718,691499,675943,688406,677777,699654
 "08000","Colorado",7,SAOVA,11,"...","  Retail trade","Thousands of dollars",1711805,1782212,1825716,1894134,1937336,2028767,2088762,2194027
 "08000","Colorado",7,SAOVA,12,"...","  Transportation and warehousing","Thousands of dollars",1007498,1072449,1165158,1300505,1410857,1460694,1528349,1659769
 "08000","Colorado",7,SAOVA,13,"...","  Information","Thousands of dollars",40001,42189,43457,47015,49664,50479,52454,55506
 "08000","Colorado",7,SAOVA,14,"...","  Finance, insurance, real estate, rental, and leasing","Thousands of dollars",694176,702354,667982,771851,833779,867427,943958,990815
 "08000","Colorado",7,SAOVA,15,"...","   Finance and insurance","Thousands of dollars",264226,236016,279859,303474,309059,293193,321161,349246
 "08000","Colorado",7,SAOVA,16,"...","   Real estate and rental and leasing","Thousands of dollars",429950,466338,388122,468376,524721,574234,622797,641569
 "08000","Colorado",7,SAOVA,17,"...","  Professional and business services","Thousands of dollars",192253,180032,184158,190444,190930,206810,209983,222226
 "08000","Colorado",7,SAOVA,18,"...","  Educational services, health care, and social assistance","Thousands of dollars",109190,109616,120182,125496,141434,154075,172113,173313
 "08000","Colorado",7,SAOVA,19,"...","   Educational services","Thousands of dollars",99347,100450,110513,115111,129935,141690,159445,159913
 "08000","Colorado",7,SAOVA,20,"...","   Health care and social assistance","Thousands of dollars",9843,9166,9669,10385,11499,12384,12668,13400
 "08000","Colorado",7,SAOVA,21,"...","  Arts, entertainment, recreation, accommodation, and food services","Thousands of dollars",2909481,2911131,3129063,3425129,3630300,3966255,4216578,4398062
 "08000","Colorado",7,SAOVA,22,"...","   Arts, entertainment, and recreation","Thousands of dollars",1395318,1400177,1507953,1583298,1692201,1758633,1857561,1951061
 "08000","Colorado",7,SAOVA,23,"...","   Accommodation and food services","Thousands of dollars",1514164,1510953,1621110,1841832,1938099,2207622,2359017,2447002
 "08000","Colorado",7,SAOVA,24,"...","  Other services, except government","Thousands of dollars",87243,89957,95885,104580,110985,119942,126126,133172
 "08000","Colorado",7,SAOVA,25,"..."," Government","Thousands of dollars",649367,670259,704678,712933,757870,809983,868737,910742
 "08000","Colorado",7,SAOVA,26,"...","  Federal","Thousands of dollars",103128,110097,109838,104160,112313,119149,124821,130506
 "08000","Colorado",7,SAOVA,27,"...","  State and local","Thousands of dollars",546240,560162,594841,608773,645557,690834,743915,780236
"Note: See the included footnote file."
"SAOVA: Outdoor Recreation Satellite Account Value Added 1/"
"Last updated: November 10, 2020-- new statistics for 2018-2019; revised statistics for 2012-2017."
"Source: U.S. Department of Commerce / Bureau of Economic Analysis / Regional Economic Accounts"
