GeoFIPS,GeoName,Region,TableName,LineCode,IndustryClassification,Description,Unit,2012,2013,2014,2015,2016,2017,2018,2019
 "25000","Massachusetts",1,SAOVA,1,"...","All Industries","Thousands of dollars",8198063,8450417,8504614,9064707,9569947,9912360,10120384,10455153
 "25000","Massachusetts",1,SAOVA,2,"..."," Private Industries","Thousands of dollars",7911936,8122269,8161459,8702674,9195975,9536049,9734063,10049246
 "25000","Massachusetts",1,SAOVA,3,"...","  Agriculture, forestry, fishing, and hunting","Thousands of dollars",66039,74255,69937,68539,64223,69003,69697,68226
 "25000","Massachusetts",1,SAOVA,4,"...","  Mining","Thousands of dollars",97,96,104,74,61,69,72,66
 "25000","Massachusetts",1,SAOVA,5,"...","  Utilities","Thousands of dollars",61,66,59,79,95,101,56,65
 "25000","Massachusetts",1,SAOVA,6,"...","  Construction","Thousands of dollars",68753,74624,82744,99182,110453,122253,129719,129821
 "25000","Massachusetts",1,SAOVA,7,"...","  Manufacturing","Thousands of dollars",759049,770858,732592,782498,930547,928600,959410,989643
 "25000","Massachusetts",1,SAOVA,8,"...","   Durable goods","Thousands of dollars",497964,510959,472369,492752,564847,594705,602262,608650
 "25000","Massachusetts",1,SAOVA,9,"...","   Nondurable goods","Thousands of dollars",261086,259899,260223,289747,365700,333895,357148,380992
 "25000","Massachusetts",1,SAOVA,10,"...","  Wholesale trade","Thousands of dollars",736104,726480,748997,760280,709483,698724,667096,660187
 "25000","Massachusetts",1,SAOVA,11,"...","  Retail trade","Thousands of dollars",1859817,1944586,1914596,1940833,1996347,2053228,2060176,2130203
 "25000","Massachusetts",1,SAOVA,12,"...","  Transportation and warehousing","Thousands of dollars",812603,850787,937663,1054182,1139783,1185812,1212288,1313440
 "25000","Massachusetts",1,SAOVA,13,"...","  Information","Thousands of dollars",47323,46073,45945,48639,49452,51256,52591,53620
 "25000","Massachusetts",1,SAOVA,14,"...","  Finance, insurance, real estate, rental, and leasing","Thousands of dollars",629392,610094,537535,627903,648105,649957,728215,707351
 "25000","Massachusetts",1,SAOVA,15,"...","   Finance and insurance","Thousands of dollars",124449,111960,128474,137085,137048,128136,132010,139223
 "25000","Massachusetts",1,SAOVA,16,"...","   Real estate and rental and leasing","Thousands of dollars",504943,498134,409061,490818,511058,521822,596205,568129
 "25000","Massachusetts",1,SAOVA,17,"...","  Professional and business services","Thousands of dollars",326663,318977,324007,341661,348967,402553,422152,442353
 "25000","Massachusetts",1,SAOVA,18,"...","  Educational services, health care, and social assistance","Thousands of dollars",119030,123436,130966,129278,145807,156384,169228,170504
 "25000","Massachusetts",1,SAOVA,19,"...","   Educational services","Thousands of dollars",104414,109376,116756,114488,130003,140120,153323,153888
 "25000","Massachusetts",1,SAOVA,20,"...","   Health care and social assistance","Thousands of dollars",14616,14060,14209,14789,15804,16263,15905,16616
 "25000","Massachusetts",1,SAOVA,21,"...","  Arts, entertainment, recreation, accommodation, and food services","Thousands of dollars",2370326,2461730,2512093,2717258,2917249,3073724,3114513,3227763
 "25000","Massachusetts",1,SAOVA,22,"...","   Arts, entertainment, and recreation","Thousands of dollars",1067871,1084770,1166088,1201746,1299207,1345584,1423786,1473920
 "25000","Massachusetts",1,SAOVA,23,"...","   Accommodation and food services","Thousands of dollars",1302455,1376960,1346004,1515512,1618043,1728140,1690727,1753843
 "25000","Massachusetts",1,SAOVA,24,"...","  Other services, except government","Thousands of dollars",116680,120205,124222,132267,135405,144383,148851,156004
 "25000","Massachusetts",1,SAOVA,25,"..."," Government","Thousands of dollars",286127,328149,343156,362033,373972,376311,386320,405908
 "25000","Massachusetts",1,SAOVA,26,"...","  Federal","Thousands of dollars",99078,115329,106289,97196,97067,96852,102561,107752
 "25000","Massachusetts",1,SAOVA,27,"...","  State and local","Thousands of dollars",187049,212820,236867,264837,276906,279460,283760,298156
"Note: See the included footnote file."
"SAOVA: Outdoor Recreation Satellite Account Value Added 1/"
"Last updated: November 10, 2020-- new statistics for 2018-2019; revised statistics for 2012-2017."
"Source: U.S. Department of Commerce / Bureau of Economic Analysis / Regional Economic Accounts"
