GeoFIPS,GeoName,Region,TableName,LineCode,IndustryClassification,Description,Unit,2012,2013,2014,2015,2016,2017,2018,2019
 "27000","Minnesota",4,SAOVA,1,"...","All Industries","Thousands of dollars",7555859,7913011,7924925,8212873,8295741,8581197,8735926,9072409
 "27000","Minnesota",4,SAOVA,2,"..."," Private Industries","Thousands of dollars",7049394,7369130,7335003,7584339,7653057,7924730,8049579,8346596
 "27000","Minnesota",4,SAOVA,3,"...","  Agriculture, forestry, fishing, and hunting","Thousands of dollars",347026,379955,358396,371979,348667,402146,411811,427387
 "27000","Minnesota",4,SAOVA,4,"...","  Mining","Thousands of dollars",180,160,171,115,93,134,174,184
 "27000","Minnesota",4,SAOVA,5,"...","  Utilities","Thousands of dollars",39,41,33,36,39,42,27,34
 "27000","Minnesota",4,SAOVA,6,"...","  Construction","Thousands of dollars",157461,153632,159884,188772,214678,251027,278528,288215
 "27000","Minnesota",4,SAOVA,7,"...","  Manufacturing","Thousands of dollars",1573964,1757327,1622431,1582586,1443770,1482656,1481172,1509585
 "27000","Minnesota",4,SAOVA,8,"...","   Durable goods","Thousands of dollars",1034406,1235498,1115778,1106538,1027968,1059211,1015696,1049753
 "27000","Minnesota",4,SAOVA,9,"...","   Nondurable goods","Thousands of dollars",539558,521829,506653,476048,415801,423445,465476,459833
 "27000","Minnesota",4,SAOVA,10,"...","  Wholesale trade","Thousands of dollars",843944,868684,906444,941988,908624,927436,920222,928066
 "27000","Minnesota",4,SAOVA,11,"...","  Retail trade","Thousands of dollars",1510976,1557556,1553700,1568907,1631773,1654462,1654019,1720588
 "27000","Minnesota",4,SAOVA,12,"...","  Transportation and warehousing","Thousands of dollars",659256,693398,741582,820565,848272,851006,873129,911795
 "27000","Minnesota",4,SAOVA,13,"...","  Information","Thousands of dollars",21123,21840,21870,23068,23629,24306,25058,25393
 "27000","Minnesota",4,SAOVA,14,"...","  Finance, insurance, real estate, rental, and leasing","Thousands of dollars",484427,476936,427263,480602,550414,560531,557606,559956
 "27000","Minnesota",4,SAOVA,15,"...","   Finance and insurance","Thousands of dollars",77507,69040,82517,90563,91728,85240,89100,95996
 "27000","Minnesota",4,SAOVA,16,"...","   Real estate and rental and leasing","Thousands of dollars",406921,407896,344746,390038,458685,475291,468507,463960
 "27000","Minnesota",4,SAOVA,17,"...","  Professional and business services","Thousands of dollars",60063,58639,62050,65288,67768,75547,78568,79989
 "27000","Minnesota",4,SAOVA,18,"...","  Educational services, health care, and social assistance","Thousands of dollars",52592,52984,56785,56598,62501,65747,70057,69408
 "27000","Minnesota",4,SAOVA,19,"...","   Educational services","Thousands of dollars",43432,44256,47772,47303,52505,55372,59676,58304
 "27000","Minnesota",4,SAOVA,20,"...","   Health care and social assistance","Thousands of dollars",9159,8729,9013,9295,9996,10374,10382,11103
 "27000","Minnesota",4,SAOVA,21,"...","  Arts, entertainment, recreation, accommodation, and food services","Thousands of dollars",1254539,1262191,1334397,1387660,1452298,1521957,1587068,1707670
 "27000","Minnesota",4,SAOVA,22,"...","   Arts, entertainment, and recreation","Thousands of dollars",719699,730500,782529,801623,847630,885154,950890,1017140
 "27000","Minnesota",4,SAOVA,23,"...","   Accommodation and food services","Thousands of dollars",534841,531691,551868,586037,604667,636803,636178,690530
 "27000","Minnesota",4,SAOVA,24,"...","  Other services, except government","Thousands of dollars",83803,85786,89999,96175,100532,107733,112139,118327
 "27000","Minnesota",4,SAOVA,25,"..."," Government","Thousands of dollars",506464,543882,589922,628533,642684,656467,686348,725813
 "27000","Minnesota",4,SAOVA,26,"...","  Federal","Thousands of dollars",15705,17101,17181,16166,16569,17152,17979,19242
 "27000","Minnesota",4,SAOVA,27,"...","  State and local","Thousands of dollars",490759,526780,572740,612367,626115,639315,668369,706571
"Note: See the included footnote file."
"SAOVA: Outdoor Recreation Satellite Account Value Added 1/"
"Last updated: November 10, 2020-- new statistics for 2018-2019; revised statistics for 2012-2017."
"Source: U.S. Department of Commerce / Bureau of Economic Analysis / Regional Economic Accounts"
