GeoFIPS,GeoName,Region,TableName,LineCode,IndustryClassification,Description,Unit,2012,2013,2014,2015,2016,2017,2018,2019
 "04000","Arizona",6,SAOVA,1,"...","All Industries","Thousands of dollars",7025372,7251535,7546999,8130330,8473829,8838234,9225366,9631678
 "04000","Arizona",6,SAOVA,2,"..."," Private Industries","Thousands of dollars",6569079,6751177,7019511,7580677,7907439,8248585,8595370,8955596
 "04000","Arizona",6,SAOVA,3,"...","  Agriculture, forestry, fishing, and hunting","Thousands of dollars",60627,72314,66222,69015,64653,77366,74669,75303
 "04000","Arizona",6,SAOVA,4,"...","  Mining","Thousands of dollars",1244,1061,906,636,564,1087,1329,1180
 "04000","Arizona",6,SAOVA,5,"...","  Utilities","Thousands of dollars",20,21,18,22,25,27,18,22
 "04000","Arizona",6,SAOVA,6,"...","  Construction","Thousands of dollars",104822,112327,115519,126295,136446,154743,169841,171609
 "04000","Arizona",6,SAOVA,7,"...","  Manufacturing","Thousands of dollars",279423,287340,279388,290454,325982,338718,373258,408358
 "04000","Arizona",6,SAOVA,8,"...","   Durable goods","Thousands of dollars",202887,207851,198023,203958,233877,245672,275158,306284
 "04000","Arizona",6,SAOVA,9,"...","   Nondurable goods","Thousands of dollars",76536,79489,81365,86496,92106,93046,98100,102075
 "04000","Arizona",6,SAOVA,10,"...","  Wholesale trade","Thousands of dollars",397483,385815,393674,407348,395160,403619,399677,408594
 "04000","Arizona",6,SAOVA,11,"...","  Retail trade","Thousands of dollars",1645848,1707848,1746699,1786445,1823320,1853578,1878415,1962553
 "04000","Arizona",6,SAOVA,12,"...","  Transportation and warehousing","Thousands of dollars",863919,952551,1038675,1195122,1281773,1311683,1368319,1456571
 "04000","Arizona",6,SAOVA,13,"...","  Information","Thousands of dollars",16675,18227,19047,20948,22530,23674,24562,25357
 "04000","Arizona",6,SAOVA,14,"...","  Finance, insurance, real estate, rental, and leasing","Thousands of dollars",695719,708506,589962,662150,707707,723422,761680,765826
 "04000","Arizona",6,SAOVA,15,"...","   Finance and insurance","Thousands of dollars",41778,37323,45727,51632,52840,48846,51068,56153
 "04000","Arizona",6,SAOVA,16,"...","   Real estate and rental and leasing","Thousands of dollars",653942,671182,544235,610518,654867,674576,710612,709672
 "04000","Arizona",6,SAOVA,17,"...","  Professional and business services","Thousands of dollars",206471,200943,210097,228060,239991,276174,292791,300876
 "04000","Arizona",6,SAOVA,18,"...","  Educational services, health care, and social assistance","Thousands of dollars",49290,48232,51705,51743,55902,58249,62409,63861
 "04000","Arizona",6,SAOVA,19,"...","   Educational services","Thousands of dollars",38843,38412,41328,40904,44290,46175,50145,50685
 "04000","Arizona",6,SAOVA,20,"...","   Health care and social assistance","Thousands of dollars",10447,9819,10376,10839,11612,12074,12263,13176
 "04000","Arizona",6,SAOVA,21,"...","  Arts, entertainment, recreation, accommodation, and food services","Thousands of dollars",2162766,2169237,2416533,2647292,2755578,2922921,3078473,3198340
 "04000","Arizona",6,SAOVA,22,"...","   Arts, entertainment, and recreation","Thousands of dollars",794235,799996,870896,892734,947536,971164,1023498,1076540
 "04000","Arizona",6,SAOVA,23,"...","   Accommodation and food services","Thousands of dollars",1368531,1369242,1545637,1754559,1808042,1951757,2054975,2121800
 "04000","Arizona",6,SAOVA,24,"...","  Other services, except government","Thousands of dollars",84773,86757,91068,95147,97807,103325,109929,117146
 "04000","Arizona",6,SAOVA,25,"..."," Government","Thousands of dollars",456293,500358,527489,549653,566390,589649,629996,676082
 "04000","Arizona",6,SAOVA,26,"...","  Federal","Thousands of dollars",127524,140029,134053,127214,134547,142327,152433,162537
 "04000","Arizona",6,SAOVA,27,"...","  State and local","Thousands of dollars",328769,360329,393435,422439,431844,447322,477563,513545
"Note: See the included footnote file."
"SAOVA: Outdoor Recreation Satellite Account Value Added 1/"
"Last updated: November 10, 2020-- new statistics for 2018-2019; revised statistics for 2012-2017."
"Source: U.S. Department of Commerce / Bureau of Economic Analysis / Regional Economic Accounts"
