GeoFIPS,GeoName,Region,TableName,LineCode,IndustryClassification,Description,Unit,2012,2013,2014,2015,2016,2017,2018,2019
 "12000","Florida",5,SAOVA,1,"...","All Industries","Thousands of dollars",34130656,35444476,36615655,39705302,41471228,43878006,46359705,49080891
 "12000","Florida",5,SAOVA,2,"..."," Private Industries","Thousands of dollars",32750998,33978147,35051292,38078858,39778275,42117281,44507724,47145554
 "12000","Florida",5,SAOVA,3,"...","  Agriculture, forestry, fishing, and hunting","Thousands of dollars",323040,349306,334584,360939,339223,398651,395754,410974
 "12000","Florida",5,SAOVA,4,"...","  Mining","Thousands of dollars",1649,1387,1078,848,788,1261,1454,1256
 "12000","Florida",5,SAOVA,5,"...","  Utilities","Thousands of dollars",60,62,54,67,82,95,66,88
 "12000","Florida",5,SAOVA,6,"...","  Construction","Thousands of dollars",406570,399465,412982,448741,496406,578834,642695,666007
 "12000","Florida",5,SAOVA,7,"...","  Manufacturing","Thousands of dollars",965318,1011887,1016787,1086547,1082285,1104959,1200288,1209593
 "12000","Florida",5,SAOVA,8,"...","   Durable goods","Thousands of dollars",643063,676132,672774,721928,702180,735418,822696,818904
 "12000","Florida",5,SAOVA,9,"...","   Nondurable goods","Thousands of dollars",322255,335755,344013,364619,380106,369541,377592,390689
 "12000","Florida",5,SAOVA,10,"...","  Wholesale trade","Thousands of dollars",1754937,1732289,1806914,1935663,1918624,1979466,1980506,2048852
 "12000","Florida",5,SAOVA,11,"...","  Retail trade","Thousands of dollars",7011634,7386295,7539155,7924574,8279277,8505615,8678715,9101513
 "12000","Florida",5,SAOVA,12,"...","  Transportation and warehousing","Thousands of dollars",4689788,5504531,5808624,6408108,6653285,6872531,7211306,7821758
 "12000","Florida",5,SAOVA,13,"...","  Information","Thousands of dollars",60685,64279,65172,68879,73944,77480,80675,83673
 "12000","Florida",5,SAOVA,14,"...","  Finance, insurance, real estate, rental, and leasing","Thousands of dollars",3215520,3201632,2717569,3105407,3279715,3315515,3583631,3899755
 "12000","Florida",5,SAOVA,15,"...","   Finance and insurance","Thousands of dollars",192931,174011,214538,250619,270555,260957,279014,304864
 "12000","Florida",5,SAOVA,16,"...","   Real estate and rental and leasing","Thousands of dollars",3022589,3027621,2503031,2854788,3009160,3054558,3304616,3594891
 "12000","Florida",5,SAOVA,17,"...","  Professional and business services","Thousands of dollars",547904,541523,582487,660425,737156,904719,1002815,1080443
 "12000","Florida",5,SAOVA,18,"...","  Educational services, health care, and social assistance","Thousands of dollars",231542,224769,239939,235217,251235,258443,275780,276808
 "12000","Florida",5,SAOVA,19,"...","   Educational services","Thousands of dollars",191468,187535,200884,194322,207506,213059,229632,227951
 "12000","Florida",5,SAOVA,20,"...","   Health care and social assistance","Thousands of dollars",40075,37233,39056,40895,43728,45384,46148,48857
 "12000","Florida",5,SAOVA,21,"...","  Arts, entertainment, recreation, accommodation, and food services","Thousands of dollars",13128618,13130858,14059491,15326836,16109894,17522468,18830704,19896400
 "12000","Florida",5,SAOVA,22,"...","   Arts, entertainment, and recreation","Thousands of dollars",6594603,6533136,6890316,7370203,8059951,8895921,9691380,10298212
 "12000","Florida",5,SAOVA,23,"...","   Accommodation and food services","Thousands of dollars",6534015,6597722,7169175,7956633,8049943,8626547,9139324,9598189
 "12000","Florida",5,SAOVA,24,"...","  Other services, except government","Thousands of dollars",413733,429865,466455,516608,556360,597243,623335,648433
 "12000","Florida",5,SAOVA,25,"..."," Government","Thousands of dollars",1379658,1466329,1564363,1626444,1692953,1760725,1851981,1935337
 "12000","Florida",5,SAOVA,26,"...","  Federal","Thousands of dollars",109884,128592,121647,114986,117473,118435,122557,127476
 "12000","Florida",5,SAOVA,27,"...","  State and local","Thousands of dollars",1269774,1337737,1442715,1511458,1575480,1642291,1729425,1807861
"Note: See the included footnote file."
"SAOVA: Outdoor Recreation Satellite Account Value Added 1/"
"Last updated: November 10, 2020-- new statistics for 2018-2019; revised statistics for 2012-2017."
"Source: U.S. Department of Commerce / Bureau of Economic Analysis / Regional Economic Accounts"
