GeoFIPS,GeoName,Region,TableName,LineCode,IndustryClassification,Description,Unit,2012,2013,2014,2015,2016,2017,2018,2019
 "19000","Iowa",4,SAOVA,1,"...","All Industries","Thousands of dollars",2959069,3065375,3076132,3144352,3258963,3383447,3477738,3609307
 "19000","Iowa",4,SAOVA,2,"..."," Private Industries","Thousands of dollars",2784168,2890556,2889555,2957596,3066553,3183114,3266179,3388297
 "19000","Iowa",4,SAOVA,3,"...","  Agriculture, forestry, fishing, and hunting","Thousands of dollars",217626,220899,217024,216742,214597,247400,255222,244770
 "19000","Iowa",4,SAOVA,4,"...","  Mining","Thousands of dollars",71,66,69,52,51,68,73,76
 "19000","Iowa",4,SAOVA,5,"...","  Utilities","Thousands of dollars",6,7,6,7,9,10,7,8
 "19000","Iowa",4,SAOVA,6,"...","  Construction","Thousands of dollars",81329,89660,85599,84284,82674,88598,93158,94552
 "19000","Iowa",4,SAOVA,7,"...","  Manufacturing","Thousands of dollars",584840,644571,636265,652343,646547,713081,783452,785270
 "19000","Iowa",4,SAOVA,8,"...","   Durable goods","Thousands of dollars",368409,412923,390159,382778,365058,422722,483467,481204
 "19000","Iowa",4,SAOVA,9,"...","   Nondurable goods","Thousands of dollars",216431,231648,246106,269565,281489,290359,299985,304066
 "19000","Iowa",4,SAOVA,10,"...","  Wholesale trade","Thousands of dollars",347685,340413,358050,384665,407943,421469,402444,411711
 "19000","Iowa",4,SAOVA,11,"...","  Retail trade","Thousands of dollars",758725,793722,779567,769729,794559,787700,782573,822788
 "19000","Iowa",4,SAOVA,12,"...","  Transportation and warehousing","Thousands of dollars",127696,127033,129858,136027,137522,141367,148309,156284
 "19000","Iowa",4,SAOVA,13,"...","  Information","Thousands of dollars",10022,10338,10440,10777,11477,11872,12301,12438
 "19000","Iowa",4,SAOVA,14,"...","  Finance, insurance, real estate, rental, and leasing","Thousands of dollars",77240,81272,76477,86969,97327,95307,107205,115953
 "19000","Iowa",4,SAOVA,15,"...","   Finance and insurance","Thousands of dollars",27661,24677,29347,31954,33043,32060,35018,38607
 "19000","Iowa",4,SAOVA,16,"...","   Real estate and rental and leasing","Thousands of dollars",49579,56595,47131,55015,64283,63247,72186,77347
 "19000","Iowa",4,SAOVA,17,"...","  Professional and business services","Thousands of dollars",35735,34702,38397,41279,43978,48326,50452,51417
 "19000","Iowa",4,SAOVA,18,"...","  Educational services, health care, and social assistance","Thousands of dollars",20288,20650,22151,22581,25453,27151,29692,30370
 "19000","Iowa",4,SAOVA,19,"...","   Educational services","Thousands of dollars",16282,16814,18239,18574,21047,22671,25294,25623
 "19000","Iowa",4,SAOVA,20,"...","   Health care and social assistance","Thousands of dollars",4006,3836,3912,4008,4406,4480,4398,4748
 "19000","Iowa",4,SAOVA,21,"...","  Arts, entertainment, recreation, accommodation, and food services","Thousands of dollars",486783,490612,498105,513824,565678,561167,561159,621989
 "19000","Iowa",4,SAOVA,22,"...","   Arts, entertainment, and recreation","Thousands of dollars",243020,242167,257374,268855,281291,283949,290926,299804
 "19000","Iowa",4,SAOVA,23,"...","   Accommodation and food services","Thousands of dollars",243763,248445,240731,244968,284387,277218,270232,322184
 "19000","Iowa",4,SAOVA,24,"...","  Other services, except government","Thousands of dollars",36124,36611,37547,38317,38741,39597,40133,40672
 "19000","Iowa",4,SAOVA,25,"..."," Government","Thousands of dollars",174901,174820,186577,186756,192410,200333,211560,221010
 "19000","Iowa",4,SAOVA,26,"...","  Federal","Thousands of dollars",3342,3939,3650,3433,3489,3509,3621,3753
 "19000","Iowa",4,SAOVA,27,"...","  State and local","Thousands of dollars",171559,170881,182927,183323,188921,196824,207939,217256
"Note: See the included footnote file."
"SAOVA: Outdoor Recreation Satellite Account Value Added 1/"
"Last updated: November 10, 2020-- new statistics for 2018-2019; revised statistics for 2012-2017."
"Source: U.S. Department of Commerce / Bureau of Economic Analysis / Regional Economic Accounts"
