GeoFIPS,GeoName,Region,TableName,LineCode,IndustryClassification,Description,Unit,2012,2013,2014,2015,2016,2017,2018,2019
 "13000","Georgia",5,SAOVA,1,"...","All Industries","Thousands of dollars",9235643,9488360,9823966,10416961,11032516,11532250,11959376,12379136
 "13000","Georgia",5,SAOVA,2,"..."," Private Industries","Thousands of dollars",8783189,9003981,9316589,9894579,10488555,10971350,11375752,11774869
 "13000","Georgia",5,SAOVA,3,"...","  Agriculture, forestry, fishing, and hunting","Thousands of dollars",339226,390246,368580,400003,339831,404449,379493,384201
 "13000","Georgia",5,SAOVA,4,"...","  Mining","Thousands of dollars",248,231,239,193,230,333,377,364
 "13000","Georgia",5,SAOVA,5,"...","  Utilities","Thousands of dollars",24,24,22,26,30,32,22,27
 "13000","Georgia",5,SAOVA,6,"...","  Construction","Thousands of dollars",114815,108192,113520,129669,146386,165710,175878,173369
 "13000","Georgia",5,SAOVA,7,"...","  Manufacturing","Thousands of dollars",994282,1028088,1058085,1118942,1133095,1229338,1328107,1381125
 "13000","Georgia",5,SAOVA,8,"...","   Durable goods","Thousands of dollars",620098,641329,656181,698017,697523,803041,888048,926073
 "13000","Georgia",5,SAOVA,9,"...","   Nondurable goods","Thousands of dollars",374184,386759,401904,420926,435572,426297,440059,455053
 "13000","Georgia",5,SAOVA,10,"...","  Wholesale trade","Thousands of dollars",714000,723323,742659,788788,996672,1022136,1002284,1013953
 "13000","Georgia",5,SAOVA,11,"...","  Retail trade","Thousands of dollars",2283944,2394655,2416630,2480447,2570538,2631379,2666484,2731261
 "13000","Georgia",5,SAOVA,12,"...","  Transportation and warehousing","Thousands of dollars",1370219,1366985,1455064,1585019,1704260,1749917,1812367,1904545
 "13000","Georgia",5,SAOVA,13,"...","  Information","Thousands of dollars",57735,62508,64069,67469,71374,75383,79846,82016
 "13000","Georgia",5,SAOVA,14,"...","  Finance, insurance, real estate, rental, and leasing","Thousands of dollars",409180,418920,408805,443929,484014,502280,488209,517965
 "13000","Georgia",5,SAOVA,15,"...","   Finance and insurance","Thousands of dollars",78005,69906,85867,96943,101189,93784,98198,105983
 "13000","Georgia",5,SAOVA,16,"...","   Real estate and rental and leasing","Thousands of dollars",331175,349014,322938,346986,382824,408496,390011,411982
 "13000","Georgia",5,SAOVA,17,"...","  Professional and business services","Thousands of dollars",197484,187704,188236,185755,177054,189672,192207,197875
 "13000","Georgia",5,SAOVA,18,"...","  Educational services, health care, and social assistance","Thousands of dollars",79259,78852,84017,82786,90920,94716,102334,102064
 "13000","Georgia",5,SAOVA,19,"...","   Educational services","Thousands of dollars",66259,66564,71253,69478,76463,79772,87104,85882
 "13000","Georgia",5,SAOVA,20,"...","   Health care and social assistance","Thousands of dollars",13000,12288,12764,13309,14457,14944,15231,16181
 "13000","Georgia",5,SAOVA,21,"...","  Arts, entertainment, recreation, accommodation, and food services","Thousands of dollars",2101706,2122358,2290722,2478944,2636110,2758450,2992418,3120364
 "13000","Georgia",5,SAOVA,22,"...","   Arts, entertainment, and recreation","Thousands of dollars",988384,1017188,1101200,1161870,1233758,1285213,1346981,1405148
 "13000","Georgia",5,SAOVA,23,"...","   Accommodation and food services","Thousands of dollars",1113322,1105170,1189522,1317074,1402351,1473236,1645437,1715217
 "13000","Georgia",5,SAOVA,24,"...","  Other services, except government","Thousands of dollars",121067,121895,125941,132609,138043,147556,155725,165740
 "13000","Georgia",5,SAOVA,25,"..."," Government","Thousands of dollars",452453,484379,507378,522382,543961,560900,583624,604267
 "13000","Georgia",5,SAOVA,26,"...","  Federal","Thousands of dollars",75557,89371,83784,78597,79692,79854,83005,87692
 "13000","Georgia",5,SAOVA,27,"...","  State and local","Thousands of dollars",376897,395008,423594,443786,464269,481046,500619,516575
"Note: See the included footnote file."
"SAOVA: Outdoor Recreation Satellite Account Value Added 1/"
"Last updated: November 10, 2020-- new statistics for 2018-2019; revised statistics for 2012-2017."
"Source: U.S. Department of Commerce / Bureau of Economic Analysis / Regional Economic Accounts"
