GeoFIPS,GeoName,Region,TableName,LineCode,IndustryClassification,Description,Unit,2012,2013,2014,2015,2016,2017,2018,2019
 "26000","Michigan",3,SAOVA,1,"...","All Industries","Thousands of dollars",8121221,8294719,8446146,8757350,8941833,9424033,9752912,10105773
 "26000","Michigan",3,SAOVA,2,"..."," Private Industries","Thousands of dollars",7707641,7859306,7980616,8272775,8441076,8905742,9207747,9531897
 "26000","Michigan",3,SAOVA,3,"...","  Agriculture, forestry, fishing, and hunting","Thousands of dollars",218385,248144,234399,250242,228828,270262,265917,276694
 "26000","Michigan",3,SAOVA,4,"...","  Mining","Thousands of dollars",611,605,627,455,381,472,497,456
 "26000","Michigan",3,SAOVA,5,"...","  Utilities","Thousands of dollars",42,45,37,43,48,52,33,42
 "26000","Michigan",3,SAOVA,6,"...","  Construction","Thousands of dollars",89441,93161,103372,121058,133945,149399,158433,158807
 "26000","Michigan",3,SAOVA,7,"...","  Manufacturing","Thousands of dollars",1018101,1067083,1071744,1061118,986024,1019747,1100842,1106118
 "26000","Michigan",3,SAOVA,8,"...","   Durable goods","Thousands of dollars",587323,612529,609410,593679,545838,572182,619394,625210
 "26000","Michigan",3,SAOVA,9,"...","   Nondurable goods","Thousands of dollars",430777,454554,462334,467439,440185,447565,481447,480908
 "26000","Michigan",3,SAOVA,10,"...","  Wholesale trade","Thousands of dollars",676037,663065,689270,729512,704193,783840,792942,811741
 "26000","Michigan",3,SAOVA,11,"...","  Retail trade","Thousands of dollars",2332070,2406025,2413164,2430196,2505610,2575415,2592033,2690850
 "26000","Michigan",3,SAOVA,12,"...","  Transportation and warehousing","Thousands of dollars",517595,536451,568202,623781,661515,684985,717210,771213
 "26000","Michigan",3,SAOVA,13,"...","  Information","Thousands of dollars",20942,22540,23065,25174,26726,27581,28096,28411
 "26000","Michigan",3,SAOVA,14,"...","  Finance, insurance, real estate, rental, and leasing","Thousands of dollars",854271,840144,741827,809433,871555,877109,923816,968292
 "26000","Michigan",3,SAOVA,15,"...","   Finance and insurance","Thousands of dollars",113733,101159,122522,136874,141991,132153,136730,144655
 "26000","Michigan",3,SAOVA,16,"...","   Real estate and rental and leasing","Thousands of dollars",740538,738986,619304,672559,729563,744956,787086,823638
 "26000","Michigan",3,SAOVA,17,"...","  Professional and business services","Thousands of dollars",112834,109437,114934,119284,120496,131142,133198,135001
 "26000","Michigan",3,SAOVA,18,"...","  Educational services, health care, and social assistance","Thousands of dollars",60611,60388,65171,65137,71340,75822,81608,81092
 "26000","Michigan",3,SAOVA,19,"...","   Educational services","Thousands of dollars",46593,47172,51517,51271,56642,60618,66537,65330
 "26000","Michigan",3,SAOVA,20,"...","   Health care and social assistance","Thousands of dollars",14018,13216,13655,13866,14699,15203,15070,15762
 "26000","Michigan",3,SAOVA,21,"...","  Arts, entertainment, recreation, accommodation, and food services","Thousands of dollars",1673816,1675745,1808056,1875836,1953804,2115813,2201573,2273748
 "26000","Michigan",3,SAOVA,22,"...","   Arts, entertainment, and recreation","Thousands of dollars",903094,922947,996166,1021914,1085075,1126710,1178537,1204961
 "26000","Michigan",3,SAOVA,23,"...","   Accommodation and food services","Thousands of dollars",770722,752798,811889,853922,868728,989103,1023036,1068787
 "26000","Michigan",3,SAOVA,24,"...","  Other services, except government","Thousands of dollars",132886,136474,146749,161507,176611,194104,211553,229432
 "26000","Michigan",3,SAOVA,25,"..."," Government","Thousands of dollars",413581,435413,465530,484575,500756,518291,545165,573876
 "26000","Michigan",3,SAOVA,26,"...","  Federal","Thousands of dollars",26825,30381,29712,28352,30169,32378,35031,37258
 "26000","Michigan",3,SAOVA,27,"...","  State and local","Thousands of dollars",386756,405032,435818,456223,470587,485912,510134,536618
"Note: See the included footnote file."
"SAOVA: Outdoor Recreation Satellite Account Value Added 1/"
"Last updated: November 10, 2020-- new statistics for 2018-2019; revised statistics for 2012-2017."
"Source: U.S. Department of Commerce / Bureau of Economic Analysis / Regional Economic Accounts"
