GeoFIPS,GeoName,Region,TableName,LineCode,IndustryClassification,Description,Unit,2012,2013,2014,2015,2016,2017,2018,2019
 "36000","New York",2,SAOVA,1,"...","All Industries","Thousands of dollars",23748762,24341628,24922066,26519845,27560949,27410477,28284311,29246321
 "36000","New York",2,SAOVA,2,"..."," Private Industries","Thousands of dollars",22541120,22959599,23399970,24852790,25841631,25675766,26486695,27340552
 "36000","New York",2,SAOVA,3,"...","  Agriculture, forestry, fishing, and hunting","Thousands of dollars",183295,205658,194196,189086,169454,191219,181246,178222
 "36000","New York",2,SAOVA,4,"...","  Mining","Thousands of dollars",610,605,677,563,564,783,838,751
 "36000","New York",2,SAOVA,5,"...","  Utilities","Thousands of dollars",54,57,51,62,72,75,49,59
 "36000","New York",2,SAOVA,6,"...","  Construction","Thousands of dollars",518779,442863,455527,481679,500865,532572,557556,561570
 "36000","New York",2,SAOVA,7,"...","  Manufacturing","Thousands of dollars",1575885,1624823,1657191,1731208,1649143,1580115,1508548,1486808
 "36000","New York",2,SAOVA,8,"...","   Durable goods","Thousands of dollars",382740,417462,397255,433483,386478,371528,378990,392085
 "36000","New York",2,SAOVA,9,"...","   Nondurable goods","Thousands of dollars",1193145,1207361,1259936,1297726,1262665,1208586,1129558,1094723
 "36000","New York",2,SAOVA,10,"...","  Wholesale trade","Thousands of dollars",3164939,3066087,3147732,3365565,3256851,3194930,3041582,2978481
 "36000","New York",2,SAOVA,11,"...","  Retail trade","Thousands of dollars",5627468,5934140,5956640,6088332,6231253,6168528,6292110,6569659
 "36000","New York",2,SAOVA,12,"...","  Transportation and warehousing","Thousands of dollars",1922295,2081683,2254932,2584545,2703793,2743936,2822066,2933896
 "36000","New York",2,SAOVA,13,"...","  Information","Thousands of dollars",153862,157678,159947,164704,179485,181503,191134,194432
 "36000","New York",2,SAOVA,14,"...","  Finance, insurance, real estate, rental, and leasing","Thousands of dollars",1660433,1697967,1431781,1661764,1766579,1763575,1822479,1927040
 "36000","New York",2,SAOVA,15,"...","   Finance and insurance","Thousands of dollars",329056,287877,325254,331260,323658,298107,308906,323911
 "36000","New York",2,SAOVA,16,"...","   Real estate and rental and leasing","Thousands of dollars",1331377,1410090,1106526,1330504,1442921,1465468,1513572,1603129
 "36000","New York",2,SAOVA,17,"...","  Professional and business services","Thousands of dollars",443856,438002,455842,501671,505616,577540,594487,629264
 "36000","New York",2,SAOVA,18,"...","  Educational services, health care, and social assistance","Thousands of dollars",288392,292827,315328,314449,354425,373649,403831,402349
 "36000","New York",2,SAOVA,19,"...","   Educational services","Thousands of dollars",253647,260129,281675,279489,315850,334721,363551,359426
 "36000","New York",2,SAOVA,20,"...","   Health care and social assistance","Thousands of dollars",34745,32698,33652,34961,38576,38928,40279,42922
 "36000","New York",2,SAOVA,21,"...","  Arts, entertainment, recreation, accommodation, and food services","Thousands of dollars",6663965,6681899,7020451,7409311,8158167,7986101,8678690,9073539
 "36000","New York",2,SAOVA,22,"...","   Arts, entertainment, and recreation","Thousands of dollars",2831489,2923761,3167284,3256499,3507090,3619131,3821056,4005886
 "36000","New York",2,SAOVA,23,"...","   Accommodation and food services","Thousands of dollars",3832476,3758138,3853167,4152812,4651077,4366970,4857634,5067654
 "36000","New York",2,SAOVA,24,"...","  Other services, except government","Thousands of dollars",337285,335311,349676,359850,365365,381240,392079,404481
 "36000","New York",2,SAOVA,25,"..."," Government","Thousands of dollars",1207641,1382029,1522096,1667055,1719318,1734711,1797616,1905768
 "36000","New York",2,SAOVA,26,"...","  Federal","Thousands of dollars",156793,164246,140554,127936,140251,153813,175202,191873
 "36000","New York",2,SAOVA,27,"...","  State and local","Thousands of dollars",1050848,1217783,1381542,1539119,1579067,1580898,1622414,1713895
"Note: See the included footnote file."
"SAOVA: Outdoor Recreation Satellite Account Value Added 1/"
"Last updated: November 10, 2020-- new statistics for 2018-2019; revised statistics for 2012-2017."
"Source: U.S. Department of Commerce / Bureau of Economic Analysis / Regional Economic Accounts"
