GeoFIPS,GeoName,Region,TableName,LineCode,IndustryClassification,Description,Unit,2012,2013,2014,2015,2016,2017,2018,2019
 "55000","Wisconsin",3,SAOVA,1,"...","All Industries","Thousands of dollars",6965822,7143611,7121280,7246648,7279878,7495365,7595044,7710465
 "55000","Wisconsin",3,SAOVA,2,"..."," Private Industries","Thousands of dollars",6638454,6807648,6767374,6888997,6916996,7128424,7218857,7321168
 "55000","Wisconsin",3,SAOVA,3,"...","  Agriculture, forestry, fishing, and hunting","Thousands of dollars",144902,164291,155034,156522,142988,162968,165051,172663
 "55000","Wisconsin",3,SAOVA,4,"...","  Mining","Thousands of dollars",293,275,300,224,195,284,278,241
 "55000","Wisconsin",3,SAOVA,5,"...","  Utilities","Thousands of dollars",31,33,28,35,42,46,29,34
 "55000","Wisconsin",3,SAOVA,6,"...","  Construction","Thousands of dollars",74830,78267,85949,99372,106889,117914,128300,133454
 "55000","Wisconsin",3,SAOVA,7,"...","  Manufacturing","Thousands of dollars",1746171,1909882,1824993,1745424,1685560,1716250,1592332,1608565
 "55000","Wisconsin",3,SAOVA,8,"...","   Durable goods","Thousands of dollars",1381260,1531840,1446482,1348446,1271621,1313546,1172310,1182286
 "55000","Wisconsin",3,SAOVA,9,"...","   Nondurable goods","Thousands of dollars",364912,378042,378511,396977,413939,402705,420021,426279
 "55000","Wisconsin",3,SAOVA,10,"...","  Wholesale trade","Thousands of dollars",819041,824371,856207,874952,850944,841256,836127,843716
 "55000","Wisconsin",3,SAOVA,11,"...","  Retail trade","Thousands of dollars",1341983,1372401,1366305,1374359,1399704,1430443,1452947,1480218
 "55000","Wisconsin",3,SAOVA,12,"...","  Transportation and warehousing","Thousands of dollars",292536,297408,305622,320197,323303,328270,344327,360433
 "55000","Wisconsin",3,SAOVA,13,"...","  Information","Thousands of dollars",15817,16299,16556,17727,18753,19622,19972,20548
 "55000","Wisconsin",3,SAOVA,14,"...","  Finance, insurance, real estate, rental, and leasing","Thousands of dollars",577018,557170,472134,534280,563365,574512,601518,635714
 "55000","Wisconsin",3,SAOVA,15,"...","   Finance and insurance","Thousands of dollars",70581,62718,74030,80791,81468,74879,77388,82292
 "55000","Wisconsin",3,SAOVA,16,"...","   Real estate and rental and leasing","Thousands of dollars",506437,494451,398104,453488,481897,499633,524130,553423
 "55000","Wisconsin",3,SAOVA,17,"...","  Professional and business services","Thousands of dollars",78826,76140,80598,86038,92336,106084,113075,114626
 "55000","Wisconsin",3,SAOVA,18,"...","  Educational services, health care, and social assistance","Thousands of dollars",45574,45217,48082,47780,52630,55942,61091,61211
 "55000","Wisconsin",3,SAOVA,19,"...","   Educational services","Thousands of dollars",37036,37152,39743,39151,43514,46557,51653,51488
 "55000","Wisconsin",3,SAOVA,20,"...","   Health care and social assistance","Thousands of dollars",8539,8065,8339,8629,9116,9385,9438,9723
 "55000","Wisconsin",3,SAOVA,21,"...","  Arts, entertainment, recreation, accommodation, and food services","Thousands of dollars",1435155,1399405,1486736,1559213,1605053,1695903,1822876,1805896
 "55000","Wisconsin",3,SAOVA,22,"...","   Arts, entertainment, and recreation","Thousands of dollars",735546,750195,811881,836531,890540,930151,998246,1039253
 "55000","Wisconsin",3,SAOVA,23,"...","   Accommodation and food services","Thousands of dollars",699609,649209,674855,722682,714513,765752,824630,766643
 "55000","Wisconsin",3,SAOVA,24,"...","  Other services, except government","Thousands of dollars",66276,66489,68831,72875,75232,78931,80935,83849
 "55000","Wisconsin",3,SAOVA,25,"..."," Government","Thousands of dollars",327368,335963,353907,357651,362882,366941,376187,389297
 "55000","Wisconsin",3,SAOVA,26,"...","  Federal","Thousands of dollars",8038,8282,8418,8234,9156,9835,10269,10693
 "55000","Wisconsin",3,SAOVA,27,"...","  State and local","Thousands of dollars",319330,327681,345488,349417,353726,357105,365918,378604
"Note: See the included footnote file."
"SAOVA: Outdoor Recreation Satellite Account Value Added 1/"
"Last updated: November 10, 2020-- new statistics for 2018-2019; revised statistics for 2012-2017."
"Source: U.S. Department of Commerce / Bureau of Economic Analysis / Regional Economic Accounts"
