GeoFIPS,GeoName,Region,TableName,LineCode,IndustryClassification,Description,Unit,2012,2013,2014,2015,2016,2017,2018,2019
 "31000","Nebraska",4,SAOVA,1,"...","All Industries","Thousands of dollars",2035902,2071232,2059602,2125593,2142526,2213906,2315931,2403887
 "31000","Nebraska",4,SAOVA,2,"..."," Private Industries","Thousands of dollars",1932170,1960356,1939299,2000006,2015734,2086660,2185448,2268354
 "31000","Nebraska",4,SAOVA,3,"...","  Agriculture, forestry, fishing, and hunting","Thousands of dollars",103478,105265,106369,103656,100979,110799,115970,109906
 "31000","Nebraska",4,SAOVA,4,"...","  Mining","Thousands of dollars",53,51,56,39,32,40,44,42
 "31000","Nebraska",4,SAOVA,5,"...","  Utilities","Thousands of dollars",12,14,11,14,17,21,15,19
 "31000","Nebraska",4,SAOVA,6,"...","  Construction","Thousands of dollars",51356,50862,51445,55948,59008,65112,70170,72049
 "31000","Nebraska",4,SAOVA,7,"...","  Manufacturing","Thousands of dollars",309904,338577,318308,321910,339688,392479,421754,470262
 "31000","Nebraska",4,SAOVA,8,"...","   Durable goods","Thousands of dollars",190050,214685,188768,181346,186966,234117,258737,302935
 "31000","Nebraska",4,SAOVA,9,"...","   Nondurable goods","Thousands of dollars",119853,123892,129539,140564,152722,158361,163017,167327
 "31000","Nebraska",4,SAOVA,10,"...","  Wholesale trade","Thousands of dollars",225489,220541,233345,236635,226392,223194,217402,220391
 "31000","Nebraska",4,SAOVA,11,"...","  Retail trade","Thousands of dollars",515544,531879,512675,510156,508528,510608,521598,530175
 "31000","Nebraska",4,SAOVA,12,"...","  Transportation and warehousing","Thousands of dollars",184565,182231,185513,191036,189840,195252,201442,210803
 "31000","Nebraska",4,SAOVA,13,"...","  Information","Thousands of dollars",4684,4893,5068,5365,6167,6759,7261,7230
 "31000","Nebraska",4,SAOVA,14,"...","  Finance, insurance, real estate, rental, and leasing","Thousands of dollars",58132,58674,57813,63867,68656,71686,71584,78363
 "31000","Nebraska",4,SAOVA,15,"...","   Finance and insurance","Thousands of dollars",19799,18000,21198,23248,23536,22768,24543,26813
 "31000","Nebraska",4,SAOVA,16,"...","   Real estate and rental and leasing","Thousands of dollars",38333,40675,36615,40619,45120,48918,47041,51550
 "31000","Nebraska",4,SAOVA,17,"...","  Professional and business services","Thousands of dollars",71428,63682,62656,58108,53608,53387,51612,50805
 "31000","Nebraska",4,SAOVA,18,"...","  Educational services, health care, and social assistance","Thousands of dollars",17800,17912,19145,19563,21639,22870,25210,25377
 "31000","Nebraska",4,SAOVA,19,"...","   Educational services","Thousands of dollars",14438,14767,15986,16275,18146,19343,21661,21682
 "31000","Nebraska",4,SAOVA,20,"...","   Health care and social assistance","Thousands of dollars",3362,3145,3159,3288,3493,3528,3549,3695
 "31000","Nebraska",4,SAOVA,21,"...","  Arts, entertainment, recreation, accommodation, and food services","Thousands of dollars",363277,359313,359692,405313,412003,404071,450234,461141
 "31000","Nebraska",4,SAOVA,22,"...","   Arts, entertainment, and recreation","Thousands of dollars",144785,148125,158850,167051,176888,180584,188768,194881
 "31000","Nebraska",4,SAOVA,23,"...","   Accommodation and food services","Thousands of dollars",218492,211188,200842,238262,235115,223487,261466,266260
 "31000","Nebraska",4,SAOVA,24,"...","  Other services, except government","Thousands of dollars",26449,26462,27202,28396,29178,30383,31153,31790
 "31000","Nebraska",4,SAOVA,25,"..."," Government","Thousands of dollars",103732,110875,120303,125587,126792,127246,130483,135533
 "31000","Nebraska",4,SAOVA,26,"...","  Federal","Thousands of dollars",4614,5326,4985,4590,4684,4909,5239,5579
 "31000","Nebraska",4,SAOVA,27,"...","  State and local","Thousands of dollars",99118,105550,115318,120996,122108,122338,125243,129955
"Note: See the included footnote file."
"SAOVA: Outdoor Recreation Satellite Account Value Added 1/"
"Last updated: November 10, 2020-- new statistics for 2018-2019; revised statistics for 2012-2017."
"Source: U.S. Department of Commerce / Bureau of Economic Analysis / Regional Economic Accounts"
