GeoFIPS,GeoName,Region,TableName,LineCode,IndustryClassification,Description,Unit,2012,2013,2014,2015,2016,2017,2018,2019
 "33000","New Hampshire",1,SAOVA,1,"...","All Industries","Thousands of dollars",2181730,2257674,2224299,2378819,2457499,2551809,2602801,2769888
 "33000","New Hampshire",1,SAOVA,2,"..."," Private Industries","Thousands of dollars",2117857,2187428,2148447,2298686,2376207,2468242,2514866,2677231
 "33000","New Hampshire",1,SAOVA,3,"...","  Agriculture, forestry, fishing, and hunting","Thousands of dollars",7589,10589,10071,10497,9218,9607,9219,8863
 "33000","New Hampshire",1,SAOVA,4,"...","  Mining","Thousands of dollars",19,18,19,15,13,16,18,17
 "33000","New Hampshire",1,SAOVA,5,"...","  Utilities","Thousands of dollars",5,5,4,5,7,7,4,5
 "33000","New Hampshire",1,SAOVA,6,"...","  Construction","Thousands of dollars",6044,6212,6538,7816,8863,10198,11040,11050
 "33000","New Hampshire",1,SAOVA,7,"...","  Manufacturing","Thousands of dollars",201855,255763,220366,235731,278903,279186,294213,340366
 "33000","New Hampshire",1,SAOVA,8,"...","   Durable goods","Thousands of dollars",166702,219270,183386,196270,237660,237598,251229,296506
 "33000","New Hampshire",1,SAOVA,9,"...","   Nondurable goods","Thousands of dollars",35153,36493,36981,39461,41243,41589,42983,43860
 "33000","New Hampshire",1,SAOVA,10,"...","  Wholesale trade","Thousands of dollars",180133,176544,184333,196925,185556,194408,192995,200524
 "33000","New Hampshire",1,SAOVA,11,"...","  Retail trade","Thousands of dollars",585938,611946,618186,634065,637828,654781,650350,682896
 "33000","New Hampshire",1,SAOVA,12,"...","  Transportation and warehousing","Thousands of dollars",90225,91125,92543,94246,92609,90855,89240,95098
 "33000","New Hampshire",1,SAOVA,13,"...","  Information","Thousands of dollars",4830,5012,5058,5525,5871,6148,6359,6575
 "33000","New Hampshire",1,SAOVA,14,"...","  Finance, insurance, real estate, rental, and leasing","Thousands of dollars",278898,271386,228092,271337,295343,299715,313909,319489
 "33000","New Hampshire",1,SAOVA,15,"...","   Finance and insurance","Thousands of dollars",30861,27312,31948,34710,35399,32655,34475,36736
 "33000","New Hampshire",1,SAOVA,16,"...","   Real estate and rental and leasing","Thousands of dollars",248037,244074,196144,236627,259944,267061,279434,282753
 "33000","New Hampshire",1,SAOVA,17,"...","  Professional and business services","Thousands of dollars",20845,20600,22041,23859,24420,25994,25463,25542
 "33000","New Hampshire",1,SAOVA,18,"...","  Educational services, health care, and social assistance","Thousands of dollars",21417,21261,22416,22430,24576,26028,27289,27201
 "33000","New Hampshire",1,SAOVA,19,"...","   Educational services","Thousands of dollars",18298,18387,19491,19407,21388,22701,23998,23636
 "33000","New Hampshire",1,SAOVA,20,"...","   Health care and social assistance","Thousands of dollars",3119,2874,2925,3022,3189,3328,3291,3565
 "33000","New Hampshire",1,SAOVA,21,"...","  Arts, entertainment, recreation, accommodation, and food services","Thousands of dollars",693245,690447,711990,768638,784683,841681,864374,928108
 "33000","New Hampshire",1,SAOVA,22,"...","   Arts, entertainment, and recreation","Thousands of dollars",253431,252323,263711,271968,284391,292537,310671,323603
 "33000","New Hampshire",1,SAOVA,23,"...","   Accommodation and food services","Thousands of dollars",439814,438124,448280,496669,500292,549144,553703,604505
 "33000","New Hampshire",1,SAOVA,24,"...","  Other services, except government","Thousands of dollars",26815,26521,26789,27596,28315,29617,30394,31498
 "33000","New Hampshire",1,SAOVA,25,"..."," Government","Thousands of dollars",63873,70247,75852,80133,81292,83568,87934,92656
 "33000","New Hampshire",1,SAOVA,26,"...","  Federal","Thousands of dollars",6206,6582,6790,6328,6121,5809,5286,5149
 "33000","New Hampshire",1,SAOVA,27,"...","  State and local","Thousands of dollars",57667,63665,69062,73806,75171,77759,82648,87508
"Note: See the included footnote file."
"SAOVA: Outdoor Recreation Satellite Account Value Added 1/"
"Last updated: November 10, 2020-- new statistics for 2018-2019; revised statistics for 2012-2017."
"Source: U.S. Department of Commerce / Bureau of Economic Analysis / Regional Economic Accounts"
