GeoFIPS,GeoName,Region,TableName,LineCode,IndustryClassification,Description,Unit,2012,2013,2014,2015,2016,2017,2018,2019
 "32000","Nevada",8,SAOVA,1,"...","All Industries","Thousands of dollars",4066313,4152860,4298925,4663742,4898118,5065744,5151725,5465169
 "32000","Nevada",8,SAOVA,2,"..."," Private Industries","Thousands of dollars",3726324,3793520,3914672,4258317,4485596,4649887,4720723,5007792
 "32000","Nevada",8,SAOVA,3,"...","  Agriculture, forestry, fishing, and hunting","Thousands of dollars",8069,8849,9195,9399,8963,9767,9865,9581
 "32000","Nevada",8,SAOVA,4,"...","  Mining","Thousands of dollars",648,562,565,404,363,541,587,546
 "32000","Nevada",8,SAOVA,5,"...","  Utilities","Thousands of dollars",34,36,32,41,48,52,33,37
 "32000","Nevada",8,SAOVA,6,"...","  Construction","Thousands of dollars",108753,109341,119663,127763,130076,136384,148047,155475
 "32000","Nevada",8,SAOVA,7,"...","  Manufacturing","Thousands of dollars",75262,80135,80965,82809,86363,89590,90172,98018
 "32000","Nevada",8,SAOVA,8,"...","   Durable goods","Thousands of dollars",43857,46314,46233,46621,50863,53956,52698,59556
 "32000","Nevada",8,SAOVA,9,"...","   Nondurable goods","Thousands of dollars",31405,33821,34732,36189,35500,35634,37474,38462
 "32000","Nevada",8,SAOVA,10,"...","  Wholesale trade","Thousands of dollars",236895,229230,239699,266774,269025,274168,271096,280372
 "32000","Nevada",8,SAOVA,11,"...","  Retail trade","Thousands of dollars",941126,981703,987659,1028426,1064269,1085367,1094841,1146626
 "32000","Nevada",8,SAOVA,12,"...","  Transportation and warehousing","Thousands of dollars",901509,962577,1032675,1143769,1161080,1200890,1227566,1304545
 "32000","Nevada",8,SAOVA,13,"...","  Information","Thousands of dollars",7533,7949,8239,8763,9234,9497,10027,10595
 "32000","Nevada",8,SAOVA,14,"...","  Finance, insurance, real estate, rental, and leasing","Thousands of dollars",207167,233839,194398,209961,231875,238729,220355,260415
 "32000","Nevada",8,SAOVA,15,"...","   Finance and insurance","Thousands of dollars",39220,37612,44895,52573,57986,60326,67597,78659
 "32000","Nevada",8,SAOVA,16,"...","   Real estate and rental and leasing","Thousands of dollars",167947,196227,149503,157388,173889,178403,152758,181756
 "32000","Nevada",8,SAOVA,17,"...","  Professional and business services","Thousands of dollars",73994,69489,71713,76266,80038,91546,91955,95308
 "32000","Nevada",8,SAOVA,18,"...","  Educational services, health care, and social assistance","Thousands of dollars",23860,22624,24477,26223,29949,32543,35583,36786
 "32000","Nevada",8,SAOVA,19,"...","   Educational services","Thousands of dollars",17847,17169,18884,20120,23169,25483,28515,29172
 "32000","Nevada",8,SAOVA,20,"...","   Health care and social assistance","Thousands of dollars",6014,5455,5593,6103,6780,7059,7067,7614
 "32000","Nevada",8,SAOVA,21,"...","  Arts, entertainment, recreation, accommodation, and food services","Thousands of dollars",1102477,1048007,1104821,1235230,1370352,1433853,1470480,1556381
 "32000","Nevada",8,SAOVA,22,"...","   Arts, entertainment, and recreation","Thousands of dollars",443273,447035,484687,502072,555378,574100,608494,628545
 "32000","Nevada",8,SAOVA,23,"...","   Accommodation and food services","Thousands of dollars",659203,600972,620134,733158,814975,859753,861986,927836
 "32000","Nevada",8,SAOVA,24,"...","  Other services, except government","Thousands of dollars",38996,39178,40572,42487,43959,46960,50117,53108
 "32000","Nevada",8,SAOVA,25,"..."," Government","Thousands of dollars",339989,359340,384253,405426,412521,415857,431001,457377
 "32000","Nevada",8,SAOVA,26,"...","  Federal","Thousands of dollars",54091,57812,53771,50700,53884,56095,59896,63615
 "32000","Nevada",8,SAOVA,27,"...","  State and local","Thousands of dollars",285898,301527,330482,354726,358638,359762,371105,393762
"Note: See the included footnote file."
"SAOVA: Outdoor Recreation Satellite Account Value Added 1/"
"Last updated: November 10, 2020-- new statistics for 2018-2019; revised statistics for 2012-2017."
"Source: U.S. Department of Commerce / Bureau of Economic Analysis / Regional Economic Accounts"
