GeoFIPS,GeoName,Region,TableName,LineCode,IndustryClassification,Description,Unit,2012,2013,2014,2015,2016,2017,2018,2019
 "23000","Maine",1,SAOVA,1,"...","All Industries","Thousands of dollars",2365454,2397051,2343951,2483290,2509601,2630791,2713176,2873740
 "23000","Maine",1,SAOVA,2,"..."," Private Industries","Thousands of dollars",2294345,2321808,2265849,2404427,2427311,2544553,2619671,2773560
 "23000","Maine",1,SAOVA,3,"...","  Agriculture, forestry, fishing, and hunting","Thousands of dollars",20357,23297,23219,25170,26059,30403,31199,31730
 "23000","Maine",1,SAOVA,4,"...","  Mining","Thousands of dollars",28,29,33,19,15,20,21,20
 "23000","Maine",1,SAOVA,5,"...","  Utilities","Thousands of dollars",3,3,3,3,4,4,3,3
 "23000","Maine",1,SAOVA,6,"...","  Construction","Thousands of dollars",33870,27900,27219,25764,24876,25876,27252,26995
 "23000","Maine",1,SAOVA,7,"...","  Manufacturing","Thousands of dollars",223135,230310,213500,215766,239684,217401,231926,239987
 "23000","Maine",1,SAOVA,8,"...","   Durable goods","Thousands of dollars",135037,140314,135694,140684,140212,136087,141352,141462
 "23000","Maine",1,SAOVA,9,"...","   Nondurable goods","Thousands of dollars",88097,89996,77806,75081,99473,81314,90574,98525
 "23000","Maine",1,SAOVA,10,"...","  Wholesale trade","Thousands of dollars",135364,134937,145036,139003,131361,134537,130113,133304
 "23000","Maine",1,SAOVA,11,"...","  Retail trade","Thousands of dollars",515608,533078,524254,528768,525131,545567,549945,577407
 "23000","Maine",1,SAOVA,12,"...","  Transportation and warehousing","Thousands of dollars",73718,76851,83915,90892,97683,99233,102200,111086
 "23000","Maine",1,SAOVA,13,"...","  Information","Thousands of dollars",2870,3019,2981,3132,3325,3456,3601,3648
 "23000","Maine",1,SAOVA,14,"...","  Finance, insurance, real estate, rental, and leasing","Thousands of dollars",391987,372355,305113,359386,408132,404489,401950,437577
 "23000","Maine",1,SAOVA,15,"...","   Finance and insurance","Thousands of dollars",25933,22996,26409,28381,28313,26346,27697,30100
 "23000","Maine",1,SAOVA,16,"...","   Real estate and rental and leasing","Thousands of dollars",366054,349359,278703,331004,379819,378142,374253,407477
 "23000","Maine",1,SAOVA,17,"...","  Professional and business services","Thousands of dollars",13813,13401,14301,14765,15016,16094,16704,17118
 "23000","Maine",1,SAOVA,18,"...","  Educational services, health care, and social assistance","Thousands of dollars",14138,13776,14412,14433,15425,16494,17745,18104
 "23000","Maine",1,SAOVA,19,"...","   Educational services","Thousands of dollars",11118,10967,11563,11478,12431,13310,14547,14707
 "23000","Maine",1,SAOVA,20,"...","   Health care and social assistance","Thousands of dollars",3020,2809,2849,2955,2993,3184,3198,3397
 "23000","Maine",1,SAOVA,21,"...","  Arts, entertainment, recreation, accommodation, and food services","Thousands of dollars",848908,871366,889365,963253,916069,1025081,1080011,1148756
 "23000","Maine",1,SAOVA,22,"...","   Arts, entertainment, and recreation","Thousands of dollars",195687,192312,198987,196832,201166,203313,208829,212338
 "23000","Maine",1,SAOVA,23,"...","   Accommodation and food services","Thousands of dollars",653221,679054,690379,766422,714903,821768,871182,936418
 "23000","Maine",1,SAOVA,24,"...","  Other services, except government","Thousands of dollars",20547,21485,22499,24073,24531,25898,27001,27824
 "23000","Maine",1,SAOVA,25,"..."," Government","Thousands of dollars",71109,75243,78102,78863,82290,86238,93505,100180
 "23000","Maine",1,SAOVA,26,"...","  Federal","Thousands of dollars",22821,25356,23363,22063,23912,26109,30115,33424
 "23000","Maine",1,SAOVA,27,"...","  State and local","Thousands of dollars",48288,49887,54739,56800,58377,60128,63391,66757
"Note: See the included footnote file."
"SAOVA: Outdoor Recreation Satellite Account Value Added 1/"
"Last updated: November 10, 2020-- new statistics for 2018-2019; revised statistics for 2012-2017."
"Source: U.S. Department of Commerce / Bureau of Economic Analysis / Regional Economic Accounts"
