GeoFIPS,GeoName,Region,TableName,LineCode,IndustryClassification,Description,Unit,2012,2013,2014,2015,2016,2017,2018,2019
 "15000","Hawaii",8,SAOVA,1,"...","All Industries","Thousands of dollars",4006631,4216179,4338492,4787771,4760308,5062516,5219086,5508132
 "15000","Hawaii",8,SAOVA,2,"..."," Private Industries","Thousands of dollars",3843316,4030357,4142130,4580822,4549511,4849522,4997470,5275146
 "15000","Hawaii",8,SAOVA,3,"...","  Agriculture, forestry, fishing, and hunting","Thousands of dollars",31291,40251,35259,34887,31153,31537,28973,27273
 "15000","Hawaii",8,SAOVA,4,"...","  Mining","Thousands of dollars",28,26,28,20,19,29,31,27
 "15000","Hawaii",8,SAOVA,5,"...","  Utilities","Thousands of dollars",8,8,7,7,8,8,5,7
 "15000","Hawaii",8,SAOVA,6,"...","  Construction","Thousands of dollars",33457,33305,35869,42483,48555,54333,56851,54950
 "15000","Hawaii",8,SAOVA,7,"...","  Manufacturing","Thousands of dollars",130809,130582,128706,128846,95467,113883,126232,109427
 "15000","Hawaii",8,SAOVA,8,"...","   Durable goods","Thousands of dollars",5451,4963,4873,4435,4677,4162,3980,3515
 "15000","Hawaii",8,SAOVA,9,"...","   Nondurable goods","Thousands of dollars",125358,125620,123832,124411,90790,109721,122252,105912
 "15000","Hawaii",8,SAOVA,10,"...","  Wholesale trade","Thousands of dollars",66754,64886,65607,66448,63317,63578,61984,63692
 "15000","Hawaii",8,SAOVA,11,"...","  Retail trade","Thousands of dollars",661992,692218,688379,707143,690886,721239,727587,755020
 "15000","Hawaii",8,SAOVA,12,"...","  Transportation and warehousing","Thousands of dollars",1030824,1152666,1256165,1443336,1513978,1562518,1639256,1800240
 "15000","Hawaii",8,SAOVA,13,"...","  Information","Thousands of dollars",4952,5185,5187,5390,5590,5626,5693,5700
 "15000","Hawaii",8,SAOVA,14,"...","  Finance, insurance, real estate, rental, and leasing","Thousands of dollars",216006,231036,187987,223403,235052,247314,252019,263863
 "15000","Hawaii",8,SAOVA,15,"...","   Finance and insurance","Thousands of dollars",23459,21210,24924,26942,27007,25181,26382,28136
 "15000","Hawaii",8,SAOVA,16,"...","   Real estate and rental and leasing","Thousands of dollars",192547,209826,163064,196461,208044,222133,225636,235727
 "15000","Hawaii",8,SAOVA,17,"...","  Professional and business services","Thousands of dollars",93665,93881,96851,104620,107363,122437,124387,126500
 "15000","Hawaii",8,SAOVA,18,"...","  Educational services, health care, and social assistance","Thousands of dollars",24795,23353,24106,24012,23977,25333,26416,27173
 "15000","Hawaii",8,SAOVA,19,"...","   Educational services","Thousands of dollars",19138,18183,18854,18378,18397,19449,20617,21098
 "15000","Hawaii",8,SAOVA,20,"...","   Health care and social assistance","Thousands of dollars",5657,5171,5253,5634,5579,5884,5799,6075
 "15000","Hawaii",8,SAOVA,21,"...","  Arts, entertainment, recreation, accommodation, and food services","Thousands of dollars",1519830,1534530,1588737,1769965,1703920,1869900,1915100,2007126
 "15000","Hawaii",8,SAOVA,22,"...","   Arts, entertainment, and recreation","Thousands of dollars",285721,288886,306361,309032,312657,324052,350968,383639
 "15000","Hawaii",8,SAOVA,23,"...","   Accommodation and food services","Thousands of dollars",1234110,1245644,1282376,1460933,1391264,1545848,1564132,1623488
 "15000","Hawaii",8,SAOVA,24,"...","  Other services, except government","Thousands of dollars",28903,28430,29242,30263,30225,31786,32936,34148
 "15000","Hawaii",8,SAOVA,25,"..."," Government","Thousands of dollars",163315,185822,196362,206949,210797,212994,221615,232986
 "15000","Hawaii",8,SAOVA,26,"...","  Federal","Thousands of dollars",49304,58768,55742,53162,55334,57245,60716,62578
 "15000","Hawaii",8,SAOVA,27,"...","  State and local","Thousands of dollars",114011,127054,140620,153787,155463,155749,160900,170408
"Note: See the included footnote file."
"SAOVA: Outdoor Recreation Satellite Account Value Added 1/"
"Last updated: November 10, 2020-- new statistics for 2018-2019; revised statistics for 2012-2017."
"Source: U.S. Department of Commerce / Bureau of Economic Analysis / Regional Economic Accounts"
