GeoFIPS,GeoName,Region,TableName,LineCode,IndustryClassification,Description,Unit,2012,2013,2014,2015,2016,2017,2018,2019
 "20000","Kansas",4,SAOVA,1,"...","All Industries","Thousands of dollars",2890129,2855738,2923328,3004485,2965123,3087186,3251660,3250145
 "20000","Kansas",4,SAOVA,2,"..."," Private Industries","Thousands of dollars",2719315,2673168,2728677,2800503,2757916,2875588,3030378,3015934
 "20000","Kansas",4,SAOVA,3,"...","  Agriculture, forestry, fishing, and hunting","Thousands of dollars",85460,91714,90298,92919,87840,97654,97259,91771
 "20000","Kansas",4,SAOVA,4,"...","  Mining","Thousands of dollars",1233,1236,1284,868,694,839,900,807
 "20000","Kansas",4,SAOVA,5,"...","  Utilities","Thousands of dollars",5,5,4,5,6,7,4,5
 "20000","Kansas",4,SAOVA,6,"...","  Construction","Thousands of dollars",32722,33588,36054,43292,48004,54654,60879,64018
 "20000","Kansas",4,SAOVA,7,"...","  Manufacturing","Thousands of dollars",818935,763075,792388,786560,694626,810555,926947,893407
 "20000","Kansas",4,SAOVA,8,"...","   Durable goods","Thousands of dollars",247170,241739,248656,238269,236378,246862,264688,232892
 "20000","Kansas",4,SAOVA,9,"...","   Nondurable goods","Thousands of dollars",571765,521336,543733,548291,458249,563693,662259,660515
 "20000","Kansas",4,SAOVA,10,"...","  Wholesale trade","Thousands of dollars",396585,392399,405655,409592,389990,390979,390038,397560
 "20000","Kansas",4,SAOVA,11,"...","  Retail trade","Thousands of dollars",674407,700387,689478,694878,716417,707357,703770,703084
 "20000","Kansas",4,SAOVA,12,"...","  Transportation and warehousing","Thousands of dollars",103779,103348,106182,113762,112406,112600,116229,121103
 "20000","Kansas",4,SAOVA,13,"...","  Information","Thousands of dollars",15310,16932,17201,18181,18408,17122,16457,16234
 "20000","Kansas",4,SAOVA,14,"...","  Finance, insurance, real estate, rental, and leasing","Thousands of dollars",73400,67160,69023,80810,81720,87652,87532,89943
 "20000","Kansas",4,SAOVA,15,"...","   Finance and insurance","Thousands of dollars",26874,24562,29711,33211,34093,31710,32538,34075
 "20000","Kansas",4,SAOVA,16,"...","   Real estate and rental and leasing","Thousands of dollars",46526,42598,39313,47599,47627,55943,54994,55868
 "20000","Kansas",4,SAOVA,17,"...","  Professional and business services","Thousands of dollars",34515,33809,37365,40696,43609,48869,51469,53221
 "20000","Kansas",4,SAOVA,18,"...","  Educational services, health care, and social assistance","Thousands of dollars",24319,23683,25321,25416,28012,29199,32136,32237
 "20000","Kansas",4,SAOVA,19,"...","   Educational services","Thousands of dollars",20339,19989,21573,21583,23905,25171,28155,28098
 "20000","Kansas",4,SAOVA,20,"...","   Health care and social assistance","Thousands of dollars",3979,3694,3748,3833,4107,4028,3981,4140
 "20000","Kansas",4,SAOVA,21,"...","  Arts, entertainment, recreation, accommodation, and food services","Thousands of dollars",428616,415692,427991,462913,505511,486277,513619,518283
 "20000","Kansas",4,SAOVA,22,"...","   Arts, entertainment, and recreation","Thousands of dollars",175105,176542,186197,192358,202407,206756,217827,223627
 "20000","Kansas",4,SAOVA,23,"...","   Accommodation and food services","Thousands of dollars",253511,239150,241794,270555,303104,279522,295792,294656
 "20000","Kansas",4,SAOVA,24,"...","  Other services, except government","Thousands of dollars",30032,30140,30433,30610,30672,31823,33140,34259
 "20000","Kansas",4,SAOVA,25,"..."," Government","Thousands of dollars",170813,182570,194650,203982,207207,211598,221282,234212
 "20000","Kansas",4,SAOVA,26,"...","  Federal","Thousands of dollars",5748,7521,6946,6395,6274,6348,6389,6452
 "20000","Kansas",4,SAOVA,27,"...","  State and local","Thousands of dollars",165065,175049,187704,197587,200932,205250,214893,227760
"Note: See the included footnote file."
"SAOVA: Outdoor Recreation Satellite Account Value Added 1/"
"Last updated: November 10, 2020-- new statistics for 2018-2019; revised statistics for 2012-2017."
"Source: U.S. Department of Commerce / Bureau of Economic Analysis / Regional Economic Accounts"
