GeoFIPS,GeoName,Region,TableName,LineCode,IndustryClassification,Description,Unit,2012,2013,2014,2015,2016,2017,2018,2019
 "30000","Montana",7,SAOVA,1,"...","All Industries","Thousands of dollars",1950556,2042795,2109107,2236645,2185415,2331179,2413903,2498355
 "30000","Montana",7,SAOVA,2,"..."," Private Industries","Thousands of dollars",1822408,1906794,1970591,2103664,2053535,2199701,2277335,2354643
 "30000","Montana",7,SAOVA,3,"...","  Agriculture, forestry, fishing, and hunting","Thousands of dollars",59854,76386,75247,71285,67313,69980,69784,67235
 "30000","Montana",7,SAOVA,4,"...","  Mining","Thousands of dollars",3533,3166,2676,1861,1590,3265,4024,3646
 "30000","Montana",7,SAOVA,5,"...","  Utilities","Thousands of dollars",3,3,3,3,4,4,3,3
 "30000","Montana",7,SAOVA,6,"...","  Construction","Thousands of dollars",18704,21908,20939,25766,26671,29706,32425,35202
 "30000","Montana",7,SAOVA,7,"...","  Manufacturing","Thousands of dollars",261659,238497,248228,229213,176860,203674,238805,230092
 "30000","Montana",7,SAOVA,8,"...","   Durable goods","Thousands of dollars",28626,31524,29679,32125,39232,41812,43017,42959
 "30000","Montana",7,SAOVA,9,"...","   Nondurable goods","Thousands of dollars",233033,206974,218549,197088,137628,161862,195788,187133
 "30000","Montana",7,SAOVA,10,"...","  Wholesale trade","Thousands of dollars",160455,164235,168569,177042,171662,170899,175630,179269
 "30000","Montana",7,SAOVA,11,"...","  Retail trade","Thousands of dollars",390067,418383,424348,443628,452272,468848,464017,476057
 "30000","Montana",7,SAOVA,12,"...","  Transportation and warehousing","Thousands of dollars",133683,138193,151012,165371,176680,187235,199617,225316
 "30000","Montana",7,SAOVA,13,"...","  Information","Thousands of dollars",2406,2594,2574,2698,2805,2895,3022,3121
 "30000","Montana",7,SAOVA,14,"...","  Finance, insurance, real estate, rental, and leasing","Thousands of dollars",106690,116766,107447,123250,126865,138528,129181,141325
 "30000","Montana",7,SAOVA,15,"...","   Finance and insurance","Thousands of dollars",17290,14669,16795,17532,17530,15760,16584,17374
 "30000","Montana",7,SAOVA,16,"...","   Real estate and rental and leasing","Thousands of dollars",89401,102097,90652,105718,109334,122768,112597,123951
 "30000","Montana",7,SAOVA,17,"...","  Professional and business services","Thousands of dollars",22292,21989,24208,26308,28096,30979,32156,32711
 "30000","Montana",7,SAOVA,18,"...","  Educational services, health care, and social assistance","Thousands of dollars",12274,12144,12918,13382,14323,15156,16336,16315
 "30000","Montana",7,SAOVA,19,"...","   Educational services","Thousands of dollars",10269,10199,10909,11223,12099,12770,13961,13840
 "30000","Montana",7,SAOVA,20,"...","   Health care and social assistance","Thousands of dollars",2005,1945,2009,2158,2224,2386,2375,2475
 "30000","Montana",7,SAOVA,21,"...","  Arts, entertainment, recreation, accommodation, and food services","Thousands of dollars",636959,678439,717491,807862,791537,860547,893647,924826
 "30000","Montana",7,SAOVA,22,"...","   Arts, entertainment, and recreation","Thousands of dollars",268348,268545,290528,310779,328033,329467,347710,362013
 "30000","Montana",7,SAOVA,23,"...","   Accommodation and food services","Thousands of dollars",368612,409894,426964,497083,463504,531080,545936,562813
 "30000","Montana",7,SAOVA,24,"...","  Other services, except government","Thousands of dollars",13830,14091,14931,15995,16857,17987,18690,19525
 "30000","Montana",7,SAOVA,25,"..."," Government","Thousands of dollars",128148,136001,138516,132981,131880,131478,136568,143713
 "30000","Montana",7,SAOVA,26,"...","  Federal","Thousands of dollars",57299,61433,60137,57109,61635,65578,70461,74501
 "30000","Montana",7,SAOVA,27,"...","  State and local","Thousands of dollars",70849,74569,78379,75872,70246,65900,66107,69211
"Note: See the included footnote file."
"SAOVA: Outdoor Recreation Satellite Account Value Added 1/"
"Last updated: November 10, 2020-- new statistics for 2018-2019; revised statistics for 2012-2017."
"Source: U.S. Department of Commerce / Bureau of Economic Analysis / Regional Economic Accounts"
