<TABLE_DEFINITIONS Table="CAINC1" Name="Personal Income Summary: Personal Income, Population, Per Capita Personal Income" Source="USDOC/BEA/RD"><LINE><Code>1</Code><Description>Personal income (thousands of dollars)</Description><Definition>Consists of the income that persons receive in return for their provision of labor, land, and capital used in current production as well as other income, such as personal current transfer receipts. In the state and local personal income accounts the personal income of an area represents the income received by or on behalf of the persons residing in that area. It is calculated as the sum of wages and salaries, supplements to wages and salaries, proprietors' income with inventory valuation (IVA) and capital consumption adjustments (CCAdj), rental income of persons with capital consumption adjustment (CCAdj), personal dividend income, personal interest income, and personal current transfer receipts, less contributions for government social insurance plus the adjustment for residence.</Definition></LINE><LINE><Code>2</Code><Description>Population (persons)</Description><Definition>The number of individuals (both civilian and military) who reside in a given area.</Definition></LINE><LINE><Code>3</Code><Description>Per capita personal income (dollars)</Description><Definition>The personal income of a given area divided by the resident population of the area. See "personal income."</Definition></LINE></TABLE_DEFINITIONS>
