GeoFIPS,GeoName,Region,TableName,LineCode,IndustryClassification,Description,Unit,1997,1998,1999,2000,2001,2002,2003,2004,2005,2006,2007,2008,2009,2010,2011,2012,2013,2014,2015,2016,2017,2018,2019
 "11000","District of Columbia",2,SAGDP3N,1,"...","All industry total","Thousands of dollars",1401045,1485461,1494904,1479685,1425603,1518871,2159874,2605936,2577726,2666572,3016645,3023298,2817416,3006781,2796361,3245217,3426823,3724641,4182157,4294192,4354605,4457582,4671310
 "11000","District of Columbia",2,SAGDP3N,2,"..."," Private industries","Thousands of dollars",1736047,1783180,1786710,1750077,1708297,1843997,2523500,3010895,3010864,3126327,3462175,3508282,3336635,3507142,3343756,3740894,3929986,4263415,4743038,4886492,4903348,5054003,5277002
 "11000","District of Columbia",2,SAGDP3N,3,"11","  Agriculture, forestry, fishing and hunting","Thousands of dollars",31,153,142,132,120,22,20,22,38,36,34,39,32,23,35,31,30,29,29,31,43,48,49
 "11000","District of Columbia",2,SAGDP3N,4,"111-112","   Farms","Thousands of dollars",0,0,0,0,0,0,0,0,0,0,0,0,0,0,0,0,0,0,0,0,0,0,0
 "11000","District of Columbia",2,SAGDP3N,5,"113-115","   Forestry, fishing, and related activities","Thousands of dollars",31,153,142,132,120,22,20,22,38,36,34,39,32,23,35,31,30,29,29,31,43,48,49
 "11000","District of Columbia",2,SAGDP3N,6,"21","  Mining, quarrying, and oil and gas extraction","Thousands of dollars",2788,3910,4057,5690,3836,4319,4449,2136,0,0,0,0,0,0,0,0,0,0,0,0,0,0,0
 "11000","District of Columbia",2,SAGDP3N,7,"211","   Oil and gas extraction","Thousands of dollars",2495,3620,3737,5405,3611,4193,4387,2136,0,0,0,0,0,0,0,0,0,0,0,0,0,0,0
 "11000","District of Columbia",2,SAGDP3N,8,"212","   Mining (except oil and gas)","Thousands of dollars",293,290,189,170,145,62,0,0,0,0,0,0,0,0,0,0,0,0,0,0,0,0,0
 "11000","District of Columbia",2,SAGDP3N,9,"213","   Support activities for mining","Thousands of dollars",0,0,131,114,81,64,62,0,0,0,0,0,0,0,0,0,0,0,0,0,0,0,0
 "11000","District of Columbia",2,SAGDP3N,10,"22","  Utilities","Thousands of dollars",157860,166387,169559,174366,170969,177094,209837,232646,253725,265536,274932,289445,287548,247778,246662,259026,273480,287957,285996,291202,282095,295760,286355
 "11000","District of Columbia",2,SAGDP3N,11,"23","  Construction","Thousands of dollars",10613,10888,10789,10662,8201,9734,11537,13380,15584,16134,16975,17624,17724,18155,23029,25330,24964,28943,32459,33609,35350,34557,34284
 "11000","District of Columbia",2,SAGDP3N,12,"31-33","  Manufacturing","Thousands of dollars",21703,23041,22018,22741,18239,16225,19628,22049,22209,20007,21362,22067,23024,23790,27117,26105,26840,24027,24758,24297,23610,23818,23781
 "11000","District of Columbia",2,SAGDP3N,13,"321,327-339","   Durable goods manufacturing","Thousands of dollars",5754,7688,7238,5612,5652,5296,6234,7271,6112,5051,3826,4126,3952,3401,3033,3233,3717,3656,4515,5108,5224,6259,5616
 "11000","District of Columbia",2,SAGDP3N,14,"321","    Wood product manufacturing","Thousands of dollars",171,198,89,45,18,21,76,125,58,99,14,16,37,9,11,9,9,12,12,12,16,18,18
 "11000","District of Columbia",2,SAGDP3N,15,"327","    Nonmetallic mineral product manufacturing","Thousands of dollars",402,349,322,329,257,275,357,387,466,427,441,485,477,385,414,516,537,729,853,943,845,687,718
 "11000","District of Columbia",2,SAGDP3N,16,"331","    Primary metal manufacturing","Thousands of dollars",493,453,390,356,356,267,362,580,446,499,537,465,475,219,184,206,218,113,279,130,619,1175,662
 "11000","District of Columbia",2,SAGDP3N,17,"332","    Fabricated metal product manufacturing","Thousands of dollars",465,548,431,245,102,301,377,415,338,403,537,570,625,582,686,678,912,648,745,528,580,860,898
 "11000","District of Columbia",2,SAGDP3N,18,"333","    Machinery manufacturing","Thousands of dollars",521,449,465,429,388,363,329,290,233,230,207,126,134,65,79,111,214,178,217,397,503,449,412
 "11000","District of Columbia",2,SAGDP3N,19,"334","    Computer and electronic product manufacturing","Thousands of dollars",2189,4176,3870,2853,3572,3132,3525,4060,3587,2074,1505,1769,1662,1608,1086,1057,1012,1045,1424,1888,1900,2017,1747
 "11000","District of Columbia",2,SAGDP3N,20,"335","    Electrical equipment, appliance, and component manufacturing","Thousands of dollars",218,221,212,173,193,18,58,98,104,58,19,20,7,0,19,12,25,9,15,39,113,77,43
 "11000","District of Columbia",2,SAGDP3N,21,"3361-3363","    Motor vehicles, bodies and trailers, and parts manufacturing","Thousands of dollars",280,304,312,319,1,12,20,19,11,11,12,2,0,0,1,11,12,0,0,0,0,0,0
 "11000","District of Columbia",2,SAGDP3N,22,"3364-3369","    Other transportation equipment manufacturing","Thousands of dollars",373,372,561,331,305,436,527,643,422,775,127,155,0,0,0,0,0,0,7,6,7,7,7
 "11000","District of Columbia",2,SAGDP3N,23,"337","    Furniture and related product manufacturing","Thousands of dollars",93,100,136,120,112,114,146,156,178,195,209,220,255,255,315,360,366,376,399,419,279,262,277
 "11000","District of Columbia",2,SAGDP3N,24,"339","    Miscellaneous manufacturing","Thousands of dollars",549,520,449,413,347,358,456,500,269,280,218,298,280,278,237,272,412,547,563,745,361,706,834
 "11000","District of Columbia",2,SAGDP3N,25,"311-316,322-326","   Nondurable goods manufacturing","Thousands of dollars",15949,15353,14780,17129,12587,10929,13394,14777,16098,14956,17536,17941,19072,20389,24085,22872,23122,20370,20244,19190,18386,17560,18165
 "11000","District of Columbia",2,SAGDP3N,26,"311-312","    Food and beverage and tobacco product manufacturing","Thousands of dollars",3422,3399,3467,3217,3205,3587,4666,4728,5336,4032,4381,4462,5358,5621,5455,5120,4902,4622,5171,5929,5829,5927,6392
 "11000","District of Columbia",2,SAGDP3N,27,"313-314","    Textile mills and textile product mills","Thousands of dollars",234,218,253,210,124,101,110,120,126,141,165,220,184,144,82,104,109,128,131,131,168,175,194
 "11000","District of Columbia",2,SAGDP3N,28,"315-316","    Apparel, leather, and allied product manufacturing","Thousands of dollars",317,306,284,250,182,177,233,224,243,225,245,262,244,258,240,270,249,251,289,263,262,258,278
 "11000","District of Columbia",2,SAGDP3N,29,"322","    Paper manufacturing","Thousands of dollars",292,290,251,152,104,94,96,68,43,39,31,35,37,32,34,33,34,26,28,27,33,24,25
 "11000","District of Columbia",2,SAGDP3N,30,"323","    Printing and related support activities","Thousands of dollars",2982,2702,2765,2259,1898,1653,1888,1948,1984,1816,1912,1948,1737,1624,1043,1255,1223,1107,1140,1212,1057,916,745
 "11000","District of Columbia",2,SAGDP3N,31,"324","    Petroleum and coal products manufacturing","Thousands of dollars",1845,1563,1265,1486,2035,1308,1426,2709,2051,2488,3060,2749,2725,3878,4196,62,12,47,47,3,14,18,22
 "11000","District of Columbia",2,SAGDP3N,32,"325","    Chemical manufacturing","Thousands of dollars",6750,6781,6386,9553,4984,3961,4913,4948,6293,6192,7716,8235,8758,8808,13009,16001,16569,14162,13404,11594,10979,10199,10464
 "11000","District of Columbia",2,SAGDP3N,33,"326","    Plastics and rubber products manufacturing","Thousands of dollars",107,94,109,1,54,48,63,32,22,23,28,30,29,24,26,26,25,27,34,32,45,43,43
 "11000","District of Columbia",2,SAGDP3N,34,"42","  Wholesale trade","Thousands of dollars",160339,152564,149298,151739,145459,146599,150346,157033,157017,154159,149652,161183,152277,168569,167324,184097,186891,187393,198915,188333,193456,209293,244255
 "11000","District of Columbia",2,SAGDP3N,35,"44-45","  Retail trade","Thousands of dollars",147847,151048,152153,141614,130399,134217,172585,179010,206102,210958,240045,238998,221485,257994,260132,262875,280293,307826,301437,317507,324780,324676,337171
 "11000","District of Columbia",2,SAGDP3N,36,"48-49","  Transportation and warehousing","Thousands of dollars",-72878,-50999,-63725,-68930,-63793,-106722,-93218,-110550,-116438,-119005,-105401,-58364,-77943,-100968,-166113,-128921,-123380,-112947,-115993,-118073,-159123,-186789,-186344
 "11000","District of Columbia",2,SAGDP3N,37,"481","   Air transportation","Thousands of dollars",1604,2409,2318,1541,1431,1162,1171,1095,1232,991,1748,2893,1967,1481,1554,1768,2114,8537,9747,12192,2166,1296,1550
 "11000","District of Columbia",2,SAGDP3N,38,"482","   Rail transportation","Thousands of dollars",-80834,-59594,-71978,-77092,-71947,-112753,-99176,-115169,-122622,-124764,-112989,-67426,-86557,-109348,-174621,-139175,-134166,-128545,-133610,-138237,-169583,-196590,-195321
 "11000","District of Columbia",2,SAGDP3N,39,"483","   Water transportation","Thousands of dollars",1229,1227,1219,1115,594,212,457,-371,231,63,308,695,468,820,771,411,953,381,371,498,470,489,599
 "11000","District of Columbia",2,SAGDP3N,40,"484","   Truck transportation","Thousands of dollars",753,678,630,576,642,719,562,595,1558,1598,1577,1375,1469,1189,1450,1410,1402,1364,1702,1741,1851,2200,1565
 "11000","District of Columbia",2,SAGDP3N,41,"485","   Transit and ground passenger transportation","Thousands of dollars",2104,2256,2380,3307,1811,1789,1967,2056,2185,2141,2104,1909,2354,2336,2331,2555,2588,2472,2495,2548,2697,2578,2241
 "11000","District of Columbia",2,SAGDP3N,42,"486","   Pipeline transportation","Thousands of dollars",461,595,412,358,2642,1183,900,378,117,130,352,503,498,623,633,2242,1567,330,591,314,283,307,289
 "11000","District of Columbia",2,SAGDP3N,43,"487-488, 492","   Other transportation and support activities","Thousands of dollars",1623,1204,1074,1022,812,716,755,714,690,703,1402,1667,1836,1915,1752,1845,2136,2452,2637,2822,2938,2879,2669
 "11000","District of Columbia",2,SAGDP3N,44,"493","   Warehousing and storage","Thousands of dollars",181,226,220,242,222,249,145,152,171,133,97,20,21,17,18,22,26,62,73,48,56,53,64
 "11000","District of Columbia",2,SAGDP3N,45,"51","  Information","Thousands of dollars",202067,182855,182796,164902,174606,189591,225837,254953,273175,251123,206097,212373,210458,207300,193030,194548,208652,223884,225461,227431,230275,240294,245607
 "11000","District of Columbia",2,SAGDP3N,46,"511","   Publishing industries (except Internet)","Thousands of dollars",13642,13459,13143,12332,18862,21459,29340,34445,36486,39546,35327,34429,34794,32805,32058,35812,35263,50002,47112,51937,55037,54761,56487
 "11000","District of Columbia",2,SAGDP3N,47,"512","   Motion picture and sound recording industries","Thousands of dollars",1909,2051,2102,2226,2155,2279,4919,6602,5958,5397,5052,13587,13802,14627,12800,14176,13756,12004,11794,10852,8624,8708,9106
 "11000","District of Columbia",2,SAGDP3N,48,"515, 517","   Broadcasting (except Internet) and telecommunications","Thousands of dollars",178437,156645,154971,137690,139430,149943,168085,186038,199114,174446,148872,145628,143652,139155,128649,123831,137895,135180,136428,131421,130485,133054,132504
 "11000","District of Columbia",2,SAGDP3N,49,"518, 519","   Data processing, hosting, and other information services","Thousands of dollars",8079,10701,12581,12655,14159,15910,23492,27868,31618,31733,16846,18729,18209,20714,19523,20729,21738,26698,30127,33221,36128,43772,47511
 "11000","District of Columbia",2,SAGDP3N,50,"52, 53","  Finance, insurance, real estate, rental, and leasing","Thousands of dollars",410307,391852,371956,384979,395383,427038,512122,571506,623315,721446,842426,917230,955985,959836,912101,987051,931276,1087040,1343810,1434823,1520892,1629210,1677719
 "11000","District of Columbia",2,SAGDP3N,51,"52","   Finance and insurance","Thousands of dollars",115687,110398,98784,105695,84690,91312,115322,138425,146305,172884,160397,164414,157882,165259,160232,182651,196388,247595,284813,287170,264468,305299,265713
 "11000","District of Columbia",2,SAGDP3N,52,"521-522","    Monetary Authorities- central bank, credit intermediation, and related services","Thousands of dollars",36469,38784,38640,41832,34620,36095,41106,51690,52198,61444,75725,73444,66837,65634,59267,61426,67692,75369,82900,88282,84664,84310,84364
 "11000","District of Columbia",2,SAGDP3N,53,"523","    Securities, commodity contracts, and other financial investments and related activities","Thousands of dollars",18933,18837,19360,18188,8844,9104,13320,17549,24861,26081,17529,20174,19922,18922,17996,19431,19787,22019,27519,28555,28296,28902,30211
 "11000","District of Columbia",2,SAGDP3N,54,"524","    Insurance carriers and related activities","Thousands of dollars",54866,47492,33984,38362,39039,42750,50860,60046,61386,65321,64442,68737,68945,78929,82832,100864,106276,147267,170026,166727,147119,186828,144848
 "11000","District of Columbia",2,SAGDP3N,55,"525","    Funds, trusts, and other financial vehicles","Thousands of dollars",5419,5285,6801,7312,2187,3363,10036,9140,7859,20038,2701,2059,2178,1774,137,930,2632,2939,4369,3605,4390,5259,6290
 "11000","District of Columbia",2,SAGDP3N,56,"53","   Real estate and rental and leasing","Thousands of dollars",294620,281455,273171,279285,310693,335726,396800,433081,477010,548563,682029,752816,798104,794577,751869,804400,734888,839444,1058997,1147653,1256423,1323910,1412006
 "11000","District of Columbia",2,SAGDP3N,57,"531","    Real estate","Thousands of dollars",282789,269763,260907,265495,298837,323406,381558,416055,456740,527357,658270,728190,774145,771471,729651,781402,711081,813652,1034329,1121949,1230928,1299379,1384684
 "11000","District of Columbia",2,SAGDP3N,58,"532-533","    Rental and leasing services and lessors of nonfinancial intangible assets","Thousands of dollars",11830,11692,12264,13790,11855,12320,15243,17026,20269,21206,23759,24626,23959,23106,22218,22998,23807,25792,24668,25705,25495,24532,27323
 "11000","District of Columbia",2,SAGDP3N,59,"54, 55, 56","  Professional and business services","Thousands of dollars",146873,192611,211533,194854,212788,299590,622401,916183,672138,653643,728750,536243,368579,453297,505437,602074,702085,720385,845412,802714,765789,784064,828446
 "11000","District of Columbia",2,SAGDP3N,60,"54","   Professional, scientific, and technical services","Thousands of dollars",128216,173002,192804,174209,195797,281554,601314,891938,642402,617096,694791,498810,329016,411154,464974,553518,651199,664583,780505,740012,704739,724545,766435
 "11000","District of Columbia",2,SAGDP3N,61,"5411","    Legal services","Thousands of dollars",81971,123819,140670,123724,146643,224577,525530,796505,521972,482642,573632,369171,188314,261060,322625,378474,465947,454805,551712,497547,464800,484309,521328
 "11000","District of Columbia",2,SAGDP3N,62,"5415","    Computer systems design and related services","Thousands of dollars",5465,5415,7235,7535,6016,7855,12899,17602,24236,28166,20973,23258,26605,28953,27989,34944,34954,41817,48984,49136,48268,47433,48383
 "11000","District of Columbia",2,SAGDP3N,63,"5412-5414, 5416-5419","    Miscellaneous professional, scientific, and technical services","Thousands of dollars",40780,43769,44899,42950,43138,49121,62885,77832,96194,106288,100186,106381,114097,121141,114360,140100,150299,167961,179809,193329,191671,192803,196724
 "11000","District of Columbia",2,SAGDP3N,64,"55","   Management of companies and enterprises","Thousands of dollars",7445,8145,7487,9064,7095,7175,6764,8417,10142,13764,11015,12025,12543,14048,11435,13362,12757,14405,19316,17128,16780,17157,17673
 "11000","District of Columbia",2,SAGDP3N,65,"56","   Administrative and support and waste management and remediation services","Thousands of dollars",11212,11464,11242,11580,9896,10861,14323,15828,19594,22783,22944,25408,27020,28095,29027,35194,38129,41398,45591,45574,44270,42362,44339
 "11000","District of Columbia",2,SAGDP3N,66,"561","    Administrative and support services","Thousands of dollars",10068,10431,10371,10770,9248,9965,13227,14988,18526,21638,21823,24174,25829,26680,27340,33894,36798,39867,44292,43773,42469,40750,42657
 "11000","District of Columbia",2,SAGDP3N,67,"562","    Waste management and remediation services","Thousands of dollars",1144,1033,870,810,648,895,1096,840,1067,1145,1121,1234,1191,1415,1688,1300,1331,1530,1300,1801,1801,1612,1682
 "11000","District of Columbia",2,SAGDP3N,68,"61, 62","  Educational services, health care, and social assistance","Thousands of dollars",102548,105754,99220,97111,99760,111896,129092,141801,168460,181286,221811,242783,258450,268602,232809,238684,265959,292848,292477,323530,310308,309752,309960
 "11000","District of Columbia",2,SAGDP3N,69,"61","   Educational services","Thousands of dollars",55902,60384,56842,53934,43182,49535,58687,67179,76177,83807,100487,120013,130922,130285,124186,134302,155379,163866,161093,173624,160003,157182,156700
 "11000","District of Columbia",2,SAGDP3N,70,"62","   Health care and social assistance","Thousands of dollars",46646,45369,42378,43177,56578,62361,70405,74621,92283,97479,121324,122771,127528,138317,108623,104382,110579,128983,131384,149906,150306,152569,153260
 "11000","District of Columbia",2,SAGDP3N,71,"621","    Ambulatory health care services","Thousands of dollars",10642,10534,9950,10002,7551,8134,8671,9435,11356,11313,13368,14093,14791,15029,15283,15760,15348,19027,22541,24472,24622,25046,25297
 "11000","District of Columbia",2,SAGDP3N,72,"622","    Hospitals","Thousands of dollars",28499,27293,25188,25838,40593,44522,49539,51651,63989,68564,87437,87866,90849,98207,69306,65310,70053,82372,83493,99391,100381,101521,101721
 "11000","District of Columbia",2,SAGDP3N,73,"623","    Nursing and residential care facilities","Thousands of dollars",5376,5303,5000,5022,6423,7282,8939,9176,11875,11761,14535,14571,15482,18647,17900,16613,17429,19317,16605,17303,17272,17812,18051
 "11000","District of Columbia",2,SAGDP3N,74,"624","    Social assistance","Thousands of dollars",2129,2239,2240,2315,2010,2423,3256,4359,5063,5840,5985,6241,6405,6434,6134,6699,7749,8266,8745,8741,8031,8190,8192
 "11000","District of Columbia",2,SAGDP3N,75,"71, 72","  Arts, entertainment, recreation, accommodation, and food services","Thousands of dollars",301471,311889,342951,339988,292548,304816,401900,448553,520995,543282,606925,650156,634577,709477,659999,766398,805890,847977,932772,952680,974633,992142,1065694
 "11000","District of Columbia",2,SAGDP3N,76,"71","   Arts, entertainment, and recreation","Thousands of dollars",3592,4285,4655,5760,10129,10369,11629,11530,17023,17750,19364,25194,28071,27929,22315,21713,24523,29715,38201,39644,44677,46128,46167
 "11000","District of Columbia",2,SAGDP3N,77,"711-712","    Performing arts, spectator sports, museums, and related activities","Thousands of dollars",1878,2509,2584,3072,7811,7808,8853,8597,13503,13879,15203,20162,22657,22808,17557,17058,19731,23870,32705,33386,38030,38993,38339
 "11000","District of Columbia",2,SAGDP3N,78,"713","    Amusement, gambling, and recreation industries","Thousands of dollars",1714,1776,2070,2688,2318,2561,2776,2933,3520,3872,4161,5032,5414,5121,4758,4655,4792,5845,5497,6257,6647,7135,7828
 "11000","District of Columbia",2,SAGDP3N,79,"72","   Accommodation and food services","Thousands of dollars",297879,307604,338296,334228,282419,294447,390271,437023,503971,525532,587561,624961,606506,681548,637684,744685,781367,818262,894571,913036,929956,946014,1019527
 "11000","District of Columbia",2,SAGDP3N,80,"721","    Accommodation","Thousands of dollars",193072,196605,218175,213665,169693,175181,233115,260412,299589,311659,341495,356113,345581,385312,372838,425653,438030,453802,466836,474861,474594,477547,512929
 "11000","District of Columbia",2,SAGDP3N,81,"722","    Food services and drinking places","Thousands of dollars",104807,110998,120122,120563,112726,119267,157156,176611,204382,213873,246066,268848,260925,296236,264845,319032,343337,364460,427735,438175,455361,468467,506598
 "11000","District of Columbia",2,SAGDP3N,82,"81","  Other services (except government and government enterprises)","Thousands of dollars",144478,141228,133962,130227,119782,129578,156964,182173,214544,227723,258567,278504,284437,293290,282193,323596,347006,368053,375503,408407,401241,397176,410025
 "11000","District of Columbia",2,SAGDP3N,83,"..."," Government and government enterprises","Thousands of dollars",-335002,-297719,-291806,-270391,-282694,-325126,-363625,-404959,-433138,-459756,-445531,-484984,-519219,-500361,-547395,-495677,-503162,-538775,-560880,-592300,-548744,-596421,-605691
 "11000","District of Columbia",2,SAGDP3N,84,"...","  Federal civilian","Thousands of dollars",0,0,0,0,0,0,0,0,0,0,0,0,0,0,0,0,0,0,0,0,0,0,0
 "11000","District of Columbia",2,SAGDP3N,85,"...","  Military","Thousands of dollars",0,0,0,0,0,0,0,0,0,0,0,0,0,0,0,0,0,0,0,0,0,0,0
 "11000","District of Columbia",2,SAGDP3N,86,"...","  State and local","Thousands of dollars",-335002,-297719,-291806,-270391,-282694,-325126,-363625,-404959,-433138,-459756,-445531,-484984,-519219,-500361,-547395,-495677,-503162,-538775,-560880,-592300,-548744,-596421,-605691
 "11000","District of Columbia",2,SAGDP3N,87,"11, 21","Natural resources and mining","Thousands of dollars",2819,4062,4199,5822,3956,4341,4468,2158,38,36,34,39,32,23,35,31,30,29,29,31,43,48,49
 "11000","District of Columbia",2,SAGDP3N,88,"42, 44-45","Trade","Thousands of dollars",308187,303612,301451,293353,275858,280816,322931,336043,363119,365116,389697,400181,373762,426563,427456,446972,467184,495219,500352,505841,518236,533969,581425
 "11000","District of Columbia",2,SAGDP3N,89,"...","Transportation and utilities","Thousands of dollars",84982,115387,105834,105437,107176,70371,116618,122096,137287,146531,169531,231082,209605,146811,80549,130105,150101,175010,170003,173129,122972,108972,100011
 "11000","District of Columbia",2,SAGDP3N,90,"...","Manufacturing and information","Thousands of dollars",223769,205896,204815,187643,192845,205816,245465,277002,295385,271129,227459,234440,233483,231089,220148,220653,235492,247911,250220,251728,253885,264113,269388
 "11000","District of Columbia",2,SAGDP3N,91,"...","Private goods-producing industries 2/","Thousands of dollars",35134,37992,37007,39224,30396,30300,35633,37587,37831,36176,38371,39730,40781,41968,50182,51466,51833,52999,57246,57937,59003,58424,58114
 "11000","District of Columbia",2,SAGDP3N,92,"...","Private services-providing industries 3/","Thousands of dollars",1700913,1745189,1749703,1710852,1677900,1813697,2487867,2973307,2973033,3090151,3423804,3468552,3295854,3465175,3293574,3689429,3878152,4210417,4685791,4828555,4844345,4995579,5218888
"Note: See the included footnote file."
"SAGDP3N: Taxes on production and imports less subsidies 1/"
"Last updated: October 2, 2020-- new statistics for 2018-2019; revised statistics for 1997-2017."
"Source: U.S. Department of Commerce / Bureau of Economic Analysis / Regional Economic Accounts"
