GeoFIPS,GeoName,Region,TableName,LineCode,IndustryClassification,Description,Unit,1997,1998,1999,2000,2001,2002,2003,2004,2005,2006,2007,2008,2009,2010,2011,2012,2013,2014,2015,2016,2017,2018,2019
 "50000","Vermont",1,SAGDP5N,1,"...","All industry total","Thousands of dollars",-43182,-39128,-46565,-60706,-48452,-76780,-75607,-69773,-81875,-78794,-81372,-77474,-119635,-99169,-99329,-95971,-90256,-85388,-84430,-90161,-81805,-90441,-94442
 "50000","Vermont",1,SAGDP5N,2,"..."," Private industries","Thousands of dollars",-22160,-22856,-30932,-42201,-29044,-53413,-49490,-41587,-48904,-47682,-49381,-47246,-82589,-62896,-67317,-66268,-60222,-50731,-49420,-53975,-47192,-53417,-57141
 "50000","Vermont",1,SAGDP5N,3,"11","  Agriculture, forestry, fishing and hunting","Thousands of dollars",-2623,-3799,-10553,-22428,-7019,-31468,-24952,-15413,-18399,-16953,-12053,-13231,-38325,-17901,-15069,-18309,-12971,-6759,-8134,-12048,-8811,-19688,-23188
 "50000","Vermont",1,SAGDP5N,4,"111-112","   Farms","Thousands of dollars",-2623,-3799,-10553,-22428,-7019,-31468,-24952,-15413,-18399,-16953,-12053,-13231,-38325,-17901,-15069,-18309,-12971,-6759,-8134,-12048,-8811,-19688,-23188
 "50000","Vermont",1,SAGDP5N,5,"113-115","   Forestry, fishing, and related activities","Thousands of dollars",0,0,0,0,0,0,0,0,0,0,0,0,0,0,0,0,0,0,0,0,0,0,0
 "50000","Vermont",1,SAGDP5N,6,"21","  Mining, quarrying, and oil and gas extraction","Thousands of dollars",0,0,0,0,0,0,0,0,0,0,0,0,0,0,0,0,0,0,0,0,0,0,0
 "50000","Vermont",1,SAGDP5N,7,"211","   Oil and gas extraction","Thousands of dollars",0,0,0,0,0,0,0,0,0,0,0,0,0,0,0,0,0,0,0,0,0,0,0
 "50000","Vermont",1,SAGDP5N,8,"212","   Mining (except oil and gas)","Thousands of dollars",0,0,0,0,0,0,0,0,0,0,0,0,0,0,0,0,0,0,0,0,0,0,0
 "50000","Vermont",1,SAGDP5N,9,"213","   Support activities for mining","Thousands of dollars",0,0,0,0,0,0,0,0,0,0,0,0,0,0,0,0,0,0,0,0,0,0,0
 "50000","Vermont",1,SAGDP5N,10,"22","  Utilities","Thousands of dollars",0,0,0,0,0,0,0,0,0,0,0,0,0,0,0,0,0,0,0,0,0,0,0
 "50000","Vermont",1,SAGDP5N,11,"23","  Construction","Thousands of dollars",0,0,0,0,0,0,0,0,0,0,0,0,0,0,0,0,0,0,0,0,0,0,0
 "50000","Vermont",1,SAGDP5N,12,"31-33","  Manufacturing","Thousands of dollars",0,0,0,0,0,0,0,0,0,-5,-2,-397,-1042,-3498,-3580,-2386,-1232,-841,-681,-601,-598,-582,-646
 "50000","Vermont",1,SAGDP5N,13,"321,327-339","   Durable goods manufacturing","Thousands of dollars",0,0,0,0,0,0,0,0,0,0,0,-394,-1035,-3479,-3548,-2335,-1208,-793,-617,-566,-561,-538,-600
 "50000","Vermont",1,SAGDP5N,14,"321","    Wood product manufacturing","Thousands of dollars",0,0,0,0,0,0,0,0,0,0,0,0,0,0,0,0,0,0,0,0,0,0,0
 "50000","Vermont",1,SAGDP5N,15,"327","    Nonmetallic mineral product manufacturing","Thousands of dollars",0,0,0,0,0,0,0,0,0,0,0,0,0,0,0,0,0,0,0,0,0,0,0
 "50000","Vermont",1,SAGDP5N,16,"331","    Primary metal manufacturing","Thousands of dollars",0,0,0,0,0,0,0,0,0,0,0,0,0,0,0,0,0,0,0,0,0,0,0
 "50000","Vermont",1,SAGDP5N,17,"332","    Fabricated metal product manufacturing","Thousands of dollars",0,0,0,0,0,0,0,0,0,0,0,0,0,0,0,0,0,0,0,0,0,0,0
 "50000","Vermont",1,SAGDP5N,18,"333","    Machinery manufacturing","Thousands of dollars",0,0,0,0,0,0,0,0,0,0,0,0,0,0,0,0,0,0,0,0,0,0,0
 "50000","Vermont",1,SAGDP5N,19,"334","    Computer and electronic product manufacturing","Thousands of dollars",0,0,0,0,0,0,0,0,0,0,0,0,0,0,0,0,0,0,0,0,0,0,0
 "50000","Vermont",1,SAGDP5N,20,"335","    Electrical equipment, appliance, and component manufacturing","Thousands of dollars",0,0,0,0,0,0,0,0,0,0,0,-394,-1035,-3479,-3548,-2335,-1208,-793,-617,-566,-561,-538,-600
 "50000","Vermont",1,SAGDP5N,21,"3361-3363","    Motor vehicles, bodies and trailers, and parts manufacturing","Thousands of dollars",0,0,0,0,0,0,0,0,0,0,0,0,0,0,0,0,0,0,0,0,0,0,0
 "50000","Vermont",1,SAGDP5N,22,"3364-3369","    Other transportation equipment manufacturing","Thousands of dollars",0,0,0,0,0,0,0,0,0,0,0,0,0,0,0,0,0,0,0,0,0,0,0
 "50000","Vermont",1,SAGDP5N,23,"337","    Furniture and related product manufacturing","Thousands of dollars",0,0,0,0,0,0,0,0,0,0,0,0,0,0,0,0,0,0,0,0,0,0,0
 "50000","Vermont",1,SAGDP5N,24,"339","    Miscellaneous manufacturing","Thousands of dollars",0,0,0,0,0,0,0,0,0,0,0,0,0,0,0,0,0,0,0,0,0,0,0
 "50000","Vermont",1,SAGDP5N,25,"311-316,322-326","   Nondurable goods manufacturing","Thousands of dollars",0,0,0,0,0,0,0,0,0,-5,-2,-2,-7,-19,-32,-51,-24,-48,-64,-35,-37,-44,-46
 "50000","Vermont",1,SAGDP5N,26,"311-312","    Food and beverage and tobacco product manufacturing","Thousands of dollars",0,0,0,0,0,0,0,0,0,0,0,0,0,0,0,0,0,0,0,0,0,0,0
 "50000","Vermont",1,SAGDP5N,27,"313-314","    Textile mills and textile product mills","Thousands of dollars",0,0,0,0,0,0,0,0,0,-5,-2,-2,-3,-2,-2,-3,-4,-5,-59,-29,-32,-39,-43
 "50000","Vermont",1,SAGDP5N,28,"315-316","    Apparel, leather, and allied product manufacturing","Thousands of dollars",0,0,0,0,0,0,0,0,0,0,0,0,0,0,0,0,0,0,0,0,0,0,0
 "50000","Vermont",1,SAGDP5N,29,"322","    Paper manufacturing","Thousands of dollars",0,0,0,0,0,0,0,0,0,0,0,0,0,0,0,0,0,0,0,0,0,0,0
 "50000","Vermont",1,SAGDP5N,30,"323","    Printing and related support activities","Thousands of dollars",0,0,0,0,0,0,0,0,0,0,0,0,0,0,0,0,0,0,0,0,0,0,0
 "50000","Vermont",1,SAGDP5N,31,"324","    Petroleum and coal products manufacturing","Thousands of dollars",0,0,0,0,0,0,0,0,0,0,0,0,-2,-14,-7,-36,-6,-25,0,0,0,0,0
 "50000","Vermont",1,SAGDP5N,32,"325","    Chemical manufacturing","Thousands of dollars",0,0,0,0,0,0,0,0,0,0,0,0,-2,-3,-23,-12,-14,-18,-5,-6,-5,-5,-3
 "50000","Vermont",1,SAGDP5N,33,"326","    Plastics and rubber products manufacturing","Thousands of dollars",0,0,0,0,0,0,0,0,0,0,0,0,0,0,0,0,0,0,0,0,0,0,0
 "50000","Vermont",1,SAGDP5N,34,"42","  Wholesale trade","Thousands of dollars",0,0,0,0,0,0,0,0,0,0,0,0,0,0,0,0,0,0,0,0,0,0,0
 "50000","Vermont",1,SAGDP5N,35,"44-45","  Retail trade","Thousands of dollars",0,0,0,0,0,0,0,0,0,0,0,0,-6779,-723,-7,0,0,0,0,0,0,0,0
 "50000","Vermont",1,SAGDP5N,36,"48-49","  Transportation and warehousing","Thousands of dollars",-2775,-1685,-2352,-2544,-4192,-3100,-3426,-2947,-2496,-2911,-2615,-3013,-4133,-5331,-3852,-3509,-3278,-3319,-3308,-3117,-3559,-3993,-3901
 "50000","Vermont",1,SAGDP5N,37,"481","   Air transportation","Thousands of dollars",-9,0,0,0,-2138,-68,-1069,-7,-26,-40,-40,-60,-73,-87,-100,-110,-100,-93,-102,-104,-101,-96,-122
 "50000","Vermont",1,SAGDP5N,38,"482","   Rail transportation","Thousands of dollars",-2748,-1668,-2347,-2533,-1822,-2524,-1943,-1873,-1884,-2087,-2085,-2661,-3563,-4997,-3486,-2895,-3045,-3168,-3175,-2899,-3423,-3879,-3758
 "50000","Vermont",1,SAGDP5N,39,"483","   Water transportation","Thousands of dollars",-19,-17,-5,-11,-233,-508,-409,-1028,-550,-692,-467,-267,-487,-247,-266,-504,-133,-58,-31,-114,-35,-17,-21
 "50000","Vermont",1,SAGDP5N,40,"484","   Truck transportation","Thousands of dollars",0,0,0,0,0,0,-6,-38,-35,-92,-23,-25,-11,0,0,0,0,0,0,0,0,0,0
 "50000","Vermont",1,SAGDP5N,41,"485","   Transit and ground passenger transportation","Thousands of dollars",0,0,0,0,0,0,0,0,0,0,0,0,0,0,0,0,0,0,0,0,0,0,0
 "50000","Vermont",1,SAGDP5N,42,"486","   Pipeline transportation","Thousands of dollars",0,0,0,0,0,0,0,0,0,0,0,0,0,0,0,0,0,0,0,0,0,0,0
 "50000","Vermont",1,SAGDP5N,43,"487-488, 492","   Other transportation and support activities","Thousands of dollars",0,0,0,0,0,0,0,0,0,0,0,0,0,0,0,0,0,0,0,0,0,0,0
 "50000","Vermont",1,SAGDP5N,44,"493","   Warehousing and storage","Thousands of dollars",0,0,0,0,0,0,0,0,0,0,0,0,0,0,0,0,0,0,0,0,0,0,0
 "50000","Vermont",1,SAGDP5N,45,"51","  Information","Thousands of dollars",0,0,0,0,0,0,0,0,0,0,0,0,-57,-162,-728,-973,-506,-112,-112,5,-11,-5,-6
 "50000","Vermont",1,SAGDP5N,46,"511","   Publishing industries (except Internet)","Thousands of dollars",0,0,0,0,0,0,0,0,0,0,0,0,0,0,0,0,0,0,0,0,0,0,0
 "50000","Vermont",1,SAGDP5N,47,"512","   Motion picture and sound recording industries","Thousands of dollars",0,0,0,0,0,0,0,0,0,0,0,0,0,0,0,0,0,0,0,0,0,0,0
 "50000","Vermont",1,SAGDP5N,48,"515, 517","   Broadcasting (except Internet) and telecommunications","Thousands of dollars",0,0,0,0,0,0,0,0,0,0,0,0,-57,-162,-728,-973,-506,-112,-112,5,-11,-5,-6
 "50000","Vermont",1,SAGDP5N,49,"518, 519","   Data processing, hosting, and other information services","Thousands of dollars",0,0,0,0,0,0,0,0,0,0,0,0,0,0,0,0,0,0,0,0,0,0,0
 "50000","Vermont",1,SAGDP5N,50,"52, 53","  Finance, insurance, real estate, rental, and leasing","Thousands of dollars",-16761,-17373,-18027,-17229,-17833,-18846,-21112,-23227,-28010,-27813,-34710,-30605,-32253,-34008,-34416,-34049,-33937,-31472,-32144,-35119,-33222,-29117,-29368
 "50000","Vermont",1,SAGDP5N,51,"52","   Finance and insurance","Thousands of dollars",-40,-65,-85,-90,-116,-148,-58,-43,-69,-39,-58,-9,-178,-512,-332,-348,-236,-311,-162,-296,-412,-453,-438
 "50000","Vermont",1,SAGDP5N,52,"521-522","    Monetary Authorities- central bank, credit intermediation, and related services","Thousands of dollars",-40,-65,-85,-90,-116,-148,-58,-43,-69,-39,-58,-9,-178,-512,-332,-348,-236,-311,-162,-296,-412,-453,-438
 "50000","Vermont",1,SAGDP5N,53,"523","    Securities, commodity contracts, and other financial investments and related activities","Thousands of dollars",0,0,0,0,0,0,0,0,0,0,0,0,0,0,0,0,0,0,0,0,0,0,0
 "50000","Vermont",1,SAGDP5N,54,"524","    Insurance carriers and related activities","Thousands of dollars",0,0,0,0,0,0,0,0,0,0,0,0,0,0,0,0,0,0,0,0,0,0,0
 "50000","Vermont",1,SAGDP5N,55,"525","    Funds, trusts, and other financial vehicles","Thousands of dollars",0,0,0,0,0,0,0,0,0,0,0,0,0,0,0,0,0,0,0,0,0,0,0
 "50000","Vermont",1,SAGDP5N,56,"53","   Real estate and rental and leasing","Thousands of dollars",-16721,-17308,-17942,-17139,-17716,-18698,-21054,-23184,-27941,-27775,-34653,-30596,-32074,-33497,-34083,-33702,-33701,-31161,-31982,-34824,-32810,-28665,-28931
 "50000","Vermont",1,SAGDP5N,57,"531","    Real estate","Thousands of dollars",-16721,-17308,-17942,-17139,-17716,-18698,-21054,-23184,-27941,-27775,-34653,-30596,-32074,-33497,-34083,-33702,-33701,-31161,-31982,-34824,-32810,-28665,-28931
 "50000","Vermont",1,SAGDP5N,58,"532-533","    Rental and leasing services and lessors of nonfinancial intangible assets","Thousands of dollars",0,0,0,0,0,0,0,0,0,0,0,0,0,0,0,0,0,0,0,0,0,0,0
 "50000","Vermont",1,SAGDP5N,59,"54, 55, 56","  Professional and business services","Thousands of dollars",0,0,0,0,0,0,0,0,0,0,0,0,0,0,0,0,0,0,0,0,0,0,0
 "50000","Vermont",1,SAGDP5N,60,"54","   Professional, scientific, and technical services","Thousands of dollars",0,0,0,0,0,0,0,0,0,0,0,0,0,0,0,0,0,0,0,0,0,0,0
 "50000","Vermont",1,SAGDP5N,61,"5411","    Legal services","Thousands of dollars",0,0,0,0,0,0,0,0,0,0,0,0,0,0,0,0,0,0,0,0,0,0,0
 "50000","Vermont",1,SAGDP5N,62,"5415","    Computer systems design and related services","Thousands of dollars",0,0,0,0,0,0,0,0,0,0,0,0,0,0,0,0,0,0,0,0,0,0,0
 "50000","Vermont",1,SAGDP5N,63,"5412-5414, 5416-5419","    Miscellaneous professional, scientific, and technical services","Thousands of dollars",0,0,0,0,0,0,0,0,0,0,0,0,0,0,0,0,0,0,0,0,0,0,0
 "50000","Vermont",1,SAGDP5N,64,"55","   Management of companies and enterprises","Thousands of dollars",0,0,0,0,0,0,0,0,0,0,0,0,0,0,0,0,0,0,0,0,0,0,0
 "50000","Vermont",1,SAGDP5N,65,"56","   Administrative and support and waste management and remediation services","Thousands of dollars",0,0,0,0,0,0,0,0,0,0,0,0,0,0,0,0,0,0,0,0,0,0,0
 "50000","Vermont",1,SAGDP5N,66,"561","    Administrative and support services","Thousands of dollars",0,0,0,0,0,0,0,0,0,0,0,0,0,0,0,0,0,0,0,0,0,0,0
 "50000","Vermont",1,SAGDP5N,67,"562","    Waste management and remediation services","Thousands of dollars",0,0,0,0,0,0,0,0,0,0,0,0,0,0,0,0,0,0,0,0,0,0,0
 "50000","Vermont",1,SAGDP5N,68,"61, 62","  Educational services, health care, and social assistance","Thousands of dollars",0,0,0,0,0,0,0,0,0,0,0,0,0,-1272,-9665,-7041,-8298,-8227,-5040,-3094,-992,-32,-32
 "50000","Vermont",1,SAGDP5N,69,"61","   Educational services","Thousands of dollars",0,0,0,0,0,0,0,0,0,0,0,0,0,0,0,0,0,0,0,0,0,0,0
 "50000","Vermont",1,SAGDP5N,70,"62","   Health care and social assistance","Thousands of dollars",0,0,0,0,0,0,0,0,0,0,0,0,0,-1272,-9665,-7041,-8298,-8227,-5040,-3094,-992,-32,-32
 "50000","Vermont",1,SAGDP5N,71,"621","    Ambulatory health care services","Thousands of dollars",0,0,0,0,0,0,0,0,0,0,0,0,0,0,0,0,0,0,0,0,0,0,0
 "50000","Vermont",1,SAGDP5N,72,"622","    Hospitals","Thousands of dollars",0,0,0,0,0,0,0,0,0,0,0,0,0,-1272,-9665,-7041,-8298,-8227,-5040,-3094,-992,-32,-32
 "50000","Vermont",1,SAGDP5N,73,"623","    Nursing and residential care facilities","Thousands of dollars",0,0,0,0,0,0,0,0,0,0,0,0,0,0,0,0,0,0,0,0,0,0,0
 "50000","Vermont",1,SAGDP5N,74,"624","    Social assistance","Thousands of dollars",0,0,0,0,0,0,0,0,0,0,0,0,0,0,0,0,0,0,0,0,0,0,0
 "50000","Vermont",1,SAGDP5N,75,"71, 72","  Arts, entertainment, recreation, accommodation, and food services","Thousands of dollars",0,0,0,0,0,0,0,0,0,0,0,0,0,0,0,0,0,0,0,0,0,0,0
 "50000","Vermont",1,SAGDP5N,76,"71","   Arts, entertainment, and recreation","Thousands of dollars",0,0,0,0,0,0,0,0,0,0,0,0,0,0,0,0,0,0,0,0,0,0,0
 "50000","Vermont",1,SAGDP5N,77,"711-712","    Performing arts, spectator sports, museums, and related activities","Thousands of dollars",0,0,0,0,0,0,0,0,0,0,0,0,0,0,0,0,0,0,0,0,0,0,0
 "50000","Vermont",1,SAGDP5N,78,"713","    Amusement, gambling, and recreation industries","Thousands of dollars",0,0,0,0,0,0,0,0,0,0,0,0,0,0,0,0,0,0,0,0,0,0,0
 "50000","Vermont",1,SAGDP5N,79,"72","   Accommodation and food services","Thousands of dollars",0,0,0,0,0,0,0,0,0,0,0,0,0,0,0,0,0,0,0,0,0,0,0
 "50000","Vermont",1,SAGDP5N,80,"721","    Accommodation","Thousands of dollars",0,0,0,0,0,0,0,0,0,0,0,0,0,0,0,0,0,0,0,0,0,0,0
 "50000","Vermont",1,SAGDP5N,81,"722","    Food services and drinking places","Thousands of dollars",0,0,0,0,0,0,0,0,0,0,0,0,0,0,0,0,0,0,0,0,0,0,0
 "50000","Vermont",1,SAGDP5N,82,"81","  Other services (except government and government enterprises)","Thousands of dollars",0,0,0,0,0,0,0,0,0,0,0,0,0,0,0,0,0,0,0,0,0,0,0
 "50000","Vermont",1,SAGDP5N,83,"..."," Government and government enterprises","Thousands of dollars",-21023,-16272,-15633,-18504,-19408,-23367,-26117,-28186,-32970,-31112,-31991,-30228,-37046,-36274,-32012,-29704,-30034,-34658,-35011,-36187,-34612,-37025,-37301
 "50000","Vermont",1,SAGDP5N,84,"...","  Federal civilian","Thousands of dollars",-222,-213,-214,-294,-351,-507,-740,-682,-796,-592,-762,-811,-983,-819,-974,-1489,-2325,-2666,-2373,-2162,-1937,-1916,-1647
 "50000","Vermont",1,SAGDP5N,85,"...","  Military","Thousands of dollars",0,0,0,0,0,0,0,0,0,0,0,0,0,0,0,0,0,0,0,0,0,0,0
 "50000","Vermont",1,SAGDP5N,86,"...","  State and local","Thousands of dollars",-20801,-16058,-15418,-18210,-19057,-22860,-25377,-27504,-32174,-30519,-31229,-29417,-36063,-35454,-31039,-28215,-27709,-31992,-32638,-34025,-32675,-35109,-35654
 "50000","Vermont",1,SAGDP5N,87,"11, 21","Natural resources and mining","Thousands of dollars",-2623,-3799,-10553,-22428,-7019,-31468,-24952,-15413,-18399,-16953,-12053,-13231,-38325,-17901,-15069,-18309,-12971,-6759,-8134,-12048,-8811,-19688,-23188
 "50000","Vermont",1,SAGDP5N,88,"42, 44-45","Trade","Thousands of dollars",0,0,0,0,0,0,0,0,0,0,0,0,-6779,-723,-7,0,0,0,0,0,0,0,0
 "50000","Vermont",1,SAGDP5N,89,"...","Transportation and utilities","Thousands of dollars",-2775,-1685,-2352,-2544,-4192,-3100,-3426,-2947,-2496,-2911,-2615,-3013,-4133,-5331,-3852,-3509,-3278,-3319,-3308,-3117,-3559,-3993,-3901
 "50000","Vermont",1,SAGDP5N,90,"...","Manufacturing and information","Thousands of dollars",0,0,0,0,0,0,0,0,0,-5,-2,-397,-1099,-3660,-4307,-3359,-1737,-953,-793,-596,-609,-587,-652
 "50000","Vermont",1,SAGDP5N,91,"...","Private goods-producing industries 2/","Thousands of dollars",-2623,-3799,-10553,-22428,-7019,-31468,-24952,-15413,-18399,-16958,-12055,-13627,-39368,-21399,-18649,-20696,-14203,-7601,-8815,-12650,-9409,-20270,-23834
 "50000","Vermont",1,SAGDP5N,92,"...","Private services-providing industries 3/","Thousands of dollars",-19537,-19058,-20379,-19773,-22025,-21945,-24539,-26174,-30505,-30724,-37326,-33619,-43222,-41496,-48668,-45572,-46019,-43130,-40605,-41325,-37784,-33147,-33307
"Note: See the included footnote file."
"SAGDP5N: Subsidies 1/"
"Last updated: October 2, 2020-- new statistics for 2018-2019; revised statistics for 1997-2017."
"Source: U.S. Department of Commerce / Bureau of Economic Analysis / Regional Economic Accounts"
