GeoFIPS,GeoName,Region,TableName,LineCode,IndustryClassification,Description,Unit,1997,1998,1999,2000,2001,2002,2003,2004,2005,2006,2007,2008,2009,2010,2011,2012,2013,2014,2015,2016,2017,2018,2019
 "98000","Far West",8,SAGDP5N,1,"...","All industry total","Thousands of dollars",-6361532,-6181564,-6798893,-6643925,-14950415,-7681353,-8373682,-8467343,-9912845,-9384048,-10299900,-9479116,-10734308,-10369368,-10655786,-9963316,-10091746,-10360902,-10395595,-11345488,-11428717,-11955146,-12409736
 "98000","Far West",8,SAGDP5N,2,"..."," Private industries","Thousands of dollars",-3340599,-3671469,-4126392,-4189273,-12350919,-4601009,-5090215,-4985008,-6384033,-5730203,-6578323,-5766205,-6369614,-6029648,-6336790,-6025757,-6048683,-5985974,-6070662,-6548947,-6623248,-6750144,-7083984
 "98000","Far West",8,SAGDP5N,3,"11","  Agriculture, forestry, fishing and hunting","Thousands of dollars",-369257,-614878,-906694,-1028793,-1156633,-830017,-966674,-657667,-938152,-735290,-720727,-665585,-757070,-732750,-541588,-531972,-478714,-430152,-523042,-551504,-445851,-544281,-807098
 "98000","Far West",8,SAGDP5N,4,"111-112","   Farms","Thousands of dollars",-369257,-614878,-906694,-1028793,-1156633,-830017,-966674,-657667,-938152,-735290,-720727,-665585,-757070,-732750,-541588,-531972,-478714,-430152,-523042,-551504,-445851,-544281,-807098
 "98000","Far West",8,SAGDP5N,5,"113-115","   Forestry, fishing, and related activities","Thousands of dollars",0,0,0,0,0,0,0,0,0,0,0,0,0,0,0,0,0,0,0,0,0,0,0
 "98000","Far West",8,SAGDP5N,6,"21","  Mining, quarrying, and oil and gas extraction","Thousands of dollars",0,0,0,0,0,0,0,0,0,0,0,0,0,0,0,0,0,0,0,0,0,0,0
 "98000","Far West",8,SAGDP5N,7,"211","   Oil and gas extraction","Thousands of dollars",0,0,0,0,0,0,0,0,0,0,0,0,0,0,0,0,0,0,0,0,0,0,0
 "98000","Far West",8,SAGDP5N,8,"212","   Mining (except oil and gas)","Thousands of dollars",0,0,0,0,0,0,0,0,0,0,0,0,0,0,0,0,0,0,0,0,0,0,0
 "98000","Far West",8,SAGDP5N,9,"213","   Support activities for mining","Thousands of dollars",0,0,0,0,0,0,0,0,0,0,0,0,0,0,0,0,0,0,0,0,0,0,0
 "98000","Far West",8,SAGDP5N,10,"22","  Utilities","Thousands of dollars",0,0,0,0,-7024000,-385000,319000,0,0,0,0,0,0,0,0,0,0,0,0,0,0,0,0
 "98000","Far West",8,SAGDP5N,11,"23","  Construction","Thousands of dollars",0,0,0,0,0,0,0,0,0,0,0,0,0,0,0,0,0,0,0,0,0,0,0
 "98000","Far West",8,SAGDP5N,12,"31-33","  Manufacturing","Thousands of dollars",0,0,0,0,0,0,0,0,0,-802,-367,-11052,-36885,-113499,-116757,-102112,-42284,-53209,-28438,-27877,-29855,-33089,-38366
 "98000","Far West",8,SAGDP5N,13,"321,327-339","   Durable goods manufacturing","Thousands of dollars",0,0,0,0,0,0,0,0,0,0,0,-10656,-26996,-77552,-95842,-60718,-29929,-22671,-23931,-23250,-25567,-28961,-34778
 "98000","Far West",8,SAGDP5N,14,"321","    Wood product manufacturing","Thousands of dollars",0,0,0,0,0,0,0,0,0,0,0,0,0,0,0,0,0,0,0,0,0,0,0
 "98000","Far West",8,SAGDP5N,15,"327","    Nonmetallic mineral product manufacturing","Thousands of dollars",0,0,0,0,0,0,0,0,0,0,0,0,0,0,0,0,0,0,0,0,0,0,0
 "98000","Far West",8,SAGDP5N,16,"331","    Primary metal manufacturing","Thousands of dollars",0,0,0,0,0,0,0,0,0,0,0,0,0,0,0,0,0,0,0,0,0,0,0
 "98000","Far West",8,SAGDP5N,17,"332","    Fabricated metal product manufacturing","Thousands of dollars",0,0,0,0,0,0,0,0,0,0,0,0,0,0,0,0,0,0,0,0,0,0,0
 "98000","Far West",8,SAGDP5N,18,"333","    Machinery manufacturing","Thousands of dollars",0,0,0,0,0,0,0,0,0,0,0,0,0,0,0,0,0,0,0,0,0,0,0
 "98000","Far West",8,SAGDP5N,19,"334","    Computer and electronic product manufacturing","Thousands of dollars",0,0,0,0,0,0,0,0,0,0,0,0,0,0,0,0,0,0,0,0,0,0,0
 "98000","Far West",8,SAGDP5N,20,"335","    Electrical equipment, appliance, and component manufacturing","Thousands of dollars",0,0,0,0,0,0,0,0,0,0,0,-10656,-26996,-77552,-95842,-60718,-29929,-22671,-23931,-23250,-25567,-28961,-34778
 "98000","Far West",8,SAGDP5N,21,"3361-3363","    Motor vehicles, bodies and trailers, and parts manufacturing","Thousands of dollars",0,0,0,0,0,0,0,0,0,0,0,0,0,0,0,0,0,0,0,0,0,0,0
 "98000","Far West",8,SAGDP5N,22,"3364-3369","    Other transportation equipment manufacturing","Thousands of dollars",0,0,0,0,0,0,0,0,0,0,0,0,0,0,0,0,0,0,0,0,0,0,0
 "98000","Far West",8,SAGDP5N,23,"337","    Furniture and related product manufacturing","Thousands of dollars",0,0,0,0,0,0,0,0,0,0,0,0,0,0,0,0,0,0,0,0,0,0,0
 "98000","Far West",8,SAGDP5N,24,"339","    Miscellaneous manufacturing","Thousands of dollars",0,0,0,0,0,0,0,0,0,0,0,0,0,0,0,0,0,0,0,0,0,0,0
 "98000","Far West",8,SAGDP5N,25,"311-316,322-326","   Nondurable goods manufacturing","Thousands of dollars",0,0,0,0,0,0,0,0,0,-802,-367,-396,-9889,-35947,-20916,-41394,-12356,-30538,-4507,-4628,-4288,-4128,-3587
 "98000","Far West",8,SAGDP5N,26,"311-312","    Food and beverage and tobacco product manufacturing","Thousands of dollars",0,0,0,0,0,0,0,0,0,0,0,0,0,0,0,0,0,0,0,0,0,0,0
 "98000","Far West",8,SAGDP5N,27,"313-314","    Textile mills and textile product mills","Thousands of dollars",0,0,0,0,0,0,0,0,0,-802,-367,-396,-466,-357,-335,-359,-405,-391,-2347,-2276,-2138,-2176,-2185
 "98000","Far West",8,SAGDP5N,28,"315-316","    Apparel, leather, and allied product manufacturing","Thousands of dollars",0,0,0,0,0,0,0,0,0,0,0,0,0,0,0,0,0,0,0,0,0,0,0
 "98000","Far West",8,SAGDP5N,29,"322","    Paper manufacturing","Thousands of dollars",0,0,0,0,0,0,0,0,0,0,0,0,0,0,0,0,0,0,0,0,0,0,0
 "98000","Far West",8,SAGDP5N,30,"323","    Printing and related support activities","Thousands of dollars",0,0,0,0,0,0,0,0,0,0,0,0,0,0,0,0,0,0,0,0,0,0,0
 "98000","Far West",8,SAGDP5N,31,"324","    Petroleum and coal products manufacturing","Thousands of dollars",0,0,0,0,0,0,0,0,0,0,0,0,-7791,-33943,-8017,-36271,-5389,-23541,0,0,0,0,0
 "98000","Far West",8,SAGDP5N,32,"325","    Chemical manufacturing","Thousands of dollars",0,0,0,0,0,0,0,0,0,0,0,0,-1631,-1647,-12564,-4764,-6561,-6607,-2160,-2352,-2150,-1953,-1402
 "98000","Far West",8,SAGDP5N,33,"326","    Plastics and rubber products manufacturing","Thousands of dollars",0,0,0,0,0,0,0,0,0,0,0,0,0,0,0,0,0,0,0,0,0,0,0
 "98000","Far West",8,SAGDP5N,34,"42","  Wholesale trade","Thousands of dollars",0,0,0,0,0,0,0,0,0,0,0,0,0,0,0,0,0,0,0,0,0,0,0
 "98000","Far West",8,SAGDP5N,35,"44-45","  Retail trade","Thousands of dollars",0,0,0,0,0,0,0,0,0,0,0,0,-500155,-54131,-526,0,0,0,0,0,0,0,0
 "98000","Far West",8,SAGDP5N,36,"48-49","  Transportation and warehousing","Thousands of dollars",-250906,-174723,-199780,-224487,-1380877,-440061,-949420,-545343,-515942,-554341,-481234,-518538,-661729,-732583,-599666,-558573,-493012,-440369,-468446,-515059,-565333,-638278,-627302
 "98000","Far West",8,SAGDP5N,37,"481","   Air transportation","Thousands of dollars",-4478,224,0,-224,-1125876,-35827,-563162,-3807,-13659,-20825,-21049,-31573,-38291,-45904,-52845,-57996,-52398,-49039,-53741,-54861,-53293,-50606,-64265
 "98000","Far West",8,SAGDP5N,38,"482","   Rail transportation","Thousands of dollars",-221464,-164058,-194503,-212304,-213582,-315330,-318282,-362076,-406647,-410828,-366813,-433935,-544044,-651653,-502373,-405972,-413327,-377475,-406245,-427240,-500469,-582444,-556619
 "98000","Far West",8,SAGDP5N,39,"483","   Water transportation","Thousands of dollars",-24964,-10888,-5277,-11959,-41420,-88903,-67591,-176850,-93171,-116003,-91652,-51184,-78598,-35026,-44447,-94605,-27288,-13855,-8459,-32959,-11571,-5228,-6418
 "98000","Far West",8,SAGDP5N,40,"484","   Truck transportation","Thousands of dollars",0,0,0,0,0,0,-385,-2610,-2466,-6685,-1720,-1846,-797,0,0,0,0,0,0,0,0,0,0
 "98000","Far West",8,SAGDP5N,41,"485","   Transit and ground passenger transportation","Thousands of dollars",0,0,0,0,0,0,0,0,0,0,0,0,0,0,0,0,0,0,0,0,0,0,0
 "98000","Far West",8,SAGDP5N,42,"486","   Pipeline transportation","Thousands of dollars",0,0,0,0,0,0,0,0,0,0,0,0,0,0,0,0,0,0,0,0,0,0,0
 "98000","Far West",8,SAGDP5N,43,"487-488, 492","   Other transportation and support activities","Thousands of dollars",0,0,0,0,0,0,0,0,0,0,0,0,0,0,0,0,0,0,0,0,0,0,0
 "98000","Far West",8,SAGDP5N,44,"493","   Warehousing and storage","Thousands of dollars",0,0,0,0,0,0,0,0,0,0,0,0,0,0,0,0,0,0,0,0,0,0,0
 "98000","Far West",8,SAGDP5N,45,"51","  Information","Thousands of dollars",0,0,0,0,0,0,0,0,0,0,0,0,-7928,-22426,-97536,-138753,-73096,-17756,-18388,999,-2320,-1043,-1295
 "98000","Far West",8,SAGDP5N,46,"511","   Publishing industries (except Internet)","Thousands of dollars",0,0,0,0,0,0,0,0,0,0,0,0,0,0,0,0,0,0,0,0,0,0,0
 "98000","Far West",8,SAGDP5N,47,"512","   Motion picture and sound recording industries","Thousands of dollars",0,0,0,0,0,0,0,0,0,0,0,0,0,0,0,0,0,0,0,0,0,0,0
 "98000","Far West",8,SAGDP5N,48,"515, 517","   Broadcasting (except Internet) and telecommunications","Thousands of dollars",0,0,0,0,0,0,0,0,0,0,0,0,-7928,-22426,-97536,-138753,-73096,-17756,-18388,999,-2320,-1043,-1295
 "98000","Far West",8,SAGDP5N,49,"518, 519","   Data processing, hosting, and other information services","Thousands of dollars",0,0,0,0,0,0,0,0,0,0,0,0,0,0,0,0,0,0,0,0,0,0,0
 "98000","Far West",8,SAGDP5N,50,"52, 53","  Finance, insurance, real estate, rental, and leasing","Thousands of dollars",-2720436,-2881868,-3019918,-2935993,-2789409,-2945930,-3493121,-3781999,-4929938,-4439770,-5375994,-4571031,-4405848,-4287856,-4286501,-4294906,-4465416,-4588620,-4760619,-5296498,-5524671,-5531674,-5608131
 "98000","Far West",8,SAGDP5N,51,"52","   Finance and insurance","Thousands of dollars",-2318,-4148,-6717,-7304,-10100,-13779,-6538,-2959,-4084,-4476,-5197,-6521,-24405,-61295,-69564,-90622,-62169,-87746,-57922,-76951,-67913,-62300,-58915
 "98000","Far West",8,SAGDP5N,52,"521-522","    Monetary Authorities- central bank, credit intermediation, and related services","Thousands of dollars",-2318,-4148,-6717,-7304,-10100,-13779,-6538,-2959,-4084,-4476,-5197,-6521,-24405,-61295,-69564,-90622,-62169,-87746,-57922,-76951,-67913,-62300,-58915
 "98000","Far West",8,SAGDP5N,53,"523","    Securities, commodity contracts, and other financial investments and related activities","Thousands of dollars",0,0,0,0,0,0,0,0,0,0,0,0,0,0,0,0,0,0,0,0,0,0,0
 "98000","Far West",8,SAGDP5N,54,"524","    Insurance carriers and related activities","Thousands of dollars",0,0,0,0,0,0,0,0,0,0,0,0,0,0,0,0,0,0,0,0,0,0,0
 "98000","Far West",8,SAGDP5N,55,"525","    Funds, trusts, and other financial vehicles","Thousands of dollars",0,0,0,0,0,0,0,0,0,0,0,0,0,0,0,0,0,0,0,0,0,0,0
 "98000","Far West",8,SAGDP5N,56,"53","   Real estate and rental and leasing","Thousands of dollars",-2718118,-2877720,-3013201,-2928689,-2779309,-2932151,-3486583,-3779039,-4925854,-4435294,-5370797,-4564510,-4381443,-4226561,-4216937,-4204284,-4403247,-4500874,-4702697,-5219547,-5456758,-5469373,-5549216
 "98000","Far West",8,SAGDP5N,57,"531","    Real estate","Thousands of dollars",-2718118,-2877720,-3013201,-2928689,-2779309,-2932151,-3486583,-3779039,-4925854,-4435294,-5370797,-4564510,-4381443,-4226561,-4216937,-4204284,-4403247,-4500874,-4702697,-5219547,-5456758,-5469373,-5549216
 "98000","Far West",8,SAGDP5N,58,"532-533","    Rental and leasing services and lessors of nonfinancial intangible assets","Thousands of dollars",0,0,0,0,0,0,0,0,0,0,0,0,0,0,0,0,0,0,0,0,0,0,0
 "98000","Far West",8,SAGDP5N,59,"54, 55, 56","  Professional and business services","Thousands of dollars",0,0,0,0,0,0,0,0,0,0,0,0,0,0,0,0,0,0,0,0,0,0,0
 "98000","Far West",8,SAGDP5N,60,"54","   Professional, scientific, and technical services","Thousands of dollars",0,0,0,0,0,0,0,0,0,0,0,0,0,0,0,0,0,0,0,0,0,0,0
 "98000","Far West",8,SAGDP5N,61,"5411","    Legal services","Thousands of dollars",0,0,0,0,0,0,0,0,0,0,0,0,0,0,0,0,0,0,0,0,0,0,0
 "98000","Far West",8,SAGDP5N,62,"5415","    Computer systems design and related services","Thousands of dollars",0,0,0,0,0,0,0,0,0,0,0,0,0,0,0,0,0,0,0,0,0,0,0
 "98000","Far West",8,SAGDP5N,63,"5412-5414, 5416-5419","    Miscellaneous professional, scientific, and technical services","Thousands of dollars",0,0,0,0,0,0,0,0,0,0,0,0,0,0,0,0,0,0,0,0,0,0,0
 "98000","Far West",8,SAGDP5N,64,"55","   Management of companies and enterprises","Thousands of dollars",0,0,0,0,0,0,0,0,0,0,0,0,0,0,0,0,0,0,0,0,0,0,0
 "98000","Far West",8,SAGDP5N,65,"56","   Administrative and support and waste management and remediation services","Thousands of dollars",0,0,0,0,0,0,0,0,0,0,0,0,0,0,0,0,0,0,0,0,0,0,0
 "98000","Far West",8,SAGDP5N,66,"561","    Administrative and support services","Thousands of dollars",0,0,0,0,0,0,0,0,0,0,0,0,0,0,0,0,0,0,0,0,0,0,0
 "98000","Far West",8,SAGDP5N,67,"562","    Waste management and remediation services","Thousands of dollars",0,0,0,0,0,0,0,0,0,0,0,0,0,0,0,0,0,0,0,0,0,0,0
 "98000","Far West",8,SAGDP5N,68,"61, 62","  Educational services, health care, and social assistance","Thousands of dollars",0,0,0,0,0,0,0,0,0,0,0,0,0,-86403,-694216,-399441,-496161,-455868,-271729,-159008,-55219,-1780,-1792
 "98000","Far West",8,SAGDP5N,69,"61","   Educational services","Thousands of dollars",0,0,0,0,0,0,0,0,0,0,0,0,0,0,0,0,0,0,0,0,0,0,0
 "98000","Far West",8,SAGDP5N,70,"62","   Health care and social assistance","Thousands of dollars",0,0,0,0,0,0,0,0,0,0,0,0,0,-86403,-694216,-399441,-496161,-455868,-271729,-159008,-55219,-1780,-1792
 "98000","Far West",8,SAGDP5N,71,"621","    Ambulatory health care services","Thousands of dollars",0,0,0,0,0,0,0,0,0,0,0,0,0,0,0,0,0,0,0,0,0,0,0
 "98000","Far West",8,SAGDP5N,72,"622","    Hospitals","Thousands of dollars",0,0,0,0,0,0,0,0,0,0,0,0,0,-86403,-694216,-399441,-496161,-455868,-271729,-159008,-55219,-1780,-1792
 "98000","Far West",8,SAGDP5N,73,"623","    Nursing and residential care facilities","Thousands of dollars",0,0,0,0,0,0,0,0,0,0,0,0,0,0,0,0,0,0,0,0,0,0,0
 "98000","Far West",8,SAGDP5N,74,"624","    Social assistance","Thousands of dollars",0,0,0,0,0,0,0,0,0,0,0,0,0,0,0,0,0,0,0,0,0,0,0
 "98000","Far West",8,SAGDP5N,75,"71, 72","  Arts, entertainment, recreation, accommodation, and food services","Thousands of dollars",0,0,0,0,0,0,0,0,0,0,0,0,0,0,0,0,0,0,0,0,0,0,0
 "98000","Far West",8,SAGDP5N,76,"71","   Arts, entertainment, and recreation","Thousands of dollars",0,0,0,0,0,0,0,0,0,0,0,0,0,0,0,0,0,0,0,0,0,0,0
 "98000","Far West",8,SAGDP5N,77,"711-712","    Performing arts, spectator sports, museums, and related activities","Thousands of dollars",0,0,0,0,0,0,0,0,0,0,0,0,0,0,0,0,0,0,0,0,0,0,0
 "98000","Far West",8,SAGDP5N,78,"713","    Amusement, gambling, and recreation industries","Thousands of dollars",0,0,0,0,0,0,0,0,0,0,0,0,0,0,0,0,0,0,0,0,0,0,0
 "98000","Far West",8,SAGDP5N,79,"72","   Accommodation and food services","Thousands of dollars",0,0,0,0,0,0,0,0,0,0,0,0,0,0,0,0,0,0,0,0,0,0,0
 "98000","Far West",8,SAGDP5N,80,"721","    Accommodation","Thousands of dollars",0,0,0,0,0,0,0,0,0,0,0,0,0,0,0,0,0,0,0,0,0,0,0
 "98000","Far West",8,SAGDP5N,81,"722","    Food services and drinking places","Thousands of dollars",0,0,0,0,0,0,0,0,0,0,0,0,0,0,0,0,0,0,0,0,0,0,0
 "98000","Far West",8,SAGDP5N,82,"81","  Other services (except government and government enterprises)","Thousands of dollars",0,0,0,0,0,0,0,0,0,0,0,0,0,0,0,0,0,0,0,0,0,0,0
 "98000","Far West",8,SAGDP5N,83,"..."," Government and government enterprises","Thousands of dollars",-3020933,-2510095,-2672501,-2454652,-2599496,-3080344,-3283467,-3482334,-3528812,-3653846,-3721577,-3712911,-4364694,-4339720,-4318996,-3937558,-4043063,-4374928,-4324933,-4796540,-4805469,-5205002,-5325752
 "98000","Far West",8,SAGDP5N,84,"...","  Federal civilian","Thousands of dollars",-79960,-87876,-101069,-132116,-126913,-144158,-138056,-130761,-163495,-159935,-147162,-156110,-237096,-163840,-170374,-207981,-297569,-405667,-353682,-415343,-371402,-393665,-439629
 "98000","Far West",8,SAGDP5N,85,"...","  Military","Thousands of dollars",0,0,0,0,0,0,0,0,0,0,0,0,0,0,0,0,0,0,0,0,0,0,0
 "98000","Far West",8,SAGDP5N,86,"...","  State and local","Thousands of dollars",-2940973,-2422219,-2571432,-2322536,-2472584,-2936186,-3145412,-3351574,-3365318,-3493910,-3574416,-3556801,-4127597,-4175880,-4148622,-3729578,-3745493,-3969262,-3971251,-4381197,-4434068,-4811337,-4886123
 "98000","Far West",8,SAGDP5N,87,"11, 21","Natural resources and mining","Thousands of dollars",-369257,-614878,-906694,-1028793,-1156633,-830017,-966674,-657667,-938152,-735290,-720727,-665585,-757070,-732750,-541588,-531972,-478714,-430152,-523042,-551504,-445851,-544281,-807098
 "98000","Far West",8,SAGDP5N,88,"42, 44-45","Trade","Thousands of dollars",0,0,0,0,0,0,0,0,0,0,0,0,-500155,-54131,-526,0,0,0,0,0,0,0,0
 "98000","Far West",8,SAGDP5N,89,"...","Transportation and utilities","Thousands of dollars",-250906,-174723,-199780,-224487,-8404877,-825061,-630420,-545343,-515942,-554341,-481234,-518538,-661729,-732583,-599666,-558573,-493012,-440369,-468446,-515059,-565333,-638278,-627302
 "98000","Far West",8,SAGDP5N,90,"...","Manufacturing and information","Thousands of dollars",0,0,0,0,0,0,0,0,0,-802,-367,-11052,-44813,-135925,-214293,-240865,-115380,-70965,-46826,-26878,-32174,-34132,-39661
 "98000","Far West",8,SAGDP5N,91,"...","Private goods-producing industries 2/","Thousands of dollars",-369257,-614878,-906694,-1028793,-1156633,-830017,-966674,-657667,-938152,-736092,-721095,-676637,-793954,-846249,-658346,-634084,-520998,-483361,-551480,-579382,-475706,-577370,-845464
 "98000","Far West",8,SAGDP5N,92,"...","Private services-providing industries 3/","Thousands of dollars",-2971342,-3056591,-3219698,-3160480,-11194286,-3770991,-4123541,-4327341,-5445881,-4994110,-5857228,-5089568,-5575660,-5183400,-5678444,-5391674,-5527685,-5502613,-5519182,-5969566,-6147542,-6172774,-6238520
"Note: See the included footnote file."
"SAGDP5N: Subsidies 1/"
"Last updated: October 2, 2020-- new statistics for 2018-2019; revised statistics for 1997-2017."
"Source: U.S. Department of Commerce / Bureau of Economic Analysis / Regional Economic Accounts"
