GeoFIPS,GeoName,Region,TableName,LineCode,IndustryClassification,Description,Unit,1997,1998,1999,2000,2001,2002,2003,2004,2005,2006,2007,2008,2009,2010,2011,2012,2013,2014,2015,2016,2017,2018,2019
 "28000","Mississippi",5,SAGDP5N,1,"...","All industry total","Thousands of dollars",-269249,-345792,-487238,-512069,-1099860,-537164,-626048,-534505,-895629,-699637,-951668,-497238,-670725,-455936,-483119,-434058,-440428,-398375,-376285,-520536,-508110,-565201,-833641
 "28000","Mississippi",5,SAGDP5N,2,"..."," Private industries","Thousands of dollars",-201405,-299841,-443601,-461641,-1036564,-478149,-559903,-459685,-822914,-625253,-878448,-413748,-565549,-347967,-358452,-313444,-286967,-249457,-244674,-377037,-360677,-413487,-680956
 "28000","Mississippi",5,SAGDP5N,3,"11","  Agriculture, forestry, fishing and hunting","Thousands of dollars",-144071,-240717,-380671,-399571,-969321,-410585,-486377,-384179,-735139,-541227,-527303,-282629,-408889,-213215,-207964,-180489,-167039,-135445,-138072,-267504,-256332,-316044,-581611
 "28000","Mississippi",5,SAGDP5N,4,"111-112","   Farms","Thousands of dollars",-144071,-240717,-380671,-399571,-969321,-410585,-486377,-384179,-735139,-541227,-527303,-282629,-408889,-213215,-207964,-180489,-167039,-135445,-138072,-267504,-256332,-316044,-581611
 "28000","Mississippi",5,SAGDP5N,5,"113-115","   Forestry, fishing, and related activities","Thousands of dollars",0,0,0,0,0,0,0,0,0,0,0,0,0,0,0,0,0,0,0,0,0,0,0
 "28000","Mississippi",5,SAGDP5N,6,"21","  Mining, quarrying, and oil and gas extraction","Thousands of dollars",0,0,0,0,0,0,0,0,0,0,0,0,0,0,0,0,0,0,0,0,0,0,0
 "28000","Mississippi",5,SAGDP5N,7,"211","   Oil and gas extraction","Thousands of dollars",0,0,0,0,0,0,0,0,0,0,0,0,0,0,0,0,0,0,0,0,0,0,0
 "28000","Mississippi",5,SAGDP5N,8,"212","   Mining (except oil and gas)","Thousands of dollars",0,0,0,0,0,0,0,0,0,0,0,0,0,0,0,0,0,0,0,0,0,0,0
 "28000","Mississippi",5,SAGDP5N,9,"213","   Support activities for mining","Thousands of dollars",0,0,0,0,0,0,0,0,0,0,0,0,0,0,0,0,0,0,0,0,0,0,0
 "28000","Mississippi",5,SAGDP5N,10,"22","  Utilities","Thousands of dollars",0,0,0,0,0,0,0,0,0,0,0,0,0,0,0,0,0,0,0,0,0,0,0
 "28000","Mississippi",5,SAGDP5N,11,"23","  Construction","Thousands of dollars",0,0,0,0,0,0,0,0,0,0,0,0,0,0,0,0,0,0,0,0,0,0,0
 "28000","Mississippi",5,SAGDP5N,12,"31-33","  Manufacturing","Thousands of dollars",0,0,0,0,0,0,0,0,0,-81,-39,-2442,-5779,-12153,-17592,-16759,-5719,-6446,-4167,-4168,-4304,-3871,-4422
 "28000","Mississippi",5,SAGDP5N,13,"321,327-339","   Durable goods manufacturing","Thousands of dollars",0,0,0,0,0,0,0,0,0,0,0,-2392,-5270,-10810,-16216,-11307,-5058,-4390,-3780,-3744,-3892,-3465,-4025
 "28000","Mississippi",5,SAGDP5N,14,"321","    Wood product manufacturing","Thousands of dollars",0,0,0,0,0,0,0,0,0,0,0,0,0,0,0,0,0,0,0,0,0,0,0
 "28000","Mississippi",5,SAGDP5N,15,"327","    Nonmetallic mineral product manufacturing","Thousands of dollars",0,0,0,0,0,0,0,0,0,0,0,0,0,0,0,0,0,0,0,0,0,0,0
 "28000","Mississippi",5,SAGDP5N,16,"331","    Primary metal manufacturing","Thousands of dollars",0,0,0,0,0,0,0,0,0,0,0,0,0,0,0,0,0,0,0,0,0,0,0
 "28000","Mississippi",5,SAGDP5N,17,"332","    Fabricated metal product manufacturing","Thousands of dollars",0,0,0,0,0,0,0,0,0,0,0,0,0,0,0,0,0,0,0,0,0,0,0
 "28000","Mississippi",5,SAGDP5N,18,"333","    Machinery manufacturing","Thousands of dollars",0,0,0,0,0,0,0,0,0,0,0,0,0,0,0,0,0,0,0,0,0,0,0
 "28000","Mississippi",5,SAGDP5N,19,"334","    Computer and electronic product manufacturing","Thousands of dollars",0,0,0,0,0,0,0,0,0,0,0,0,0,0,0,0,0,0,0,0,0,0,0
 "28000","Mississippi",5,SAGDP5N,20,"335","    Electrical equipment, appliance, and component manufacturing","Thousands of dollars",0,0,0,0,0,0,0,0,0,0,0,-2392,-5270,-10810,-16216,-11307,-5058,-4390,-3780,-3744,-3892,-3465,-4025
 "28000","Mississippi",5,SAGDP5N,21,"3361-3363","    Motor vehicles, bodies and trailers, and parts manufacturing","Thousands of dollars",0,0,0,0,0,0,0,0,0,0,0,0,0,0,0,0,0,0,0,0,0,0,0
 "28000","Mississippi",5,SAGDP5N,22,"3364-3369","    Other transportation equipment manufacturing","Thousands of dollars",0,0,0,0,0,0,0,0,0,0,0,0,0,0,0,0,0,0,0,0,0,0,0
 "28000","Mississippi",5,SAGDP5N,23,"337","    Furniture and related product manufacturing","Thousands of dollars",0,0,0,0,0,0,0,0,0,0,0,0,0,0,0,0,0,0,0,0,0,0,0
 "28000","Mississippi",5,SAGDP5N,24,"339","    Miscellaneous manufacturing","Thousands of dollars",0,0,0,0,0,0,0,0,0,0,0,0,0,0,0,0,0,0,0,0,0,0,0
 "28000","Mississippi",5,SAGDP5N,25,"311-316,322-326","   Nondurable goods manufacturing","Thousands of dollars",0,0,0,0,0,0,0,0,0,-81,-39,-50,-509,-1343,-1376,-5453,-661,-2056,-387,-424,-412,-406,-398
 "28000","Mississippi",5,SAGDP5N,26,"311-312","    Food and beverage and tobacco product manufacturing","Thousands of dollars",0,0,0,0,0,0,0,0,0,0,0,0,0,0,0,0,0,0,0,0,0,0,0
 "28000","Mississippi",5,SAGDP5N,27,"313-314","    Textile mills and textile product mills","Thousands of dollars",0,0,0,0,0,0,0,0,0,-81,-39,-50,-87,-79,-90,-97,-108,-59,-326,-364,-358,-348,-359
 "28000","Mississippi",5,SAGDP5N,28,"315-316","    Apparel, leather, and allied product manufacturing","Thousands of dollars",0,0,0,0,0,0,0,0,0,0,0,0,0,0,0,0,0,0,0,0,0,0,0
 "28000","Mississippi",5,SAGDP5N,29,"322","    Paper manufacturing","Thousands of dollars",0,0,0,0,0,0,0,0,0,0,0,0,0,0,0,0,0,0,0,0,0,0,0
 "28000","Mississippi",5,SAGDP5N,30,"323","    Printing and related support activities","Thousands of dollars",0,0,0,0,0,0,0,0,0,0,0,0,0,0,0,0,0,0,0,0,0,0,0
 "28000","Mississippi",5,SAGDP5N,31,"324","    Petroleum and coal products manufacturing","Thousands of dollars",0,0,0,0,0,0,0,0,0,0,0,0,-358,-1184,-598,-5138,-251,-1729,0,0,0,0,0
 "28000","Mississippi",5,SAGDP5N,32,"325","    Chemical manufacturing","Thousands of dollars",0,0,0,0,0,0,0,0,0,0,0,0,-65,-79,-688,-218,-302,-268,-61,-60,-54,-57,-39
 "28000","Mississippi",5,SAGDP5N,33,"326","    Plastics and rubber products manufacturing","Thousands of dollars",0,0,0,0,0,0,0,0,0,0,0,0,0,0,0,0,0,0,0,0,0,0,0
 "28000","Mississippi",5,SAGDP5N,34,"42","  Wholesale trade","Thousands of dollars",0,0,0,0,0,0,0,0,0,0,0,0,0,0,0,0,0,0,0,0,0,0,0
 "28000","Mississippi",5,SAGDP5N,35,"44-45","  Retail trade","Thousands of dollars",0,0,0,0,0,0,0,0,0,0,0,0,-24518,-2656,-25,0,0,0,0,0,0,0,0
 "28000","Mississippi",5,SAGDP5N,36,"48-49","  Transportation and warehousing","Thousands of dollars",-3249,-2138,-2271,-2405,-7865,-4737,-7123,-9363,-6761,-8993,-7441,-6171,-9203,-8481,-6945,-8078,-5023,-4152,-4000,-5230,-4469,-4533,-5560
 "28000","Mississippi",5,SAGDP5N,37,"481","   Air transportation","Thousands of dollars",-20,1,0,-1,-5025,-160,-2514,-17,-61,-93,-94,-141,-171,-205,-236,-259,-234,-219,-240,-245,-238,-226,-287
 "28000","Mississippi",5,SAGDP5N,38,"482","   Rail transportation","Thousands of dollars",-2754,-1871,-2168,-2170,-1935,-2225,-2247,-2693,-2899,-2806,-2700,-3363,-4872,-6371,-4557,-3506,-3449,-3222,-3324,-3279,-3725,-4056,-4977
 "28000","Mississippi",5,SAGDP5N,39,"483","   Water transportation","Thousands of dollars",-475,-268,-103,-234,-905,-2352,-2327,-6412,-3570,-5476,-4489,-2495,-4085,-1905,-2152,-4313,-1340,-711,-437,-1707,-507,-251,-297
 "28000","Mississippi",5,SAGDP5N,40,"484","   Truck transportation","Thousands of dollars",0,0,0,0,0,0,-36,-242,-230,-617,-158,-172,-74,0,0,0,0,0,0,0,0,0,0
 "28000","Mississippi",5,SAGDP5N,41,"485","   Transit and ground passenger transportation","Thousands of dollars",0,0,0,0,0,0,0,0,0,0,0,0,0,0,0,0,0,0,0,0,0,0,0
 "28000","Mississippi",5,SAGDP5N,42,"486","   Pipeline transportation","Thousands of dollars",0,0,0,0,0,0,0,0,0,0,0,0,0,0,0,0,0,0,0,0,0,0,0
 "28000","Mississippi",5,SAGDP5N,43,"487-488, 492","   Other transportation and support activities","Thousands of dollars",0,0,0,0,0,0,0,0,0,0,0,0,0,0,0,0,0,0,0,0,0,0,0
 "28000","Mississippi",5,SAGDP5N,44,"493","   Warehousing and storage","Thousands of dollars",0,0,0,0,0,0,0,0,0,0,0,0,0,0,0,0,0,0,0,0,0,0,0
 "28000","Mississippi",5,SAGDP5N,45,"51","  Information","Thousands of dollars",0,0,0,0,0,0,0,0,0,0,0,0,-151,-448,-1979,-3008,-1676,-398,-408,21,-45,-20,-23
 "28000","Mississippi",5,SAGDP5N,46,"511","   Publishing industries (except Internet)","Thousands of dollars",0,0,0,0,0,0,0,0,0,0,0,0,0,0,0,0,0,0,0,0,0,0,0
 "28000","Mississippi",5,SAGDP5N,47,"512","   Motion picture and sound recording industries","Thousands of dollars",0,0,0,0,0,0,0,0,0,0,0,0,0,0,0,0,0,0,0,0,0,0,0
 "28000","Mississippi",5,SAGDP5N,48,"515, 517","   Broadcasting (except Internet) and telecommunications","Thousands of dollars",0,0,0,0,0,0,0,0,0,0,0,0,-151,-448,-1979,-3008,-1676,-398,-408,21,-45,-20,-23
 "28000","Mississippi",5,SAGDP5N,49,"518, 519","   Data processing, hosting, and other information services","Thousands of dollars",0,0,0,0,0,0,0,0,0,0,0,0,0,0,0,0,0,0,0,0,0,0,0
 "28000","Mississippi",5,SAGDP5N,50,"52, 53","  Finance, insurance, real estate, rental, and leasing","Thousands of dollars",-54086,-56987,-60659,-59665,-59378,-62827,-66403,-66142,-81015,-74953,-343665,-122505,-117008,-107988,-100214,-91542,-90777,-88066,-89338,-95226,-93885,-88967,-89287
 "28000","Mississippi",5,SAGDP5N,51,"52","   Finance and insurance","Thousands of dollars",-317,-368,-506,-555,-609,-665,-268,-238,-357,-214,-340,-670,-1258,-3473,-3604,-4126,-2688,-4050,-2575,-2832,-2222,-1917,-937
 "28000","Mississippi",5,SAGDP5N,52,"521-522","    Monetary Authorities- central bank, credit intermediation, and related services","Thousands of dollars",-317,-368,-506,-555,-609,-665,-268,-238,-357,-214,-340,-670,-1258,-3473,-3604,-4126,-2688,-4050,-2575,-2832,-2222,-1917,-937
 "28000","Mississippi",5,SAGDP5N,53,"523","    Securities, commodity contracts, and other financial investments and related activities","Thousands of dollars",0,0,0,0,0,0,0,0,0,0,0,0,0,0,0,0,0,0,0,0,0,0,0
 "28000","Mississippi",5,SAGDP5N,54,"524","    Insurance carriers and related activities","Thousands of dollars",0,0,0,0,0,0,0,0,0,0,0,0,0,0,0,0,0,0,0,0,0,0,0
 "28000","Mississippi",5,SAGDP5N,55,"525","    Funds, trusts, and other financial vehicles","Thousands of dollars",0,0,0,0,0,0,0,0,0,0,0,0,0,0,0,0,0,0,0,0,0,0,0
 "28000","Mississippi",5,SAGDP5N,56,"53","   Real estate and rental and leasing","Thousands of dollars",-53769,-56618,-60153,-59110,-58769,-62162,-66135,-65904,-80658,-74739,-343326,-121835,-115750,-104516,-96610,-87416,-88089,-84017,-86763,-92394,-91663,-87050,-88350
 "28000","Mississippi",5,SAGDP5N,57,"531","    Real estate","Thousands of dollars",-53769,-56618,-60153,-59110,-58769,-62162,-66135,-65904,-80658,-74739,-343326,-121835,-115750,-104516,-96610,-87416,-88089,-84017,-86763,-92394,-91663,-87050,-88350
 "28000","Mississippi",5,SAGDP5N,58,"532-533","    Rental and leasing services and lessors of nonfinancial intangible assets","Thousands of dollars",0,0,0,0,0,0,0,0,0,0,0,0,0,0,0,0,0,0,0,0,0,0,0
 "28000","Mississippi",5,SAGDP5N,59,"54, 55, 56","  Professional and business services","Thousands of dollars",0,0,0,0,0,0,0,0,0,0,0,0,0,0,0,0,0,0,0,0,0,0,0
 "28000","Mississippi",5,SAGDP5N,60,"54","   Professional, scientific, and technical services","Thousands of dollars",0,0,0,0,0,0,0,0,0,0,0,0,0,0,0,0,0,0,0,0,0,0,0
 "28000","Mississippi",5,SAGDP5N,61,"5411","    Legal services","Thousands of dollars",0,0,0,0,0,0,0,0,0,0,0,0,0,0,0,0,0,0,0,0,0,0,0
 "28000","Mississippi",5,SAGDP5N,62,"5415","    Computer systems design and related services","Thousands of dollars",0,0,0,0,0,0,0,0,0,0,0,0,0,0,0,0,0,0,0,0,0,0,0
 "28000","Mississippi",5,SAGDP5N,63,"5412-5414, 5416-5419","    Miscellaneous professional, scientific, and technical services","Thousands of dollars",0,0,0,0,0,0,0,0,0,0,0,0,0,0,0,0,0,0,0,0,0,0,0
 "28000","Mississippi",5,SAGDP5N,64,"55","   Management of companies and enterprises","Thousands of dollars",0,0,0,0,0,0,0,0,0,0,0,0,0,0,0,0,0,0,0,0,0,0,0
 "28000","Mississippi",5,SAGDP5N,65,"56","   Administrative and support and waste management and remediation services","Thousands of dollars",0,0,0,0,0,0,0,0,0,0,0,0,0,0,0,0,0,0,0,0,0,0,0
 "28000","Mississippi",5,SAGDP5N,66,"561","    Administrative and support services","Thousands of dollars",0,0,0,0,0,0,0,0,0,0,0,0,0,0,0,0,0,0,0,0,0,0,0
 "28000","Mississippi",5,SAGDP5N,67,"562","    Waste management and remediation services","Thousands of dollars",0,0,0,0,0,0,0,0,0,0,0,0,0,0,0,0,0,0,0,0,0,0,0
 "28000","Mississippi",5,SAGDP5N,68,"61, 62","  Educational services, health care, and social assistance","Thousands of dollars",0,0,0,0,0,0,0,0,0,0,0,0,0,-3026,-23732,-13568,-16733,-14951,-8689,-4929,-1641,-53,-52
 "28000","Mississippi",5,SAGDP5N,69,"61","   Educational services","Thousands of dollars",0,0,0,0,0,0,0,0,0,0,0,0,0,0,0,0,0,0,0,0,0,0,0
 "28000","Mississippi",5,SAGDP5N,70,"62","   Health care and social assistance","Thousands of dollars",0,0,0,0,0,0,0,0,0,0,0,0,0,-3026,-23732,-13568,-16733,-14951,-8689,-4929,-1641,-53,-52
 "28000","Mississippi",5,SAGDP5N,71,"621","    Ambulatory health care services","Thousands of dollars",0,0,0,0,0,0,0,0,0,0,0,0,0,0,0,0,0,0,0,0,0,0,0
 "28000","Mississippi",5,SAGDP5N,72,"622","    Hospitals","Thousands of dollars",0,0,0,0,0,0,0,0,0,0,0,0,0,-3026,-23732,-13568,-16733,-14951,-8689,-4929,-1641,-53,-52
 "28000","Mississippi",5,SAGDP5N,73,"623","    Nursing and residential care facilities","Thousands of dollars",0,0,0,0,0,0,0,0,0,0,0,0,0,0,0,0,0,0,0,0,0,0,0
 "28000","Mississippi",5,SAGDP5N,74,"624","    Social assistance","Thousands of dollars",0,0,0,0,0,0,0,0,0,0,0,0,0,0,0,0,0,0,0,0,0,0,0
 "28000","Mississippi",5,SAGDP5N,75,"71, 72","  Arts, entertainment, recreation, accommodation, and food services","Thousands of dollars",0,0,0,0,0,0,0,0,0,0,0,0,0,0,0,0,0,0,0,0,0,0,0
 "28000","Mississippi",5,SAGDP5N,76,"71","   Arts, entertainment, and recreation","Thousands of dollars",0,0,0,0,0,0,0,0,0,0,0,0,0,0,0,0,0,0,0,0,0,0,0
 "28000","Mississippi",5,SAGDP5N,77,"711-712","    Performing arts, spectator sports, museums, and related activities","Thousands of dollars",0,0,0,0,0,0,0,0,0,0,0,0,0,0,0,0,0,0,0,0,0,0,0
 "28000","Mississippi",5,SAGDP5N,78,"713","    Amusement, gambling, and recreation industries","Thousands of dollars",0,0,0,0,0,0,0,0,0,0,0,0,0,0,0,0,0,0,0,0,0,0,0
 "28000","Mississippi",5,SAGDP5N,79,"72","   Accommodation and food services","Thousands of dollars",0,0,0,0,0,0,0,0,0,0,0,0,0,0,0,0,0,0,0,0,0,0,0
 "28000","Mississippi",5,SAGDP5N,80,"721","    Accommodation","Thousands of dollars",0,0,0,0,0,0,0,0,0,0,0,0,0,0,0,0,0,0,0,0,0,0,0
 "28000","Mississippi",5,SAGDP5N,81,"722","    Food services and drinking places","Thousands of dollars",0,0,0,0,0,0,0,0,0,0,0,0,0,0,0,0,0,0,0,0,0,0,0
 "28000","Mississippi",5,SAGDP5N,82,"81","  Other services (except government and government enterprises)","Thousands of dollars",0,0,0,0,0,0,0,0,0,0,0,0,0,0,0,0,0,0,0,0,0,0,0
 "28000","Mississippi",5,SAGDP5N,83,"..."," Government and government enterprises","Thousands of dollars",-67843,-45951,-43637,-50428,-63297,-59016,-66144,-74820,-72714,-74384,-73220,-83490,-105176,-107969,-124667,-120614,-153461,-148917,-131612,-143500,-147433,-151715,-152685
 "28000","Mississippi",5,SAGDP5N,84,"...","  Federal civilian","Thousands of dollars",-23279,-22219,-22448,-22108,-34645,-25558,-24104,-25079,-24450,-25764,-31300,-42058,-62972,-54136,-69326,-70183,-104100,-99746,-81993,-89313,-94054,-94436,-94515
 "28000","Mississippi",5,SAGDP5N,85,"...","  Military","Thousands of dollars",0,0,0,0,0,0,0,0,0,0,0,0,0,0,0,0,0,0,0,0,0,0,0
 "28000","Mississippi",5,SAGDP5N,86,"...","  State and local","Thousands of dollars",-44565,-23732,-21189,-28321,-28651,-33457,-42040,-49741,-48264,-48620,-41921,-41432,-42205,-53833,-55341,-50431,-49361,-49171,-49619,-54187,-53379,-57279,-58170
 "28000","Mississippi",5,SAGDP5N,87,"11, 21","Natural resources and mining","Thousands of dollars",-144071,-240717,-380671,-399571,-969321,-410585,-486377,-384179,-735139,-541227,-527303,-282629,-408889,-213215,-207964,-180489,-167039,-135445,-138072,-267504,-256332,-316044,-581611
 "28000","Mississippi",5,SAGDP5N,88,"42, 44-45","Trade","Thousands of dollars",0,0,0,0,0,0,0,0,0,0,0,0,-24518,-2656,-25,0,0,0,0,0,0,0,0
 "28000","Mississippi",5,SAGDP5N,89,"...","Transportation and utilities","Thousands of dollars",-3249,-2138,-2271,-2405,-7865,-4737,-7123,-9363,-6761,-8993,-7441,-6171,-9203,-8481,-6945,-8078,-5023,-4152,-4000,-5230,-4469,-4533,-5560
 "28000","Mississippi",5,SAGDP5N,90,"...","Manufacturing and information","Thousands of dollars",0,0,0,0,0,0,0,0,0,-81,-39,-2442,-5930,-12601,-19572,-19767,-7395,-6844,-4574,-4147,-4349,-3891,-4445
 "28000","Mississippi",5,SAGDP5N,91,"...","Private goods-producing industries 2/","Thousands of dollars",-144071,-240717,-380671,-399571,-969321,-410585,-486377,-384179,-735139,-541308,-527342,-285071,-414668,-225368,-225556,-197248,-172759,-141890,-142238,-271673,-260636,-319915,-586034
 "28000","Mississippi",5,SAGDP5N,92,"...","Private services-providing industries 3/","Thousands of dollars",-57335,-59125,-62930,-62069,-67243,-67564,-73527,-75505,-87775,-83946,-351106,-128676,-150880,-122599,-132896,-116196,-114208,-107567,-102435,-105364,-100041,-93572,-94922
"Note: See the included footnote file."
"SAGDP5N: Subsidies 1/"
"Last updated: October 2, 2020-- new statistics for 2018-2019; revised statistics for 1997-2017."
"Source: U.S. Department of Commerce / Bureau of Economic Analysis / Regional Economic Accounts"
