GeoFIPS,GeoName,Region,TableName,LineCode,IndustryClassification,Description,Unit,1997,1998,1999,2000,2001,2002,2003,2004,2005,2006,2007,2008,2009,2010,2011,2012,2013,2014,2015,2016,2017,2018,2019
 "39000","Ohio",3,SAGDP5N,1,"...","All industry total","Thousands of dollars",-896421,-987676,-1303590,-1295315,-1501624,-1146549,-1403729,-1356817,-1692603,-1450226,-1431286,-1403725,-1662816,-1662136,-1830442,-1730600,-1708238,-1532511,-1604074,-1759568,-1553733,-1619786,-1930874
 "39000","Ohio",3,SAGDP5N,2,"..."," Private industries","Thousands of dollars",-538350,-665360,-981446,-995344,-1142061,-685849,-900373,-810679,-1171785,-903865,-871633,-801594,-956309,-1054058,-1157853,-1084247,-1023475,-857920,-940094,-1082673,-938196,-983753,-1287001
 "39000","Ohio",3,SAGDP5N,3,"11","  Agriculture, forestry, fishing and hunting","Thousands of dollars",-158118,-268419,-561492,-583020,-607522,-243547,-342781,-284039,-527580,-377310,-239759,-232603,-244669,-316671,-217385,-230456,-209219,-59706,-242252,-393576,-294570,-385130,-707528
 "39000","Ohio",3,SAGDP5N,4,"111-112","   Farms","Thousands of dollars",-158118,-268419,-561492,-583020,-607522,-243547,-342781,-284039,-527580,-377310,-239759,-232603,-244669,-316671,-217385,-230456,-209219,-59706,-242252,-393576,-294570,-385130,-707528
 "39000","Ohio",3,SAGDP5N,5,"113-115","   Forestry, fishing, and related activities","Thousands of dollars",0,0,0,0,0,0,0,0,0,0,0,0,0,0,0,0,0,0,0,0,0,0,0
 "39000","Ohio",3,SAGDP5N,6,"21","  Mining, quarrying, and oil and gas extraction","Thousands of dollars",0,0,0,0,0,0,0,0,0,0,0,0,0,0,0,0,0,0,0,0,0,0,0
 "39000","Ohio",3,SAGDP5N,7,"211","   Oil and gas extraction","Thousands of dollars",0,0,0,0,0,0,0,0,0,0,0,0,0,0,0,0,0,0,0,0,0,0,0
 "39000","Ohio",3,SAGDP5N,8,"212","   Mining (except oil and gas)","Thousands of dollars",0,0,0,0,0,0,0,0,0,0,0,0,0,0,0,0,0,0,0,0,0,0,0
 "39000","Ohio",3,SAGDP5N,9,"213","   Support activities for mining","Thousands of dollars",0,0,0,0,0,0,0,0,0,0,0,0,0,0,0,0,0,0,0,0,0,0,0
 "39000","Ohio",3,SAGDP5N,10,"22","  Utilities","Thousands of dollars",0,0,0,0,0,0,0,0,0,0,0,0,0,0,0,0,0,0,0,0,0,0,0
 "39000","Ohio",3,SAGDP5N,11,"23","  Construction","Thousands of dollars",0,0,0,0,0,0,0,0,0,0,0,0,0,0,0,0,0,0,0,0,0,0,0
 "39000","Ohio",3,SAGDP5N,12,"31-33","  Manufacturing","Thousands of dollars",0,0,0,0,0,0,0,0,0,-182,-101,-9812,-27269,-77277,-94839,-79027,-31961,-36043,-22642,-22171,-21709,-20625,-23388
 "39000","Ohio",3,SAGDP5N,13,"321,327-339","   Durable goods manufacturing","Thousands of dollars",0,0,0,0,0,0,0,0,0,0,0,-9714,-25226,-69338,-86194,-65930,-27894,-21859,-21408,-20957,-20578,-19443,-22371
 "39000","Ohio",3,SAGDP5N,14,"321","    Wood product manufacturing","Thousands of dollars",0,0,0,0,0,0,0,0,0,0,0,0,0,0,0,0,0,0,0,0,0,0,0
 "39000","Ohio",3,SAGDP5N,15,"327","    Nonmetallic mineral product manufacturing","Thousands of dollars",0,0,0,0,0,0,0,0,0,0,0,0,0,0,0,0,0,0,0,0,0,0,0
 "39000","Ohio",3,SAGDP5N,16,"331","    Primary metal manufacturing","Thousands of dollars",0,0,0,0,0,0,0,0,0,0,0,0,0,0,0,0,0,0,0,0,0,0,0
 "39000","Ohio",3,SAGDP5N,17,"332","    Fabricated metal product manufacturing","Thousands of dollars",0,0,0,0,0,0,0,0,0,0,0,0,0,0,0,0,0,0,0,0,0,0,0
 "39000","Ohio",3,SAGDP5N,18,"333","    Machinery manufacturing","Thousands of dollars",0,0,0,0,0,0,0,0,0,0,0,0,0,0,0,0,0,0,0,0,0,0,0
 "39000","Ohio",3,SAGDP5N,19,"334","    Computer and electronic product manufacturing","Thousands of dollars",0,0,0,0,0,0,0,0,0,0,0,0,0,0,0,0,0,0,0,0,0,0,0
 "39000","Ohio",3,SAGDP5N,20,"335","    Electrical equipment, appliance, and component manufacturing","Thousands of dollars",0,0,0,0,0,0,0,0,0,0,0,-9714,-25226,-69338,-86194,-65930,-27894,-21859,-21408,-20957,-20578,-19443,-22371
 "39000","Ohio",3,SAGDP5N,21,"3361-3363","    Motor vehicles, bodies and trailers, and parts manufacturing","Thousands of dollars",0,0,0,0,0,0,0,0,0,0,0,0,0,0,0,0,0,0,0,0,0,0,0
 "39000","Ohio",3,SAGDP5N,22,"3364-3369","    Other transportation equipment manufacturing","Thousands of dollars",0,0,0,0,0,0,0,0,0,0,0,0,0,0,0,0,0,0,0,0,0,0,0
 "39000","Ohio",3,SAGDP5N,23,"337","    Furniture and related product manufacturing","Thousands of dollars",0,0,0,0,0,0,0,0,0,0,0,0,0,0,0,0,0,0,0,0,0,0,0
 "39000","Ohio",3,SAGDP5N,24,"339","    Miscellaneous manufacturing","Thousands of dollars",0,0,0,0,0,0,0,0,0,0,0,0,0,0,0,0,0,0,0,0,0,0,0
 "39000","Ohio",3,SAGDP5N,25,"311-316,322-326","   Nondurable goods manufacturing","Thousands of dollars",0,0,0,0,0,0,0,0,0,-182,-101,-98,-2044,-7940,-8645,-13097,-4067,-14185,-1234,-1213,-1131,-1183,-1018
 "39000","Ohio",3,SAGDP5N,26,"311-312","    Food and beverage and tobacco product manufacturing","Thousands of dollars",0,0,0,0,0,0,0,0,0,0,0,0,0,0,0,0,0,0,0,0,0,0,0
 "39000","Ohio",3,SAGDP5N,27,"313-314","    Textile mills and textile product mills","Thousands of dollars",0,0,0,0,0,0,0,0,0,-182,-101,-98,-114,-113,-113,-99,-104,-99,-557,-468,-451,-468,-489
 "39000","Ohio",3,SAGDP5N,28,"315-316","    Apparel, leather, and allied product manufacturing","Thousands of dollars",0,0,0,0,0,0,0,0,0,0,0,0,0,0,0,0,0,0,0,0,0,0,0
 "39000","Ohio",3,SAGDP5N,29,"322","    Paper manufacturing","Thousands of dollars",0,0,0,0,0,0,0,0,0,0,0,0,0,0,0,0,0,0,0,0,0,0,0
 "39000","Ohio",3,SAGDP5N,30,"323","    Printing and related support activities","Thousands of dollars",0,0,0,0,0,0,0,0,0,0,0,0,0,0,0,0,0,0,0,0,0,0,0
 "39000","Ohio",3,SAGDP5N,31,"324","    Petroleum and coal products manufacturing","Thousands of dollars",0,0,0,0,0,0,0,0,0,0,0,0,-1347,-7202,-3095,-11312,-2378,-12248,0,0,0,0,0
 "39000","Ohio",3,SAGDP5N,32,"325","    Chemical manufacturing","Thousands of dollars",0,0,0,0,0,0,0,0,0,0,0,0,-583,-624,-5437,-1685,-1585,-1837,-677,-745,-680,-715,-528
 "39000","Ohio",3,SAGDP5N,33,"326","    Plastics and rubber products manufacturing","Thousands of dollars",0,0,0,0,0,0,0,0,0,0,0,0,0,0,0,0,0,0,0,0,0,0,0
 "39000","Ohio",3,SAGDP5N,34,"42","  Wholesale trade","Thousands of dollars",0,0,0,0,0,0,0,0,0,0,0,0,0,0,0,0,0,0,0,0,0,0,0
 "39000","Ohio",3,SAGDP5N,35,"44-45","  Retail trade","Thousands of dollars",0,0,0,0,0,0,0,0,0,0,0,0,-103135,-11049,-107,0,0,0,0,0,0,0,0
 "39000","Ohio",3,SAGDP5N,36,"48-49","  Transportation and warehousing","Thousands of dollars",-8343,-4792,-4816,-5819,-129189,-19123,-71240,-19270,-13773,-16734,-10619,-10217,-12497,-13764,-12828,-13876,-11284,-10168,-10402,-11195,-11452,-11214,-12398
 "39000","Ohio",3,SAGDP5N,37,"481","   Air transportation","Thousands of dollars",-478,24,0,-24,-120048,-3820,-60048,-406,-1456,-2220,-2244,-3367,-4083,-4895,-5635,-6184,-5587,-5229,-5730,-5850,-5682,-5396,-6852
 "39000","Ohio",3,SAGDP5N,38,"482","   Rail transportation","Thousands of dollars",-4291,-3135,-4078,-4006,-3839,-4931,-3773,-4452,-4337,-3950,-3210,-4055,-5725,-7625,-5799,-4972,-4912,-4551,-4442,-4487,-5473,-5658,-5343
 "39000","Ohio",3,SAGDP5N,39,"483","   Water transportation","Thousands of dollars",-3574,-1680,-739,-1789,-5301,-10373,-7270,-13426,-7037,-8116,-4546,-2120,-2409,-1244,-1395,-2720,-786,-388,-230,-858,-296,-160,-203
 "39000","Ohio",3,SAGDP5N,40,"484","   Truck transportation","Thousands of dollars",0,0,0,0,0,0,-149,-987,-943,-2448,-620,-675,-281,0,0,0,0,0,0,0,0,0,0
 "39000","Ohio",3,SAGDP5N,41,"485","   Transit and ground passenger transportation","Thousands of dollars",0,0,0,0,0,0,0,0,0,0,0,0,0,0,0,0,0,0,0,0,0,0,0
 "39000","Ohio",3,SAGDP5N,42,"486","   Pipeline transportation","Thousands of dollars",0,0,0,0,0,0,0,0,0,0,0,0,0,0,0,0,0,0,0,0,0,0,0
 "39000","Ohio",3,SAGDP5N,43,"487-488, 492","   Other transportation and support activities","Thousands of dollars",0,0,0,0,0,0,0,0,0,0,0,0,0,0,0,0,0,0,0,0,0,0,0
 "39000","Ohio",3,SAGDP5N,44,"493","   Warehousing and storage","Thousands of dollars",0,0,0,0,0,0,0,0,0,0,0,0,0,0,0,0,0,0,0,0,0,0,0
 "39000","Ohio",3,SAGDP5N,45,"51","  Information","Thousands of dollars",0,0,0,0,0,0,0,0,0,0,0,0,-1061,-3156,-14321,-20998,-10620,-2308,-2177,109,-231,-102,-118
 "39000","Ohio",3,SAGDP5N,46,"511","   Publishing industries (except Internet)","Thousands of dollars",0,0,0,0,0,0,0,0,0,0,0,0,0,0,0,0,0,0,0,0,0,0,0
 "39000","Ohio",3,SAGDP5N,47,"512","   Motion picture and sound recording industries","Thousands of dollars",0,0,0,0,0,0,0,0,0,0,0,0,0,0,0,0,0,0,0,0,0,0,0
 "39000","Ohio",3,SAGDP5N,48,"515, 517","   Broadcasting (except Internet) and telecommunications","Thousands of dollars",0,0,0,0,0,0,0,0,0,0,0,0,-1061,-3156,-14321,-20998,-10620,-2308,-2177,109,-231,-102,-118
 "39000","Ohio",3,SAGDP5N,49,"518, 519","   Data processing, hosting, and other information services","Thousands of dollars",0,0,0,0,0,0,0,0,0,0,0,0,0,0,0,0,0,0,0,0,0,0,0
 "39000","Ohio",3,SAGDP5N,50,"52, 53","  Finance, insurance, real estate, rental, and leasing","Thousands of dollars",-371889,-392150,-415137,-406506,-405350,-423178,-486352,-507370,-630432,-509640,-621153,-548962,-567678,-606037,-608678,-615972,-603549,-605080,-577601,-605937,-593316,-566148,-543034
 "39000","Ohio",3,SAGDP5N,51,"52","   Finance and insurance","Thousands of dollars",-1324,-1609,-2836,-3179,-4688,-7157,-3250,-2925,-5543,-3280,-4277,-13976,-31176,-70540,-71194,-74076,-59613,-81626,-57400,-51874,-35528,-25989,-2881
 "39000","Ohio",3,SAGDP5N,52,"521-522","    Monetary Authorities- central bank, credit intermediation, and related services","Thousands of dollars",-1324,-1609,-2836,-3179,-4688,-7157,-3250,-2925,-5543,-3280,-4277,-13976,-31176,-70540,-71194,-74076,-59613,-81626,-57400,-51874,-35528,-25989,-2881
 "39000","Ohio",3,SAGDP5N,53,"523","    Securities, commodity contracts, and other financial investments and related activities","Thousands of dollars",0,0,0,0,0,0,0,0,0,0,0,0,0,0,0,0,0,0,0,0,0,0,0
 "39000","Ohio",3,SAGDP5N,54,"524","    Insurance carriers and related activities","Thousands of dollars",0,0,0,0,0,0,0,0,0,0,0,0,0,0,0,0,0,0,0,0,0,0,0
 "39000","Ohio",3,SAGDP5N,55,"525","    Funds, trusts, and other financial vehicles","Thousands of dollars",0,0,0,0,0,0,0,0,0,0,0,0,0,0,0,0,0,0,0,0,0,0,0
 "39000","Ohio",3,SAGDP5N,56,"53","   Real estate and rental and leasing","Thousands of dollars",-370565,-390541,-412301,-403327,-400662,-416021,-483102,-504445,-624889,-506359,-616877,-534986,-536502,-535497,-537484,-541896,-543936,-523454,-520201,-554063,-557789,-540159,-540153
 "39000","Ohio",3,SAGDP5N,57,"531","    Real estate","Thousands of dollars",-370565,-390541,-412301,-403327,-400662,-416021,-483102,-504445,-624889,-506359,-616877,-534986,-536502,-535497,-537484,-541896,-543936,-523454,-520201,-554063,-557789,-540159,-540153
 "39000","Ohio",3,SAGDP5N,58,"532-533","    Rental and leasing services and lessors of nonfinancial intangible assets","Thousands of dollars",0,0,0,0,0,0,0,0,0,0,0,0,0,0,0,0,0,0,0,0,0,0,0
 "39000","Ohio",3,SAGDP5N,59,"54, 55, 56","  Professional and business services","Thousands of dollars",0,0,0,0,0,0,0,0,0,0,0,0,0,0,0,0,0,0,0,0,0,0,0
 "39000","Ohio",3,SAGDP5N,60,"54","   Professional, scientific, and technical services","Thousands of dollars",0,0,0,0,0,0,0,0,0,0,0,0,0,0,0,0,0,0,0,0,0,0,0
 "39000","Ohio",3,SAGDP5N,61,"5411","    Legal services","Thousands of dollars",0,0,0,0,0,0,0,0,0,0,0,0,0,0,0,0,0,0,0,0,0,0,0
 "39000","Ohio",3,SAGDP5N,62,"5415","    Computer systems design and related services","Thousands of dollars",0,0,0,0,0,0,0,0,0,0,0,0,0,0,0,0,0,0,0,0,0,0,0
 "39000","Ohio",3,SAGDP5N,63,"5412-5414, 5416-5419","    Miscellaneous professional, scientific, and technical services","Thousands of dollars",0,0,0,0,0,0,0,0,0,0,0,0,0,0,0,0,0,0,0,0,0,0,0
 "39000","Ohio",3,SAGDP5N,64,"55","   Management of companies and enterprises","Thousands of dollars",0,0,0,0,0,0,0,0,0,0,0,0,0,0,0,0,0,0,0,0,0,0,0
 "39000","Ohio",3,SAGDP5N,65,"56","   Administrative and support and waste management and remediation services","Thousands of dollars",0,0,0,0,0,0,0,0,0,0,0,0,0,0,0,0,0,0,0,0,0,0,0
 "39000","Ohio",3,SAGDP5N,66,"561","    Administrative and support services","Thousands of dollars",0,0,0,0,0,0,0,0,0,0,0,0,0,0,0,0,0,0,0,0,0,0,0
 "39000","Ohio",3,SAGDP5N,67,"562","    Waste management and remediation services","Thousands of dollars",0,0,0,0,0,0,0,0,0,0,0,0,0,0,0,0,0,0,0,0,0,0,0
 "39000","Ohio",3,SAGDP5N,68,"61, 62","  Educational services, health care, and social assistance","Thousands of dollars",0,0,0,0,0,0,0,0,0,0,0,0,0,-26104,-209695,-123918,-156842,-144615,-85020,-49904,-16918,-535,-535
 "39000","Ohio",3,SAGDP5N,69,"61","   Educational services","Thousands of dollars",0,0,0,0,0,0,0,0,0,0,0,0,0,0,0,0,0,0,0,0,0,0,0
 "39000","Ohio",3,SAGDP5N,70,"62","   Health care and social assistance","Thousands of dollars",0,0,0,0,0,0,0,0,0,0,0,0,0,-26104,-209695,-123918,-156842,-144615,-85020,-49904,-16918,-535,-535
 "39000","Ohio",3,SAGDP5N,71,"621","    Ambulatory health care services","Thousands of dollars",0,0,0,0,0,0,0,0,0,0,0,0,0,0,0,0,0,0,0,0,0,0,0
 "39000","Ohio",3,SAGDP5N,72,"622","    Hospitals","Thousands of dollars",0,0,0,0,0,0,0,0,0,0,0,0,0,-26104,-209695,-123918,-156842,-144615,-85020,-49904,-16918,-535,-535
 "39000","Ohio",3,SAGDP5N,73,"623","    Nursing and residential care facilities","Thousands of dollars",0,0,0,0,0,0,0,0,0,0,0,0,0,0,0,0,0,0,0,0,0,0,0
 "39000","Ohio",3,SAGDP5N,74,"624","    Social assistance","Thousands of dollars",0,0,0,0,0,0,0,0,0,0,0,0,0,0,0,0,0,0,0,0,0,0,0
 "39000","Ohio",3,SAGDP5N,75,"71, 72","  Arts, entertainment, recreation, accommodation, and food services","Thousands of dollars",0,0,0,0,0,0,0,0,0,0,0,0,0,0,0,0,0,0,0,0,0,0,0
 "39000","Ohio",3,SAGDP5N,76,"71","   Arts, entertainment, and recreation","Thousands of dollars",0,0,0,0,0,0,0,0,0,0,0,0,0,0,0,0,0,0,0,0,0,0,0
 "39000","Ohio",3,SAGDP5N,77,"711-712","    Performing arts, spectator sports, museums, and related activities","Thousands of dollars",0,0,0,0,0,0,0,0,0,0,0,0,0,0,0,0,0,0,0,0,0,0,0
 "39000","Ohio",3,SAGDP5N,78,"713","    Amusement, gambling, and recreation industries","Thousands of dollars",0,0,0,0,0,0,0,0,0,0,0,0,0,0,0,0,0,0,0,0,0,0,0
 "39000","Ohio",3,SAGDP5N,79,"72","   Accommodation and food services","Thousands of dollars",0,0,0,0,0,0,0,0,0,0,0,0,0,0,0,0,0,0,0,0,0,0,0
 "39000","Ohio",3,SAGDP5N,80,"721","    Accommodation","Thousands of dollars",0,0,0,0,0,0,0,0,0,0,0,0,0,0,0,0,0,0,0,0,0,0,0
 "39000","Ohio",3,SAGDP5N,81,"722","    Food services and drinking places","Thousands of dollars",0,0,0,0,0,0,0,0,0,0,0,0,0,0,0,0,0,0,0,0,0,0,0
 "39000","Ohio",3,SAGDP5N,82,"81","  Other services (except government and government enterprises)","Thousands of dollars",0,0,0,0,0,0,0,0,0,0,0,0,0,0,0,0,0,0,0,0,0,0,0
 "39000","Ohio",3,SAGDP5N,83,"..."," Government and government enterprises","Thousands of dollars",-358071,-322316,-322144,-299971,-359563,-460700,-503356,-546138,-520818,-546361,-559654,-602131,-706507,-608078,-672588,-646353,-684763,-674590,-663980,-676895,-615537,-636032,-643873
 "39000","Ohio",3,SAGDP5N,84,"...","  Federal civilian","Thousands of dollars",-10918,-10868,-10913,-14590,-27352,-30834,-38493,-50784,-58809,-61482,-83738,-121507,-138653,-91226,-135957,-144305,-189086,-187327,-151290,-146253,-161721,-147255,-147499
 "39000","Ohio",3,SAGDP5N,85,"...","  Military","Thousands of dollars",0,0,0,0,0,0,0,0,0,0,0,0,0,0,0,0,0,0,0,0,0,0,0
 "39000","Ohio",3,SAGDP5N,86,"...","  State and local","Thousands of dollars",-347153,-311448,-311231,-285381,-332212,-429866,-464863,-495354,-462009,-484879,-475915,-480625,-567854,-516852,-536631,-502048,-495677,-487263,-512690,-530642,-453817,-488777,-496374
 "39000","Ohio",3,SAGDP5N,87,"11, 21","Natural resources and mining","Thousands of dollars",-158118,-268419,-561492,-583020,-607522,-243547,-342781,-284039,-527580,-377310,-239759,-232603,-244669,-316671,-217385,-230456,-209219,-59706,-242252,-393576,-294570,-385130,-707528
 "39000","Ohio",3,SAGDP5N,88,"42, 44-45","Trade","Thousands of dollars",0,0,0,0,0,0,0,0,0,0,0,0,-103135,-11049,-107,0,0,0,0,0,0,0,0
 "39000","Ohio",3,SAGDP5N,89,"...","Transportation and utilities","Thousands of dollars",-8343,-4792,-4816,-5819,-129189,-19123,-71240,-19270,-13773,-16734,-10619,-10217,-12497,-13764,-12828,-13876,-11284,-10168,-10402,-11195,-11452,-11214,-12398
 "39000","Ohio",3,SAGDP5N,90,"...","Manufacturing and information","Thousands of dollars",0,0,0,0,0,0,0,0,0,-182,-101,-9812,-28330,-80434,-109160,-100025,-42581,-38351,-24819,-22061,-21940,-20728,-23507
 "39000","Ohio",3,SAGDP5N,91,"...","Private goods-producing industries 2/","Thousands of dollars",-158118,-268419,-561492,-583020,-607522,-243547,-342781,-284039,-527580,-377491,-239860,-242415,-271938,-393948,-312224,-309483,-241180,-95749,-264894,-415746,-316278,-405755,-730916
 "39000","Ohio",3,SAGDP5N,92,"...","Private services-providing industries 3/","Thousands of dollars",-380232,-396941,-419953,-412324,-534539,-442302,-557592,-526640,-644205,-526374,-631773,-559179,-684370,-660110,-845630,-774764,-782296,-762171,-675200,-666927,-621917,-577999,-556085
"Note: See the included footnote file."
"SAGDP5N: Subsidies 1/"
"Last updated: October 2, 2020-- new statistics for 2018-2019; revised statistics for 1997-2017."
"Source: U.S. Department of Commerce / Bureau of Economic Analysis / Regional Economic Accounts"
