GeoFIPS,GeoName,Region,TableName,LineCode,IndustryClassification,Description,Unit,1997,1998,1999,2000,2001,2002,2003,2004,2005,2006,2007,2008,2009,2010,2011,2012,2013,2014,2015,2016,2017,2018,2019
 "10000","Delaware",2,SAGDP5N,1,"...","All industry total","Thousands of dollars",-93419,-91525,-105637,-105061,-109565,-115014,-125118,-131019,-160591,-145940,-154573,-163658,-179283,-239269,-241483,-222603,-230946,-215879,-188313,-194619,-189674,-177738,-194049
 "10000","Delaware",2,SAGDP5N,2,"..."," Private industries","Thousands of dollars",-59443,-61931,-75649,-78544,-79276,-76548,-83939,-89572,-117911,-102615,-111667,-116909,-129130,-184898,-183395,-166819,-173628,-159335,-135473,-135943,-133113,-117557,-132520
 "10000","Delaware",2,SAGDP5N,3,"11","  Agriculture, forestry, fishing and hunting","Thousands of dollars",-4856,-9227,-17141,-21583,-22361,-10374,-15880,-13825,-25314,-18875,-17648,-20632,-13527,-20662,-17796,-12687,-12395,-5742,-6684,-14625,-18179,-14804,-35675
 "10000","Delaware",2,SAGDP5N,4,"111-112","   Farms","Thousands of dollars",-4856,-9227,-17141,-21583,-22361,-10374,-15880,-13825,-25314,-18875,-17648,-20632,-13527,-20662,-17796,-12687,-12395,-5742,-6684,-14625,-18179,-14804,-35675
 "10000","Delaware",2,SAGDP5N,5,"113-115","   Forestry, fishing, and related activities","Thousands of dollars",0,0,0,0,0,0,0,0,0,0,0,0,0,0,0,0,0,0,0,0,0,0,0
 "10000","Delaware",2,SAGDP5N,6,"21","  Mining, quarrying, and oil and gas extraction","Thousands of dollars",0,0,0,0,0,0,0,0,0,0,0,0,0,0,0,0,0,0,0,0,0,0,0
 "10000","Delaware",2,SAGDP5N,7,"211","   Oil and gas extraction","Thousands of dollars",0,0,0,0,0,0,0,0,0,0,0,0,0,0,0,0,0,0,0,0,0,0,0
 "10000","Delaware",2,SAGDP5N,8,"212","   Mining (except oil and gas)","Thousands of dollars",0,0,0,0,0,0,0,0,0,0,0,0,0,0,0,0,0,0,0,0,0,0,0
 "10000","Delaware",2,SAGDP5N,9,"213","   Support activities for mining","Thousands of dollars",0,0,0,0,0,0,0,0,0,0,0,0,0,0,0,0,0,0,0,0,0,0,0
 "10000","Delaware",2,SAGDP5N,10,"22","  Utilities","Thousands of dollars",0,0,0,0,0,0,0,0,0,0,0,0,0,0,0,0,0,0,0,0,0,0,0
 "10000","Delaware",2,SAGDP5N,11,"23","  Construction","Thousands of dollars",0,0,0,0,0,0,0,0,0,0,0,0,0,0,0,0,0,0,0,0,0,0,0
 "10000","Delaware",2,SAGDP5N,12,"31-33","  Manufacturing","Thousands of dollars",0,0,0,0,0,0,0,0,0,-30,-17,-392,-1076,-2899,-3964,-1758,-779,-1122,-972,-566,-602,-652,-967
 "10000","Delaware",2,SAGDP5N,13,"321,327-339","   Durable goods manufacturing","Thousands of dollars",0,0,0,0,0,0,0,0,0,0,0,-372,-934,-2685,-3320,-1168,-556,-521,-821,-438,-475,-514,-840
 "10000","Delaware",2,SAGDP5N,14,"321","    Wood product manufacturing","Thousands of dollars",0,0,0,0,0,0,0,0,0,0,0,0,0,0,0,0,0,0,0,0,0,0,0
 "10000","Delaware",2,SAGDP5N,15,"327","    Nonmetallic mineral product manufacturing","Thousands of dollars",0,0,0,0,0,0,0,0,0,0,0,0,0,0,0,0,0,0,0,0,0,0,0
 "10000","Delaware",2,SAGDP5N,16,"331","    Primary metal manufacturing","Thousands of dollars",0,0,0,0,0,0,0,0,0,0,0,0,0,0,0,0,0,0,0,0,0,0,0
 "10000","Delaware",2,SAGDP5N,17,"332","    Fabricated metal product manufacturing","Thousands of dollars",0,0,0,0,0,0,0,0,0,0,0,0,0,0,0,0,0,0,0,0,0,0,0
 "10000","Delaware",2,SAGDP5N,18,"333","    Machinery manufacturing","Thousands of dollars",0,0,0,0,0,0,0,0,0,0,0,0,0,0,0,0,0,0,0,0,0,0,0
 "10000","Delaware",2,SAGDP5N,19,"334","    Computer and electronic product manufacturing","Thousands of dollars",0,0,0,0,0,0,0,0,0,0,0,0,0,0,0,0,0,0,0,0,0,0,0
 "10000","Delaware",2,SAGDP5N,20,"335","    Electrical equipment, appliance, and component manufacturing","Thousands of dollars",0,0,0,0,0,0,0,0,0,0,0,-372,-934,-2685,-3320,-1168,-556,-521,-821,-438,-475,-514,-840
 "10000","Delaware",2,SAGDP5N,21,"3361-3363","    Motor vehicles, bodies and trailers, and parts manufacturing","Thousands of dollars",0,0,0,0,0,0,0,0,0,0,0,0,0,0,0,0,0,0,0,0,0,0,0
 "10000","Delaware",2,SAGDP5N,22,"3364-3369","    Other transportation equipment manufacturing","Thousands of dollars",0,0,0,0,0,0,0,0,0,0,0,0,0,0,0,0,0,0,0,0,0,0,0
 "10000","Delaware",2,SAGDP5N,23,"337","    Furniture and related product manufacturing","Thousands of dollars",0,0,0,0,0,0,0,0,0,0,0,0,0,0,0,0,0,0,0,0,0,0,0
 "10000","Delaware",2,SAGDP5N,24,"339","    Miscellaneous manufacturing","Thousands of dollars",0,0,0,0,0,0,0,0,0,0,0,0,0,0,0,0,0,0,0,0,0,0,0
 "10000","Delaware",2,SAGDP5N,25,"311-316,322-326","   Nondurable goods manufacturing","Thousands of dollars",0,0,0,0,0,0,0,0,0,-30,-17,-20,-142,-214,-644,-589,-223,-601,-151,-128,-127,-139,-127
 "10000","Delaware",2,SAGDP5N,26,"311-312","    Food and beverage and tobacco product manufacturing","Thousands of dollars",0,0,0,0,0,0,0,0,0,0,0,0,0,0,0,0,0,0,0,0,0,0,0
 "10000","Delaware",2,SAGDP5N,27,"313-314","    Textile mills and textile product mills","Thousands of dollars",0,0,0,0,0,0,0,0,0,-30,-17,-20,-29,-18,-17,-17,-16,-16,-91,-97,-95,-103,-102
 "10000","Delaware",2,SAGDP5N,28,"315-316","    Apparel, leather, and allied product manufacturing","Thousands of dollars",0,0,0,0,0,0,0,0,0,0,0,0,0,0,0,0,0,0,0,0,0,0,0
 "10000","Delaware",2,SAGDP5N,29,"322","    Paper manufacturing","Thousands of dollars",0,0,0,0,0,0,0,0,0,0,0,0,0,0,0,0,0,0,0,0,0,0,0
 "10000","Delaware",2,SAGDP5N,30,"323","    Printing and related support activities","Thousands of dollars",0,0,0,0,0,0,0,0,0,0,0,0,0,0,0,0,0,0,0,0,0,0,0
 "10000","Delaware",2,SAGDP5N,31,"324","    Petroleum and coal products manufacturing","Thousands of dollars",0,0,0,0,0,0,0,0,0,0,0,0,-46,-116,-50,-468,-110,-492,0,0,0,0,0
 "10000","Delaware",2,SAGDP5N,32,"325","    Chemical manufacturing","Thousands of dollars",0,0,0,0,0,0,0,0,0,0,0,0,-67,-80,-577,-105,-98,-92,-60,-31,-32,-35,-25
 "10000","Delaware",2,SAGDP5N,33,"326","    Plastics and rubber products manufacturing","Thousands of dollars",0,0,0,0,0,0,0,0,0,0,0,0,0,0,0,0,0,0,0,0,0,0,0
 "10000","Delaware",2,SAGDP5N,34,"42","  Wholesale trade","Thousands of dollars",0,0,0,0,0,0,0,0,0,0,0,0,0,0,0,0,0,0,0,0,0,0,0
 "10000","Delaware",2,SAGDP5N,35,"44-45","  Retail trade","Thousands of dollars",0,0,0,0,0,0,0,0,0,0,0,0,-9518,-1014,-10,0,0,0,0,0,0,0,0
 "10000","Delaware",2,SAGDP5N,36,"48-49","  Transportation and warehousing","Thousands of dollars",-17927,-14335,-17148,-17485,-16395,-22657,-21201,-24508,-27198,-24716,-20743,-24873,-30279,-36767,-27779,-22961,-22872,-21203,-22122,-22341,-25749,-30020,-29197
 "10000","Delaware",2,SAGDP5N,37,"481","   Air transportation","Thousands of dollars",-3,0,0,0,-780,-25,-390,-3,-9,-14,-15,-22,-27,-32,-37,-40,-36,-34,-37,-38,-37,-35,-45
 "10000","Delaware",2,SAGDP5N,38,"482","   Rail transportation","Thousands of dollars",-17891,-14322,-17141,-17470,-15548,-22493,-20715,-24233,-27036,-24465,-20598,-24758,-30132,-36685,-27684,-22796,-22800,-21152,-22074,-22245,-25688,-29973,-29138
 "10000","Delaware",2,SAGDP5N,39,"483","   Water transportation","Thousands of dollars",-33,-14,-7,-15,-67,-139,-90,-232,-119,-154,-110,-71,-111,-50,-58,-125,-36,-17,-11,-58,-24,-12,-15
 "10000","Delaware",2,SAGDP5N,40,"484","   Truck transportation","Thousands of dollars",0,0,0,0,0,0,-6,-41,-33,-83,-21,-21,-9,0,0,0,0,0,0,0,0,0,0
 "10000","Delaware",2,SAGDP5N,41,"485","   Transit and ground passenger transportation","Thousands of dollars",0,0,0,0,0,0,0,0,0,0,0,0,0,0,0,0,0,0,0,0,0,0,0
 "10000","Delaware",2,SAGDP5N,42,"486","   Pipeline transportation","Thousands of dollars",0,0,0,0,0,0,0,0,0,0,0,0,0,0,0,0,0,0,0,0,0,0,0
 "10000","Delaware",2,SAGDP5N,43,"487-488, 492","   Other transportation and support activities","Thousands of dollars",0,0,0,0,0,0,0,0,0,0,0,0,0,0,0,0,0,0,0,0,0,0,0
 "10000","Delaware",2,SAGDP5N,44,"493","   Warehousing and storage","Thousands of dollars",0,0,0,0,0,0,0,0,0,0,0,0,0,0,0,0,0,0,0,0,0,0,0
 "10000","Delaware",2,SAGDP5N,45,"51","  Information","Thousands of dollars",0,0,0,0,0,0,0,0,0,0,0,0,-86,-230,-917,-1289,-646,-137,-133,7,-15,-7,-8
 "10000","Delaware",2,SAGDP5N,46,"511","   Publishing industries (except Internet)","Thousands of dollars",0,0,0,0,0,0,0,0,0,0,0,0,0,0,0,0,0,0,0,0,0,0,0
 "10000","Delaware",2,SAGDP5N,47,"512","   Motion picture and sound recording industries","Thousands of dollars",0,0,0,0,0,0,0,0,0,0,0,0,0,0,0,0,0,0,0,0,0,0,0
 "10000","Delaware",2,SAGDP5N,48,"515, 517","   Broadcasting (except Internet) and telecommunications","Thousands of dollars",0,0,0,0,0,0,0,0,0,0,0,0,-86,-230,-917,-1289,-646,-137,-133,7,-15,-7,-8
 "10000","Delaware",2,SAGDP5N,49,"518, 519","   Data processing, hosting, and other information services","Thousands of dollars",0,0,0,0,0,0,0,0,0,0,0,0,0,0,0,0,0,0,0,0,0,0,0
 "10000","Delaware",2,SAGDP5N,50,"52, 53","  Finance, insurance, real estate, rental, and leasing","Thousands of dollars",-36661,-38368,-41360,-39476,-40520,-43517,-46858,-51238,-65399,-58993,-73259,-71012,-74645,-120799,-111610,-115402,-120521,-115275,-95993,-92758,-86586,-72009,-66608
 "10000","Delaware",2,SAGDP5N,51,"52","   Finance and insurance","Thousands of dollars",-1614,-1833,-2737,-2607,-5183,-6113,-2416,-1918,-2487,-2157,-1886,-8154,-11870,-56242,-48629,-54056,-59429,-56560,-35562,-31146,-21835,-15812,-9803
 "10000","Delaware",2,SAGDP5N,52,"521-522","    Monetary Authorities- central bank, credit intermediation, and related services","Thousands of dollars",-1614,-1833,-2737,-2607,-5183,-6113,-2416,-1918,-2487,-2157,-1886,-8154,-11870,-56242,-48629,-54056,-59429,-56560,-35562,-31146,-21835,-15812,-9803
 "10000","Delaware",2,SAGDP5N,53,"523","    Securities, commodity contracts, and other financial investments and related activities","Thousands of dollars",0,0,0,0,0,0,0,0,0,0,0,0,0,0,0,0,0,0,0,0,0,0,0
 "10000","Delaware",2,SAGDP5N,54,"524","    Insurance carriers and related activities","Thousands of dollars",0,0,0,0,0,0,0,0,0,0,0,0,0,0,0,0,0,0,0,0,0,0,0
 "10000","Delaware",2,SAGDP5N,55,"525","    Funds, trusts, and other financial vehicles","Thousands of dollars",0,0,0,0,0,0,0,0,0,0,0,0,0,0,0,0,0,0,0,0,0,0,0
 "10000","Delaware",2,SAGDP5N,56,"53","   Real estate and rental and leasing","Thousands of dollars",-35047,-36536,-38623,-36869,-35337,-37404,-44442,-49320,-62912,-56837,-71373,-62858,-62775,-64556,-62982,-61346,-61092,-58714,-60431,-61612,-64752,-56197,-56805
 "10000","Delaware",2,SAGDP5N,57,"531","    Real estate","Thousands of dollars",-35047,-36536,-38623,-36869,-35337,-37404,-44442,-49320,-62912,-56837,-71373,-62858,-62775,-64556,-62982,-61346,-61092,-58714,-60431,-61612,-64752,-56197,-56805
 "10000","Delaware",2,SAGDP5N,58,"532-533","    Rental and leasing services and lessors of nonfinancial intangible assets","Thousands of dollars",0,0,0,0,0,0,0,0,0,0,0,0,0,0,0,0,0,0,0,0,0,0,0
 "10000","Delaware",2,SAGDP5N,59,"54, 55, 56","  Professional and business services","Thousands of dollars",0,0,0,0,0,0,0,0,0,0,0,0,0,0,0,0,0,0,0,0,0,0,0
 "10000","Delaware",2,SAGDP5N,60,"54","   Professional, scientific, and technical services","Thousands of dollars",0,0,0,0,0,0,0,0,0,0,0,0,0,0,0,0,0,0,0,0,0,0,0
 "10000","Delaware",2,SAGDP5N,61,"5411","    Legal services","Thousands of dollars",0,0,0,0,0,0,0,0,0,0,0,0,0,0,0,0,0,0,0,0,0,0,0
 "10000","Delaware",2,SAGDP5N,62,"5415","    Computer systems design and related services","Thousands of dollars",0,0,0,0,0,0,0,0,0,0,0,0,0,0,0,0,0,0,0,0,0,0,0
 "10000","Delaware",2,SAGDP5N,63,"5412-5414, 5416-5419","    Miscellaneous professional, scientific, and technical services","Thousands of dollars",0,0,0,0,0,0,0,0,0,0,0,0,0,0,0,0,0,0,0,0,0,0,0
 "10000","Delaware",2,SAGDP5N,64,"55","   Management of companies and enterprises","Thousands of dollars",0,0,0,0,0,0,0,0,0,0,0,0,0,0,0,0,0,0,0,0,0,0,0
 "10000","Delaware",2,SAGDP5N,65,"56","   Administrative and support and waste management and remediation services","Thousands of dollars",0,0,0,0,0,0,0,0,0,0,0,0,0,0,0,0,0,0,0,0,0,0,0
 "10000","Delaware",2,SAGDP5N,66,"561","    Administrative and support services","Thousands of dollars",0,0,0,0,0,0,0,0,0,0,0,0,0,0,0,0,0,0,0,0,0,0,0
 "10000","Delaware",2,SAGDP5N,67,"562","    Waste management and remediation services","Thousands of dollars",0,0,0,0,0,0,0,0,0,0,0,0,0,0,0,0,0,0,0,0,0,0,0
 "10000","Delaware",2,SAGDP5N,68,"61, 62","  Educational services, health care, and social assistance","Thousands of dollars",0,0,0,0,0,0,0,0,0,0,0,0,0,-2527,-21319,-12723,-16415,-15857,-9569,-5661,-1982,-64,-65
 "10000","Delaware",2,SAGDP5N,69,"61","   Educational services","Thousands of dollars",0,0,0,0,0,0,0,0,0,0,0,0,0,0,0,0,0,0,0,0,0,0,0
 "10000","Delaware",2,SAGDP5N,70,"62","   Health care and social assistance","Thousands of dollars",0,0,0,0,0,0,0,0,0,0,0,0,0,-2527,-21319,-12723,-16415,-15857,-9569,-5661,-1982,-64,-65
 "10000","Delaware",2,SAGDP5N,71,"621","    Ambulatory health care services","Thousands of dollars",0,0,0,0,0,0,0,0,0,0,0,0,0,0,0,0,0,0,0,0,0,0,0
 "10000","Delaware",2,SAGDP5N,72,"622","    Hospitals","Thousands of dollars",0,0,0,0,0,0,0,0,0,0,0,0,0,-2527,-21319,-12723,-16415,-15857,-9569,-5661,-1982,-64,-65
 "10000","Delaware",2,SAGDP5N,73,"623","    Nursing and residential care facilities","Thousands of dollars",0,0,0,0,0,0,0,0,0,0,0,0,0,0,0,0,0,0,0,0,0,0,0
 "10000","Delaware",2,SAGDP5N,74,"624","    Social assistance","Thousands of dollars",0,0,0,0,0,0,0,0,0,0,0,0,0,0,0,0,0,0,0,0,0,0,0
 "10000","Delaware",2,SAGDP5N,75,"71, 72","  Arts, entertainment, recreation, accommodation, and food services","Thousands of dollars",0,0,0,0,0,0,0,0,0,0,0,0,0,0,0,0,0,0,0,0,0,0,0
 "10000","Delaware",2,SAGDP5N,76,"71","   Arts, entertainment, and recreation","Thousands of dollars",0,0,0,0,0,0,0,0,0,0,0,0,0,0,0,0,0,0,0,0,0,0,0
 "10000","Delaware",2,SAGDP5N,77,"711-712","    Performing arts, spectator sports, museums, and related activities","Thousands of dollars",0,0,0,0,0,0,0,0,0,0,0,0,0,0,0,0,0,0,0,0,0,0,0
 "10000","Delaware",2,SAGDP5N,78,"713","    Amusement, gambling, and recreation industries","Thousands of dollars",0,0,0,0,0,0,0,0,0,0,0,0,0,0,0,0,0,0,0,0,0,0,0
 "10000","Delaware",2,SAGDP5N,79,"72","   Accommodation and food services","Thousands of dollars",0,0,0,0,0,0,0,0,0,0,0,0,0,0,0,0,0,0,0,0,0,0,0
 "10000","Delaware",2,SAGDP5N,80,"721","    Accommodation","Thousands of dollars",0,0,0,0,0,0,0,0,0,0,0,0,0,0,0,0,0,0,0,0,0,0,0
 "10000","Delaware",2,SAGDP5N,81,"722","    Food services and drinking places","Thousands of dollars",0,0,0,0,0,0,0,0,0,0,0,0,0,0,0,0,0,0,0,0,0,0,0
 "10000","Delaware",2,SAGDP5N,82,"81","  Other services (except government and government enterprises)","Thousands of dollars",0,0,0,0,0,0,0,0,0,0,0,0,0,0,0,0,0,0,0,0,0,0,0
 "10000","Delaware",2,SAGDP5N,83,"..."," Government and government enterprises","Thousands of dollars",-33976,-29595,-29988,-26517,-30288,-38466,-41178,-41448,-42680,-43325,-42907,-46749,-50153,-54371,-58088,-55784,-57318,-56544,-52841,-58676,-56561,-60181,-61529
 "10000","Delaware",2,SAGDP5N,84,"...","  Federal civilian","Thousands of dollars",-678,-641,-682,-972,-1134,-1464,-3121,-2508,-2681,-2898,-4040,-6057,-6661,-4733,-6560,-6360,-8007,-7801,-5995,-5785,-6086,-5601,-6100
 "10000","Delaware",2,SAGDP5N,85,"...","  Military","Thousands of dollars",0,0,0,0,0,0,0,0,0,0,0,0,0,0,0,0,0,0,0,0,0,0,0
 "10000","Delaware",2,SAGDP5N,86,"...","  State and local","Thousands of dollars",-33298,-28953,-29306,-25545,-29155,-37002,-38057,-38940,-39999,-40428,-38866,-40693,-43492,-49638,-51528,-49425,-49311,-48744,-46846,-52891,-50475,-54580,-55429
 "10000","Delaware",2,SAGDP5N,87,"11, 21","Natural resources and mining","Thousands of dollars",-4856,-9227,-17141,-21583,-22361,-10374,-15880,-13825,-25314,-18875,-17648,-20632,-13527,-20662,-17796,-12687,-12395,-5742,-6684,-14625,-18179,-14804,-35675
 "10000","Delaware",2,SAGDP5N,88,"42, 44-45","Trade","Thousands of dollars",0,0,0,0,0,0,0,0,0,0,0,0,-9518,-1014,-10,0,0,0,0,0,0,0,0
 "10000","Delaware",2,SAGDP5N,89,"...","Transportation and utilities","Thousands of dollars",-17927,-14335,-17148,-17485,-16395,-22657,-21201,-24508,-27198,-24716,-20743,-24873,-30279,-36767,-27779,-22961,-22872,-21203,-22122,-22341,-25749,-30020,-29197
 "10000","Delaware",2,SAGDP5N,90,"...","Manufacturing and information","Thousands of dollars",0,0,0,0,0,0,0,0,0,-30,-17,-392,-1162,-3129,-4881,-3046,-1425,-1259,-1105,-559,-617,-659,-975
 "10000","Delaware",2,SAGDP5N,91,"...","Private goods-producing industries 2/","Thousands of dollars",-4856,-9227,-17141,-21583,-22361,-10374,-15880,-13825,-25314,-18905,-17665,-21024,-14603,-23561,-21761,-14444,-13174,-6863,-7656,-15191,-18780,-15456,-36642
 "10000","Delaware",2,SAGDP5N,92,"...","Private services-providing industries 3/","Thousands of dollars",-54587,-52704,-58508,-56961,-56915,-66174,-68059,-75746,-92597,-83710,-94002,-95885,-114528,-161337,-161634,-152375,-160454,-152472,-127817,-120753,-114332,-102100,-95878
"Note: See the included footnote file."
"SAGDP5N: Subsidies 1/"
"Last updated: October 2, 2020-- new statistics for 2018-2019; revised statistics for 1997-2017."
"Source: U.S. Department of Commerce / Bureau of Economic Analysis / Regional Economic Accounts"
