GeoFIPS,GeoName,Region,TableName,LineCode,IndustryClassification,Description,Unit,1997,1998,1999,2000,2001,2002,2003,2004,2005,2006,2007,2008,2009,2010,2011,2012,2013,2014,2015,2016,2017,2018,2019
 "45000","South Carolina",5,SAGDP5N,1,"...","All industry total","Thousands of dollars",-221593,-241513,-313210,-324590,-338719,-290345,-364020,-322928,-525702,-444926,-482765,-453591,-532887,-504801,-558545,-511131,-501816,-479253,-434804,-489561,-479320,-462200,-559352
 "45000","South Carolina",5,SAGDP5N,2,"..."," Private industries","Thousands of dollars",-162979,-186957,-257347,-266892,-271931,-207164,-273418,-225591,-429439,-342065,-380666,-344087,-402423,-374427,-411524,-372138,-353058,-336885,-296007,-338833,-332667,-306558,-399004
 "45000","South Carolina",5,SAGDP5N,3,"11","  Agriculture, forestry, fishing and hunting","Thousands of dollars",-36512,-53252,-110347,-124511,-116951,-64162,-110802,-61389,-223588,-157409,-146771,-129226,-128083,-106497,-96165,-90726,-85922,-83040,-49919,-76021,-69858,-48785,-136829
 "45000","South Carolina",5,SAGDP5N,4,"111-112","   Farms","Thousands of dollars",-36512,-53252,-110347,-124511,-116951,-64162,-110802,-61389,-223588,-157409,-146771,-129226,-128083,-106497,-96165,-90726,-85922,-83040,-49919,-76021,-69858,-48785,-136829
 "45000","South Carolina",5,SAGDP5N,5,"113-115","   Forestry, fishing, and related activities","Thousands of dollars",0,0,0,0,0,0,0,0,0,0,0,0,0,0,0,0,0,0,0,0,0,0,0
 "45000","South Carolina",5,SAGDP5N,6,"21","  Mining, quarrying, and oil and gas extraction","Thousands of dollars",0,0,0,0,0,0,0,0,0,0,0,0,0,0,0,0,0,0,0,0,0,0,0
 "45000","South Carolina",5,SAGDP5N,7,"211","   Oil and gas extraction","Thousands of dollars",0,0,0,0,0,0,0,0,0,0,0,0,0,0,0,0,0,0,0,0,0,0,0
 "45000","South Carolina",5,SAGDP5N,8,"212","   Mining (except oil and gas)","Thousands of dollars",0,0,0,0,0,0,0,0,0,0,0,0,0,0,0,0,0,0,0,0,0,0,0
 "45000","South Carolina",5,SAGDP5N,9,"213","   Support activities for mining","Thousands of dollars",0,0,0,0,0,0,0,0,0,0,0,0,0,0,0,0,0,0,0,0,0,0,0
 "45000","South Carolina",5,SAGDP5N,10,"22","  Utilities","Thousands of dollars",0,0,0,0,0,0,0,0,0,0,0,0,0,0,0,0,0,0,0,0,0,0,0
 "45000","South Carolina",5,SAGDP5N,11,"23","  Construction","Thousands of dollars",0,0,0,0,0,0,0,0,0,0,0,0,0,0,0,0,0,0,0,0,0,0,0
 "45000","South Carolina",5,SAGDP5N,12,"31-33","  Manufacturing","Thousands of dollars",0,0,0,0,0,0,0,0,0,-825,-365,-4821,-14592,-40743,-53261,-36282,-17569,-14109,-14565,-14823,-15054,-14469,-16746
 "45000","South Carolina",5,SAGDP5N,13,"321,327-339","   Durable goods manufacturing","Thousands of dollars",0,0,0,0,0,0,0,0,0,0,0,-4486,-14053,-40012,-51100,-35255,-16620,-12999,-12076,-12371,-12707,-12071,-14470
 "45000","South Carolina",5,SAGDP5N,14,"321","    Wood product manufacturing","Thousands of dollars",0,0,0,0,0,0,0,0,0,0,0,0,0,0,0,0,0,0,0,0,0,0,0
 "45000","South Carolina",5,SAGDP5N,15,"327","    Nonmetallic mineral product manufacturing","Thousands of dollars",0,0,0,0,0,0,0,0,0,0,0,0,0,0,0,0,0,0,0,0,0,0,0
 "45000","South Carolina",5,SAGDP5N,16,"331","    Primary metal manufacturing","Thousands of dollars",0,0,0,0,0,0,0,0,0,0,0,0,0,0,0,0,0,0,0,0,0,0,0
 "45000","South Carolina",5,SAGDP5N,17,"332","    Fabricated metal product manufacturing","Thousands of dollars",0,0,0,0,0,0,0,0,0,0,0,0,0,0,0,0,0,0,0,0,0,0,0
 "45000","South Carolina",5,SAGDP5N,18,"333","    Machinery manufacturing","Thousands of dollars",0,0,0,0,0,0,0,0,0,0,0,0,0,0,0,0,0,0,0,0,0,0,0
 "45000","South Carolina",5,SAGDP5N,19,"334","    Computer and electronic product manufacturing","Thousands of dollars",0,0,0,0,0,0,0,0,0,0,0,0,0,0,0,0,0,0,0,0,0,0,0
 "45000","South Carolina",5,SAGDP5N,20,"335","    Electrical equipment, appliance, and component manufacturing","Thousands of dollars",0,0,0,0,0,0,0,0,0,0,0,-4486,-14053,-40012,-51100,-35255,-16620,-12999,-12076,-12371,-12707,-12071,-14470
 "45000","South Carolina",5,SAGDP5N,21,"3361-3363","    Motor vehicles, bodies and trailers, and parts manufacturing","Thousands of dollars",0,0,0,0,0,0,0,0,0,0,0,0,0,0,0,0,0,0,0,0,0,0,0
 "45000","South Carolina",5,SAGDP5N,22,"3364-3369","    Other transportation equipment manufacturing","Thousands of dollars",0,0,0,0,0,0,0,0,0,0,0,0,0,0,0,0,0,0,0,0,0,0,0
 "45000","South Carolina",5,SAGDP5N,23,"337","    Furniture and related product manufacturing","Thousands of dollars",0,0,0,0,0,0,0,0,0,0,0,0,0,0,0,0,0,0,0,0,0,0,0
 "45000","South Carolina",5,SAGDP5N,24,"339","    Miscellaneous manufacturing","Thousands of dollars",0,0,0,0,0,0,0,0,0,0,0,0,0,0,0,0,0,0,0,0,0,0,0
 "45000","South Carolina",5,SAGDP5N,25,"311-316,322-326","   Nondurable goods manufacturing","Thousands of dollars",0,0,0,0,0,0,0,0,0,-825,-365,-335,-539,-731,-2161,-1027,-949,-1109,-2489,-2452,-2348,-2397,-2276
 "45000","South Carolina",5,SAGDP5N,26,"311-312","    Food and beverage and tobacco product manufacturing","Thousands of dollars",0,0,0,0,0,0,0,0,0,0,0,0,0,0,0,0,0,0,0,0,0,0,0
 "45000","South Carolina",5,SAGDP5N,27,"313-314","    Textile mills and textile product mills","Thousands of dollars",0,0,0,0,0,0,0,0,0,-825,-365,-335,-358,-433,-469,-418,-401,-388,-2268,-2248,-2144,-2182,-2121
 "45000","South Carolina",5,SAGDP5N,28,"315-316","    Apparel, leather, and allied product manufacturing","Thousands of dollars",0,0,0,0,0,0,0,0,0,0,0,0,0,0,0,0,0,0,0,0,0,0,0
 "45000","South Carolina",5,SAGDP5N,29,"322","    Paper manufacturing","Thousands of dollars",0,0,0,0,0,0,0,0,0,0,0,0,0,0,0,0,0,0,0,0,0,0,0
 "45000","South Carolina",5,SAGDP5N,30,"323","    Printing and related support activities","Thousands of dollars",0,0,0,0,0,0,0,0,0,0,0,0,0,0,0,0,0,0,0,0,0,0,0
 "45000","South Carolina",5,SAGDP5N,31,"324","    Petroleum and coal products manufacturing","Thousands of dollars",0,0,0,0,0,0,0,0,0,0,0,0,-15,-72,-20,-97,-18,-119,0,0,0,0,0
 "45000","South Carolina",5,SAGDP5N,32,"325","    Chemical manufacturing","Thousands of dollars",0,0,0,0,0,0,0,0,0,0,0,0,-166,-226,-1672,-513,-531,-602,-220,-204,-204,-215,-155
 "45000","South Carolina",5,SAGDP5N,33,"326","    Plastics and rubber products manufacturing","Thousands of dollars",0,0,0,0,0,0,0,0,0,0,0,0,0,0,0,0,0,0,0,0,0,0,0
 "45000","South Carolina",5,SAGDP5N,34,"42","  Wholesale trade","Thousands of dollars",0,0,0,0,0,0,0,0,0,0,0,0,0,0,0,0,0,0,0,0,0,0,0
 "45000","South Carolina",5,SAGDP5N,35,"44-45","  Retail trade","Thousands of dollars",0,0,0,0,0,0,0,0,0,0,0,0,-42148,-4538,-43,0,0,0,0,0,0,0,0
 "45000","South Carolina",5,SAGDP5N,36,"48-49","  Transportation and warehousing","Thousands of dollars",-4757,-3847,-4450,-4481,-19508,-6619,-13275,-7636,-7282,-9498,-7751,-8748,-11522,-13699,-10861,-10531,-8559,-7522,-7593,-7457,-8081,-8348,-8206
 "45000","South Carolina",5,SAGDP5N,37,"481","   Air transportation","Thousands of dollars",-61,3,0,-3,-15315,-487,-7660,-52,-186,-283,-286,-429,-521,-624,-719,-789,-713,-667,-731,-746,-725,-688,-874
 "45000","South Carolina",5,SAGDP5N,38,"482","   Rail transportation","Thousands of dollars",-4507,-3741,-4404,-4368,-3779,-5390,-4973,-5750,-5825,-6960,-6116,-7323,-9536,-12106,-9019,-7406,-7283,-6634,-6751,-6250,-7222,-7584,-7243
 "45000","South Carolina",5,SAGDP5N,39,"483","   Water transportation","Thousands of dollars",-189,-109,-46,-110,-414,-742,-602,-1571,-1019,-1565,-1172,-817,-1390,-969,-1123,-2336,-563,-220,-111,-461,-134,-76,-89
 "45000","South Carolina",5,SAGDP5N,40,"484","   Truck transportation","Thousands of dollars",0,0,0,0,0,0,-40,-263,-253,-690,-177,-180,-75,0,0,0,0,0,0,0,0,0,0
 "45000","South Carolina",5,SAGDP5N,41,"485","   Transit and ground passenger transportation","Thousands of dollars",0,0,0,0,0,0,0,0,0,0,0,0,0,0,0,0,0,0,0,0,0,0,0
 "45000","South Carolina",5,SAGDP5N,42,"486","   Pipeline transportation","Thousands of dollars",0,0,0,0,0,0,0,0,0,0,0,0,0,0,0,0,0,0,0,0,0,0,0
 "45000","South Carolina",5,SAGDP5N,43,"487-488, 492","   Other transportation and support activities","Thousands of dollars",0,0,0,0,0,0,0,0,0,0,0,0,0,0,0,0,0,0,0,0,0,0,0
 "45000","South Carolina",5,SAGDP5N,44,"493","   Warehousing and storage","Thousands of dollars",0,0,0,0,0,0,0,0,0,0,0,0,0,0,0,0,0,0,0,0,0,0,0
 "45000","South Carolina",5,SAGDP5N,45,"51","  Information","Thousands of dollars",0,0,0,0,0,0,0,0,0,0,0,0,-345,-973,-4137,-5872,-3250,-806,-867,46,-105,-47,-54
 "45000","South Carolina",5,SAGDP5N,46,"511","   Publishing industries (except Internet)","Thousands of dollars",0,0,0,0,0,0,0,0,0,0,0,0,0,0,0,0,0,0,0,0,0,0,0
 "45000","South Carolina",5,SAGDP5N,47,"512","   Motion picture and sound recording industries","Thousands of dollars",0,0,0,0,0,0,0,0,0,0,0,0,0,0,0,0,0,0,0,0,0,0,0
 "45000","South Carolina",5,SAGDP5N,48,"515, 517","   Broadcasting (except Internet) and telecommunications","Thousands of dollars",0,0,0,0,0,0,0,0,0,0,0,0,-345,-973,-4137,-5872,-3250,-806,-867,46,-105,-47,-54
 "45000","South Carolina",5,SAGDP5N,49,"518, 519","   Data processing, hosting, and other information services","Thousands of dollars",0,0,0,0,0,0,0,0,0,0,0,0,0,0,0,0,0,0,0,0,0,0,0
 "45000","South Carolina",5,SAGDP5N,50,"52, 53","  Finance, insurance, real estate, rental, and leasing","Thousands of dollars",-121710,-129858,-142550,-137900,-135472,-136382,-149342,-156566,-198569,-174333,-225779,-201291,-205733,-203313,-209715,-206142,-213177,-208576,-209709,-232961,-236972,-234830,-237097
 "45000","South Carolina",5,SAGDP5N,51,"52","   Finance and insurance","Thousands of dollars",-304,-415,-590,-623,-745,-883,-363,-272,-438,-260,-424,-486,-1201,-2604,-3965,-6285,-3980,-5155,-3299,-4536,-4570,-4204,-3606
 "45000","South Carolina",5,SAGDP5N,52,"521-522","    Monetary Authorities- central bank, credit intermediation, and related services","Thousands of dollars",-304,-415,-590,-623,-745,-883,-363,-272,-438,-260,-424,-486,-1201,-2604,-3965,-6285,-3980,-5155,-3299,-4536,-4570,-4204,-3606
 "45000","South Carolina",5,SAGDP5N,53,"523","    Securities, commodity contracts, and other financial investments and related activities","Thousands of dollars",0,0,0,0,0,0,0,0,0,0,0,0,0,0,0,0,0,0,0,0,0,0,0
 "45000","South Carolina",5,SAGDP5N,54,"524","    Insurance carriers and related activities","Thousands of dollars",0,0,0,0,0,0,0,0,0,0,0,0,0,0,0,0,0,0,0,0,0,0,0
 "45000","South Carolina",5,SAGDP5N,55,"525","    Funds, trusts, and other financial vehicles","Thousands of dollars",0,0,0,0,0,0,0,0,0,0,0,0,0,0,0,0,0,0,0,0,0,0,0
 "45000","South Carolina",5,SAGDP5N,56,"53","   Real estate and rental and leasing","Thousands of dollars",-121407,-129444,-141960,-137277,-134727,-135499,-148979,-156295,-198132,-174073,-225355,-200806,-204532,-200709,-205751,-199857,-209197,-203420,-206409,-228425,-232401,-230626,-233491
 "45000","South Carolina",5,SAGDP5N,57,"531","    Real estate","Thousands of dollars",-121407,-129444,-141960,-137277,-134727,-135499,-148979,-156295,-198132,-174073,-225355,-200806,-204532,-200709,-205751,-199857,-209197,-203420,-206409,-228425,-232401,-230626,-233491
 "45000","South Carolina",5,SAGDP5N,58,"532-533","    Rental and leasing services and lessors of nonfinancial intangible assets","Thousands of dollars",0,0,0,0,0,0,0,0,0,0,0,0,0,0,0,0,0,0,0,0,0,0,0
 "45000","South Carolina",5,SAGDP5N,59,"54, 55, 56","  Professional and business services","Thousands of dollars",0,0,0,0,0,0,0,0,0,0,0,0,0,0,0,0,0,0,0,0,0,0,0
 "45000","South Carolina",5,SAGDP5N,60,"54","   Professional, scientific, and technical services","Thousands of dollars",0,0,0,0,0,0,0,0,0,0,0,0,0,0,0,0,0,0,0,0,0,0,0
 "45000","South Carolina",5,SAGDP5N,61,"5411","    Legal services","Thousands of dollars",0,0,0,0,0,0,0,0,0,0,0,0,0,0,0,0,0,0,0,0,0,0,0
 "45000","South Carolina",5,SAGDP5N,62,"5415","    Computer systems design and related services","Thousands of dollars",0,0,0,0,0,0,0,0,0,0,0,0,0,0,0,0,0,0,0,0,0,0,0
 "45000","South Carolina",5,SAGDP5N,63,"5412-5414, 5416-5419","    Miscellaneous professional, scientific, and technical services","Thousands of dollars",0,0,0,0,0,0,0,0,0,0,0,0,0,0,0,0,0,0,0,0,0,0,0
 "45000","South Carolina",5,SAGDP5N,64,"55","   Management of companies and enterprises","Thousands of dollars",0,0,0,0,0,0,0,0,0,0,0,0,0,0,0,0,0,0,0,0,0,0,0
 "45000","South Carolina",5,SAGDP5N,65,"56","   Administrative and support and waste management and remediation services","Thousands of dollars",0,0,0,0,0,0,0,0,0,0,0,0,0,0,0,0,0,0,0,0,0,0,0
 "45000","South Carolina",5,SAGDP5N,66,"561","    Administrative and support services","Thousands of dollars",0,0,0,0,0,0,0,0,0,0,0,0,0,0,0,0,0,0,0,0,0,0,0
 "45000","South Carolina",5,SAGDP5N,67,"562","    Waste management and remediation services","Thousands of dollars",0,0,0,0,0,0,0,0,0,0,0,0,0,0,0,0,0,0,0,0,0,0,0
 "45000","South Carolina",5,SAGDP5N,68,"61, 62","  Educational services, health care, and social assistance","Thousands of dollars",0,0,0,0,0,0,0,0,0,0,0,0,0,-4665,-37343,-22585,-24580,-22833,-13355,-7617,-2597,-80,-72
 "45000","South Carolina",5,SAGDP5N,69,"61","   Educational services","Thousands of dollars",0,0,0,0,0,0,0,0,0,0,0,0,0,0,0,0,0,0,0,0,0,0,0
 "45000","South Carolina",5,SAGDP5N,70,"62","   Health care and social assistance","Thousands of dollars",0,0,0,0,0,0,0,0,0,0,0,0,0,-4665,-37343,-22585,-24580,-22833,-13355,-7617,-2597,-80,-72
 "45000","South Carolina",5,SAGDP5N,71,"621","    Ambulatory health care services","Thousands of dollars",0,0,0,0,0,0,0,0,0,0,0,0,0,0,0,0,0,0,0,0,0,0,0
 "45000","South Carolina",5,SAGDP5N,72,"622","    Hospitals","Thousands of dollars",0,0,0,0,0,0,0,0,0,0,0,0,0,-4665,-37343,-22585,-24580,-22833,-13355,-7617,-2597,-80,-72
 "45000","South Carolina",5,SAGDP5N,73,"623","    Nursing and residential care facilities","Thousands of dollars",0,0,0,0,0,0,0,0,0,0,0,0,0,0,0,0,0,0,0,0,0,0,0
 "45000","South Carolina",5,SAGDP5N,74,"624","    Social assistance","Thousands of dollars",0,0,0,0,0,0,0,0,0,0,0,0,0,0,0,0,0,0,0,0,0,0,0
 "45000","South Carolina",5,SAGDP5N,75,"71, 72","  Arts, entertainment, recreation, accommodation, and food services","Thousands of dollars",0,0,0,0,0,0,0,0,0,0,0,0,0,0,0,0,0,0,0,0,0,0,0
 "45000","South Carolina",5,SAGDP5N,76,"71","   Arts, entertainment, and recreation","Thousands of dollars",0,0,0,0,0,0,0,0,0,0,0,0,0,0,0,0,0,0,0,0,0,0,0
 "45000","South Carolina",5,SAGDP5N,77,"711-712","    Performing arts, spectator sports, museums, and related activities","Thousands of dollars",0,0,0,0,0,0,0,0,0,0,0,0,0,0,0,0,0,0,0,0,0,0,0
 "45000","South Carolina",5,SAGDP5N,78,"713","    Amusement, gambling, and recreation industries","Thousands of dollars",0,0,0,0,0,0,0,0,0,0,0,0,0,0,0,0,0,0,0,0,0,0,0
 "45000","South Carolina",5,SAGDP5N,79,"72","   Accommodation and food services","Thousands of dollars",0,0,0,0,0,0,0,0,0,0,0,0,0,0,0,0,0,0,0,0,0,0,0
 "45000","South Carolina",5,SAGDP5N,80,"721","    Accommodation","Thousands of dollars",0,0,0,0,0,0,0,0,0,0,0,0,0,0,0,0,0,0,0,0,0,0,0
 "45000","South Carolina",5,SAGDP5N,81,"722","    Food services and drinking places","Thousands of dollars",0,0,0,0,0,0,0,0,0,0,0,0,0,0,0,0,0,0,0,0,0,0,0
 "45000","South Carolina",5,SAGDP5N,82,"81","  Other services (except government and government enterprises)","Thousands of dollars",0,0,0,0,0,0,0,0,0,0,0,0,0,0,0,0,0,0,0,0,0,0,0
 "45000","South Carolina",5,SAGDP5N,83,"..."," Government and government enterprises","Thousands of dollars",-58614,-54556,-55863,-57698,-66788,-83181,-90602,-97337,-96263,-102860,-102099,-109504,-130465,-130374,-147020,-138993,-148758,-142368,-138797,-150728,-146654,-155641,-160348
 "45000","South Carolina",5,SAGDP5N,84,"...","  Federal civilian","Thousands of dollars",-9291,-9845,-10534,-13577,-15124,-15445,-16155,-17384,-17861,-17559,-19626,-26356,-31423,-25459,-33903,-37342,-48657,-52282,-43674,-47724,-53037,-55008,-58150
 "45000","South Carolina",5,SAGDP5N,85,"...","  Military","Thousands of dollars",0,0,0,0,0,0,0,0,0,0,0,0,0,0,0,0,0,0,0,0,0,0,0
 "45000","South Carolina",5,SAGDP5N,86,"...","  State and local","Thousands of dollars",-49324,-44710,-45329,-44121,-51664,-67736,-74447,-79953,-78402,-85301,-82473,-83148,-99042,-104915,-113117,-101651,-100101,-90086,-95123,-103004,-93616,-100633,-102197
 "45000","South Carolina",5,SAGDP5N,87,"11, 21","Natural resources and mining","Thousands of dollars",-36512,-53252,-110347,-124511,-116951,-64162,-110802,-61389,-223588,-157409,-146771,-129226,-128083,-106497,-96165,-90726,-85922,-83040,-49919,-76021,-69858,-48785,-136829
 "45000","South Carolina",5,SAGDP5N,88,"42, 44-45","Trade","Thousands of dollars",0,0,0,0,0,0,0,0,0,0,0,0,-42148,-4538,-43,0,0,0,0,0,0,0,0
 "45000","South Carolina",5,SAGDP5N,89,"...","Transportation and utilities","Thousands of dollars",-4757,-3847,-4450,-4481,-19508,-6619,-13275,-7636,-7282,-9498,-7751,-8748,-11522,-13699,-10861,-10531,-8559,-7522,-7593,-7457,-8081,-8348,-8206
 "45000","South Carolina",5,SAGDP5N,90,"...","Manufacturing and information","Thousands of dollars",0,0,0,0,0,0,0,0,0,-825,-365,-4821,-14937,-41716,-57398,-42154,-20820,-14914,-15432,-14777,-15159,-14516,-16800
 "45000","South Carolina",5,SAGDP5N,91,"...","Private goods-producing industries 2/","Thousands of dollars",-36512,-53252,-110347,-124511,-116951,-64162,-110802,-61389,-223588,-158234,-147136,-134047,-142675,-147240,-149426,-127008,-103492,-97149,-64484,-90844,-84913,-63253,-153574
 "45000","South Carolina",5,SAGDP5N,92,"...","Private services-providing industries 3/","Thousands of dollars",-126467,-133705,-147000,-142381,-154980,-143001,-162617,-164202,-205851,-183831,-233530,-210040,-259747,-227187,-262099,-245130,-249566,-239736,-231523,-247990,-247754,-243305,-245430
"Note: See the included footnote file."
"SAGDP5N: Subsidies 1/"
"Last updated: October 2, 2020-- new statistics for 2018-2019; revised statistics for 1997-2017."
"Source: U.S. Department of Commerce / Bureau of Economic Analysis / Regional Economic Accounts"
