GeoFIPS,GeoName,Region,TableName,LineCode,IndustryClassification,Description,Unit,1997,1998,1999,2000,2001,2002,2003,2004,2005,2006,2007,2008,2009,2010,2011,2012,2013,2014,2015,2016,2017,2018,2019
 "02000","Alaska",8,SAGDP5N,1,"...","All industry total","Thousands of dollars",-62886,-54402,-56425,-56907,-111277,-70788,-99786,-87179,-94430,-93098,-102681,-94825,-115735,-119280,-134307,-127577,-121602,-130826,-124423,-125790,-103203,-110592,-113895
 "02000","Alaska",8,SAGDP5N,2,"..."," Private industries","Thousands of dollars",-29464,-28687,-30138,-29203,-81235,-33724,-60086,-45440,-47922,-43653,-50340,-44169,-56797,-55768,-71115,-71227,-66071,-59140,-56365,-61386,-50144,-53453,-55857
 "02000","Alaska",8,SAGDP5N,3,"11","  Agriculture, forestry, fishing and hunting","Thousands of dollars",-1264,-1194,-1525,-1437,-1936,-1587,-1733,-4881,-4472,-2890,-3634,-4237,-4952,-8145,-9565,-10178,-9896,-7674,-8949,-11498,-5460,-10494,-11814
 "02000","Alaska",8,SAGDP5N,4,"111-112","   Farms","Thousands of dollars",-1264,-1194,-1525,-1437,-1936,-1587,-1733,-4881,-4472,-2890,-3634,-4237,-4952,-8145,-9565,-10178,-9896,-7674,-8949,-11498,-5460,-10494,-11814
 "02000","Alaska",8,SAGDP5N,5,"113-115","   Forestry, fishing, and related activities","Thousands of dollars",0,0,0,0,0,0,0,0,0,0,0,0,0,0,0,0,0,0,0,0,0,0,0
 "02000","Alaska",8,SAGDP5N,6,"21","  Mining, quarrying, and oil and gas extraction","Thousands of dollars",0,0,0,0,0,0,0,0,0,0,0,0,0,0,0,0,0,0,0,0,0,0,0
 "02000","Alaska",8,SAGDP5N,7,"211","   Oil and gas extraction","Thousands of dollars",0,0,0,0,0,0,0,0,0,0,0,0,0,0,0,0,0,0,0,0,0,0,0
 "02000","Alaska",8,SAGDP5N,8,"212","   Mining (except oil and gas)","Thousands of dollars",0,0,0,0,0,0,0,0,0,0,0,0,0,0,0,0,0,0,0,0,0,0,0
 "02000","Alaska",8,SAGDP5N,9,"213","   Support activities for mining","Thousands of dollars",0,0,0,0,0,0,0,0,0,0,0,0,0,0,0,0,0,0,0,0,0,0,0
 "02000","Alaska",8,SAGDP5N,10,"22","  Utilities","Thousands of dollars",0,0,0,0,0,0,0,0,0,0,0,0,0,0,0,0,0,0,0,0,0,0,0
 "02000","Alaska",8,SAGDP5N,11,"23","  Construction","Thousands of dollars",0,0,0,0,0,0,0,0,0,0,0,0,0,0,0,0,0,0,0,0,0,0,0
 "02000","Alaska",8,SAGDP5N,12,"31-33","  Manufacturing","Thousands of dollars",0,0,0,0,0,0,0,0,0,-3,-2,-7,-119,-365,-134,-344,-125,-589,-16,-15,-14,-14,-10
 "02000","Alaska",8,SAGDP5N,13,"321,327-339","   Durable goods manufacturing","Thousands of dollars",0,0,0,0,0,0,0,0,0,0,0,-5,-13,-24,-24,-18,-10,-5,-5,-4,-4,-4,-4
 "02000","Alaska",8,SAGDP5N,14,"321","    Wood product manufacturing","Thousands of dollars",0,0,0,0,0,0,0,0,0,0,0,0,0,0,0,0,0,0,0,0,0,0,0
 "02000","Alaska",8,SAGDP5N,15,"327","    Nonmetallic mineral product manufacturing","Thousands of dollars",0,0,0,0,0,0,0,0,0,0,0,0,0,0,0,0,0,0,0,0,0,0,0
 "02000","Alaska",8,SAGDP5N,16,"331","    Primary metal manufacturing","Thousands of dollars",0,0,0,0,0,0,0,0,0,0,0,0,0,0,0,0,0,0,0,0,0,0,0
 "02000","Alaska",8,SAGDP5N,17,"332","    Fabricated metal product manufacturing","Thousands of dollars",0,0,0,0,0,0,0,0,0,0,0,0,0,0,0,0,0,0,0,0,0,0,0
 "02000","Alaska",8,SAGDP5N,18,"333","    Machinery manufacturing","Thousands of dollars",0,0,0,0,0,0,0,0,0,0,0,0,0,0,0,0,0,0,0,0,0,0,0
 "02000","Alaska",8,SAGDP5N,19,"334","    Computer and electronic product manufacturing","Thousands of dollars",0,0,0,0,0,0,0,0,0,0,0,0,0,0,0,0,0,0,0,0,0,0,0
 "02000","Alaska",8,SAGDP5N,20,"335","    Electrical equipment, appliance, and component manufacturing","Thousands of dollars",0,0,0,0,0,0,0,0,0,0,0,-5,-13,-24,-24,-18,-10,-5,-5,-4,-4,-4,-4
 "02000","Alaska",8,SAGDP5N,21,"3361-3363","    Motor vehicles, bodies and trailers, and parts manufacturing","Thousands of dollars",0,0,0,0,0,0,0,0,0,0,0,0,0,0,0,0,0,0,0,0,0,0,0
 "02000","Alaska",8,SAGDP5N,22,"3364-3369","    Other transportation equipment manufacturing","Thousands of dollars",0,0,0,0,0,0,0,0,0,0,0,0,0,0,0,0,0,0,0,0,0,0,0
 "02000","Alaska",8,SAGDP5N,23,"337","    Furniture and related product manufacturing","Thousands of dollars",0,0,0,0,0,0,0,0,0,0,0,0,0,0,0,0,0,0,0,0,0,0,0
 "02000","Alaska",8,SAGDP5N,24,"339","    Miscellaneous manufacturing","Thousands of dollars",0,0,0,0,0,0,0,0,0,0,0,0,0,0,0,0,0,0,0,0,0,0,0
 "02000","Alaska",8,SAGDP5N,25,"311-316,322-326","   Nondurable goods manufacturing","Thousands of dollars",0,0,0,0,0,0,0,0,0,-3,-2,-1,-106,-341,-110,-326,-115,-584,-11,-10,-10,-10,-6
 "02000","Alaska",8,SAGDP5N,26,"311-312","    Food and beverage and tobacco product manufacturing","Thousands of dollars",0,0,0,0,0,0,0,0,0,0,0,0,0,0,0,0,0,0,0,0,0,0,0
 "02000","Alaska",8,SAGDP5N,27,"313-314","    Textile mills and textile product mills","Thousands of dollars",0,0,0,0,0,0,0,0,0,-3,-2,-1,-2,-2,-2,-1,-2,-2,-11,-10,-9,-10,-5
 "02000","Alaska",8,SAGDP5N,28,"315-316","    Apparel, leather, and allied product manufacturing","Thousands of dollars",0,0,0,0,0,0,0,0,0,0,0,0,0,0,0,0,0,0,0,0,0,0,0
 "02000","Alaska",8,SAGDP5N,29,"322","    Paper manufacturing","Thousands of dollars",0,0,0,0,0,0,0,0,0,0,0,0,0,0,0,0,0,0,0,0,0,0,0
 "02000","Alaska",8,SAGDP5N,30,"323","    Printing and related support activities","Thousands of dollars",0,0,0,0,0,0,0,0,0,0,0,0,0,0,0,0,0,0,0,0,0,0,0
 "02000","Alaska",8,SAGDP5N,31,"324","    Petroleum and coal products manufacturing","Thousands of dollars",0,0,0,0,0,0,0,0,0,0,0,0,-103,-339,-81,-315,-101,-581,0,0,0,0,0
 "02000","Alaska",8,SAGDP5N,32,"325","    Chemical manufacturing","Thousands of dollars",0,0,0,0,0,0,0,0,0,0,0,0,0,0,-27,-10,-12,-1,0,0,0,0,0
 "02000","Alaska",8,SAGDP5N,33,"326","    Plastics and rubber products manufacturing","Thousands of dollars",0,0,0,0,0,0,0,0,0,0,0,0,0,0,0,0,0,0,0,0,0,0,0
 "02000","Alaska",8,SAGDP5N,34,"42","  Wholesale trade","Thousands of dollars",0,0,0,0,0,0,0,0,0,0,0,0,0,0,0,0,0,0,0,0,0,0,0
 "02000","Alaska",8,SAGDP5N,35,"44-45","  Retail trade","Thousands of dollars",0,0,0,0,0,0,0,0,0,0,0,0,-7643,-815,-8,0,0,0,0,0,0,0,0
 "02000","Alaska",8,SAGDP5N,36,"48-49","  Transportation and warehousing","Thousands of dollars",-1035,-377,-208,-543,-52976,-5768,-29269,-10459,-6596,-9341,-7125,-4829,-7149,-4586,-5228,-9301,-4345,-3368,-3094,-5010,-3286,-2718,-3427
 "02000","Alaska",8,SAGDP5N,37,"481","   Air transportation","Thousands of dollars",-203,10,0,-10,-51156,-1628,-25588,-173,-621,-946,-956,-1435,-1740,-2086,-2401,-2635,-2381,-2228,-2442,-2493,-2421,-2299,-2920
 "02000","Alaska",8,SAGDP5N,38,"482","   Rail transportation","Thousands of dollars",0,0,0,0,0,0,0,0,0,0,0,0,0,0,0,0,0,0,0,0,0,0,0
 "02000","Alaska",8,SAGDP5N,39,"483","   Water transportation","Thousands of dollars",-832,-387,-208,-532,-1820,-4141,-3674,-10237,-5927,-8264,-6134,-3358,-5392,-2500,-2827,-6666,-1964,-1140,-652,-2517,-865,-419,-507
 "02000","Alaska",8,SAGDP5N,40,"484","   Truck transportation","Thousands of dollars",0,0,0,0,0,0,-7,-49,-48,-131,-35,-37,-18,0,0,0,0,0,0,0,0,0,0
 "02000","Alaska",8,SAGDP5N,41,"485","   Transit and ground passenger transportation","Thousands of dollars",0,0,0,0,0,0,0,0,0,0,0,0,0,0,0,0,0,0,0,0,0,0,0
 "02000","Alaska",8,SAGDP5N,42,"486","   Pipeline transportation","Thousands of dollars",0,0,0,0,0,0,0,0,0,0,0,0,0,0,0,0,0,0,0,0,0,0,0
 "02000","Alaska",8,SAGDP5N,43,"487-488, 492","   Other transportation and support activities","Thousands of dollars",0,0,0,0,0,0,0,0,0,0,0,0,0,0,0,0,0,0,0,0,0,0,0
 "02000","Alaska",8,SAGDP5N,44,"493","   Warehousing and storage","Thousands of dollars",0,0,0,0,0,0,0,0,0,0,0,0,0,0,0,0,0,0,0,0,0,0,0
 "02000","Alaska",8,SAGDP5N,45,"51","  Information","Thousands of dollars",0,0,0,0,0,0,0,0,0,0,0,0,-150,-425,-1946,-2820,-1477,-358,-378,19,-39,-17,-20
 "02000","Alaska",8,SAGDP5N,46,"511","   Publishing industries (except Internet)","Thousands of dollars",0,0,0,0,0,0,0,0,0,0,0,0,0,0,0,0,0,0,0,0,0,0,0
 "02000","Alaska",8,SAGDP5N,47,"512","   Motion picture and sound recording industries","Thousands of dollars",0,0,0,0,0,0,0,0,0,0,0,0,0,0,0,0,0,0,0,0,0,0,0
 "02000","Alaska",8,SAGDP5N,48,"515, 517","   Broadcasting (except Internet) and telecommunications","Thousands of dollars",0,0,0,0,0,0,0,0,0,0,0,0,-150,-425,-1946,-2820,-1477,-358,-378,19,-39,-17,-20
 "02000","Alaska",8,SAGDP5N,49,"518, 519","   Data processing, hosting, and other information services","Thousands of dollars",0,0,0,0,0,0,0,0,0,0,0,0,0,0,0,0,0,0,0,0,0,0,0
 "02000","Alaska",8,SAGDP5N,50,"52, 53","  Finance, insurance, real estate, rental, and leasing","Thousands of dollars",-27165,-27116,-28405,-27223,-26323,-26368,-29084,-30100,-36855,-31419,-39580,-35096,-36783,-39858,-41087,-40857,-40698,-38566,-38872,-41916,-40265,-40175,-40550
 "02000","Alaska",8,SAGDP5N,51,"52","   Finance and insurance","Thousands of dollars",-84,-91,-120,-118,-139,-164,-68,-53,-80,-48,-78,-290,-408,-862,-908,-1142,-672,-911,-579,-790,-701,-655,-558
 "02000","Alaska",8,SAGDP5N,52,"521-522","    Monetary Authorities- central bank, credit intermediation, and related services","Thousands of dollars",-84,-91,-120,-118,-139,-164,-68,-53,-80,-48,-78,-290,-408,-862,-908,-1142,-672,-911,-579,-790,-701,-655,-558
 "02000","Alaska",8,SAGDP5N,53,"523","    Securities, commodity contracts, and other financial investments and related activities","Thousands of dollars",0,0,0,0,0,0,0,0,0,0,0,0,0,0,0,0,0,0,0,0,0,0,0
 "02000","Alaska",8,SAGDP5N,54,"524","    Insurance carriers and related activities","Thousands of dollars",0,0,0,0,0,0,0,0,0,0,0,0,0,0,0,0,0,0,0,0,0,0,0
 "02000","Alaska",8,SAGDP5N,55,"525","    Funds, trusts, and other financial vehicles","Thousands of dollars",0,0,0,0,0,0,0,0,0,0,0,0,0,0,0,0,0,0,0,0,0,0,0
 "02000","Alaska",8,SAGDP5N,56,"53","   Real estate and rental and leasing","Thousands of dollars",-27081,-27025,-28285,-27106,-26184,-26205,-29017,-30047,-36775,-31371,-39502,-34806,-36376,-38996,-40179,-39714,-40026,-37655,-38293,-41126,-39564,-39520,-39992
 "02000","Alaska",8,SAGDP5N,57,"531","    Real estate","Thousands of dollars",-27081,-27025,-28285,-27106,-26184,-26205,-29017,-30047,-36775,-31371,-39502,-34806,-36376,-38996,-40179,-39714,-40026,-37655,-38293,-41126,-39564,-39520,-39992
 "02000","Alaska",8,SAGDP5N,58,"532-533","    Rental and leasing services and lessors of nonfinancial intangible assets","Thousands of dollars",0,0,0,0,0,0,0,0,0,0,0,0,0,0,0,0,0,0,0,0,0,0,0
 "02000","Alaska",8,SAGDP5N,59,"54, 55, 56","  Professional and business services","Thousands of dollars",0,0,0,0,0,0,0,0,0,0,0,0,0,0,0,0,0,0,0,0,0,0,0
 "02000","Alaska",8,SAGDP5N,60,"54","   Professional, scientific, and technical services","Thousands of dollars",0,0,0,0,0,0,0,0,0,0,0,0,0,0,0,0,0,0,0,0,0,0,0
 "02000","Alaska",8,SAGDP5N,61,"5411","    Legal services","Thousands of dollars",0,0,0,0,0,0,0,0,0,0,0,0,0,0,0,0,0,0,0,0,0,0,0
 "02000","Alaska",8,SAGDP5N,62,"5415","    Computer systems design and related services","Thousands of dollars",0,0,0,0,0,0,0,0,0,0,0,0,0,0,0,0,0,0,0,0,0,0,0
 "02000","Alaska",8,SAGDP5N,63,"5412-5414, 5416-5419","    Miscellaneous professional, scientific, and technical services","Thousands of dollars",0,0,0,0,0,0,0,0,0,0,0,0,0,0,0,0,0,0,0,0,0,0,0
 "02000","Alaska",8,SAGDP5N,64,"55","   Management of companies and enterprises","Thousands of dollars",0,0,0,0,0,0,0,0,0,0,0,0,0,0,0,0,0,0,0,0,0,0,0
 "02000","Alaska",8,SAGDP5N,65,"56","   Administrative and support and waste management and remediation services","Thousands of dollars",0,0,0,0,0,0,0,0,0,0,0,0,0,0,0,0,0,0,0,0,0,0,0
 "02000","Alaska",8,SAGDP5N,66,"561","    Administrative and support services","Thousands of dollars",0,0,0,0,0,0,0,0,0,0,0,0,0,0,0,0,0,0,0,0,0,0,0
 "02000","Alaska",8,SAGDP5N,67,"562","    Waste management and remediation services","Thousands of dollars",0,0,0,0,0,0,0,0,0,0,0,0,0,0,0,0,0,0,0,0,0,0,0
 "02000","Alaska",8,SAGDP5N,68,"61, 62","  Educational services, health care, and social assistance","Thousands of dollars",0,0,0,0,0,0,0,0,0,0,0,0,0,-1574,-13147,-7727,-9532,-8585,-5057,-2966,-1079,-35,-35
 "02000","Alaska",8,SAGDP5N,69,"61","   Educational services","Thousands of dollars",0,0,0,0,0,0,0,0,0,0,0,0,0,0,0,0,0,0,0,0,0,0,0
 "02000","Alaska",8,SAGDP5N,70,"62","   Health care and social assistance","Thousands of dollars",0,0,0,0,0,0,0,0,0,0,0,0,0,-1574,-13147,-7727,-9532,-8585,-5057,-2966,-1079,-35,-35
 "02000","Alaska",8,SAGDP5N,71,"621","    Ambulatory health care services","Thousands of dollars",0,0,0,0,0,0,0,0,0,0,0,0,0,0,0,0,0,0,0,0,0,0,0
 "02000","Alaska",8,SAGDP5N,72,"622","    Hospitals","Thousands of dollars",0,0,0,0,0,0,0,0,0,0,0,0,0,-1574,-13147,-7727,-9532,-8585,-5057,-2966,-1079,-35,-35
 "02000","Alaska",8,SAGDP5N,73,"623","    Nursing and residential care facilities","Thousands of dollars",0,0,0,0,0,0,0,0,0,0,0,0,0,0,0,0,0,0,0,0,0,0,0
 "02000","Alaska",8,SAGDP5N,74,"624","    Social assistance","Thousands of dollars",0,0,0,0,0,0,0,0,0,0,0,0,0,0,0,0,0,0,0,0,0,0,0
 "02000","Alaska",8,SAGDP5N,75,"71, 72","  Arts, entertainment, recreation, accommodation, and food services","Thousands of dollars",0,0,0,0,0,0,0,0,0,0,0,0,0,0,0,0,0,0,0,0,0,0,0
 "02000","Alaska",8,SAGDP5N,76,"71","   Arts, entertainment, and recreation","Thousands of dollars",0,0,0,0,0,0,0,0,0,0,0,0,0,0,0,0,0,0,0,0,0,0,0
 "02000","Alaska",8,SAGDP5N,77,"711-712","    Performing arts, spectator sports, museums, and related activities","Thousands of dollars",0,0,0,0,0,0,0,0,0,0,0,0,0,0,0,0,0,0,0,0,0,0,0
 "02000","Alaska",8,SAGDP5N,78,"713","    Amusement, gambling, and recreation industries","Thousands of dollars",0,0,0,0,0,0,0,0,0,0,0,0,0,0,0,0,0,0,0,0,0,0,0
 "02000","Alaska",8,SAGDP5N,79,"72","   Accommodation and food services","Thousands of dollars",0,0,0,0,0,0,0,0,0,0,0,0,0,0,0,0,0,0,0,0,0,0,0
 "02000","Alaska",8,SAGDP5N,80,"721","    Accommodation","Thousands of dollars",0,0,0,0,0,0,0,0,0,0,0,0,0,0,0,0,0,0,0,0,0,0,0
 "02000","Alaska",8,SAGDP5N,81,"722","    Food services and drinking places","Thousands of dollars",0,0,0,0,0,0,0,0,0,0,0,0,0,0,0,0,0,0,0,0,0,0,0
 "02000","Alaska",8,SAGDP5N,82,"81","  Other services (except government and government enterprises)","Thousands of dollars",0,0,0,0,0,0,0,0,0,0,0,0,0,0,0,0,0,0,0,0,0,0,0
 "02000","Alaska",8,SAGDP5N,83,"..."," Government and government enterprises","Thousands of dollars",-33422,-25715,-26287,-27704,-30042,-37064,-39699,-41739,-46508,-49445,-52340,-50656,-58938,-63512,-63192,-56350,-55530,-71686,-68058,-64405,-53059,-57139,-58038
 "02000","Alaska",8,SAGDP5N,84,"...","  Federal civilian","Thousands of dollars",-22,-31,-24,-20,-49,-47,-46,-47,-45,-31,-27,-31,-40,-31,-45,-53,-73,-86,-67,-62,-57,-65,-77
 "02000","Alaska",8,SAGDP5N,85,"...","  Military","Thousands of dollars",0,0,0,0,0,0,0,0,0,0,0,0,0,0,0,0,0,0,0,0,0,0,0
 "02000","Alaska",8,SAGDP5N,86,"...","  State and local","Thousands of dollars",-33400,-25685,-26263,-27684,-29992,-37016,-39653,-41692,-46463,-49414,-52314,-50625,-58898,-63481,-63147,-56297,-55457,-71600,-67991,-64343,-53002,-57074,-57961
 "02000","Alaska",8,SAGDP5N,87,"11, 21","Natural resources and mining","Thousands of dollars",-1264,-1194,-1525,-1437,-1936,-1587,-1733,-4881,-4472,-2890,-3634,-4237,-4952,-8145,-9565,-10178,-9896,-7674,-8949,-11498,-5460,-10494,-11814
 "02000","Alaska",8,SAGDP5N,88,"42, 44-45","Trade","Thousands of dollars",0,0,0,0,0,0,0,0,0,0,0,0,-7643,-815,-8,0,0,0,0,0,0,0,0
 "02000","Alaska",8,SAGDP5N,89,"...","Transportation and utilities","Thousands of dollars",-1035,-377,-208,-543,-52976,-5768,-29269,-10459,-6596,-9341,-7125,-4829,-7149,-4586,-5228,-9301,-4345,-3368,-3094,-5010,-3286,-2718,-3427
 "02000","Alaska",8,SAGDP5N,90,"...","Manufacturing and information","Thousands of dollars",0,0,0,0,0,0,0,0,0,-3,-2,-7,-269,-790,-2080,-3163,-1602,-946,-394,4,-53,-31,-30
 "02000","Alaska",8,SAGDP5N,91,"...","Private goods-producing industries 2/","Thousands of dollars",-1264,-1194,-1525,-1437,-1936,-1587,-1733,-4881,-4472,-2893,-3635,-4243,-5072,-8510,-9699,-10522,-10021,-8263,-8965,-11512,-5474,-10508,-11824
 "02000","Alaska",8,SAGDP5N,92,"...","Private services-providing industries 3/","Thousands of dollars",-28200,-27492,-28613,-27766,-79299,-32137,-58354,-40559,-43451,-40760,-46705,-39926,-51726,-47258,-61416,-60705,-56051,-50877,-47400,-49873,-44670,-42945,-44033
"Note: See the included footnote file."
"SAGDP5N: Subsidies 1/"
"Last updated: October 2, 2020-- new statistics for 2018-2019; revised statistics for 1997-2017."
"Source: U.S. Department of Commerce / Bureau of Economic Analysis / Regional Economic Accounts"
