GeoFIPS,GeoName,Region,TableName,LineCode,IndustryClassification,Description,Unit,1997,1998,1999,2000,2001,2002,2003,2004,2005,2006,2007,2008,2009,2010,2011,2012,2013,2014,2015,2016,2017,2018,2019
 "49000","Utah",7,SAGDP5N,1,"...","All industry total","Thousands of dollars",-145519,-151470,-163543,-160349,-234815,-203121,-253360,-216224,-258699,-235921,-282148,-274691,-321549,-314189,-345028,-346752,-339472,-377630,-349213,-366014,-376305,-410706,-427047
 "49000","Utah",7,SAGDP5N,2,"..."," Private industries","Thousands of dollars",-97890,-107060,-117872,-118075,-183921,-136338,-177324,-130969,-180158,-162130,-203610,-197654,-226047,-218985,-246476,-246995,-238772,-273272,-233626,-247538,-251484,-271035,-280661
 "49000","Utah",7,SAGDP5N,3,"11","  Agriculture, forestry, fishing and hunting","Thousands of dollars",-17042,-21391,-26355,-31160,-35422,-46937,-48384,-31402,-46976,-34331,-33043,-40105,-37407,-33284,-29689,-32505,-31757,-60244,-41161,-34087,-38659,-54788,-56908
 "49000","Utah",7,SAGDP5N,4,"111-112","   Farms","Thousands of dollars",-17042,-21391,-26355,-31160,-35422,-46937,-48384,-31402,-46976,-34331,-33043,-40105,-37407,-33284,-29689,-32505,-31757,-60244,-41161,-34087,-38659,-54788,-56908
 "49000","Utah",7,SAGDP5N,5,"113-115","   Forestry, fishing, and related activities","Thousands of dollars",0,0,0,0,0,0,0,0,0,0,0,0,0,0,0,0,0,0,0,0,0,0,0
 "49000","Utah",7,SAGDP5N,6,"21","  Mining, quarrying, and oil and gas extraction","Thousands of dollars",0,0,0,0,0,0,0,0,0,0,0,0,0,0,0,0,0,0,0,0,0,0,0
 "49000","Utah",7,SAGDP5N,7,"211","   Oil and gas extraction","Thousands of dollars",0,0,0,0,0,0,0,0,0,0,0,0,0,0,0,0,0,0,0,0,0,0,0
 "49000","Utah",7,SAGDP5N,8,"212","   Mining (except oil and gas)","Thousands of dollars",0,0,0,0,0,0,0,0,0,0,0,0,0,0,0,0,0,0,0,0,0,0,0
 "49000","Utah",7,SAGDP5N,9,"213","   Support activities for mining","Thousands of dollars",0,0,0,0,0,0,0,0,0,0,0,0,0,0,0,0,0,0,0,0,0,0,0
 "49000","Utah",7,SAGDP5N,10,"22","  Utilities","Thousands of dollars",0,0,0,0,0,0,0,0,0,0,0,0,0,0,0,0,0,0,0,0,0,0,0
 "49000","Utah",7,SAGDP5N,11,"23","  Construction","Thousands of dollars",0,0,0,0,0,0,0,0,0,0,0,0,0,0,0,0,0,0,0,0,0,0,0
 "49000","Utah",7,SAGDP5N,12,"31-33","  Manufacturing","Thousands of dollars",0,0,0,0,0,0,0,0,0,-24,-12,-646,-1853,-6282,-7897,-6462,-3039,-3649,-2011,-1558,-1569,-1633,-1909
 "49000","Utah",7,SAGDP5N,13,"321,327-339","   Durable goods manufacturing","Thousands of dollars",0,0,0,0,0,0,0,0,0,0,0,-631,-1549,-4906,-6488,-4652,-2306,-1759,-1752,-1342,-1377,-1425,-1712
 "49000","Utah",7,SAGDP5N,14,"321","    Wood product manufacturing","Thousands of dollars",0,0,0,0,0,0,0,0,0,0,0,0,0,0,0,0,0,0,0,0,0,0,0
 "49000","Utah",7,SAGDP5N,15,"327","    Nonmetallic mineral product manufacturing","Thousands of dollars",0,0,0,0,0,0,0,0,0,0,0,0,0,0,0,0,0,0,0,0,0,0,0
 "49000","Utah",7,SAGDP5N,16,"331","    Primary metal manufacturing","Thousands of dollars",0,0,0,0,0,0,0,0,0,0,0,0,0,0,0,0,0,0,0,0,0,0,0
 "49000","Utah",7,SAGDP5N,17,"332","    Fabricated metal product manufacturing","Thousands of dollars",0,0,0,0,0,0,0,0,0,0,0,0,0,0,0,0,0,0,0,0,0,0,0
 "49000","Utah",7,SAGDP5N,18,"333","    Machinery manufacturing","Thousands of dollars",0,0,0,0,0,0,0,0,0,0,0,0,0,0,0,0,0,0,0,0,0,0,0
 "49000","Utah",7,SAGDP5N,19,"334","    Computer and electronic product manufacturing","Thousands of dollars",0,0,0,0,0,0,0,0,0,0,0,0,0,0,0,0,0,0,0,0,0,0,0
 "49000","Utah",7,SAGDP5N,20,"335","    Electrical equipment, appliance, and component manufacturing","Thousands of dollars",0,0,0,0,0,0,0,0,0,0,0,-631,-1549,-4906,-6488,-4652,-2306,-1759,-1752,-1342,-1377,-1425,-1712
 "49000","Utah",7,SAGDP5N,21,"3361-3363","    Motor vehicles, bodies and trailers, and parts manufacturing","Thousands of dollars",0,0,0,0,0,0,0,0,0,0,0,0,0,0,0,0,0,0,0,0,0,0,0
 "49000","Utah",7,SAGDP5N,22,"3364-3369","    Other transportation equipment manufacturing","Thousands of dollars",0,0,0,0,0,0,0,0,0,0,0,0,0,0,0,0,0,0,0,0,0,0,0
 "49000","Utah",7,SAGDP5N,23,"337","    Furniture and related product manufacturing","Thousands of dollars",0,0,0,0,0,0,0,0,0,0,0,0,0,0,0,0,0,0,0,0,0,0,0
 "49000","Utah",7,SAGDP5N,24,"339","    Miscellaneous manufacturing","Thousands of dollars",0,0,0,0,0,0,0,0,0,0,0,0,0,0,0,0,0,0,0,0,0,0,0
 "49000","Utah",7,SAGDP5N,25,"311-316,322-326","   Nondurable goods manufacturing","Thousands of dollars",0,0,0,0,0,0,0,0,0,-24,-12,-15,-304,-1376,-1409,-1810,-733,-1891,-259,-216,-192,-208,-197
 "49000","Utah",7,SAGDP5N,26,"311-312","    Food and beverage and tobacco product manufacturing","Thousands of dollars",0,0,0,0,0,0,0,0,0,0,0,0,0,0,0,0,0,0,0,0,0,0,0
 "49000","Utah",7,SAGDP5N,27,"313-314","    Textile mills and textile product mills","Thousands of dollars",0,0,0,0,0,0,0,0,0,-24,-12,-15,-19,-16,-16,-20,-23,-23,-180,-146,-129,-148,-155
 "49000","Utah",7,SAGDP5N,28,"315-316","    Apparel, leather, and allied product manufacturing","Thousands of dollars",0,0,0,0,0,0,0,0,0,0,0,0,0,0,0,0,0,0,0,0,0,0,0
 "49000","Utah",7,SAGDP5N,29,"322","    Paper manufacturing","Thousands of dollars",0,0,0,0,0,0,0,0,0,0,0,0,0,0,0,0,0,0,0,0,0,0,0
 "49000","Utah",7,SAGDP5N,30,"323","    Printing and related support activities","Thousands of dollars",0,0,0,0,0,0,0,0,0,0,0,0,0,0,0,0,0,0,0,0,0,0,0
 "49000","Utah",7,SAGDP5N,31,"324","    Petroleum and coal products manufacturing","Thousands of dollars",0,0,0,0,0,0,0,0,0,0,0,0,-176,-1240,-491,-1563,-579,-1672,0,0,0,0,0
 "49000","Utah",7,SAGDP5N,32,"325","    Chemical manufacturing","Thousands of dollars",0,0,0,0,0,0,0,0,0,0,0,0,-108,-119,-902,-228,-131,-195,-78,-70,-62,-60,-42
 "49000","Utah",7,SAGDP5N,33,"326","    Plastics and rubber products manufacturing","Thousands of dollars",0,0,0,0,0,0,0,0,0,0,0,0,0,0,0,0,0,0,0,0,0,0,0
 "49000","Utah",7,SAGDP5N,34,"42","  Wholesale trade","Thousands of dollars",0,0,0,0,0,0,0,0,0,0,0,0,0,0,0,0,0,0,0,0,0,0,0
 "49000","Utah",7,SAGDP5N,35,"44-45","  Retail trade","Thousands of dollars",0,0,0,0,0,0,0,0,0,0,0,0,-28040,-2975,-28,0,0,0,0,0,0,0,0
 "49000","Utah",7,SAGDP5N,36,"48-49","  Transportation and warehousing","Thousands of dollars",-1350,-642,-803,-764,-64727,-3008,-33051,-1690,-2183,-3072,-2392,-3344,-3986,-5155,-4846,-4916,-4669,-4319,-4487,-4753,-4872,-5209,-5972
 "49000","Utah",7,SAGDP5N,37,"481","   Air transportation","Thousands of dollars",-255,13,0,-13,-64031,-2038,-32028,-216,-777,-1184,-1197,-1796,-2178,-2611,-3005,-3298,-2980,-2789,-3056,-3120,-3031,-2878,-3655
 "49000","Utah",7,SAGDP5N,38,"482","   Rail transportation","Thousands of dollars",-1082,-649,-801,-746,-673,-904,-922,-1126,-1112,-1124,-962,-1313,-1709,-2539,-1839,-1615,-1689,-1530,-1431,-1633,-1839,-2328,-2313
 "49000","Utah",7,SAGDP5N,39,"483","   Water transportation","Thousands of dollars",-13,-6,-3,-6,-23,-66,-69,-126,-74,-128,-60,-39,-11,-5,-1,-2,0,0,0,0,-2,-3,-5
 "49000","Utah",7,SAGDP5N,40,"484","   Truck transportation","Thousands of dollars",0,0,0,0,0,0,-32,-222,-221,-635,-173,-197,-88,0,0,0,0,0,0,0,0,0,0
 "49000","Utah",7,SAGDP5N,41,"485","   Transit and ground passenger transportation","Thousands of dollars",0,0,0,0,0,0,0,0,0,0,0,0,0,0,0,0,0,0,0,0,0,0,0
 "49000","Utah",7,SAGDP5N,42,"486","   Pipeline transportation","Thousands of dollars",0,0,0,0,0,0,0,0,0,0,0,0,0,0,0,0,0,0,0,0,0,0,0
 "49000","Utah",7,SAGDP5N,43,"487-488, 492","   Other transportation and support activities","Thousands of dollars",0,0,0,0,0,0,0,0,0,0,0,0,0,0,0,0,0,0,0,0,0,0,0
 "49000","Utah",7,SAGDP5N,44,"493","   Warehousing and storage","Thousands of dollars",0,0,0,0,0,0,0,0,0,0,0,0,0,0,0,0,0,0,0,0,0,0,0
 "49000","Utah",7,SAGDP5N,45,"51","  Information","Thousands of dollars",0,0,0,0,0,0,0,0,0,0,0,0,-169,-432,-1885,-3008,-1681,-428,-471,28,-60,-28,-36
 "49000","Utah",7,SAGDP5N,46,"511","   Publishing industries (except Internet)","Thousands of dollars",0,0,0,0,0,0,0,0,0,0,0,0,0,0,0,0,0,0,0,0,0,0,0
 "49000","Utah",7,SAGDP5N,47,"512","   Motion picture and sound recording industries","Thousands of dollars",0,0,0,0,0,0,0,0,0,0,0,0,0,0,0,0,0,0,0,0,0,0,0
 "49000","Utah",7,SAGDP5N,48,"515, 517","   Broadcasting (except Internet) and telecommunications","Thousands of dollars",0,0,0,0,0,0,0,0,0,0,0,0,-169,-432,-1885,-3008,-1681,-428,-471,28,-60,-28,-36
 "49000","Utah",7,SAGDP5N,49,"518, 519","   Data processing, hosting, and other information services","Thousands of dollars",0,0,0,0,0,0,0,0,0,0,0,0,0,0,0,0,0,0,0,0,0,0,0
 "49000","Utah",7,SAGDP5N,50,"52, 53","  Finance, insurance, real estate, rental, and leasing","Thousands of dollars",-79497,-85027,-90713,-86151,-83771,-86393,-95889,-97876,-130999,-124704,-168163,-153558,-154592,-167070,-170590,-180975,-175229,-184000,-173724,-199957,-203754,-209294,-215749
 "49000","Utah",7,SAGDP5N,51,"52","   Finance and insurance","Thousands of dollars",-538,-668,-1048,-1418,-2406,-2868,-1244,-1355,-1977,-1352,-2509,-4348,-6010,-20720,-24372,-33670,-21870,-29425,-17363,-22319,-11229,-11345,-15011
 "49000","Utah",7,SAGDP5N,52,"521-522","    Monetary Authorities- central bank, credit intermediation, and related services","Thousands of dollars",-538,-668,-1048,-1418,-2406,-2868,-1244,-1355,-1977,-1352,-2509,-4348,-6010,-20720,-24372,-33670,-21870,-29425,-17363,-22319,-11229,-11345,-15011
 "49000","Utah",7,SAGDP5N,53,"523","    Securities, commodity contracts, and other financial investments and related activities","Thousands of dollars",0,0,0,0,0,0,0,0,0,0,0,0,0,0,0,0,0,0,0,0,0,0,0
 "49000","Utah",7,SAGDP5N,54,"524","    Insurance carriers and related activities","Thousands of dollars",0,0,0,0,0,0,0,0,0,0,0,0,0,0,0,0,0,0,0,0,0,0,0
 "49000","Utah",7,SAGDP5N,55,"525","    Funds, trusts, and other financial vehicles","Thousands of dollars",0,0,0,0,0,0,0,0,0,0,0,0,0,0,0,0,0,0,0,0,0,0,0
 "49000","Utah",7,SAGDP5N,56,"53","   Real estate and rental and leasing","Thousands of dollars",-78959,-84359,-89665,-84733,-81366,-83525,-94646,-96522,-129022,-123352,-165654,-149210,-148583,-146350,-146218,-147304,-153359,-154575,-156361,-177637,-192525,-197949,-200738
 "49000","Utah",7,SAGDP5N,57,"531","    Real estate","Thousands of dollars",-78959,-84359,-89665,-84733,-81366,-83525,-94646,-96522,-129022,-123352,-165654,-149210,-148583,-146350,-146218,-147304,-153359,-154575,-156361,-177637,-192525,-197949,-200738
 "49000","Utah",7,SAGDP5N,58,"532-533","    Rental and leasing services and lessors of nonfinancial intangible assets","Thousands of dollars",0,0,0,0,0,0,0,0,0,0,0,0,0,0,0,0,0,0,0,0,0,0,0
 "49000","Utah",7,SAGDP5N,59,"54, 55, 56","  Professional and business services","Thousands of dollars",0,0,0,0,0,0,0,0,0,0,0,0,0,0,0,0,0,0,0,0,0,0,0
 "49000","Utah",7,SAGDP5N,60,"54","   Professional, scientific, and technical services","Thousands of dollars",0,0,0,0,0,0,0,0,0,0,0,0,0,0,0,0,0,0,0,0,0,0,0
 "49000","Utah",7,SAGDP5N,61,"5411","    Legal services","Thousands of dollars",0,0,0,0,0,0,0,0,0,0,0,0,0,0,0,0,0,0,0,0,0,0,0
 "49000","Utah",7,SAGDP5N,62,"5415","    Computer systems design and related services","Thousands of dollars",0,0,0,0,0,0,0,0,0,0,0,0,0,0,0,0,0,0,0,0,0,0,0
 "49000","Utah",7,SAGDP5N,63,"5412-5414, 5416-5419","    Miscellaneous professional, scientific, and technical services","Thousands of dollars",0,0,0,0,0,0,0,0,0,0,0,0,0,0,0,0,0,0,0,0,0,0,0
 "49000","Utah",7,SAGDP5N,64,"55","   Management of companies and enterprises","Thousands of dollars",0,0,0,0,0,0,0,0,0,0,0,0,0,0,0,0,0,0,0,0,0,0,0
 "49000","Utah",7,SAGDP5N,65,"56","   Administrative and support and waste management and remediation services","Thousands of dollars",0,0,0,0,0,0,0,0,0,0,0,0,0,0,0,0,0,0,0,0,0,0,0
 "49000","Utah",7,SAGDP5N,66,"561","    Administrative and support services","Thousands of dollars",0,0,0,0,0,0,0,0,0,0,0,0,0,0,0,0,0,0,0,0,0,0,0
 "49000","Utah",7,SAGDP5N,67,"562","    Waste management and remediation services","Thousands of dollars",0,0,0,0,0,0,0,0,0,0,0,0,0,0,0,0,0,0,0,0,0,0,0
 "49000","Utah",7,SAGDP5N,68,"61, 62","  Educational services, health care, and social assistance","Thousands of dollars",0,0,0,0,0,0,0,0,0,0,0,0,0,-3786,-31541,-19129,-22397,-20631,-11772,-7211,-2570,-82,-86
 "49000","Utah",7,SAGDP5N,69,"61","   Educational services","Thousands of dollars",0,0,0,0,0,0,0,0,0,0,0,0,0,0,0,0,0,0,0,0,0,0,0
 "49000","Utah",7,SAGDP5N,70,"62","   Health care and social assistance","Thousands of dollars",0,0,0,0,0,0,0,0,0,0,0,0,0,-3786,-31541,-19129,-22397,-20631,-11772,-7211,-2570,-82,-86
 "49000","Utah",7,SAGDP5N,71,"621","    Ambulatory health care services","Thousands of dollars",0,0,0,0,0,0,0,0,0,0,0,0,0,0,0,0,0,0,0,0,0,0,0
 "49000","Utah",7,SAGDP5N,72,"622","    Hospitals","Thousands of dollars",0,0,0,0,0,0,0,0,0,0,0,0,0,-3786,-31541,-19129,-22397,-20631,-11772,-7211,-2570,-82,-86
 "49000","Utah",7,SAGDP5N,73,"623","    Nursing and residential care facilities","Thousands of dollars",0,0,0,0,0,0,0,0,0,0,0,0,0,0,0,0,0,0,0,0,0,0,0
 "49000","Utah",7,SAGDP5N,74,"624","    Social assistance","Thousands of dollars",0,0,0,0,0,0,0,0,0,0,0,0,0,0,0,0,0,0,0,0,0,0,0
 "49000","Utah",7,SAGDP5N,75,"71, 72","  Arts, entertainment, recreation, accommodation, and food services","Thousands of dollars",0,0,0,0,0,0,0,0,0,0,0,0,0,0,0,0,0,0,0,0,0,0,0
 "49000","Utah",7,SAGDP5N,76,"71","   Arts, entertainment, and recreation","Thousands of dollars",0,0,0,0,0,0,0,0,0,0,0,0,0,0,0,0,0,0,0,0,0,0,0
 "49000","Utah",7,SAGDP5N,77,"711-712","    Performing arts, spectator sports, museums, and related activities","Thousands of dollars",0,0,0,0,0,0,0,0,0,0,0,0,0,0,0,0,0,0,0,0,0,0,0
 "49000","Utah",7,SAGDP5N,78,"713","    Amusement, gambling, and recreation industries","Thousands of dollars",0,0,0,0,0,0,0,0,0,0,0,0,0,0,0,0,0,0,0,0,0,0,0
 "49000","Utah",7,SAGDP5N,79,"72","   Accommodation and food services","Thousands of dollars",0,0,0,0,0,0,0,0,0,0,0,0,0,0,0,0,0,0,0,0,0,0,0
 "49000","Utah",7,SAGDP5N,80,"721","    Accommodation","Thousands of dollars",0,0,0,0,0,0,0,0,0,0,0,0,0,0,0,0,0,0,0,0,0,0,0
 "49000","Utah",7,SAGDP5N,81,"722","    Food services and drinking places","Thousands of dollars",0,0,0,0,0,0,0,0,0,0,0,0,0,0,0,0,0,0,0,0,0,0,0
 "49000","Utah",7,SAGDP5N,82,"81","  Other services (except government and government enterprises)","Thousands of dollars",0,0,0,0,0,0,0,0,0,0,0,0,0,0,0,0,0,0,0,0,0,0,0
 "49000","Utah",7,SAGDP5N,83,"..."," Government and government enterprises","Thousands of dollars",-47629,-44410,-45671,-42274,-50895,-66783,-76036,-85255,-78542,-73792,-78538,-77037,-95502,-95204,-98551,-99757,-100700,-104358,-115587,-118476,-124821,-139671,-146385
 "49000","Utah",7,SAGDP5N,84,"...","  Federal civilian","Thousands of dollars",-457,-309,-356,-462,-646,-768,-817,-1260,-1637,-1215,-1131,-1554,-2727,-1598,-1791,-2082,-3332,-3372,-2379,-3302,-3362,-8254,-12926
 "49000","Utah",7,SAGDP5N,85,"...","  Military","Thousands of dollars",0,0,0,0,0,0,0,0,0,0,0,0,0,0,0,0,0,0,0,0,0,0,0
 "49000","Utah",7,SAGDP5N,86,"...","  State and local","Thousands of dollars",-47173,-44101,-45315,-41813,-50249,-66015,-75220,-83996,-76905,-72577,-77406,-75483,-92775,-93606,-96760,-97675,-97368,-100986,-113208,-115174,-121459,-131417,-133460
 "49000","Utah",7,SAGDP5N,87,"11, 21","Natural resources and mining","Thousands of dollars",-17042,-21391,-26355,-31160,-35422,-46937,-48384,-31402,-46976,-34331,-33043,-40105,-37407,-33284,-29689,-32505,-31757,-60244,-41161,-34087,-38659,-54788,-56908
 "49000","Utah",7,SAGDP5N,88,"42, 44-45","Trade","Thousands of dollars",0,0,0,0,0,0,0,0,0,0,0,0,-28040,-2975,-28,0,0,0,0,0,0,0,0
 "49000","Utah",7,SAGDP5N,89,"...","Transportation and utilities","Thousands of dollars",-1350,-642,-803,-764,-64727,-3008,-33051,-1690,-2183,-3072,-2392,-3344,-3986,-5155,-4846,-4916,-4669,-4319,-4487,-4753,-4872,-5209,-5972
 "49000","Utah",7,SAGDP5N,90,"...","Manufacturing and information","Thousands of dollars",0,0,0,0,0,0,0,0,0,-24,-12,-646,-2022,-6715,-9782,-9470,-4719,-4077,-2482,-1530,-1629,-1661,-1945
 "49000","Utah",7,SAGDP5N,91,"...","Private goods-producing industries 2/","Thousands of dollars",-17042,-21391,-26355,-31160,-35422,-46937,-48384,-31402,-46976,-34354,-33055,-40751,-39261,-39567,-37587,-38967,-34795,-63894,-43172,-35645,-40228,-56421,-58817
 "49000","Utah",7,SAGDP5N,92,"...","Private services-providing industries 3/","Thousands of dollars",-80847,-85669,-91516,-86915,-148498,-89401,-128940,-99567,-133182,-127775,-170555,-156902,-186787,-179418,-208890,-208028,-203977,-209379,-190454,-211893,-211256,-214613,-221844
"Note: See the included footnote file."
"SAGDP5N: Subsidies 1/"
"Last updated: October 2, 2020-- new statistics for 2018-2019; revised statistics for 1997-2017."
"Source: U.S. Department of Commerce / Bureau of Economic Analysis / Regional Economic Accounts"
