GeoFIPS,GeoName,Region,TableName,LineCode,IndustryClassification,Description,Unit,1997,1998,1999,2000,2001,2002,2003,2004,2005,2006,2007,2008,2009,2010,2011,2012,2013,2014,2015,2016,2017,2018,2019
 "35000","New Mexico",6,SAGDP5N,1,"...","All industry total","Thousands of dollars",-125927,-144427,-174668,-157970,-190980,-162324,-193993,-177811,-255148,-219410,-226621,-217473,-265629,-266001,-288938,-278765,-297472,-367830,-244043,-269877,-271902,-290603,-329576
 "35000","New Mexico",6,SAGDP5N,2,"..."," Private industries","Thousands of dollars",-92901,-112726,-143054,-128519,-161594,-130367,-157650,-137531,-192313,-164148,-176836,-166020,-196497,-196366,-215219,-208707,-219910,-297186,-180844,-201616,-199535,-209679,-239991
 "35000","New Mexico",6,SAGDP5N,3,"11","  Agriculture, forestry, fishing and hunting","Thousands of dollars",-33073,-51722,-79770,-68604,-83837,-63853,-79668,-67038,-99989,-70570,-59753,-63072,-69550,-77611,-74609,-80442,-93649,-174660,-63599,-80345,-79006,-96555,-124992
 "35000","New Mexico",6,SAGDP5N,4,"111-112","   Farms","Thousands of dollars",-33073,-51722,-79770,-68604,-83837,-63853,-79668,-67038,-99989,-70570,-59753,-63072,-69550,-77611,-74609,-80442,-93649,-174660,-63599,-80345,-79006,-96555,-124992
 "35000","New Mexico",6,SAGDP5N,5,"113-115","   Forestry, fishing, and related activities","Thousands of dollars",0,0,0,0,0,0,0,0,0,0,0,0,0,0,0,0,0,0,0,0,0,0,0
 "35000","New Mexico",6,SAGDP5N,6,"21","  Mining, quarrying, and oil and gas extraction","Thousands of dollars",0,0,0,0,0,0,0,0,0,0,0,0,0,0,0,0,0,0,0,0,0,0,0
 "35000","New Mexico",6,SAGDP5N,7,"211","   Oil and gas extraction","Thousands of dollars",0,0,0,0,0,0,0,0,0,0,0,0,0,0,0,0,0,0,0,0,0,0,0
 "35000","New Mexico",6,SAGDP5N,8,"212","   Mining (except oil and gas)","Thousands of dollars",0,0,0,0,0,0,0,0,0,0,0,0,0,0,0,0,0,0,0,0,0,0,0
 "35000","New Mexico",6,SAGDP5N,9,"213","   Support activities for mining","Thousands of dollars",0,0,0,0,0,0,0,0,0,0,0,0,0,0,0,0,0,0,0,0,0,0,0
 "35000","New Mexico",6,SAGDP5N,10,"22","  Utilities","Thousands of dollars",0,0,0,0,0,0,0,0,0,0,0,0,0,0,0,0,0,0,0,0,0,0,0
 "35000","New Mexico",6,SAGDP5N,11,"23","  Construction","Thousands of dollars",0,0,0,0,0,0,0,0,0,0,0,0,0,0,0,0,0,0,0,0,0,0,0
 "35000","New Mexico",6,SAGDP5N,12,"31-33","  Manufacturing","Thousands of dollars",0,0,0,0,0,0,0,0,0,-10,-4,-94,-311,-1112,-1240,-1190,-605,-1003,-380,-294,-306,-370,-427
 "35000","New Mexico",6,SAGDP5N,13,"321,327-339","   Durable goods manufacturing","Thousands of dollars",0,0,0,0,0,0,0,0,0,0,0,-91,-275,-989,-1090,-795,-470,-416,-351,-271,-283,-347,-406
 "35000","New Mexico",6,SAGDP5N,14,"321","    Wood product manufacturing","Thousands of dollars",0,0,0,0,0,0,0,0,0,0,0,0,0,0,0,0,0,0,0,0,0,0,0
 "35000","New Mexico",6,SAGDP5N,15,"327","    Nonmetallic mineral product manufacturing","Thousands of dollars",0,0,0,0,0,0,0,0,0,0,0,0,0,0,0,0,0,0,0,0,0,0,0
 "35000","New Mexico",6,SAGDP5N,16,"331","    Primary metal manufacturing","Thousands of dollars",0,0,0,0,0,0,0,0,0,0,0,0,0,0,0,0,0,0,0,0,0,0,0
 "35000","New Mexico",6,SAGDP5N,17,"332","    Fabricated metal product manufacturing","Thousands of dollars",0,0,0,0,0,0,0,0,0,0,0,0,0,0,0,0,0,0,0,0,0,0,0
 "35000","New Mexico",6,SAGDP5N,18,"333","    Machinery manufacturing","Thousands of dollars",0,0,0,0,0,0,0,0,0,0,0,0,0,0,0,0,0,0,0,0,0,0,0
 "35000","New Mexico",6,SAGDP5N,19,"334","    Computer and electronic product manufacturing","Thousands of dollars",0,0,0,0,0,0,0,0,0,0,0,0,0,0,0,0,0,0,0,0,0,0,0
 "35000","New Mexico",6,SAGDP5N,20,"335","    Electrical equipment, appliance, and component manufacturing","Thousands of dollars",0,0,0,0,0,0,0,0,0,0,0,-91,-275,-989,-1090,-795,-470,-416,-351,-271,-283,-347,-406
 "35000","New Mexico",6,SAGDP5N,21,"3361-3363","    Motor vehicles, bodies and trailers, and parts manufacturing","Thousands of dollars",0,0,0,0,0,0,0,0,0,0,0,0,0,0,0,0,0,0,0,0,0,0,0
 "35000","New Mexico",6,SAGDP5N,22,"3364-3369","    Other transportation equipment manufacturing","Thousands of dollars",0,0,0,0,0,0,0,0,0,0,0,0,0,0,0,0,0,0,0,0,0,0,0
 "35000","New Mexico",6,SAGDP5N,23,"337","    Furniture and related product manufacturing","Thousands of dollars",0,0,0,0,0,0,0,0,0,0,0,0,0,0,0,0,0,0,0,0,0,0,0
 "35000","New Mexico",6,SAGDP5N,24,"339","    Miscellaneous manufacturing","Thousands of dollars",0,0,0,0,0,0,0,0,0,0,0,0,0,0,0,0,0,0,0,0,0,0,0
 "35000","New Mexico",6,SAGDP5N,25,"311-316,322-326","   Nondurable goods manufacturing","Thousands of dollars",0,0,0,0,0,0,0,0,0,-10,-4,-3,-36,-123,-151,-395,-135,-587,-29,-24,-23,-23,-21
 "35000","New Mexico",6,SAGDP5N,26,"311-312","    Food and beverage and tobacco product manufacturing","Thousands of dollars",0,0,0,0,0,0,0,0,0,0,0,0,0,0,0,0,0,0,0,0,0,0,0
 "35000","New Mexico",6,SAGDP5N,27,"313-314","    Textile mills and textile product mills","Thousands of dollars",0,0,0,0,0,0,0,0,0,-10,-4,-3,-5,-6,-8,-9,-3,-3,-14,-12,-12,-13,-14
 "35000","New Mexico",6,SAGDP5N,28,"315-316","    Apparel, leather, and allied product manufacturing","Thousands of dollars",0,0,0,0,0,0,0,0,0,0,0,0,0,0,0,0,0,0,0,0,0,0,0
 "35000","New Mexico",6,SAGDP5N,29,"322","    Paper manufacturing","Thousands of dollars",0,0,0,0,0,0,0,0,0,0,0,0,0,0,0,0,0,0,0,0,0,0,0
 "35000","New Mexico",6,SAGDP5N,30,"323","    Printing and related support activities","Thousands of dollars",0,0,0,0,0,0,0,0,0,0,0,0,0,0,0,0,0,0,0,0,0,0,0
 "35000","New Mexico",6,SAGDP5N,31,"324","    Petroleum and coal products manufacturing","Thousands of dollars",0,0,0,0,0,0,0,0,0,0,0,0,-23,-107,-42,-345,-76,-541,0,0,0,0,0
 "35000","New Mexico",6,SAGDP5N,32,"325","    Chemical manufacturing","Thousands of dollars",0,0,0,0,0,0,0,0,0,0,0,0,-9,-11,-100,-41,-56,-42,-15,-11,-11,-10,-7
 "35000","New Mexico",6,SAGDP5N,33,"326","    Plastics and rubber products manufacturing","Thousands of dollars",0,0,0,0,0,0,0,0,0,0,0,0,0,0,0,0,0,0,0,0,0,0,0
 "35000","New Mexico",6,SAGDP5N,34,"42","  Wholesale trade","Thousands of dollars",0,0,0,0,0,0,0,0,0,0,0,0,0,0,0,0,0,0,0,0,0,0,0
 "35000","New Mexico",6,SAGDP5N,35,"44-45","  Retail trade","Thousands of dollars",0,0,0,0,0,0,0,0,0,0,0,0,-17382,-1829,-17,0,0,0,0,0,0,0,0
 "35000","New Mexico",6,SAGDP5N,36,"48-49","  Transportation and warehousing","Thousands of dollars",-2561,-2105,-2527,-2380,-22721,-3463,-13076,-3491,-4173,-4386,-3803,-4626,-5820,-7164,-5755,-5126,-4967,-4732,-5130,-5029,-5517,-5272,-5907
 "35000","New Mexico",6,SAGDP5N,37,"481","   Air transportation","Thousands of dollars",-82,4,0,-4,-20731,-660,-10369,-70,-252,-383,-388,-581,-705,-845,-973,-1068,-965,-903,-990,-1010,-981,-932,-1183
 "35000","New Mexico",6,SAGDP5N,38,"482","   Rail transportation","Thousands of dollars",-2307,-2029,-2485,-2284,-1990,-2732,-2692,-3327,-3833,-3750,-3312,-3963,-5085,-6319,-4773,-3961,-3914,-3765,-4101,-4019,-4533,-4340,-4724
 "35000","New Mexico",6,SAGDP5N,39,"483","   Water transportation","Thousands of dollars",-171,-80,-42,-92,-1,-71,0,0,0,-13,-40,-8,0,0,-8,-97,-88,-64,-39,0,-3,0,0
 "35000","New Mexico",6,SAGDP5N,40,"484","   Truck transportation","Thousands of dollars",0,0,0,0,0,0,-15,-94,-88,-240,-63,-74,-30,0,0,0,0,0,0,0,0,0,0
 "35000","New Mexico",6,SAGDP5N,41,"485","   Transit and ground passenger transportation","Thousands of dollars",0,0,0,0,0,0,0,0,0,0,0,0,0,0,0,0,0,0,0,0,0,0,0
 "35000","New Mexico",6,SAGDP5N,42,"486","   Pipeline transportation","Thousands of dollars",0,0,0,0,0,0,0,0,0,0,0,0,0,0,0,0,0,0,0,0,0,0,0
 "35000","New Mexico",6,SAGDP5N,43,"487-488, 492","   Other transportation and support activities","Thousands of dollars",0,0,0,0,0,0,0,0,0,0,0,0,0,0,0,0,0,0,0,0,0,0,0
 "35000","New Mexico",6,SAGDP5N,44,"493","   Warehousing and storage","Thousands of dollars",0,0,0,0,0,0,0,0,0,0,0,0,0,0,0,0,0,0,0,0,0,0,0
 "35000","New Mexico",6,SAGDP5N,45,"51","  Information","Thousands of dollars",0,0,0,0,0,0,0,0,0,0,0,0,-195,-518,-2260,-3124,-1633,-372,-366,19,-40,-18,-18
 "35000","New Mexico",6,SAGDP5N,46,"511","   Publishing industries (except Internet)","Thousands of dollars",0,0,0,0,0,0,0,0,0,0,0,0,0,0,0,0,0,0,0,0,0,0,0
 "35000","New Mexico",6,SAGDP5N,47,"512","   Motion picture and sound recording industries","Thousands of dollars",0,0,0,0,0,0,0,0,0,0,0,0,0,0,0,0,0,0,0,0,0,0,0
 "35000","New Mexico",6,SAGDP5N,48,"515, 517","   Broadcasting (except Internet) and telecommunications","Thousands of dollars",0,0,0,0,0,0,0,0,0,0,0,0,-195,-518,-2260,-3124,-1633,-372,-366,19,-40,-18,-18
 "35000","New Mexico",6,SAGDP5N,49,"518, 519","   Data processing, hosting, and other information services","Thousands of dollars",0,0,0,0,0,0,0,0,0,0,0,0,0,0,0,0,0,0,0,0,0,0,0
 "35000","New Mexico",6,SAGDP5N,50,"52, 53","  Finance, insurance, real estate, rental, and leasing","Thousands of dollars",-57267,-58899,-60757,-57536,-55036,-63051,-64906,-67002,-88151,-89181,-113276,-98227,-103239,-105562,-110865,-106813,-104031,-102422,-102966,-110908,-112935,-107408,-108591
 "35000","New Mexico",6,SAGDP5N,51,"52","   Finance and insurance","Thousands of dollars",-175,-183,-240,-223,-234,-312,-106,-90,-142,-92,-157,-124,-504,-1354,-1542,-1867,-1176,-1669,-1064,-1508,-1540,-1426,-1336
 "35000","New Mexico",6,SAGDP5N,52,"521-522","    Monetary Authorities- central bank, credit intermediation, and related services","Thousands of dollars",-175,-183,-240,-223,-234,-312,-106,-90,-142,-92,-157,-124,-504,-1354,-1542,-1867,-1176,-1669,-1064,-1508,-1540,-1426,-1336
 "35000","New Mexico",6,SAGDP5N,53,"523","    Securities, commodity contracts, and other financial investments and related activities","Thousands of dollars",0,0,0,0,0,0,0,0,0,0,0,0,0,0,0,0,0,0,0,0,0,0,0
 "35000","New Mexico",6,SAGDP5N,54,"524","    Insurance carriers and related activities","Thousands of dollars",0,0,0,0,0,0,0,0,0,0,0,0,0,0,0,0,0,0,0,0,0,0,0
 "35000","New Mexico",6,SAGDP5N,55,"525","    Funds, trusts, and other financial vehicles","Thousands of dollars",0,0,0,0,0,0,0,0,0,0,0,0,0,0,0,0,0,0,0,0,0,0,0
 "35000","New Mexico",6,SAGDP5N,56,"53","   Real estate and rental and leasing","Thousands of dollars",-57092,-58716,-60517,-57313,-54801,-62738,-64800,-66911,-88009,-89089,-113119,-98103,-102735,-104208,-109323,-104946,-102855,-100754,-101902,-109400,-111396,-105982,-107254
 "35000","New Mexico",6,SAGDP5N,57,"531","    Real estate","Thousands of dollars",-57092,-58716,-60517,-57313,-54801,-62738,-64800,-66911,-88009,-89089,-113119,-98103,-102735,-104208,-109323,-104946,-102855,-100754,-101902,-109400,-111396,-105982,-107254
 "35000","New Mexico",6,SAGDP5N,58,"532-533","    Rental and leasing services and lessors of nonfinancial intangible assets","Thousands of dollars",0,0,0,0,0,0,0,0,0,0,0,0,0,0,0,0,0,0,0,0,0,0,0
 "35000","New Mexico",6,SAGDP5N,59,"54, 55, 56","  Professional and business services","Thousands of dollars",0,0,0,0,0,0,0,0,0,0,0,0,0,0,0,0,0,0,0,0,0,0,0
 "35000","New Mexico",6,SAGDP5N,60,"54","   Professional, scientific, and technical services","Thousands of dollars",0,0,0,0,0,0,0,0,0,0,0,0,0,0,0,0,0,0,0,0,0,0,0
 "35000","New Mexico",6,SAGDP5N,61,"5411","    Legal services","Thousands of dollars",0,0,0,0,0,0,0,0,0,0,0,0,0,0,0,0,0,0,0,0,0,0,0
 "35000","New Mexico",6,SAGDP5N,62,"5415","    Computer systems design and related services","Thousands of dollars",0,0,0,0,0,0,0,0,0,0,0,0,0,0,0,0,0,0,0,0,0,0,0
 "35000","New Mexico",6,SAGDP5N,63,"5412-5414, 5416-5419","    Miscellaneous professional, scientific, and technical services","Thousands of dollars",0,0,0,0,0,0,0,0,0,0,0,0,0,0,0,0,0,0,0,0,0,0,0
 "35000","New Mexico",6,SAGDP5N,64,"55","   Management of companies and enterprises","Thousands of dollars",0,0,0,0,0,0,0,0,0,0,0,0,0,0,0,0,0,0,0,0,0,0,0
 "35000","New Mexico",6,SAGDP5N,65,"56","   Administrative and support and waste management and remediation services","Thousands of dollars",0,0,0,0,0,0,0,0,0,0,0,0,0,0,0,0,0,0,0,0,0,0,0
 "35000","New Mexico",6,SAGDP5N,66,"561","    Administrative and support services","Thousands of dollars",0,0,0,0,0,0,0,0,0,0,0,0,0,0,0,0,0,0,0,0,0,0,0
 "35000","New Mexico",6,SAGDP5N,67,"562","    Waste management and remediation services","Thousands of dollars",0,0,0,0,0,0,0,0,0,0,0,0,0,0,0,0,0,0,0,0,0,0,0
 "35000","New Mexico",6,SAGDP5N,68,"61, 62","  Educational services, health care, and social assistance","Thousands of dollars",0,0,0,0,0,0,0,0,0,0,0,0,0,-2570,-20472,-12013,-15025,-13998,-8404,-5057,-1730,-56,-57
 "35000","New Mexico",6,SAGDP5N,69,"61","   Educational services","Thousands of dollars",0,0,0,0,0,0,0,0,0,0,0,0,0,0,0,0,0,0,0,0,0,0,0
 "35000","New Mexico",6,SAGDP5N,70,"62","   Health care and social assistance","Thousands of dollars",0,0,0,0,0,0,0,0,0,0,0,0,0,-2570,-20472,-12013,-15025,-13998,-8404,-5057,-1730,-56,-57
 "35000","New Mexico",6,SAGDP5N,71,"621","    Ambulatory health care services","Thousands of dollars",0,0,0,0,0,0,0,0,0,0,0,0,0,0,0,0,0,0,0,0,0,0,0
 "35000","New Mexico",6,SAGDP5N,72,"622","    Hospitals","Thousands of dollars",0,0,0,0,0,0,0,0,0,0,0,0,0,-2570,-20472,-12013,-15025,-13998,-8404,-5057,-1730,-56,-57
 "35000","New Mexico",6,SAGDP5N,73,"623","    Nursing and residential care facilities","Thousands of dollars",0,0,0,0,0,0,0,0,0,0,0,0,0,0,0,0,0,0,0,0,0,0,0
 "35000","New Mexico",6,SAGDP5N,74,"624","    Social assistance","Thousands of dollars",0,0,0,0,0,0,0,0,0,0,0,0,0,0,0,0,0,0,0,0,0,0,0
 "35000","New Mexico",6,SAGDP5N,75,"71, 72","  Arts, entertainment, recreation, accommodation, and food services","Thousands of dollars",0,0,0,0,0,0,0,0,0,0,0,0,0,0,0,0,0,0,0,0,0,0,0
 "35000","New Mexico",6,SAGDP5N,76,"71","   Arts, entertainment, and recreation","Thousands of dollars",0,0,0,0,0,0,0,0,0,0,0,0,0,0,0,0,0,0,0,0,0,0,0
 "35000","New Mexico",6,SAGDP5N,77,"711-712","    Performing arts, spectator sports, museums, and related activities","Thousands of dollars",0,0,0,0,0,0,0,0,0,0,0,0,0,0,0,0,0,0,0,0,0,0,0
 "35000","New Mexico",6,SAGDP5N,78,"713","    Amusement, gambling, and recreation industries","Thousands of dollars",0,0,0,0,0,0,0,0,0,0,0,0,0,0,0,0,0,0,0,0,0,0,0
 "35000","New Mexico",6,SAGDP5N,79,"72","   Accommodation and food services","Thousands of dollars",0,0,0,0,0,0,0,0,0,0,0,0,0,0,0,0,0,0,0,0,0,0,0
 "35000","New Mexico",6,SAGDP5N,80,"721","    Accommodation","Thousands of dollars",0,0,0,0,0,0,0,0,0,0,0,0,0,0,0,0,0,0,0,0,0,0,0
 "35000","New Mexico",6,SAGDP5N,81,"722","    Food services and drinking places","Thousands of dollars",0,0,0,0,0,0,0,0,0,0,0,0,0,0,0,0,0,0,0,0,0,0,0
 "35000","New Mexico",6,SAGDP5N,82,"81","  Other services (except government and government enterprises)","Thousands of dollars",0,0,0,0,0,0,0,0,0,0,0,0,0,0,0,0,0,0,0,0,0,0,0
 "35000","New Mexico",6,SAGDP5N,83,"..."," Government and government enterprises","Thousands of dollars",-33026,-31701,-31613,-29450,-29386,-31957,-36343,-40280,-62835,-55262,-49785,-51453,-69132,-69635,-73719,-70058,-77562,-70643,-63200,-68261,-72367,-80924,-89585
 "35000","New Mexico",6,SAGDP5N,84,"...","  Federal civilian","Thousands of dollars",-3798,-4139,-4132,-4794,-5489,-5522,-5936,-6296,-6958,-6519,-7356,-8371,-12719,-8348,-10963,-15924,-23660,-22197,-15506,-18980,-25916,-30628,-38507
 "35000","New Mexico",6,SAGDP5N,85,"...","  Military","Thousands of dollars",0,0,0,0,0,0,0,0,0,0,0,0,0,0,0,0,0,0,0,0,0,0,0
 "35000","New Mexico",6,SAGDP5N,86,"...","  State and local","Thousands of dollars",-29228,-27562,-27481,-24656,-23897,-26435,-30407,-33984,-55877,-48743,-42429,-43082,-56412,-61287,-62756,-54134,-53902,-48446,-47693,-49281,-46451,-50296,-51078
 "35000","New Mexico",6,SAGDP5N,87,"11, 21","Natural resources and mining","Thousands of dollars",-33073,-51722,-79770,-68604,-83837,-63853,-79668,-67038,-99989,-70570,-59753,-63072,-69550,-77611,-74609,-80442,-93649,-174660,-63599,-80345,-79006,-96555,-124992
 "35000","New Mexico",6,SAGDP5N,88,"42, 44-45","Trade","Thousands of dollars",0,0,0,0,0,0,0,0,0,0,0,0,-17382,-1829,-17,0,0,0,0,0,0,0,0
 "35000","New Mexico",6,SAGDP5N,89,"...","Transportation and utilities","Thousands of dollars",-2561,-2105,-2527,-2380,-22721,-3463,-13076,-3491,-4173,-4386,-3803,-4626,-5820,-7164,-5755,-5126,-4967,-4732,-5130,-5029,-5517,-5272,-5907
 "35000","New Mexico",6,SAGDP5N,90,"...","Manufacturing and information","Thousands of dollars",0,0,0,0,0,0,0,0,0,-10,-4,-94,-506,-1630,-3500,-4314,-2237,-1374,-746,-276,-346,-388,-445
 "35000","New Mexico",6,SAGDP5N,91,"...","Private goods-producing industries 2/","Thousands of dollars",-33073,-51722,-79770,-68604,-83837,-63853,-79668,-67038,-99989,-70580,-59757,-63166,-69861,-78724,-75849,-81632,-94254,-175663,-63978,-80640,-79311,-96925,-125419
 "35000","New Mexico",6,SAGDP5N,92,"...","Private services-providing industries 3/","Thousands of dollars",-59828,-61004,-63284,-59915,-77757,-66514,-77982,-70493,-92324,-93568,-117079,-102854,-126636,-117642,-139369,-127075,-125656,-121524,-116865,-120976,-120223,-112754,-114573
"Note: See the included footnote file."
"SAGDP5N: Subsidies 1/"
"Last updated: October 2, 2020-- new statistics for 2018-2019; revised statistics for 1997-2017."
"Source: U.S. Department of Commerce / Bureau of Economic Analysis / Regional Economic Accounts"
