GeoFIPS,GeoName,Region,TableName,LineCode,IndustryClassification,Description,Unit,1997,1998,1999,2000,2001,2002,2003,2004,2005,2006,2007,2008,2009,2010,2011,2012,2013,2014,2015,2016,2017,2018,2019
 "51000","Virginia",5,SAGDP5N,1,"...","All industry total","Thousands of dollars",-547023,-540987,-617481,-666906,-788990,-772956,-904540,-814518,-1130540,-1031099,-1122360,-1026197,-1104098,-1078426,-1176470,-1197801,-1159595,-1146408,-1080283,-1144934,-1146403,-1146883,-1237437
 "51000","Virginia",5,SAGDP5N,2,"..."," Private industries","Thousands of dollars",-360692,-384476,-450338,-490200,-601504,-550613,-672214,-573040,-887328,-774974,-854836,-752346,-838331,-804415,-893004,-908989,-860429,-810942,-745390,-778313,-781501,-756280,-844757
 "51000","Virginia",5,SAGDP5N,3,"11","  Agriculture, forestry, fishing and hunting","Thousands of dollars",-25944,-39292,-87198,-131545,-105597,-159166,-151674,-55469,-201852,-147285,-118242,-112182,-98015,-94074,-85037,-115255,-89904,-65724,-49122,-54550,-62405,-65645,-145231
 "51000","Virginia",5,SAGDP5N,4,"111-112","   Farms","Thousands of dollars",-25944,-39292,-87198,-131545,-105597,-159166,-151674,-55469,-201852,-147285,-118242,-112182,-98015,-94074,-85037,-115255,-89904,-65724,-49122,-54550,-62405,-65645,-145231
 "51000","Virginia",5,SAGDP5N,5,"113-115","   Forestry, fishing, and related activities","Thousands of dollars",0,0,0,0,0,0,0,0,0,0,0,0,0,0,0,0,0,0,0,0,0,0,0
 "51000","Virginia",5,SAGDP5N,6,"21","  Mining, quarrying, and oil and gas extraction","Thousands of dollars",0,0,0,0,0,0,0,0,0,0,0,0,0,0,0,0,0,0,0,0,0,0,0
 "51000","Virginia",5,SAGDP5N,7,"211","   Oil and gas extraction","Thousands of dollars",0,0,0,0,0,0,0,0,0,0,0,0,0,0,0,0,0,0,0,0,0,0,0
 "51000","Virginia",5,SAGDP5N,8,"212","   Mining (except oil and gas)","Thousands of dollars",0,0,0,0,0,0,0,0,0,0,0,0,0,0,0,0,0,0,0,0,0,0,0
 "51000","Virginia",5,SAGDP5N,9,"213","   Support activities for mining","Thousands of dollars",0,0,0,0,0,0,0,0,0,0,0,0,0,0,0,0,0,0,0,0,0,0,0
 "51000","Virginia",5,SAGDP5N,10,"22","  Utilities","Thousands of dollars",0,0,0,0,0,0,0,0,0,0,0,0,0,0,0,0,0,0,0,0,0,0,0
 "51000","Virginia",5,SAGDP5N,11,"23","  Construction","Thousands of dollars",0,0,0,0,0,0,0,0,0,0,0,0,0,0,0,0,0,0,0,0,0,0,0
 "51000","Virginia",5,SAGDP5N,12,"31-33","  Manufacturing","Thousands of dollars",0,0,0,0,0,0,0,0,0,-427,-174,-3175,-8158,-20081,-26335,-18204,-7304,-6103,-5542,-5134,-5080,-5080,-5741
 "51000","Virginia",5,SAGDP5N,13,"321,327-339","   Durable goods manufacturing","Thousands of dollars",0,0,0,0,0,0,0,0,0,0,0,-2991,-7677,-19317,-24136,-17209,-6469,-5171,-4609,-4209,-4201,-4166,-4888
 "51000","Virginia",5,SAGDP5N,14,"321","    Wood product manufacturing","Thousands of dollars",0,0,0,0,0,0,0,0,0,0,0,0,0,0,0,0,0,0,0,0,0,0,0
 "51000","Virginia",5,SAGDP5N,15,"327","    Nonmetallic mineral product manufacturing","Thousands of dollars",0,0,0,0,0,0,0,0,0,0,0,0,0,0,0,0,0,0,0,0,0,0,0
 "51000","Virginia",5,SAGDP5N,16,"331","    Primary metal manufacturing","Thousands of dollars",0,0,0,0,0,0,0,0,0,0,0,0,0,0,0,0,0,0,0,0,0,0,0
 "51000","Virginia",5,SAGDP5N,17,"332","    Fabricated metal product manufacturing","Thousands of dollars",0,0,0,0,0,0,0,0,0,0,0,0,0,0,0,0,0,0,0,0,0,0,0
 "51000","Virginia",5,SAGDP5N,18,"333","    Machinery manufacturing","Thousands of dollars",0,0,0,0,0,0,0,0,0,0,0,0,0,0,0,0,0,0,0,0,0,0,0
 "51000","Virginia",5,SAGDP5N,19,"334","    Computer and electronic product manufacturing","Thousands of dollars",0,0,0,0,0,0,0,0,0,0,0,0,0,0,0,0,0,0,0,0,0,0,0
 "51000","Virginia",5,SAGDP5N,20,"335","    Electrical equipment, appliance, and component manufacturing","Thousands of dollars",0,0,0,0,0,0,0,0,0,0,0,-2991,-7677,-19317,-24136,-17209,-6469,-5171,-4609,-4209,-4201,-4166,-4888
 "51000","Virginia",5,SAGDP5N,21,"3361-3363","    Motor vehicles, bodies and trailers, and parts manufacturing","Thousands of dollars",0,0,0,0,0,0,0,0,0,0,0,0,0,0,0,0,0,0,0,0,0,0,0
 "51000","Virginia",5,SAGDP5N,22,"3364-3369","    Other transportation equipment manufacturing","Thousands of dollars",0,0,0,0,0,0,0,0,0,0,0,0,0,0,0,0,0,0,0,0,0,0,0
 "51000","Virginia",5,SAGDP5N,23,"337","    Furniture and related product manufacturing","Thousands of dollars",0,0,0,0,0,0,0,0,0,0,0,0,0,0,0,0,0,0,0,0,0,0,0
 "51000","Virginia",5,SAGDP5N,24,"339","    Miscellaneous manufacturing","Thousands of dollars",0,0,0,0,0,0,0,0,0,0,0,0,0,0,0,0,0,0,0,0,0,0,0
 "51000","Virginia",5,SAGDP5N,25,"311-316,322-326","   Nondurable goods manufacturing","Thousands of dollars",0,0,0,0,0,0,0,0,0,-427,-174,-184,-482,-764,-2199,-995,-834,-931,-933,-926,-879,-914,-853
 "51000","Virginia",5,SAGDP5N,26,"311-312","    Food and beverage and tobacco product manufacturing","Thousands of dollars",0,0,0,0,0,0,0,0,0,0,0,0,0,0,0,0,0,0,0,0,0,0,0
 "51000","Virginia",5,SAGDP5N,27,"313-314","    Textile mills and textile product mills","Thousands of dollars",0,0,0,0,0,0,0,0,0,-427,-174,-184,-214,-300,-320,-169,-106,-118,-785,-784,-753,-777,-758
 "51000","Virginia",5,SAGDP5N,28,"315-316","    Apparel, leather, and allied product manufacturing","Thousands of dollars",0,0,0,0,0,0,0,0,0,0,0,0,0,0,0,0,0,0,0,0,0,0,0
 "51000","Virginia",5,SAGDP5N,29,"322","    Paper manufacturing","Thousands of dollars",0,0,0,0,0,0,0,0,0,0,0,0,0,0,0,0,0,0,0,0,0,0,0
 "51000","Virginia",5,SAGDP5N,30,"323","    Printing and related support activities","Thousands of dollars",0,0,0,0,0,0,0,0,0,0,0,0,0,0,0,0,0,0,0,0,0,0,0
 "51000","Virginia",5,SAGDP5N,31,"324","    Petroleum and coal products manufacturing","Thousands of dollars",0,0,0,0,0,0,0,0,0,0,0,0,-61,-229,-32,-133,-45,-271,0,0,0,0,0
 "51000","Virginia",5,SAGDP5N,32,"325","    Chemical manufacturing","Thousands of dollars",0,0,0,0,0,0,0,0,0,0,0,0,-206,-235,-1846,-694,-684,-543,-148,-141,-126,-137,-95
 "51000","Virginia",5,SAGDP5N,33,"326","    Plastics and rubber products manufacturing","Thousands of dollars",0,0,0,0,0,0,0,0,0,0,0,0,0,0,0,0,0,0,0,0,0,0,0
 "51000","Virginia",5,SAGDP5N,34,"42","  Wholesale trade","Thousands of dollars",0,0,0,0,0,0,0,0,0,0,0,0,0,0,0,0,0,0,0,0,0,0,0
 "51000","Virginia",5,SAGDP5N,35,"44-45","  Retail trade","Thousands of dollars",0,0,0,0,0,0,0,0,0,0,0,0,-74489,-8009,-76,0,0,0,0,0,0,0,0
 "51000","Virginia",5,SAGDP5N,36,"48-49","  Transportation and warehousing","Thousands of dollars",-25822,-20121,-22007,-23430,-157919,-41373,-99496,-49315,-54830,-67156,-52438,-51926,-68883,-72886,-64440,-69144,-58036,-52946,-54621,-59123,-63219,-68250,-71683
 "51000","Virginia",5,SAGDP5N,37,"481","   Air transportation","Thousands of dollars",-529,26,0,-26,-132998,-4232,-66525,-450,-1614,-2460,-2486,-3730,-4523,-5423,-6243,-6851,-6190,-5793,-6348,-6481,-6295,-5978,-7592
 "51000","Virginia",5,SAGDP5N,38,"482","   Rail transportation","Thousands of dollars",-23495,-18561,-21297,-21826,-19683,-26459,-22935,-19469,-29845,-30726,-27086,-34357,-44591,-59296,-49500,-42273,-45611,-43942,-46472,-45887,-54644,-61273,-62427
 "51000","Virginia",5,SAGDP5N,39,"483","   Water transportation","Thousands of dollars",-1798,-1586,-710,-1577,-5238,-10681,-9974,-28985,-22984,-32943,-22611,-13567,-19652,-8168,-8697,-20020,-6235,-3212,-1800,-6755,-2280,-999,-1664
 "51000","Virginia",5,SAGDP5N,40,"484","   Truck transportation","Thousands of dollars",0,0,0,0,0,0,-62,-411,-388,-1027,-255,-273,-117,0,0,0,0,0,0,0,0,0,0
 "51000","Virginia",5,SAGDP5N,41,"485","   Transit and ground passenger transportation","Thousands of dollars",0,0,0,0,0,0,0,0,0,0,0,0,0,0,0,0,0,0,0,0,0,0,0
 "51000","Virginia",5,SAGDP5N,42,"486","   Pipeline transportation","Thousands of dollars",0,0,0,0,0,0,0,0,0,0,0,0,0,0,0,0,0,0,0,0,0,0,0
 "51000","Virginia",5,SAGDP5N,43,"487-488, 492","   Other transportation and support activities","Thousands of dollars",0,0,0,0,0,0,0,0,0,0,0,0,0,0,0,0,0,0,0,0,0,0,0
 "51000","Virginia",5,SAGDP5N,44,"493","   Warehousing and storage","Thousands of dollars",0,0,0,0,0,0,0,0,0,0,0,0,0,0,0,0,0,0,0,0,0,0,0
 "51000","Virginia",5,SAGDP5N,45,"51","  Information","Thousands of dollars",0,0,0,0,0,0,0,0,0,0,0,0,-1576,-4283,-17198,-24387,-12928,-3185,-3106,169,-372,-167,-191
 "51000","Virginia",5,SAGDP5N,46,"511","   Publishing industries (except Internet)","Thousands of dollars",0,0,0,0,0,0,0,0,0,0,0,0,0,0,0,0,0,0,0,0,0,0,0
 "51000","Virginia",5,SAGDP5N,47,"512","   Motion picture and sound recording industries","Thousands of dollars",0,0,0,0,0,0,0,0,0,0,0,0,0,0,0,0,0,0,0,0,0,0,0
 "51000","Virginia",5,SAGDP5N,48,"515, 517","   Broadcasting (except Internet) and telecommunications","Thousands of dollars",0,0,0,0,0,0,0,0,0,0,0,0,-1576,-4283,-17198,-24387,-12928,-3185,-3106,169,-372,-167,-191
 "51000","Virginia",5,SAGDP5N,49,"518, 519","   Data processing, hosting, and other information services","Thousands of dollars",0,0,0,0,0,0,0,0,0,0,0,0,0,0,0,0,0,0,0,0,0,0,0
 "51000","Virginia",5,SAGDP5N,50,"52, 53","  Finance, insurance, real estate, rental, and leasing","Thousands of dollars",-308927,-325063,-341133,-335225,-337988,-350074,-421044,-468256,-630647,-560105,-683982,-585062,-587210,-592944,-601832,-625018,-623067,-620577,-596816,-638645,-643103,-616907,-621682
 "51000","Virginia",5,SAGDP5N,51,"52","   Finance and insurance","Thousands of dollars",-1165,-1646,-2504,-2535,-3616,-3440,-1401,-373,-1393,-888,-622,-582,-2764,-14040,-22834,-47348,-39058,-47945,-28482,-31695,-29608,-21581,-21401
 "51000","Virginia",5,SAGDP5N,52,"521-522","    Monetary Authorities- central bank, credit intermediation, and related services","Thousands of dollars",-1165,-1646,-2504,-2535,-3616,-3440,-1401,-373,-1393,-888,-622,-582,-2764,-14040,-22834,-47348,-39058,-47945,-28482,-31695,-29608,-21581,-21401
 "51000","Virginia",5,SAGDP5N,53,"523","    Securities, commodity contracts, and other financial investments and related activities","Thousands of dollars",0,0,0,0,0,0,0,0,0,0,0,0,0,0,0,0,0,0,0,0,0,0,0
 "51000","Virginia",5,SAGDP5N,54,"524","    Insurance carriers and related activities","Thousands of dollars",0,0,0,0,0,0,0,0,0,0,0,0,0,0,0,0,0,0,0,0,0,0,0
 "51000","Virginia",5,SAGDP5N,55,"525","    Funds, trusts, and other financial vehicles","Thousands of dollars",0,0,0,0,0,0,0,0,0,0,0,0,0,0,0,0,0,0,0,0,0,0,0
 "51000","Virginia",5,SAGDP5N,56,"53","   Real estate and rental and leasing","Thousands of dollars",-307761,-323418,-338629,-332690,-334372,-346634,-419644,-467883,-629254,-559218,-683361,-584480,-584446,-578904,-578999,-577670,-584009,-572632,-568334,-606949,-613495,-595326,-600281
 "51000","Virginia",5,SAGDP5N,57,"531","    Real estate","Thousands of dollars",-307761,-323418,-338629,-332690,-334372,-346634,-419644,-467883,-629254,-559218,-683361,-584480,-584446,-578904,-578999,-577670,-584009,-572632,-568334,-606949,-613495,-595326,-600281
 "51000","Virginia",5,SAGDP5N,58,"532-533","    Rental and leasing services and lessors of nonfinancial intangible assets","Thousands of dollars",0,0,0,0,0,0,0,0,0,0,0,0,0,0,0,0,0,0,0,0,0,0,0
 "51000","Virginia",5,SAGDP5N,59,"54, 55, 56","  Professional and business services","Thousands of dollars",0,0,0,0,0,0,0,0,0,0,0,0,0,0,0,0,0,0,0,0,0,0,0
 "51000","Virginia",5,SAGDP5N,60,"54","   Professional, scientific, and technical services","Thousands of dollars",0,0,0,0,0,0,0,0,0,0,0,0,0,0,0,0,0,0,0,0,0,0,0
 "51000","Virginia",5,SAGDP5N,61,"5411","    Legal services","Thousands of dollars",0,0,0,0,0,0,0,0,0,0,0,0,0,0,0,0,0,0,0,0,0,0,0
 "51000","Virginia",5,SAGDP5N,62,"5415","    Computer systems design and related services","Thousands of dollars",0,0,0,0,0,0,0,0,0,0,0,0,0,0,0,0,0,0,0,0,0,0,0
 "51000","Virginia",5,SAGDP5N,63,"5412-5414, 5416-5419","    Miscellaneous professional, scientific, and technical services","Thousands of dollars",0,0,0,0,0,0,0,0,0,0,0,0,0,0,0,0,0,0,0,0,0,0,0
 "51000","Virginia",5,SAGDP5N,64,"55","   Management of companies and enterprises","Thousands of dollars",0,0,0,0,0,0,0,0,0,0,0,0,0,0,0,0,0,0,0,0,0,0,0
 "51000","Virginia",5,SAGDP5N,65,"56","   Administrative and support and waste management and remediation services","Thousands of dollars",0,0,0,0,0,0,0,0,0,0,0,0,0,0,0,0,0,0,0,0,0,0,0
 "51000","Virginia",5,SAGDP5N,66,"561","    Administrative and support services","Thousands of dollars",0,0,0,0,0,0,0,0,0,0,0,0,0,0,0,0,0,0,0,0,0,0,0
 "51000","Virginia",5,SAGDP5N,67,"562","    Waste management and remediation services","Thousands of dollars",0,0,0,0,0,0,0,0,0,0,0,0,0,0,0,0,0,0,0,0,0,0,0
 "51000","Virginia",5,SAGDP5N,68,"61, 62","  Educational services, health care, and social assistance","Thousands of dollars",0,0,0,0,0,0,0,0,0,0,0,0,0,-12138,-98086,-56980,-69191,-62407,-36182,-21030,-7321,-231,-230
 "51000","Virginia",5,SAGDP5N,69,"61","   Educational services","Thousands of dollars",0,0,0,0,0,0,0,0,0,0,0,0,0,0,0,0,0,0,0,0,0,0,0
 "51000","Virginia",5,SAGDP5N,70,"62","   Health care and social assistance","Thousands of dollars",0,0,0,0,0,0,0,0,0,0,0,0,0,-12138,-98086,-56980,-69191,-62407,-36182,-21030,-7321,-231,-230
 "51000","Virginia",5,SAGDP5N,71,"621","    Ambulatory health care services","Thousands of dollars",0,0,0,0,0,0,0,0,0,0,0,0,0,0,0,0,0,0,0,0,0,0,0
 "51000","Virginia",5,SAGDP5N,72,"622","    Hospitals","Thousands of dollars",0,0,0,0,0,0,0,0,0,0,0,0,0,-12138,-98086,-56980,-69191,-62407,-36182,-21030,-7321,-231,-230
 "51000","Virginia",5,SAGDP5N,73,"623","    Nursing and residential care facilities","Thousands of dollars",0,0,0,0,0,0,0,0,0,0,0,0,0,0,0,0,0,0,0,0,0,0,0
 "51000","Virginia",5,SAGDP5N,74,"624","    Social assistance","Thousands of dollars",0,0,0,0,0,0,0,0,0,0,0,0,0,0,0,0,0,0,0,0,0,0,0
 "51000","Virginia",5,SAGDP5N,75,"71, 72","  Arts, entertainment, recreation, accommodation, and food services","Thousands of dollars",0,0,0,0,0,0,0,0,0,0,0,0,0,0,0,0,0,0,0,0,0,0,0
 "51000","Virginia",5,SAGDP5N,76,"71","   Arts, entertainment, and recreation","Thousands of dollars",0,0,0,0,0,0,0,0,0,0,0,0,0,0,0,0,0,0,0,0,0,0,0
 "51000","Virginia",5,SAGDP5N,77,"711-712","    Performing arts, spectator sports, museums, and related activities","Thousands of dollars",0,0,0,0,0,0,0,0,0,0,0,0,0,0,0,0,0,0,0,0,0,0,0
 "51000","Virginia",5,SAGDP5N,78,"713","    Amusement, gambling, and recreation industries","Thousands of dollars",0,0,0,0,0,0,0,0,0,0,0,0,0,0,0,0,0,0,0,0,0,0,0
 "51000","Virginia",5,SAGDP5N,79,"72","   Accommodation and food services","Thousands of dollars",0,0,0,0,0,0,0,0,0,0,0,0,0,0,0,0,0,0,0,0,0,0,0
 "51000","Virginia",5,SAGDP5N,80,"721","    Accommodation","Thousands of dollars",0,0,0,0,0,0,0,0,0,0,0,0,0,0,0,0,0,0,0,0,0,0,0
 "51000","Virginia",5,SAGDP5N,81,"722","    Food services and drinking places","Thousands of dollars",0,0,0,0,0,0,0,0,0,0,0,0,0,0,0,0,0,0,0,0,0,0,0
 "51000","Virginia",5,SAGDP5N,82,"81","  Other services (except government and government enterprises)","Thousands of dollars",0,0,0,0,0,0,0,0,0,0,0,0,0,0,0,0,0,0,0,0,0,0,0
 "51000","Virginia",5,SAGDP5N,83,"..."," Government and government enterprises","Thousands of dollars",-186330,-156511,-167143,-176705,-187486,-222343,-232326,-241478,-243212,-256126,-267524,-273851,-265767,-274011,-283465,-288812,-299166,-335466,-334893,-366621,-364902,-390603,-392680
 "51000","Virginia",5,SAGDP5N,84,"...","  Federal civilian","Thousands of dollars",-6139,-6304,-6993,-8589,-11734,-13238,-13184,-14574,-14170,-14215,-17886,-26154,-27772,-20987,-29722,-33140,-45289,-49064,-42123,-42176,-44200,-43571,-40254
 "51000","Virginia",5,SAGDP5N,85,"...","  Military","Thousands of dollars",0,0,0,0,0,0,0,0,0,0,0,0,0,0,0,0,0,0,0,0,0,0,0
 "51000","Virginia",5,SAGDP5N,86,"...","  State and local","Thousands of dollars",-180192,-150207,-160149,-168117,-175752,-209105,-219142,-226904,-229042,-241911,-249638,-247697,-237995,-253025,-253743,-255672,-253877,-286402,-292770,-324445,-320702,-347032,-352426
 "51000","Virginia",5,SAGDP5N,87,"11, 21","Natural resources and mining","Thousands of dollars",-25944,-39292,-87198,-131545,-105597,-159166,-151674,-55469,-201852,-147285,-118242,-112182,-98015,-94074,-85037,-115255,-89904,-65724,-49122,-54550,-62405,-65645,-145231
 "51000","Virginia",5,SAGDP5N,88,"42, 44-45","Trade","Thousands of dollars",0,0,0,0,0,0,0,0,0,0,0,0,-74489,-8009,-76,0,0,0,0,0,0,0,0
 "51000","Virginia",5,SAGDP5N,89,"...","Transportation and utilities","Thousands of dollars",-25822,-20121,-22007,-23430,-157919,-41373,-99496,-49315,-54830,-67156,-52438,-51926,-68883,-72886,-64440,-69144,-58036,-52946,-54621,-59123,-63219,-68250,-71683
 "51000","Virginia",5,SAGDP5N,90,"...","Manufacturing and information","Thousands of dollars",0,0,0,0,0,0,0,0,0,-427,-174,-3175,-9735,-24364,-43533,-42592,-20232,-9287,-8649,-4966,-5453,-5247,-5932
 "51000","Virginia",5,SAGDP5N,91,"...","Private goods-producing industries 2/","Thousands of dollars",-25944,-39292,-87198,-131545,-105597,-159166,-151674,-55469,-201852,-147712,-118416,-115358,-106174,-114155,-111372,-133460,-97207,-71827,-54664,-59684,-67486,-70725,-150972
 "51000","Virginia",5,SAGDP5N,92,"...","Private services-providing industries 3/","Thousands of dollars",-334749,-345184,-363140,-358655,-495906,-391447,-520540,-517571,-685476,-627262,-736420,-636988,-732158,-690260,-781632,-775530,-763222,-739115,-690725,-718629,-714015,-685555,-693785
"Note: See the included footnote file."
"SAGDP5N: Subsidies 1/"
"Last updated: October 2, 2020-- new statistics for 2018-2019; revised statistics for 1997-2017."
"Source: U.S. Department of Commerce / Bureau of Economic Analysis / Regional Economic Accounts"
