GeoFIPS,GeoName,Region,TableName,LineCode,IndustryClassification,Description,Unit,2001,2002,2003,2004,2005,2006,2007,2008,2009,2010,2011,2012,2013,2014,2015,2016,2017
 "11000","District of Columbia",2,SAACCompLQ,10,"...","Total","Location quotient",2.566,2.511,2.543,2.496,2.552,2.508,2.366,2.343,2.286,2.172,2.142,2.140,2.129,2.079,2.055,2.030,2.069
 "11000","District of Columbia",2,SAACCompLQ,100,"..."," Core arts and cultural production","Location quotient",1.938,1.901,1.972,2.016,2.103,2.098,2.100,2.119,2.096,1.880,1.899,1.990,2.032,1.989,2.095,2.053,2.134
 "11000","District of Columbia",2,SAACCompLQ,111,"...","  Performing arts companies","Location quotient",1.254,1.433,1.236,1.209,1.230,1.221,1.164,1.031,1.053,1.040,1.084,0.998,0.834,0.869,0.813,0.852,0.855
 "11000","District of Columbia",2,SAACCompLQ,112,"...","  Promoters of performing arts and similar events","Location quotient",0.789,1.358,1.195,1.127,1.222,1.157,1.088,1.024,1.017,1.025,1.060,1.162,1.393,1.391,5.154,5.048,5.873
 "11000","District of Columbia",2,SAACCompLQ,113,"...","  Agents/managers for artists","Location quotient",0.564,0.467,(D),0.428,0.374,0.408,0.411,0.396,0.325,0.375,(D),(D),(D),(D),0.419,0.469,0.537
 "11000","District of Columbia",2,SAACCompLQ,114,"...","  Independent artists, writers, and performers","Location quotient",0.420,0.361,0.301,0.251,0.296,0.261,0.270,0.341,0.336,0.309,0.308,0.326,0.301,0.298,0.279,0.303,0.292
 "11000","District of Columbia",2,SAACCompLQ,120,"...","  Museums","Location quotient",0.865,0.917,1.034,1.039,1.044,0.985,1.011,1.469,1.303,1.208,1.142,1.134,1.017,0.964,0.911,0.890,(D)
 "11000","District of Columbia",2,SAACCompLQ,131,"...","  Advertising","Location quotient",(D),(D),3.505,(D),(D),(D),4.181,4.361,4.281,4.460,4.393,(D),(D),4.151,4.046,(D),4.008
 "11000","District of Columbia",2,SAACCompLQ,132,"...","  Architectural services","Location quotient",2.622,2.748,2.907,2.923,2.872,2.802,2.931,3.033,3.481,2.601,2.751,2.893,2.870,2.780,2.692,2.610,2.512
 "11000","District of Columbia",2,SAACCompLQ,133,"...","  Landscape architectural services","Location quotient",0.808,0.969,0.635,0.625,0.666,0.885,1.084,1.286,1.466,0.580,0.661,0.843,1.005,1.097,0.921,0.853,0.724
 "11000","District of Columbia",2,SAACCompLQ,134,"...","  Interior design services","Location quotient",2.298,2.062,1.900,1.813,1.872,1.875,1.915,1.889,1.973,2.021,1.752,1.750,1.687,1.681,1.627,1.595,1.641
 "11000","District of Columbia",2,SAACCompLQ,135,"...","  Industrial design services","Location quotient",(D),(D),0.174,0.178,0.138,0.138,0.110,(D),(D),(D),(D),(D),(D),(D),(D),0.066,0.072
 "11000","District of Columbia",2,SAACCompLQ,136,"...","  Graphic design services","Location quotient",1.541,1.306,0.953,0.910,0.943,0.882,0.832,0.799,0.784,0.864,0.903,0.945,1.102,0.958,0.952,0.927,0.883
 "11000","District of Columbia",2,SAACCompLQ,137,"...","  Computer systems design","Location quotient",0.518,0.756,0.938,1.199,1.239,1.328,1.136,1.181,1.115,1.050,1.047,1.077,1.079,1.208,1.249,1.156,1.102
 "11000","District of Columbia",2,SAACCompLQ,138,"...","  Photography and photofinishing services","Location quotient",(D),(D),(D),(D),(D),(D),0.200,0.230,(D),(D),0.070,(D),0.098,(D),0.079,(D),(D)
 "11000","District of Columbia",2,SAACCompLQ,139,"...","  All other design services","Location quotient",(D),(D),0.334,0.263,0.062,0.078,0.049,(D),(D),(D),(D),(D),(D),(D),(D),0.438,0.550
 "11000","District of Columbia",2,SAACCompLQ,140,"...","  Fine arts education","Location quotient",3.272,2.348,2.466,2.647,2.721,2.659,2.704,2.444,2.205,2.158,2.046,1.892,1.947,1.585,1.126,1.056,1.018
 "11000","District of Columbia",2,SAACCompLQ,150,"...","  Education services","Location quotient",9.229,6.850,7.368,6.704,7.142,7.201,6.237,5.595,4.834,4.406,4.097,4.987,5.620,5.415,5.046,4.719,4.941
 "11000","District of Columbia",2,SAACCompLQ,200,"..."," Supporting arts and cultural production","Location quotient",2.791,2.733,2.761,2.694,2.753,2.704,2.520,2.483,2.412,2.307,2.262,2.237,2.206,2.154,2.096,2.075,2.104
 "11000","District of Columbia",2,SAACCompLQ,211,"...","  Rental and leasing","Location quotient",(D),0.182,0.319,0.324,0.297,0.301,0.304,0.340,(D),0.411,0.205,(D),0.225,0.123,0.117,0.427,0.413
 "11000","District of Columbia",2,SAACCompLQ,212,"...","  Grantmaking and giving services","Location quotient",4.181,4.958,4.045,4.425,4.339,4.570,4.581,4.823,4.902,5.577,5.981,6.173,6.563,6.519,6.851,6.919,7.311
 "11000","District of Columbia",2,SAACCompLQ,213,"...","  Unions","Location quotient",15.732,14.761,14.623,14.436,14.491,14.725,14.733,14.660,13.698,13.435,13.948,13.720,14.049,14.196,13.812,13.581,13.538
 "11000","District of Columbia",2,SAACCompLQ,214,"...","  Government","Location quotient",5.720,5.405,5.531,5.582,5.900,6.010,6.068,5.893,5.477,5.308,5.297,5.278,5.254,5.256,5.221,5.227,5.407
 "11000","District of Columbia",2,SAACCompLQ,215,"...","  Other support services","Location quotient",0.192,0.241,0.326,0.343,0.286,0.382,(D),(D),(D),(D),(D),(D),(D),(D),(D),(D),(D)
 "11000","District of Columbia",2,SAACCompLQ,221,"...","  Publishing","Location quotient",1.610,1.676,1.685,(D),(D),(D),(D),(D),(D),(D),(D),(D),(D),(D),(D),(D),(D)
 "11000","District of Columbia",2,SAACCompLQ,222,"...","  Motion pictures","Location quotient",0.642,0.629,0.759,0.626,0.505,0.453,0.462,0.441,0.392,0.391,0.378,0.382,0.355,0.314,0.319,0.270,0.234
 "11000","District of Columbia",2,SAACCompLQ,223,"...","  Sound recording","Location quotient",0.195,0.285,0.337,0.494,0.526,0.383,0.391,0.236,0.306,0.302,0.303,0.431,0.398,0.569,0.587,0.496,0.313
 "11000","District of Columbia",2,SAACCompLQ,224,"...","  Broadcasting","Location quotient",1.247,1.328,1.301,1.334,1.413,(D),(D),(D),(D),1.212,1.191,(D),(D),(D),1.202,1.177,1.122
 "11000","District of Columbia",2,SAACCompLQ,225,"...","  Other information services","Location quotient",(D),(D),5.803,5.754,5.482,5.709,3.096,3.077,2.504,2.372,2.160,2.067,1.478,1.521,1.415,1.279,1.184
 "11000","District of Columbia",2,SAACCompLQ,231,"...","  Jewelry and silverware manufacturing","Location quotient",0.067,0.050,(D),(D),(D),(D),(D),(D),0.000,0.000,0.000,0.000,0.000,0.000,0.000,0.000,0.000
 "11000","District of Columbia",2,SAACCompLQ,232,"...","  Printed goods manufacturing","Location quotient",0.252,0.173,0.165,0.157,0.146,0.147,0.142,0.146,0.131,0.118,0.094,0.099,0.104,0.090,0.087,0.092,0.084
 "11000","District of Columbia",2,SAACCompLQ,233,"...","  Musical instruments manufacturing","Location quotient",0.000,(D),(D),(D),(D),(D),(D),0.000,0.000,0.000,0.000,0.000,0.000,0.000,0.000,0.000,0.000
 "11000","District of Columbia",2,SAACCompLQ,234,"...","  Custom architectural woodwork and metalwork manufacturing","Location quotient",0.040,0.033,0.028,0.022,0.020,0.022,0.023,0.020,0.017,(D),(D),(D),(D),(D),(D),(D),(D)
 "11000","District of Columbia",2,SAACCompLQ,236,"...","  Other goods manufacturing","Location quotient",0.017,0.016,(D),0.019,0.017,0.017,0.005,0.002,0.002,(D),0.004,0.004,0.004,0.003,0.004,(D),(D)
 "11000","District of Columbia",2,SAACCompLQ,240,"...","  Construction","Location quotient",0.843,0.706,0.541,0.401,0.411,0.291,0.228,0.258,0.359,0.229,0.274,0.461,0.603,0.394,0.609,0.541,0.371
 "11000","District of Columbia",2,SAACCompLQ,250,"...","  Wholesale and transportation industries","Location quotient",0.067,0.072,(D),(D),(D),0.071,0.063,0.058,0.039,0.048,0.033,0.031,0.031,0.027,0.041,0.074,(D)
 "11000","District of Columbia",2,SAACCompLQ,260,"...","  Retail industries","Location quotient",0.314,0.282,0.291,0.299,0.296,0.305,0.306,0.300,0.290,0.413,0.289,0.308,0.231,0.218,0.205,0.252,0.238
 "11000","District of Columbia",2,SAACCompLQ,300,"..."," All other industries 2/","Location quotient",0.648,0.629,0.625,0.627,0.624,0.641,0.657,0.651,0.638,0.628,0.630,0.635,0.646,0.651,0.659,0.658,0.660
"Note: See the included footnote file."
"SAACCompLQ: Arts Compensation Location Quotient 1/"
"Last updated: March 17, 2020-- new statistics for 2017; revised statistics for 2001-2016. "
"Source: U.S. Department of Commerce / Bureau of Economic Analysis / Regional Economic Accounts"
