GeoFIPS,GeoName,Region,TableName,LineCode,IndustryClassification,Description,Unit,2001,2002,2003,2004,2005,2006,2007,2008,2009,2010,2011,2012,2013,2014,2015,2016,2017
 "55000","Wisconsin",3,SAACArtsEmp,1,"...","Total employment","Number of jobs",2871629,2848560,2852564,2880833,2899476,2921871,2934229,2924558,2791743,2780923,2809126,2840826,2874503,2912312,2945841,2980261,3000771
 "55000","Wisconsin",3,SAACArtsEmp,10,"...","Total ACPSA employment","Number of jobs",127204,124133,120133,116175,110531,108089,106773,105719,100144,99993,96291,96031,96607,96761,95706,96762,96651
 "55000","Wisconsin",3,SAACArtsEmp,100,"..."," Core arts and cultural production","Number of jobs",17743,17311,17787,17752,17415,17949,17862,17816,16551,16127,16087,17092,17669,18105,18165,18812,18990
 "55000","Wisconsin",3,SAACArtsEmp,111,"...","  Performing arts companies","Number of jobs",1881,1772,1931,2007,1938,2114,2034,1927,1759,1742,1703,(D),(D),(D),(D),(D),(D)
 "55000","Wisconsin",3,SAACArtsEmp,112,"...","  Promoters of performing arts and similar events","Number of jobs",1120,1150,1663,1286,1155,1481,1583,1504,1727,1836,1703,1569,1576,1641,1605,1834,1799
 "55000","Wisconsin",3,SAACArtsEmp,113,"...","  Agents/managers for artists","Number of jobs",23,34,37,43,41,35,40,31,33,31,32,47,47,47,50,50,49
 "55000","Wisconsin",3,SAACArtsEmp,114,"...","  Independent artists, writers, and performers","Number of jobs",569,576,563,707,789,860,857,815,817,746,736,737,668,706,731,738,698
 "55000","Wisconsin",3,SAACArtsEmp,120,"...","  Museums","Number of jobs",1393,1443,1449,1467,1458,1615,1622,1768,1625,1618,1634,1776,1779,1839,1822,1923,1953
 "55000","Wisconsin",3,SAACArtsEmp,131,"...","  Advertising","Number of jobs",2930,2782,2677,2680,2387,2186,2014,2174,2042,2035,2061,2255,2537,2594,2602,2600,2637
 "55000","Wisconsin",3,SAACArtsEmp,132,"...","  Architectural services","Number of jobs",1784,1732,1686,1683,1746,1751,1807,1834,1580,1409,1361,1405,1436,1472,1549,1621,1711
 "55000","Wisconsin",3,SAACArtsEmp,133,"...","  Landscape architectural services","Number of jobs",308,285,284,293,299,297,285,276,188,163,169,216,218,227,237,230,231
 "55000","Wisconsin",3,SAACArtsEmp,134,"...","  Interior design services","Number of jobs",131,116,121,123,133,147,168,189,166,174,183,185,198,211,250,254,272
 "55000","Wisconsin",3,SAACArtsEmp,135,"...","  Industrial design services","Number of jobs",52,59,63,78,96,98,80,89,124,133,121,162,167,165,157,270,286
 "55000","Wisconsin",3,SAACArtsEmp,136,"...","  Graphic design services","Number of jobs",1111,969,1018,955,1095,1172,1205,1246,1079,1017,1097,1175,1178,1351,1247,1241,1141
 "55000","Wisconsin",3,SAACArtsEmp,137,"...","  Computer systems design","Number of jobs",208,215,221,203,205,207,225,228,214,232,268,286,292,310,309,322,322
 "55000","Wisconsin",3,SAACArtsEmp,138,"...","  Photography and photofinishing services","Number of jobs",3338,3217,2997,2939,2741,2605,2363,2107,1739,1716,1741,(D),(D),(D),(D),(D),(D)
 "55000","Wisconsin",3,SAACArtsEmp,139,"...","  All other design services","Number of jobs",26,22,25,21,22,23,23,20,20,17,19,19,20,20,27,28,30
 "55000","Wisconsin",3,SAACArtsEmp,140,"...","  Fine arts education","Number of jobs",1127,1249,1350,1422,1451,1570,1650,1711,1624,1634,1661,2153,2318,2382,2622,2833,2929
 "55000","Wisconsin",3,SAACArtsEmp,150,"...","  Education services","Number of jobs",1741,1691,1702,1845,1860,1789,1907,1895,1814,1623,1596,1582,1769,1759,1788,1683,1750
 "55000","Wisconsin",3,SAACArtsEmp,200,"..."," Supporting arts and cultural production","Number of jobs",104776,102143,97894,94060,88777,85874,84604,83739,79681,80307,76721,75686,75792,75395,74213,74552,74303
 "55000","Wisconsin",3,SAACArtsEmp,211,"...","  Rental and leasing","Number of jobs",1781,1709,1753,1661,1463,1370,1246,1116,1007,786,602,533,(D),(D),(D),(D),(D)
 "55000","Wisconsin",3,SAACArtsEmp,212,"...","  Grantmaking and giving services","Number of jobs",82,81,90,83,81,82,86,76,86,86,82,86,85,93,96,103,106
 "55000","Wisconsin",3,SAACArtsEmp,213,"...","  Unions","Number of jobs",650,571,579,576,587,590,507,557,636,571,644,597,664,591,605,519,551
 "55000","Wisconsin",3,SAACArtsEmp,214,"...","  Government","Number of jobs",45906,45477,42058,38116,34506,31154,27211,27591,27501,27878,27566,27321,27433,27195,26788,26775,26440
 "55000","Wisconsin",3,SAACArtsEmp,215,"...","  Other support services","Number of jobs",52,33,29,31,33,30,32,30,26,23,21,19,18,18,17,22,21
 "55000","Wisconsin",3,SAACArtsEmp,221,"...","  Publishing","Number of jobs",9154,8551,8774,8965,8961,8889,9299,9106,8299,7989,8195,8323,8465,8923,9531,9739,9227
 "55000","Wisconsin",3,SAACArtsEmp,222,"...","  Motion pictures","Number of jobs",3806,3687,3678,3611,3529,3445,3652,3700,3544,3416,3210,3071,2973,2934,3110,2984,3203
 "55000","Wisconsin",3,SAACArtsEmp,223,"...","  Sound recording","Number of jobs",410,379,360,327,320,319,305,278,246,246,248,256,248,228,230,226,(D)
 "55000","Wisconsin",3,SAACArtsEmp,224,"...","  Broadcasting","Number of jobs",(D),(D),(D),(D),(D),(D),5992,6244,6180,6359,6349,6516,6565,6592,6565,6440,6084
 "55000","Wisconsin",3,SAACArtsEmp,225,"...","  Other information services","Number of jobs",210,183,182,(D),(D),(D),(D),(D),(D),201,(D),(D),(D),338,402,486,551
 "55000","Wisconsin",3,SAACArtsEmp,231,"...","  Jewelry and silverware manufacturing","Number of jobs",240,227,223,222,241,268,280,261,180,161,161,202,202,195,197,194,181
 "55000","Wisconsin",3,SAACArtsEmp,232,"...","  Printed goods manufacturing","Number of jobs",(D),(D),(D),(D),(D),(D),(D),(D),(D),(D),5291,5213,5355,5154,5067,4969,4811
 "55000","Wisconsin",3,SAACArtsEmp,233,"...","  Musical instruments manufacturing","Number of jobs",592,549,527,408,304,306,222,225,(D),(D),99,111,111,107,113,111,114
 "55000","Wisconsin",3,SAACArtsEmp,234,"...","  Custom architectural woodwork and metalwork manufacturing","Number of jobs",853,1305,1145,1111,1145,1223,1782,1844,1597,1721,1936,2021,2079,2092,865,924,931
 "55000","Wisconsin",3,SAACArtsEmp,236,"...","  Other goods manufacturing","Number of jobs",905,(D),945,(D),(D),(D),(D),(D),(D),(D),(D),(D),(D),(D),(D),(D),777
 "55000","Wisconsin",3,SAACArtsEmp,240,"...","  Construction","Number of jobs",2835,2425,2006,1833,1890,2172,2232,1536,1228,1679,1916,1730,1471,1313,1312,2531,3643
 "55000","Wisconsin",3,SAACArtsEmp,250,"...","  Wholesale and transportation industries","Number of jobs",2711,2907,3005,3113,2976,2933,2854,2860,2217,2774,3044,3137,3072,2903,2938,2935,2769
 "55000","Wisconsin",3,SAACArtsEmp,260,"...","  Retail industries","Number of jobs",23509,23224,22644,22105,20511,20541,20786,20375,19797,19982,16633,15821,15762,15726,15366,14563,14380
 "55000","Wisconsin",3,SAACArtsEmp,300,"..."," All other industries 2/","Number of jobs",4685,4678,4451,4363,4339,4266,4307,4164,3911,3559,3483,3252,3146,3260,3328,3398,3358
"Note: See the included footnote file."
"SAACArtsEmp: ACPSA full-time and part-time employment by ACPSA industry 1/"
"Last updated: March 17, 2020-- new statistics for 2017; revised statistics for 2001-2016. "
"Source: U.S. Department of Commerce / Bureau of Economic Analysis / Regional Economic Accounts"
