GeoFIPS,GeoName,Region,TableName,LineCode,IndustryClassification,Description,Unit,2001,2002,2003,2004,2005,2006,2007,2008,2009,2010,2011,2012,2013,2014,2015,2016,2017
 "18000","Indiana",3,SAACArtsComp,1,"...","Total compensation","Thousands of dollars",118597631,120815020,124533105,130728549,135227381,140931907,145458798,147548072,138345739,142364177,147809233,154889890,157858326,165167551,171303283,176908719,184201292
 "18000","Indiana",3,SAACArtsComp,10,"...","Total ACPSA compensation","Thousands of dollars",4065383,4097660,4149840,4260707,4213551,4195482,4129175,4121645,3956939,4053419,4005879,4064930,4092004,4182548,4301281,4421568,4466057
 "18000","Indiana",3,SAACArtsComp,100,"..."," Core arts and cultural production","Thousands of dollars",503503,514902,517509,516369,541489,560518,581398,584077,542078,519910,521683,(D),(D),(D),(D),(D),(D)
 "18000","Indiana",3,SAACArtsComp,111,"...","  Performing arts companies","Thousands of dollars",50767,50476,47767,49728,47249,43128,40690,42154,44824,45704,50694,48857,42896,46247,40800,46151,44863
 "18000","Indiana",3,SAACArtsComp,112,"...","  Promoters of performing arts and similar events","Thousands of dollars",17134,25691,22084,23356,25298,28165,27769,28201,25971,20741,20186,24771,26634,27869,31064,37031,35717
 "18000","Indiana",3,SAACArtsComp,113,"...","  Agents/managers for artists","Thousands of dollars",2161,2149,3282,4502,5517,4355,5669,6310,4925,5946,5957,4609,4653,2810,2868,3887,3245
 "18000","Indiana",3,SAACArtsComp,114,"...","  Independent artists, writers, and performers","Thousands of dollars",19265,16118,20568,19072,21118,21394,25180,22858,22955,17547,18718,18919,21582,22076,27872,29015,29000
 "18000","Indiana",3,SAACArtsComp,120,"...","  Museums","Thousands of dollars",24738,35556,31995,32759,36974,41307,45514,47949,49709,44836,45067,58959,56922,59761,52259,56305,56204
 "18000","Indiana",3,SAACArtsComp,131,"...","  Advertising","Thousands of dollars",52595,51698,53047,58193,62952,67522,74477,70494,61163,58004,58808,63701,63552,69132,74712,79575,76946
 "18000","Indiana",3,SAACArtsComp,132,"...","  Architectural services","Thousands of dollars",114368,105627,115005,109128,117650,122907,135680,132405,109650,103556,108444,110729,100325,106568,118464,130438,132451
 "18000","Indiana",3,SAACArtsComp,133,"...","  Landscape architectural services","Thousands of dollars",6920,6385,6740,6680,7761,8961,9207,9548,9934,11893,12075,9346,8539,9040,9912,10495,13474
 "18000","Indiana",3,SAACArtsComp,134,"...","  Interior design services","Thousands of dollars",13410,13185,15762,16557,16604,18573,19085,17193,12868,10930,10593,14857,10950,11128,12228,11222,11558
 "18000","Indiana",3,SAACArtsComp,135,"...","  Industrial design services","Thousands of dollars",6673,5767,5170,5576,5297,6298,7156,6409,6577,6692,7419,7749,6061,5561,5074,5220,4736
 "18000","Indiana",3,SAACArtsComp,136,"...","  Graphic design services","Thousands of dollars",25218,28895,29651,29403,30946,31317,30534,31365,25699,26509,25746,35814,28048,31314,34880,37019,37256
 "18000","Indiana",3,SAACArtsComp,137,"...","  Computer systems design","Thousands of dollars",8027,7528,7951,8096,8665,9344,11584,12641,12576,14155,17054,17952,22334,21409,24102,28243,30250
 "18000","Indiana",3,SAACArtsComp,138,"...","  Photography and photofinishing services","Thousands of dollars",111375,113633,105052,89530,81304,79277,73138,71330,67879,62092,47607,(D),(D),(D),(D),(D),(D)
 "18000","Indiana",3,SAACArtsComp,139,"...","  All other design services","Thousands of dollars",1772,1038,1030,901,987,1066,938,747,586,670,782,1029,882,1007,901,1249,1371
 "18000","Indiana",3,SAACArtsComp,140,"...","  Fine arts education","Thousands of dollars",10616,7930,10093,12683,13660,13612,12907,14617,16871,16437,16435,15392,15668,19719,21336,22079,22079
 "18000","Indiana",3,SAACArtsComp,150,"...","  Education services","Thousands of dollars",38464,43227,42311,50205,59508,63291,61871,69857,69892,74199,76100,83102,79714,78762,80096,85921,85312
 "18000","Indiana",3,SAACArtsComp,200,"..."," Supporting arts and cultural production","Thousands of dollars",3357620,3373047,3426990,3535160,3459139,3419307,3325606,3319174,3213705,3343427,3293335,3302806,3371981,3424845,3508248,3582405,3620813
 "18000","Indiana",3,SAACArtsComp,211,"...","  Rental and leasing","Thousands of dollars",36127,43077,36914,32773,31109,33745,31394,28725,26056,23037,14185,15026,12688,12156,14928,16215,16943
 "18000","Indiana",3,SAACArtsComp,212,"...","  Grantmaking and giving services","Thousands of dollars",4366,4762,5573,5534,5835,7209,8636,7781,8340,7276,8366,6577,7505,8997,10058,9458,10430
 "18000","Indiana",3,SAACArtsComp,213,"...","  Unions","Thousands of dollars",10122,8178,8947,9740,9774,11335,10230,11799,12344,11393,11361,10891,11710,11260,11928,11502,12284
 "18000","Indiana",3,SAACArtsComp,214,"...","  Government","Thousands of dollars",1602620,1643906,1626600,1614678,1546505,1455467,1382502,1418265,1424188,1474085,1488250,1488996,1500488,1538128,1547205,1560507,1629199
 "18000","Indiana",3,SAACArtsComp,215,"...","  Other support services","Thousands of dollars",4051,3739,4064,4648,4728,5263,5303,5110,4356,4065,3753,3936,3306,3406,3709,3470,3882
 "18000","Indiana",3,SAACArtsComp,221,"...","  Publishing","Thousands of dollars",304210,303739,323824,315561,314062,322836,354055,351617,332173,305624,301446,321394,326330,(D),316249,297522,291606
 "18000","Indiana",3,SAACArtsComp,222,"...","  Motion pictures","Thousands of dollars",73592,69607,67182,71794,73626,77435,75232,72623,71475,69472,66064,66563,63335,65028,64870,70058,72077
 "18000","Indiana",3,SAACArtsComp,223,"...","  Sound recording","Thousands of dollars",(D),5594,5877,6081,(D),(D),5918,(D),7978,7166,7717,8696,(D),11121,11868,(D),(D)
 "18000","Indiana",3,SAACArtsComp,224,"...","  Broadcasting","Thousands of dollars",284682,(D),337975,(D),399291,402784,(D),466663,(D),(D),484151,494859,(D),(D),(D),(D),(D)
 "18000","Indiana",3,SAACArtsComp,225,"...","  Other information services","Thousands of dollars",(D),(D),6033,7985,11733,14443,14411,19565,18203,17902,19430,21028,20720,21330,(D),107273,114155
 "18000","Indiana",3,SAACArtsComp,231,"...","  Jewelry and silverware manufacturing","Thousands of dollars",16574,14683,12128,8123,5050,7338,10080,9847,4831,4205,3488,4854,8374,9404,5502,5200,6201
 "18000","Indiana",3,SAACArtsComp,232,"...","  Printed goods manufacturing","Thousands of dollars",152809,128403,125371,(D),(D),(D),(D),(D),(D),(D),143390,141401,142416,139373,134017,132923,133329
 "18000","Indiana",3,SAACArtsComp,233,"...","  Musical instruments manufacturing","Thousands of dollars",57138,57810,53218,41269,40547,40816,38238,32190,34527,33127,31809,31610,32472,28901,28763,32267,31220
 "18000","Indiana",3,SAACArtsComp,234,"...","  Custom architectural woodwork and metalwork manufacturing","Thousands of dollars",28233,38203,35720,33399,31726,31653,46002,48712,33523,33446,36420,40327,40043,42276,47103,51441,52061
 "18000","Indiana",3,SAACArtsComp,236,"...","  Other goods manufacturing","Thousands of dollars",67385,70073,70389,69410,65821,63907,73745,57303,45915,55001,52720,53775,56635,65831,74371,76451,79090
 "18000","Indiana",3,SAACArtsComp,240,"...","  Construction","Thousands of dollars",151786,110920,174492,258358,259356,282973,150334,123399,115276,212074,154128,121204,147685,131106,134627,162968,166301
 "18000","Indiana",3,SAACArtsComp,250,"...","  Wholesale and transportation industries","Thousands of dollars",171365,182840,179383,167990,180063,186514,190218,180888,142802,167152,182602,174063,179792,176203,169607,183395,180827
 "18000","Indiana",3,SAACArtsComp,260,"...","  Retail industries","Thousands of dollars",370101,370184,353300,344725,331687,322306,302283,293585,302513,290112,284054,297605,315010,339758,343388,376841,340033
 "18000","Indiana",3,SAACArtsComp,300,"..."," All other industries 2/","Thousands of dollars",204260,209711,205341,209178,212922,215657,222171,218394,201156,190082,190862,(D),(D),(D),(D),(D),(D)
"Note: See the included footnote file."
"SAACArtsComp: ACPSA compensation by ACPSA industry 1/"
"Last updated: March 17, 2020-- new statistics for 2017; revised statistics for 2001-2016. "
"Source: U.S. Department of Commerce / Bureau of Economic Analysis / Regional Economic Accounts"
