GeoFIPS,GeoName,Region,TableName,LineCode,IndustryClassification,Description,Unit,2001,2002,2003,2004,2005,2006,2007,2008,2009,2010,2011,2012,2013,2014,2015,2016,2017
 "08000","Colorado",7,SAACArtsEmp,1,"...","Total employment","Number of jobs",2347048,2304858,2275384,2298524,2347482,2400410,2448706,2474409,2367380,2346646,2383753,2437001,2507504,2593514,2670174,2726499,2786042
 "08000","Colorado",7,SAACArtsEmp,10,"...","Total ACPSA employment","Number of jobs",119757,117035,110739,104892,101302,100015,99873,99414,93462,93251,93514,94610,97235,99444,102135,104229,103401
 "08000","Colorado",7,SAACArtsEmp,100,"..."," Core arts and cultural production","Number of jobs",21118,19841,19451,19844,20399,21458,22186,22099,19622,18602,18877,20057,21823,22935,24016,25381,(D)
 "08000","Colorado",7,SAACArtsEmp,111,"...","  Performing arts companies","Number of jobs",2284,2238,2098,2223,2125,2098,2122,1956,1846,1801,1756,1908,1942,1966,1958,1979,2037
 "08000","Colorado",7,SAACArtsEmp,112,"...","  Promoters of performing arts and similar events","Number of jobs",851,919,965,938,1146,1267,1269,1394,1341,1272,1434,1512,2198,2294,2455,2753,2809
 "08000","Colorado",7,SAACArtsEmp,113,"...","  Agents/managers for artists","Number of jobs",282,86,70,71,62,64,61,51,41,39,41,49,54,55,60,58,61
 "08000","Colorado",7,SAACArtsEmp,114,"...","  Independent artists, writers, and performers","Number of jobs",761,762,835,883,979,1087,1257,1170,1040,958,931,992,922,1095,1148,1305,1444
 "08000","Colorado",7,SAACArtsEmp,120,"...","  Museums","Number of jobs",1789,1697,1659,1725,1805,1991,2236,2253,2176,2238,2298,2398,2444,2593,2619,2863,2940
 "08000","Colorado",7,SAACArtsEmp,131,"...","  Advertising","Number of jobs",2687,2394,2250,2292,2237,2224,2234,2400,2255,2296,2459,2750,3092,3285,3317,3342,3029
 "08000","Colorado",7,SAACArtsEmp,132,"...","  Architectural services","Number of jobs",3318,3047,2858,3007,3319,3668,3909,3841,2881,2372,2264,2369,2559,2730,3009,3284,3441
 "08000","Colorado",7,SAACArtsEmp,133,"...","  Landscape architectural services","Number of jobs",1330,1289,1174,1180,1292,1349,1298,1268,959,788,728,732,798,847,926,935,967
 "08000","Colorado",7,SAACArtsEmp,134,"...","  Interior design services","Number of jobs",911,829,872,989,1045,1238,1306,1248,966,842,818,858,948,1041,1137,1164,1223
 "08000","Colorado",7,SAACArtsEmp,135,"...","  Industrial design services","Number of jobs",86,70,152,150,101,102,132,154,125,116,134,170,156,172,175,199,222
 "08000","Colorado",7,SAACArtsEmp,136,"...","  Graphic design services","Number of jobs",1384,1246,1187,1156,1129,1250,1259,1308,1125,1066,1055,1056,1088,1069,1220,1302,1399
 "08000","Colorado",7,SAACArtsEmp,137,"...","  Computer systems design","Number of jobs",446,362,333,339,352,367,391,412,404,413,445,482,515,544,574,623,648
 "08000","Colorado",7,SAACArtsEmp,138,"...","  Photography and photofinishing services","Number of jobs",2934,2665,2461,2193,1899,1826,1874,1731,1594,1460,1519,1456,1434,1318,1381,1352,(D)
 "08000","Colorado",7,SAACArtsEmp,139,"...","  All other design services","Number of jobs",37,52,70,77,81,94,106,135,129,186,204,226,253,178,172,186,185
 "08000","Colorado",7,SAACArtsEmp,140,"...","  Fine arts education","Number of jobs",1253,1283,1423,1599,1712,1725,1693,1747,1713,1727,1761,1954,2200,2407,2538,2641,2826
 "08000","Colorado",7,SAACArtsEmp,150,"...","  Education services","Number of jobs",765,903,1044,1021,1115,1108,1039,1031,1027,1028,1029,1146,1219,1342,1328,1393,1402
 "08000","Colorado",7,SAACArtsEmp,200,"..."," Supporting arts and cultural production","Number of jobs",95137,93734,88033,81844,77689,75353,74393,74093,70797,71889,71919,71981,72883,73832,75339,75987,74565
 "08000","Colorado",7,SAACArtsEmp,211,"...","  Rental and leasing","Number of jobs",1755,1545,1526,1444,1278,1146,1014,890,765,590,444,397,346,316,306,291,298
 "08000","Colorado",7,SAACArtsEmp,212,"...","  Grantmaking and giving services","Number of jobs",65,83,92,88,83,97,106,97,114,115,126,150,157,146,154,151,139
 "08000","Colorado",7,SAACArtsEmp,213,"...","  Unions","Number of jobs",235,206,217,219,232,235,214,239,262,245,279,278,338,322,345,313,351
 "08000","Colorado",7,SAACArtsEmp,214,"...","  Government","Number of jobs",36649,37798,34864,31687,29073,26434,23625,24294,24962,25787,25872,26191,26465,26435,26258,26571,26602
 "08000","Colorado",7,SAACArtsEmp,215,"...","  Other support services","Number of jobs",79,39,40,44,51,55,74,68,54,47,44,46,41,41,48,49,48
 "08000","Colorado",7,SAACArtsEmp,221,"...","  Publishing","Number of jobs",15345,13870,13781,12931,12413,12271,12277,11680,10353,9772,9675,9229,8554,8324,8539,8380,8518
 "08000","Colorado",7,SAACArtsEmp,222,"...","  Motion pictures","Number of jobs",4115,4234,4031,3909,3895,4112,4131,3923,3877,3804,3876,3964,4148,4196,4280,4561,4588
 "08000","Colorado",7,SAACArtsEmp,223,"...","  Sound recording","Number of jobs",241,215,204,213,(D),(D),169,(D),171,162,(D),193,126,122,120,118,131
 "08000","Colorado",7,SAACArtsEmp,224,"...","  Broadcasting","Number of jobs",12052,11260,10714,(D),(D),(D),11938,12405,12313,12798,12987,13292,13739,14186,14125,14070,13007
 "08000","Colorado",7,SAACArtsEmp,225,"...","  Other information services","Number of jobs",1728,1366,1302,1335,1502,1555,1160,1263,1322,1374,(D),1809,1893,1983,2033,1999,1826
 "08000","Colorado",7,SAACArtsEmp,231,"...","  Jewelry and silverware manufacturing","Number of jobs",271,259,(D),219,220,196,191,192,(D),124,121,177,173,193,207,232,211
 "08000","Colorado",7,SAACArtsEmp,232,"...","  Printed goods manufacturing","Number of jobs",1665,1314,1202,1278,1282,1289,1461,1429,1175,1031,957,953,980,966,941,930,905
 "08000","Colorado",7,SAACArtsEmp,233,"...","  Musical instruments manufacturing","Number of jobs",103,93,82,83,66,56,43,26,26,25,25,32,35,37,39,35,33
 "08000","Colorado",7,SAACArtsEmp,234,"...","  Custom architectural woodwork and metalwork manufacturing","Number of jobs",349,441,408,395,392,425,640,642,427,376,402,462,549,594,690,812,879
 "08000","Colorado",7,SAACArtsEmp,236,"...","  Other goods manufacturing","Number of jobs",251,236,(D),(D),217,214,264,(D),(D),181,405,430,394,454,520,492,557
 "08000","Colorado",7,SAACArtsEmp,240,"...","  Construction","Number of jobs",4306,5286,4546,2799,2633,2884,2782,2168,2039,2737,2028,1630,1849,2048,2998,3217,2455
 "08000","Colorado",7,SAACArtsEmp,250,"...","  Wholesale and transportation industries","Number of jobs",4136,4091,3649,3442,3129,3066,3248,3251,2369,2576,2585,2508,2675,2786,2812,2828,2868
 "08000","Colorado",7,SAACArtsEmp,260,"...","  Retail industries","Number of jobs",11791,11399,10927,10919,10601,10660,11057,11131,10253,10143,10285,10238,10421,10681,10926,10939,11149
 "08000","Colorado",7,SAACArtsEmp,300,"..."," All other industries 2/","Number of jobs",3502,3461,3255,3204,3214,3204,3294,3222,3043,2760,2718,2571,2528,2676,2780,2862,(D)
"Note: See the included footnote file."
"SAACArtsEmp: ACPSA full-time and part-time employment by ACPSA industry 1/"
"Last updated: March 17, 2020-- new statistics for 2017; revised statistics for 2001-2016. "
"Source: U.S. Department of Commerce / Bureau of Economic Analysis / Regional Economic Accounts"
