GeoFIPS,GeoName,Region,TableName,LineCode,IndustryClassification,Description,Unit,2001,2002,2003,2004,2005,2006,2007,2008,2009,2010,2011,2012,2013,2014,2015,2016,2017
 "38000","North Dakota",4,SAACArtsVA,1,"...","Total value added","Thousands of dollars",18919614,20209018,22077379,23167751,24417266,26120032,28679674,31722075,32002464,35426312,41179180,51345108,53881738,58649979,55012185,50833136,52472286
 "38000","North Dakota",4,SAACArtsVA,10,"...","Total ACPSA value added","Thousands of dollars",673212,753422,802926,853772,867767,885426,899318,924699,982460,1032383,1090997,1244205,1279309,1301013,1392460,1437459,1454678
 "38000","North Dakota",4,SAACArtsVA,100,"..."," Core arts and cultural production","Thousands of dollars",76750,86948,88447,91926,91623,94624,96345,105675,107891,107641,111309,124769,132847,145440,151547,148958,150893
 "38000","North Dakota",4,SAACArtsVA,111,"...","  Performing arts companies","Thousands of dollars",4454,4070,3997,5337,5181,4298,4175,4780,5049,5148,5844,5720,5938,6367,5683,6321,5973
 "38000","North Dakota",4,SAACArtsVA,112,"...","  Promoters of performing arts and similar events","Thousands of dollars",2595,5500,7992,8797,7729,7649,7650,9657,13630,14039,14189,17026,18314,18316,15888,19611,18247
 "38000","North Dakota",4,SAACArtsVA,113,"...","  Agents/managers for artists","Thousands of dollars",106,27,24,38,38,39,24,44,19,31,81,36,78,36,325,41,145
 "38000","North Dakota",4,SAACArtsVA,114,"...","  Independent artists, writers, and performers","Thousands of dollars",4708,4860,4999,4845,6180,7182,8213,9508,10743,9965,8515,8260,9262,10128,14953,15026,17336
 "38000","North Dakota",4,SAACArtsVA,120,"...","  Museums","Thousands of dollars",3674,4352,4646,5036,5337,5226,3887,4153,4613,4177,4284,6104,6644,7310,5986,5591,5789
 "38000","North Dakota",4,SAACArtsVA,131,"...","  Advertising","Thousands of dollars",16356,19610,19845,22351,22260,23124,24661,25476,24949,27016,27942,26377,28399,28631,30054,28732,28842
 "38000","North Dakota",4,SAACArtsVA,132,"...","  Architectural services","Thousands of dollars",13394,13365,13506,14020,13790,14619,16039,17766,16532,15776,18751,24039,26027,31999,34661,32435,33401
 "38000","North Dakota",4,SAACArtsVA,133,"...","  Landscape architectural services","Thousands of dollars",1104,1159,1003,990,459,478,352,551,1063,306,575,631,687,831,764,696,730
 "38000","North Dakota",4,SAACArtsVA,134,"...","  Interior design services","Thousands of dollars",291,195,423,966,1673,2750,3789,4023,2489,1663,2294,2731,4007,4498,5170,3864,5063
 "38000","North Dakota",4,SAACArtsVA,135,"...","  Industrial design services","Thousands of dollars",251,311,368,433,368,400,478,547,479,591,975,883,1061,1220,1373,1416,1316
 "38000","North Dakota",4,SAACArtsVA,136,"...","  Graphic design services","Thousands of dollars",1174,1515,1929,2287,2662,2251,2325,3040,2984,3116,3278,4051,4236,5615,7380,6636,6318
 "38000","North Dakota",4,SAACArtsVA,137,"...","  Computer systems design","Thousands of dollars",852,787,925,1262,1573,1800,2128,2376,2078,2096,2298,3016,3061,3762,3414,3565,3918
 "38000","North Dakota",4,SAACArtsVA,138,"...","  Photography and photofinishing services","Thousands of dollars",22801,25184,21350,17508,16592,16144,16157,16617,15683,16107,14264,17642,16315,17125,15547,14288,12732
 "38000","North Dakota",4,SAACArtsVA,139,"...","  All other design services","Thousands of dollars",0,0,10,12,10,16,15,568,522,717,914,922,987,1188,1191,1093,955
 "38000","North Dakota",4,SAACArtsVA,140,"...","  Fine arts education","Thousands of dollars",915,784,1253,1624,1566,1756,1573,1553,1847,2058,1881,1872,1958,2319,2705,3222,3540
 "38000","North Dakota",4,SAACArtsVA,150,"...","  Education services","Thousands of dollars",4074,5228,6176,6421,6205,6893,4878,5016,5212,4834,5223,5459,5875,6095,6454,6421,6590
 "38000","North Dakota",4,SAACArtsVA,200,"..."," Supporting arts and cultural production","Thousands of dollars",561418,628914,676294,721633,733759,747149,756016,771188,825809,875289,926766,1064614,1090710,1093634,1179244,1228484,1242578
 "38000","North Dakota",4,SAACArtsVA,211,"...","  Rental and leasing","Thousands of dollars",9609,8258,13752,12531,11617,13001,9183,9275,9062,8161,8898,13446,18503,31731,35042,25711,17860
 "38000","North Dakota",4,SAACArtsVA,212,"...","  Grantmaking and giving services","Thousands of dollars",312,370,459,472,576,723,833,831,1007,882,1072,897,1033,1132,1243,1275,1382
 "38000","North Dakota",4,SAACArtsVA,213,"...","  Unions","Thousands of dollars",758,639,710,782,781,897,749,839,910,862,919,922,1072,1043,1047,1086,1249
 "38000","North Dakota",4,SAACArtsVA,214,"...","  Government","Thousands of dollars",244722,259616,265047,262345,264840,263076,211004,220785,238789,256053,272496,290275,309577,329176,354249,368314,385063
 "38000","North Dakota",4,SAACArtsVA,215,"...","  Other support services","Thousands of dollars",645,515,569,673,726,755,883,1281,1048,862,717,346,267,240,258,229,217
 "38000","North Dakota",4,SAACArtsVA,221,"...","  Publishing","Thousands of dollars",97045,139267,158721,179673,175473,180998,216256,195215,207213,211035,219838,228998,224773,221435,208753,243239,245015
 "38000","North Dakota",4,SAACArtsVA,222,"...","  Motion pictures","Thousands of dollars",7309,7956,9784,11384,11110,11413,14225,14086,15481,15959,15550,15724,17076,16955,18190,18096,18713
 "38000","North Dakota",4,SAACArtsVA,223,"...","  Sound recording","Thousands of dollars",2,0,0,402,380,522,647,795,885,758,624,363,314,0,0,0,50
 "38000","North Dakota",4,SAACArtsVA,224,"...","  Broadcasting","Thousands of dollars",95706,97053,105442,132019,149950,156507,184890,202119,211110,220081,220362,276743,289728,282653,301783,315075,301912
 "38000","North Dakota",4,SAACArtsVA,225,"...","  Other information services","Thousands of dollars",969,1702,3165,4959,4537,4930,2334,4747,4477,4766,4672,3551,3766,4597,4479,3511,2984
 "38000","North Dakota",4,SAACArtsVA,231,"...","  Jewelry and silverware manufacturing","Thousands of dollars",3344,3404,2950,3578,3733,4123,5589,6073,3986,3588,3446,6638,3958,4755,4088,4538,5265
 "38000","North Dakota",4,SAACArtsVA,232,"...","  Printed goods manufacturing","Thousands of dollars",6411,5881,5791,6623,6858,7336,8863,9212,8866,9770,9203,9712,9910,9731,9283,8969,8319
 "38000","North Dakota",4,SAACArtsVA,233,"...","  Musical instruments manufacturing","Thousands of dollars",103,134,90,74,79,62,99,106,133,90,15,14,5,3,0,0,0
 "38000","North Dakota",4,SAACArtsVA,234,"...","  Custom architectural woodwork and metalwork manufacturing","Thousands of dollars",1940,2814,2172,2982,3568,3973,6167,6291,5043,4886,5575,6870,7237,7484,8998,8218,7990
 "38000","North Dakota",4,SAACArtsVA,236,"...","  Other goods manufacturing","Thousands of dollars",2749,4416,5163,6678,6151,6091,6319,6103,5085,5640,5311,5883,6544,7875,9356,9249,10096
 "38000","North Dakota",4,SAACArtsVA,240,"...","  Construction","Thousands of dollars",26845,28139,30438,22187,15343,19064,17412,19269,33938,46071,56692,92900,76560,47459,86777,86823,102920
 "38000","North Dakota",4,SAACArtsVA,250,"...","  Wholesale and transportation industries","Thousands of dollars",9743,10317,11010,11628,11393,10966,12051,14339,15851,16996,18454,23531,31044,36892,43475,53178,58954
 "38000","North Dakota",4,SAACArtsVA,260,"...","  Retail industries","Thousands of dollars",53204,58432,61031,62643,66643,62713,58510,59823,62924,68826,82921,87802,89344,90473,92224,80974,74590
 "38000","North Dakota",4,SAACArtsVA,300,"..."," All other industries 2/","Thousands of dollars",35044,37561,38185,40213,42386,43653,46957,47836,48760,49453,52922,54822,55752,61939,61668,60016,61206
"Note: See the included footnote file."
"SAACArtsVA: ACPSA value added by ACPSA industry 1/"
"Last updated: March 17, 2020-- new statistics for 2017; revised statistics for 2001-2016. "
"Source: U.S. Department of Commerce / Bureau of Economic Analysis / Regional Economic Accounts"
