GeoFIPS,GeoName,Region,TableName,LineCode,IndustryClassification,Description,Unit,2001,2002,2003,2004,2005,2006,2007,2008,2009,2010,2011,2012,2013,2014,2015,2016,2017
 "27000","Minnesota",4,SAACArtsEmp,1,"...","Total employment","Number of jobs",2758598,2739481,2732785,2754210,2791251,2822092,2836716,2822966,2717112,2707721,2747346,2789630,2833384,2873218,2923247,2956009,2991902
 "27000","Minnesota",4,SAACArtsEmp,10,"...","Total ACPSA employment","Number of jobs",123739,119831,115107,112476,109509,108377,108096,107284,101203,99809,97015,96700,97147,99374,99341,99888,98417
 "27000","Minnesota",4,SAACArtsEmp,100,"..."," Core arts and cultural production","Number of jobs",(D),26126,25542,25012,25155,25397,25694,25770,23534,22749,22939,22564,22504,23568,24158,24710,25609
 "27000","Minnesota",4,SAACArtsEmp,111,"...","  Performing arts companies","Number of jobs",3440,3548,3460,3316,3109,3268,3259,3252,3105,3112,3049,2969,2816,3160,3300,3418,3464
 "27000","Minnesota",4,SAACArtsEmp,112,"...","  Promoters of performing arts and similar events","Number of jobs",656,881,1117,1149,1231,1347,1811,1820,1742,1857,1854,1769,1907,2101,2068,2401,2906
 "27000","Minnesota",4,SAACArtsEmp,113,"...","  Agents/managers for artists","Number of jobs",144,141,51,51,71,81,77,76,96,138,158,174,194,199,196,209,239
 "27000","Minnesota",4,SAACArtsEmp,114,"...","  Independent artists, writers, and performers","Number of jobs",549,580,580,606,627,560,584,608,600,622,631,619,633,647,627,504,532
 "27000","Minnesota",4,SAACArtsEmp,120,"...","  Museums","Number of jobs",2238,2129,2056,2010,2098,2311,2396,2443,2377,2350,2331,2408,2447,2545,2594,2540,2600
 "27000","Minnesota",4,SAACArtsEmp,131,"...","  Advertising","Number of jobs",5099,4674,4334,4048,3922,3575,3353,3469,3208,3250,3626,3904,3928,4242,4347,4265,4197
 "27000","Minnesota",4,SAACArtsEmp,132,"...","  Architectural services","Number of jobs",3590,3116,2980,2971,3056,3302,3381,3334,2673,2362,2377,2365,2273,2361,2521,2684,2819
 "27000","Minnesota",4,SAACArtsEmp,133,"...","  Landscape architectural services","Number of jobs",404,393,352,338,318,312,282,270,205,167,164,154,149,162,169,172,191
 "27000","Minnesota",4,SAACArtsEmp,134,"...","  Interior design services","Number of jobs",410,405,372,414,421,447,456,416,346,319,314,318,350,377,385,401,426
 "27000","Minnesota",4,SAACArtsEmp,135,"...","  Industrial design services","Number of jobs",98,69,84,117,164,161,146,143,142,47,50,39,42,28,31,31,34
 "27000","Minnesota",4,SAACArtsEmp,136,"...","  Graphic design services","Number of jobs",2045,1707,1621,1584,1500,1569,1519,1498,1332,1302,1252,1247,1253,1220,1261,1228,1276
 "27000","Minnesota",4,SAACArtsEmp,137,"...","  Computer systems design","Number of jobs",(D),285,271,280,285,305,342,355,336,365,411,446,471,454,475,481,491
 "27000","Minnesota",4,SAACArtsEmp,138,"...","  Photography and photofinishing services","Number of jobs",4560,4379,4073,3713,3471,3317,3220,3135,2752,2450,2350,1994,1728,1622,1617,1587,1578
 "27000","Minnesota",4,SAACArtsEmp,139,"...","  All other design services","Number of jobs",50,46,33,21,20,35,52,61,62,56,62,90,107,110,120,132,116
 "27000","Minnesota",4,SAACArtsEmp,140,"...","  Fine arts education","Number of jobs",2107,2116,2244,2341,2555,2685,2619,2751,2475,2340,2349,2326,2462,2543,2728,2828,2883
 "27000","Minnesota",4,SAACArtsEmp,150,"...","  Education services","Number of jobs",1243,1657,1914,2052,2307,2123,2197,2139,2083,2011,1959,1741,1743,1797,1719,1828,1855
 "27000","Minnesota",4,SAACArtsEmp,200,"..."," Supporting arts and cultural production","Number of jobs",92330,89267,85348,83341,80244,78927,78295,77540,73896,73628,70698,70974,71558,72607,71915,71829,69484
 "27000","Minnesota",4,SAACArtsEmp,211,"...","  Rental and leasing","Number of jobs",1813,1649,1687,1658,(D),(D),1103,(D),(D),527,400,355,300,251,220,222,197
 "27000","Minnesota",4,SAACArtsEmp,212,"...","  Grantmaking and giving services","Number of jobs",138,141,142,125,122,137,111,108,114,115,121,140,137,157,165,162,164
 "27000","Minnesota",4,SAACArtsEmp,213,"...","  Unions","Number of jobs",495,413,405,388,411,419,363,403,479,437,502,503,568,533,585,507,525
 "27000","Minnesota",4,SAACArtsEmp,214,"...","  Government","Number of jobs",37165,37837,35191,32487,30640,28436,26330,26883,26195,26126,25524,25601,25514,25205,25295,25245,24091
 "27000","Minnesota",4,SAACArtsEmp,215,"...","  Other support services","Number of jobs",61,36,38,33,34,23,19,18,15,14,12,11,12,17,16,12,24
 "27000","Minnesota",4,SAACArtsEmp,221,"...","  Publishing","Number of jobs",12613,11977,12056,11438,11412,11446,12036,11744,10761,10195,9908,9637,9407,9183,9128,8536,8459
 "27000","Minnesota",4,SAACArtsEmp,222,"...","  Motion pictures","Number of jobs",5004,4792,4704,4551,4351,4190,4063,3962,3877,3736,3826,3959,3437,3403,3538,3746,3668
 "27000","Minnesota",4,SAACArtsEmp,223,"...","  Sound recording","Number of jobs",(D),451,448,417,(D),(D),(D),371,320,302,315,(D),380,384,406,425,(D)
 "27000","Minnesota",4,SAACArtsEmp,224,"...","  Broadcasting","Number of jobs",(D),5131,5204,5479,5615,5465,(D),(D),(D),(D),(D),(D),7295,7396,7397,7509,(D)
 "27000","Minnesota",4,SAACArtsEmp,225,"...","  Other information services","Number of jobs",953,653,673,794,881,1008,694,713,661,652,641,714,733,742,706,737,835
 "27000","Minnesota",4,SAACArtsEmp,231,"...","  Jewelry and silverware manufacturing","Number of jobs",686,637,679,673,664,659,612,627,519,471,362,512,509,505,544,542,495
 "27000","Minnesota",4,SAACArtsEmp,232,"...","  Printed goods manufacturing","Number of jobs",5469,4741,4679,5195,5261,5345,6221,6064,5249,4593,4323,4206,4336,4258,3963,3824,3677
 "27000","Minnesota",4,SAACArtsEmp,233,"...","  Musical instruments manufacturing","Number of jobs",68,72,69,65,64,58,49,47,(D),(D),42,51,44,45,48,57,55
 "27000","Minnesota",4,SAACArtsEmp,234,"...","  Custom architectural woodwork and metalwork manufacturing","Number of jobs",320,449,466,473,452,465,644,673,521,512,(D),668,759,782,757,715,756
 "27000","Minnesota",4,SAACArtsEmp,236,"...","  Other goods manufacturing","Number of jobs",808,701,665,678,704,711,850,850,591,515,461,587,607,739,806,802,886
 "27000","Minnesota",4,SAACArtsEmp,240,"...","  Construction","Number of jobs",2827,2467,2382,2769,1839,2355,2106,1729,2252,3061,2014,1807,2858,4230,3147,3618,2988
 "27000","Minnesota",4,SAACArtsEmp,250,"...","  Wholesale and transportation industries","Number of jobs",3659,3403,2896,2993,2819,2784,2987,3127,2793,3207,3568,3514,3529,3418,3859,3926,4107
 "27000","Minnesota",4,SAACArtsEmp,260,"...","  Retail industries","Number of jobs",14650,13716,12962,13124,13158,13743,13788,13149,12401,12590,11413,11131,11134,11361,11334,11242,10948
 "27000","Minnesota",4,SAACArtsEmp,300,"..."," All other industries 2/","Number of jobs",(D),4438,4217,4123,4110,4054,4107,3973,3772,3432,3378,3162,3086,3198,3268,3349,3323
"Note: See the included footnote file."
"SAACArtsEmp: ACPSA full-time and part-time employment by ACPSA industry 1/"
"Last updated: March 17, 2020-- new statistics for 2017; revised statistics for 2001-2016. "
"Source: U.S. Department of Commerce / Bureau of Economic Analysis / Regional Economic Accounts"
