GeoFIPS,GeoName,Region,TableName,LineCode,IndustryClassification,Description,Unit,2001,2002,2003,2004,2005,2006,2007,2008,2009,2010,2011,2012,2013,2014,2015,2016,2017
 "28000","Mississippi",5,SAACArtsComp,1,"...","Total compensation","Thousands of dollars",38704753,40029587,41463970,43819170,45793759,48141009,50345502,52172417,50724953,51224492,52025790,53978415,54945092,56581998,57480630,58825526,60322993
 "28000","Mississippi",5,SAACArtsComp,10,"...","Total ACPSA compensation","Thousands of dollars",1103600,1113565,1093300,1093918,1064594,1067295,1096304,1108311,1110600,1128965,1148020,1146952,1164181,1212395,1208806,1207503,1248453
 "28000","Mississippi",5,SAACArtsComp,100,"..."," Core arts and cultural production","Thousands of dollars",94622,99398,101716,102225,100842,114463,125648,126225,129799,117208,117572,120510,118364,120863,124966,122325,127621
 "28000","Mississippi",5,SAACArtsComp,111,"...","  Performing arts companies","Thousands of dollars",4813,(D),4814,7714,5730,5082,(D),(D),5787,4190,4935,3963,3593,3328,3259,3490,3615
 "28000","Mississippi",5,SAACArtsComp,112,"...","  Promoters of performing arts and similar events","Thousands of dollars",2756,4724,5051,4583,3731,4014,3447,3542,2969,3738,2585,3542,4712,5018,4291,4600,4773
 "28000","Mississippi",5,SAACArtsComp,113,"...","  Agents/managers for artists","Thousands of dollars",1042,1447,411,534,473,921,985,976,1041,678,626,(D),(D),(D),784,(D),(D)
 "28000","Mississippi",5,SAACArtsComp,114,"...","  Independent artists, writers, and performers","Thousands of dollars",4840,5966,5718,4361,4648,7094,10264,8228,8166,7784,9960,(D),(D),(D),19480,(D),(D)
 "28000","Mississippi",5,SAACArtsComp,120,"...","  Museums","Thousands of dollars",(D),4253,(D),3787,3777,(D),4279,4723,5494,4809,5904,7376,7696,7954,7626,8216,8407
 "28000","Mississippi",5,SAACArtsComp,131,"...","  Advertising","Thousands of dollars",13636,14357,14894,(D),16901,18238,(D),(D),17770,(D),(D),15487,(D),(D),(D),(D),20023
 "28000","Mississippi",5,SAACArtsComp,132,"...","  Architectural services","Thousands of dollars",26253,25402,27555,27431,29186,35181,42079,43605,45781,40816,40970,35367,35811,36486,33022,33666,38120
 "28000","Mississippi",5,SAACArtsComp,133,"...","  Landscape architectural services","Thousands of dollars",6537,5805,5492,4274,4663,5231,5372,3008,3196,2727,2188,2231,2575,2477,2599,2714,2946
 "28000","Mississippi",5,SAACArtsComp,134,"...","  Interior design services","Thousands of dollars",765,838,1121,1238,1217,1870,1917,1525,1211,1117,866,1326,1074,1049,1236,1204,1697
 "28000","Mississippi",5,SAACArtsComp,135,"...","  Industrial design services","Thousands of dollars",374,325,523,484,(D),472,547,357,(D),73,(D),258,420,769,857,(D),(D)
 "28000","Mississippi",5,SAACArtsComp,136,"...","  Graphic design services","Thousands of dollars",2146,2145,2300,2261,2315,2449,2445,3153,3515,3156,2725,3139,2363,2438,2574,2915,2714
 "28000","Mississippi",5,SAACArtsComp,137,"...","  Computer systems design","Thousands of dollars",1309,1327,1436,1746,2158,2659,3066,3100,3025,2979,2755,2934,2942,2928,3039,3103,3409
 "28000","Mississippi",5,SAACArtsComp,138,"...","  Photography and photofinishing services","Thousands of dollars",17463,17609,17232,14423,12656,12558,11186,11616,(D),(D),(D),(D),(D),(D),(D),(D),6748
 "28000","Mississippi",5,SAACArtsComp,139,"...","  All other design services","Thousands of dollars",340,207,179,106,(D),121,160,87,(D),54,(D),593,643,278,154,(D),(D)
 "28000","Mississippi",5,SAACArtsComp,140,"...","  Fine arts education","Thousands of dollars",(D),(D),(D),(D),(D),(D),2668,3749,4497,3983,3370,(D),(D),(D),(D),(D),(D)
 "28000","Mississippi",5,SAACArtsComp,150,"...","  Education services","Thousands of dollars",8042,9720,9946,11288,10972,13007,13749,14412,15299,14816,16083,17537,16001,16769,17246,17838,18147
 "28000","Mississippi",5,SAACArtsComp,200,"..."," Supporting arts and cultural production","Thousands of dollars",948949,952245,930612,929301,899838,888017,902985,914809,916378,952431,972059,970482,991182,1033850,1024251,1023578,1058927
 "28000","Mississippi",5,SAACArtsComp,211,"...","  Rental and leasing","Thousands of dollars",8038,9120,7628,7670,7799,9348,(D),(D),(D),(D),(D),(D),(D),(D),6360,6316,6074
 "28000","Mississippi",5,SAACArtsComp,212,"...","  Grantmaking and giving services","Thousands of dollars",432,468,562,474,519,683,856,807,816,747,839,633,669,632,741,1051,1552
 "28000","Mississippi",5,SAACArtsComp,213,"...","  Unions","Thousands of dollars",1152,935,1023,1130,1091,1330,1208,1347,1539,1461,1522,1455,1471,1400,1552,1576,1700
 "28000","Mississippi",5,SAACArtsComp,214,"...","  Government","Thousands of dollars",586718,604983,586127,575162,537276,501371,481865,498922,513829,523476,542285,534871,537301,539315,542715,551464,563180
 "28000","Mississippi",5,SAACArtsComp,215,"...","  Other support services","Thousands of dollars",132,85,104,130,132,116,126,112,119,115,110,125,114,159,195,114,152
 "28000","Mississippi",5,SAACArtsComp,221,"...","  Publishing","Thousands of dollars",58086,55370,59169,59213,60068,62289,66834,62792,56173,52105,51055,51552,51074,60118,51852,49131,47960
 "28000","Mississippi",5,SAACArtsComp,222,"...","  Motion pictures","Thousands of dollars",10246,10930,11563,12914,12887,12680,13838,12820,14685,14049,11814,12906,15406,25865,19576,19919,17262
 "28000","Mississippi",5,SAACArtsComp,223,"...","  Sound recording","Thousands of dollars",2771,2355,2317,2826,2608,2781,2453,4047,1827,1993,1787,2046,1752,2034,2378,2990,4143
 "28000","Mississippi",5,SAACArtsComp,224,"...","  Broadcasting","Thousands of dollars",84418,90029,92372,103173,117997,117424,120902,131034,137087,146497,158499,175812,187512,193874,184994,184752,209595
 "28000","Mississippi",5,SAACArtsComp,225,"...","  Other information services","Thousands of dollars",1336,1086,1273,1590,1840,2300,1249,1276,1454,1663,2234,2172,2840,2768,2901,2741,3184
 "28000","Mississippi",5,SAACArtsComp,231,"...","  Jewelry and silverware manufacturing","Thousands of dollars",664,(D),(D),454,431,380,638,640,410,336,237,338,316,323,411,456,564
 "28000","Mississippi",5,SAACArtsComp,232,"...","  Printed goods manufacturing","Thousands of dollars",23056,19072,17196,(D),18612,19101,22365,19500,15734,12802,12277,11421,11285,11077,11422,10876,8416
 "28000","Mississippi",5,SAACArtsComp,233,"...","  Musical instruments manufacturing","Thousands of dollars",2768,(D),524,458,(D),(D),(D),(D),(D),(D),(D),(D),(D),(D),(D),(D),(D)
 "28000","Mississippi",5,SAACArtsComp,234,"...","  Custom architectural woodwork and metalwork manufacturing","Thousands of dollars",5634,7296,(D),(D),(D),(D),(D),(D),(D),(D),(D),(D),(D),(D),9142,(D),9355
 "28000","Mississippi",5,SAACArtsComp,236,"...","  Other goods manufacturing","Thousands of dollars",12027,11349,8369,7119,5851,(D),(D),7442,5727,5770,4786,3957,3925,4326,4223,4161,4346
 "28000","Mississippi",5,SAACArtsComp,240,"...","  Construction","Thousands of dollars",63357,50115,46183,40617,34516,43359,59443,50535,52324,73897,57840,49100,55848,73152,76539,62914,64125
 "28000","Mississippi",5,SAACArtsComp,250,"...","  Wholesale and transportation industries","Thousands of dollars",36519,37183,37727,37423,39836,40493,41750,40492,38683,45056,50694,49716,49654,(D),(D),(D),(D)
 "28000","Mississippi",5,SAACArtsComp,260,"...","  Retail industries","Thousands of dollars",51595,50999,50808,52584,50499,60442,60601,60782,57643,57518,62748,60630,58949,58269,56702,57742,58222
 "28000","Mississippi",5,SAACArtsComp,300,"..."," All other industries 2/","Thousands of dollars",60029,61922,60972,62392,63914,64815,67671,67277,64424,59326,58388,55959,54635,57682,59590,61601,61905
"Note: See the included footnote file."
"SAACArtsComp: ACPSA compensation by ACPSA industry 1/"
"Last updated: March 17, 2020-- new statistics for 2017; revised statistics for 2001-2016. "
"Source: U.S. Department of Commerce / Bureau of Economic Analysis / Regional Economic Accounts"
