GeoFIPS,GeoName,Region,TableName,LineCode,IndustryClassification,Description,Unit,2001,2002,2003,2004,2005,2006,2007,2008,2009,2010,2011,2012,2013,2014,2015,2016,2017
 "33000","New Hampshire",1,SAACArtsEmp,1,"...","Total employment","Number of jobs",640657,635883,637305,643788,648879,655750,658831,656967,633060,629907,633733,640426,647086,655526,666387,676292,682081
 "33000","New Hampshire",1,SAACArtsEmp,10,"...","Total ACPSA employment","Number of jobs",27241,27039,25651,25149,24427,24103,23195,22762,21629,21358,21155,21424,21535,21401,21962,22471,22597
 "33000","New Hampshire",1,SAACArtsEmp,100,"..."," Core arts and cultural production","Number of jobs",4521,4548,4397,4449,4517,4580,4558,4414,4188,4153,4188,4278,4391,4365,4653,4920,5055
 "33000","New Hampshire",1,SAACArtsEmp,111,"...","  Performing arts companies","Number of jobs",359,353,(D),412,415,469,434,(D),(D),439,(D),(D),(D),(D),(D),(D),(D)
 "33000","New Hampshire",1,SAACArtsEmp,112,"...","  Promoters of performing arts and similar events","Number of jobs",101,126,164,211,220,239,228,152,174,160,139,157,195,200,291,320,342
 "33000","New Hampshire",1,SAACArtsEmp,113,"...","  Agents/managers for artists","Number of jobs",48,12,9,8,10,8,8,9,8,9,9,10,8,9,11,14,15
 "33000","New Hampshire",1,SAACArtsEmp,114,"...","  Independent artists, writers, and performers","Number of jobs",68,60,54,49,58,56,74,84,107,106,98,110,118,111,105,98,125
 "33000","New Hampshire",1,SAACArtsEmp,120,"...","  Museums","Number of jobs",500,511,542,(D),516,499,510,524,506,519,524,530,561,541,522,523,526
 "33000","New Hampshire",1,SAACArtsEmp,131,"...","  Advertising","Number of jobs",459,415,384,(D),(D),387,413,422,400,(D),445,497,533,568,575,565,565
 "33000","New Hampshire",1,SAACArtsEmp,132,"...","  Architectural services","Number of jobs",344,341,333,332,345,365,347,350,295,270,264,255,263,278,298,306,318
 "33000","New Hampshire",1,SAACArtsEmp,133,"...","  Landscape architectural services","Number of jobs",72,81,103,176,194,197,210,122,128,101,101,107,111,116,126,129,123
 "33000","New Hampshire",1,SAACArtsEmp,134,"...","  Interior design services","Number of jobs",48,65,58,49,51,50,49,50,35,31,33,36,38,45,52,54,59
 "33000","New Hampshire",1,SAACArtsEmp,135,"...","  Industrial design services","Number of jobs",99,97,83,69,79,74,77,65,61,73,69,75,68,67,68,77,81
 "33000","New Hampshire",1,SAACArtsEmp,136,"...","  Graphic design services","Number of jobs",384,322,299,297,313,275,286,271,239,247,248,256,270,209,260,275,262
 "33000","New Hampshire",1,SAACArtsEmp,137,"...","  Computer systems design","Number of jobs",84,63,58,65,(D),(D),(D),(D),(D),(D),(D),(D),78,83,87,91,95
 "33000","New Hampshire",1,SAACArtsEmp,138,"...","  Photography and photofinishing services","Number of jobs",560,542,470,451,(D),(D),(D),406,342,(D),329,351,(D),(D),(D),(D),(D)
 "33000","New Hampshire",1,SAACArtsEmp,139,"...","  All other design services","Number of jobs",15,15,17,16,13,12,10,12,12,7,7,9,7,9,38,40,41
 "33000","New Hampshire",1,SAACArtsEmp,140,"...","  Fine arts education","Number of jobs",528,545,(D),632,682,716,747,745,728,718,702,657,707,770,811,811,853
 "33000","New Hampshire",1,SAACArtsEmp,150,"...","  Education services","Number of jobs",852,1000,845,781,733,713,642,658,626,658,646,649,625,641,727,908,934
 "33000","New Hampshire",1,SAACArtsEmp,200,"..."," Supporting arts and cultural production","Number of jobs",21668,21447,20262,19725,18942,18571,17672,17413,16554,16400,16184,16417,16437,16304,16561,16783,16784
 "33000","New Hampshire",1,SAACArtsEmp,211,"...","  Rental and leasing","Number of jobs",509,(D),(D),(D),(D),393,334,268,226,161,(D),83,87,76,58,62,60
 "33000","New Hampshire",1,SAACArtsEmp,212,"...","  Grantmaking and giving services","Number of jobs",19,19,19,16,15,17,18,17,19,18,18,22,20,21,22,23,21
 "33000","New Hampshire",1,SAACArtsEmp,213,"...","  Unions","Number of jobs",35,34,37,38,37,39,36,38,45,41,50,48,60,59,65,59,67
 "33000","New Hampshire",1,SAACArtsEmp,214,"...","  Government","Number of jobs",8552,8941,8167,7443,6699,6153,5410,5385,5046,5214,5223,5207,5121,5051,5044,5127,5010
 "33000","New Hampshire",1,SAACArtsEmp,215,"...","  Other support services","Number of jobs",12,7,(D),(D),(D),(D),(D),9,7,6,5,5,6,8,8,(D),(D)
 "33000","New Hampshire",1,SAACArtsEmp,221,"...","  Publishing","Number of jobs",3342,3007,2925,2704,2675,2575,2558,2590,2359,2166,2126,2151,2102,2102,2145,2097,2074
 "33000","New Hampshire",1,SAACArtsEmp,222,"...","  Motion pictures","Number of jobs",669,706,722,805,786,757,855,789,787,579,582,677,705,732,779,787,968
 "33000","New Hampshire",1,SAACArtsEmp,223,"...","  Sound recording","Number of jobs",10,13,4,7,16,20,19,15,11,15,22,32,30,34,30,35,47
 "33000","New Hampshire",1,SAACArtsEmp,224,"...","  Broadcasting","Number of jobs",886,882,(D),(D),(D),(D),(D),(D),(D),(D),(D),(D),1970,1967,2097,2119,1928
 "33000","New Hampshire",1,SAACArtsEmp,225,"...","  Other information services","Number of jobs",(D),(D),(D),(D),(D),(D),(D),355,361,293,294,300,316,332,354,326,321
 "33000","New Hampshire",1,SAACArtsEmp,231,"...","  Jewelry and silverware manufacturing","Number of jobs",148,144,130,129,139,133,130,119,72,59,65,108,79,63,66,36,40
 "33000","New Hampshire",1,SAACArtsEmp,232,"...","  Printed goods manufacturing","Number of jobs",638,533,491,556,573,(D),626,604,537,441,428,429,433,437,417,405,400
 "33000","New Hampshire",1,SAACArtsEmp,233,"...","  Musical instruments manufacturing","Number of jobs",(D),(D),30,(D),(D),(D),(D),(D),(D),11,13,14,13,12,17,21,22
 "33000","New Hampshire",1,SAACArtsEmp,234,"...","  Custom architectural woodwork and metalwork manufacturing","Number of jobs",137,191,177,162,(D),150,(D),219,(D),171,(D),194,(D),(D),(D),(D),(D)
 "33000","New Hampshire",1,SAACArtsEmp,236,"...","  Other goods manufacturing","Number of jobs",259,279,284,278,276,282,324,288,222,216,184,197,193,216,225,234,262
 "33000","New Hampshire",1,SAACArtsEmp,240,"...","  Construction","Number of jobs",467,536,373,259,305,403,275,187,268,344,141,231,276,226,271,(D),445
 "33000","New Hampshire",1,SAACArtsEmp,250,"...","  Wholesale and transportation industries","Number of jobs",(D),(D),(D),(D),673,677,593,(D),(D),(D),692,(D),(D),(D),(D),(D),(D)
 "33000","New Hampshire",1,SAACArtsEmp,260,"...","  Retail industries","Number of jobs",5184,4867,4720,4890,4671,4696,4635,4529,4280,4250,4182,4074,4045,3977,3961,4013,3995
 "33000","New Hampshire",1,SAACArtsEmp,300,"..."," All other industries 2/","Number of jobs",1051,1044,992,975,968,952,965,934,887,805,783,729,707,732,748,767,758
"Note: See the included footnote file."
"SAACArtsEmp: ACPSA full-time and part-time employment by ACPSA industry 1/"
"Last updated: March 17, 2020-- new statistics for 2017; revised statistics for 2001-2016. "
"Source: U.S. Department of Commerce / Bureau of Economic Analysis / Regional Economic Accounts"
