GeoFIPS,GeoName,Region,TableName,LineCode,IndustryClassification,Description,Unit,2001,2002,2003,2004,2005,2006,2007,2008,2009,2010,2011,2012,2013,2014,2015,2016,2017
 "45000","South Carolina",5,SAACArtsComp,1,"...","Total compensation","Thousands of dollars",69042675,70762709,73898414,77646533,81744502,86988127,91834324,94383966,90449120,91552904,95568363,98406039,102052584,107255407,113320288,117223995,123823948
 "45000","South Carolina",5,SAACArtsComp,10,"...","Total ACPSA compensation","Thousands of dollars",2055070,2111305,2119351,2119037,2125500,2242159,2307666,2351942,2259031,2267469,2371394,2413210,2508441,2586279,2731275,2819360,3004036
 "45000","South Carolina",5,SAACArtsComp,100,"..."," Core arts and cultural production","Thousands of dollars",259989,269175,283530,296111,316539,349263,381614,385491,342317,329669,347071,386881,379151,418282,(D),(D),(D)
 "45000","South Carolina",5,SAACArtsComp,111,"...","  Performing arts companies","Thousands of dollars",30950,26172,27115,36243,32463,33223,32678,34651,32708,35172,38408,36601,33373,33459,33189,35994,34584
 "45000","South Carolina",5,SAACArtsComp,112,"...","  Promoters of performing arts and similar events","Thousands of dollars",7139,15759,17171,14493,14266,15650,16079,17742,17906,17240,19510,25506,25985,28194,26360,30695,31609
 "45000","South Carolina",5,SAACArtsComp,113,"...","  Agents/managers for artists","Thousands of dollars",745,711,1167,1625,1663,1537,2622,2520,1954,2207,2683,3073,2971,3126,5320,5598,6456
 "45000","South Carolina",5,SAACArtsComp,114,"...","  Independent artists, writers, and performers","Thousands of dollars",5716,6739,6470,5866,7803,11107,11602,11556,14027,14089,10428,12571,16344,17495,23226,31459,29293
 "45000","South Carolina",5,SAACArtsComp,120,"...","  Museums","Thousands of dollars",11379,15531,12496,14264,15572,17771,21001,22207,24142,22507,24137,31811,32121,34369,31050,34332,35525
 "45000","South Carolina",5,SAACArtsComp,131,"...","  Advertising","Thousands of dollars",28354,28594,29846,31369,33641,38061,42476,44528,39412,41239,46121,51782,56193,71891,61941,66148,70130
 "45000","South Carolina",5,SAACArtsComp,132,"...","  Architectural services","Thousands of dollars",81510,75816,84092,81267,93382,104793,126457,124462,93928,88542,96041,104834,100819,105897,114885,124673,125187
 "45000","South Carolina",5,SAACArtsComp,133,"...","  Landscape architectural services","Thousands of dollars",23276,23678,22491,28059,28404,31927,23841,22731,18682,16071,15115,17177,21215,22260,24117,24433,23192
 "45000","South Carolina",5,SAACArtsComp,134,"...","  Interior design services","Thousands of dollars",7932,8290,9613,11467,13051,15797,19127,18450,14653,12356,11702,14686,10831,12073,14481,16331,16719
 "45000","South Carolina",5,SAACArtsComp,135,"...","  Industrial design services","Thousands of dollars",7977,6508,6258,5613,4822,5822,10761,7002,5149,4496,4570,3758,1508,1450,1490,1400,1168
 "45000","South Carolina",5,SAACArtsComp,136,"...","  Graphic design services","Thousands of dollars",6999,8390,10040,9201,10530,12446,11464,14654,12646,12385,12354,14183,10750,11232,12224,14178,16059
 "45000","South Carolina",5,SAACArtsComp,137,"...","  Computer systems design","Thousands of dollars",4542,4213,4300,4107,5148,4852,5971,6304,6576,7326,9929,10440,11240,13422,16127,18662,21413
 "45000","South Carolina",5,SAACArtsComp,138,"...","  Photography and photofinishing services","Thousands of dollars",23107,23629,24266,22979,23278,24281,24088,24085,21901,19382,16800,20750,15797,16713,(D),(D),(D)
 "45000","South Carolina",5,SAACArtsComp,139,"...","  All other design services","Thousands of dollars",1226,1261,1548,1094,1226,1010,1283,1485,1572,985,1211,2229,1450,2253,2568,4187,4568
 "45000","South Carolina",5,SAACArtsComp,140,"...","  Fine arts education","Thousands of dollars",5503,4790,6010,7104,7741,8320,7883,8716,9809,10349,10316,9294,10204,13174,14172,15513,16317
 "45000","South Carolina",5,SAACArtsComp,150,"...","  Education services","Thousands of dollars",13635,19093,20648,21359,23550,22666,24281,24396,27251,25325,27746,28186,28351,31274,30992,32044,30002
 "45000","South Carolina",5,SAACArtsComp,200,"..."," Supporting arts and cultural production","Thousands of dollars",1686262,1730367,1725400,1710350,1692483,1773809,1800141,1841187,1798189,1826936,1912292,1920301,2023770,2054240,2180722,2221163,2393587
 "45000","South Carolina",5,SAACArtsComp,211,"...","  Rental and leasing","Thousands of dollars",14762,16545,14451,14368,13737,14599,12296,10725,10159,8326,7488,6517,6299,6640,7005,6943,6553
 "45000","South Carolina",5,SAACArtsComp,212,"...","  Grantmaking and giving services","Thousands of dollars",1075,1303,1545,1416,1550,1955,2787,2729,2865,2618,3110,2431,2958,3149,3837,3915,3873
 "45000","South Carolina",5,SAACArtsComp,213,"...","  Unions","Thousands of dollars",2041,1768,2033,2270,2281,2765,2545,2819,3065,2704,2902,2939,3363,3457,3737,3701,4635
 "45000","South Carolina",5,SAACArtsComp,214,"...","  Government","Thousands of dollars",891872,916732,884477,850029,821062,796303,760749,798238,825580,842496,875019,860001,889513,921862,957252,980696,1025242
 "45000","South Carolina",5,SAACArtsComp,215,"...","  Other support services","Thousands of dollars",1312,844,750,2400,2328,2935,3214,3032,1677,2062,1869,2082,2168,2412,3670,3655,4448
 "45000","South Carolina",5,SAACArtsComp,221,"...","  Publishing","Thousands of dollars",126217,125731,147215,150110,165654,176357,183030,183672,171975,162899,171510,202542,226548,221926,229775,228075,235173
 "45000","South Carolina",5,SAACArtsComp,222,"...","  Motion pictures","Thousands of dollars",26676,39139,36453,30152,32157,36106,38408,39365,38096,37643,38370,36768,38544,39960,66023,49877,65628
 "45000","South Carolina",5,SAACArtsComp,223,"...","  Sound recording","Thousands of dollars",5410,4424,1662,(D),(D),(D),4479,5986,4749,4733,(D),5475,6363,(D),(D),(D),(D)
 "45000","South Carolina",5,SAACArtsComp,224,"...","  Broadcasting","Thousands of dollars",157957,173241,192428,205984,214956,234333,288868,307086,312666,325708,328115,328991,344957,372340,394062,400048,459075
 "45000","South Carolina",5,SAACArtsComp,225,"...","  Other information services","Thousands of dollars",6066,4817,3956,4227,5962,8080,6152,9726,10031,10497,12795,14590,17150,20952,25608,29966,33865
 "45000","South Carolina",5,SAACArtsComp,231,"...","  Jewelry and silverware manufacturing","Thousands of dollars",1008,1316,(D),1914,2695,3954,4478,(D),(D),(D),702,(D),(D),1044,906,1011,1177
 "45000","South Carolina",5,SAACArtsComp,232,"...","  Printed goods manufacturing","Thousands of dollars",55256,48211,47350,37327,37311,38440,45546,44876,37894,36817,36346,36537,42022,44120,43682,43708,44488
 "45000","South Carolina",5,SAACArtsComp,233,"...","  Musical instruments manufacturing","Thousands of dollars",1059,903,(D),(D),(D),(D),545,(D),(D),(D),(D),(D),(D),(D),(D),(D),(D)
 "45000","South Carolina",5,SAACArtsComp,234,"...","  Custom architectural woodwork and metalwork manufacturing","Thousands of dollars",8073,11903,10182,9425,7998,8837,11801,12606,9801,7385,7531,7664,8218,7890,9077,9161,9822
 "45000","South Carolina",5,SAACArtsComp,236,"...","  Other goods manufacturing","Thousands of dollars",46797,42868,38306,40089,40568,46757,56835,53141,40651,44914,57136,49821,48548,39577,41218,39852,44461
 "45000","South Carolina",5,SAACArtsComp,240,"...","  Construction","Thousands of dollars",109837,93923,109239,105726,98978,124459,76102,55560,77978,103539,85906,88575,101779,76824,83655,111255,92277
 "45000","South Carolina",5,SAACArtsComp,250,"...","  Wholesale and transportation industries","Thousands of dollars",92662,107495,95041,111203,106794,127979,152668,158201,123433,116501,125475,128807,132165,135479,147112,137493,152172
 "45000","South Carolina",5,SAACArtsComp,260,"...","  Retail industries","Thousands of dollars",138181,139205,138349,142237,136899,148435,149637,148520,125208,116551,153197,145426,152086,152207,161094,168612,179086
 "45000","South Carolina",5,SAACArtsComp,300,"..."," All other industries 2/","Thousands of dollars",108819,111763,110422,112576,116478,119088,125911,125263,118525,110865,112030,106028,105521,113756,(D),(D),(D)
"Note: See the included footnote file."
"SAACArtsComp: ACPSA compensation by ACPSA industry 1/"
"Last updated: March 17, 2020-- new statistics for 2017; revised statistics for 2001-2016. "
"Source: U.S. Department of Commerce / Bureau of Economic Analysis / Regional Economic Accounts"
