GeoFIPS,GeoName,Region,TableName,LineCode,IndustryClassification,Description,Unit,2001,2002,2003,2004,2005,2006,2007,2008,2009,2010,2011,2012,2013,2014,2015,2016,2017
 "50000","Vermont",1,SAACEmpLQ,10,"...","Total","Location quotient",0.997,1.005,1.030,1.030,1.052,1.052,1.053,1.079,1.058,1.045,1.016,0.989,0.991,0.993,0.993,0.995,0.980
 "50000","Vermont",1,SAACEmpLQ,100,"..."," Core arts and cultural production","Location quotient",1.146,1.179,1.204,1.186,1.220,1.223,1.213,1.144,1.164,1.201,1.230,1.191,1.202,1.199,1.199,1.258,1.267
 "50000","Vermont",1,SAACEmpLQ,111,"...","  Performing arts companies","Location quotient",0.417,0.420,0.452,0.574,0.710,0.772,0.717,0.673,(D),(D),(D),0.755,0.778,(D),0.932,1.119,1.134
 "50000","Vermont",1,SAACEmpLQ,112,"...","  Promoters of performing arts and similar events","Location quotient",1.054,1.109,1.134,1.257,1.342,1.250,1.173,1.141,1.068,0.979,0.904,1.117,1.048,1.079,1.067,1.093,1.097
 "50000","Vermont",1,SAACEmpLQ,113,"...","  Agents/managers for artists","Location quotient",1.955,(D),1.479,(D),1.684,1.488,1.549,(D),0.223,(D),(D),0.196,0.271,0.326,0.396,0.253,0.282
 "50000","Vermont",1,SAACEmpLQ,114,"...","  Independent artists, writers, and performers","Location quotient",1.386,1.268,0.886,1.065,1.372,1.285,1.330,1.475,1.281,1.284,1.411,1.371,1.299,1.308,0.873,0.975,1.238
 "50000","Vermont",1,SAACEmpLQ,120,"...","  Museums","Location quotient",1.396,1.411,1.512,1.536,1.512,1.558,1.556,1.543,1.550,1.575,1.580,1.520,1.498,1.516,1.459,1.462,1.494
 "50000","Vermont",1,SAACEmpLQ,131,"...","  Advertising","Location quotient",1.001,0.943,0.953,0.905,0.910,0.928,0.844,0.719,0.708,0.672,0.620,0.609,0.622,0.593,(D),(D),0.525
 "50000","Vermont",1,SAACEmpLQ,132,"...","  Architectural services","Location quotient",0.999,1.037,1.095,1.047,0.999,0.959,0.945,0.967,0.983,1.015,1.044,1.072,1.069,1.032,0.993,0.970,0.932
 "50000","Vermont",1,SAACEmpLQ,133,"...","  Landscape architectural services","Location quotient",1.619,1.867,1.680,1.340,1.288,1.228,1.137,0.921,1.004,1.123,1.134,1.254,1.390,1.193,1.096,1.035,1.151
 "50000","Vermont",1,SAACEmpLQ,134,"...","  Interior design services","Location quotient",0.330,0.385,(D),(D),0.140,0.232,0.313,0.321,0.409,0.448,0.473,0.521,0.454,0.362,0.387,0.360,0.355
 "50000","Vermont",1,SAACEmpLQ,135,"...","  Industrial design services","Location quotient",2.665,3.162,2.995,(D),2.418,2.444,2.433,2.297,1.981,2.392,2.478,2.580,1.978,2.098,1.665,1.805,1.620
 "50000","Vermont",1,SAACEmpLQ,136,"...","  Graphic design services","Location quotient",1.646,1.512,1.449,1.460,1.589,1.600,1.648,1.546,1.793,2.050,2.195,2.338,2.346,1.837,1.900,1.634,1.583
 "50000","Vermont",1,SAACEmpLQ,137,"...","  Computer systems design","Location quotient",(D),(D),(D),(D),1.068,1.049,1.022,1.095,1.165,1.171,1.119,1.116,1.138,1.170,1.195,1.208,1.305
 "50000","Vermont",1,SAACEmpLQ,138,"...","  Photography and photofinishing services","Location quotient",0.642,0.637,0.675,0.655,(D),0.568,0.606,(D),(D),0.451,0.416,0.408,0.373,(D),(D),(D),0.380
 "50000","Vermont",1,SAACEmpLQ,139,"...","  All other design services","Location quotient",0.682,3.217,(D),2.511,0.326,0.602,1.155,1.070,1.005,0.985,0.480,0.390,0.425,0.210,0.244,0.244,0.197
 "50000","Vermont",1,SAACEmpLQ,140,"...","  Fine arts education","Location quotient",(D),(D),(D),(D),(D),1.538,1.557,1.707,1.941,1.998,2.045,1.682,1.570,1.683,1.831,2.116,2.125
 "50000","Vermont",1,SAACEmpLQ,150,"...","  Education services","Location quotient",2.932,3.083,3.311,2.955,2.969,2.893,2.846,2.096,1.918,1.976,2.220,2.132,2.472,2.768,2.848,3.181,2.991
 "50000","Vermont",1,SAACEmpLQ,200,"..."," Supporting arts and cultural production","Location quotient",0.961,0.963,0.987,0.992,1.010,1.007,1.010,1.065,1.032,1.004,0.956,0.929,0.927,0.928,0.928,0.911,0.885
 "50000","Vermont",1,SAACEmpLQ,211,"...","  Rental and leasing","Location quotient",1.001,1.028,1.020,(D),(D),(D),1.088,(D),(D),0.821,(D),(D),(D),(D),(D),(D),(D)
 "50000","Vermont",1,SAACEmpLQ,212,"...","  Grantmaking and giving services","Location quotient",(D),0.627,0.655,0.607,0.546,0.498,0.406,0.512,0.511,0.587,0.689,(D),(D),(D),1.122,(D),(D)
 "50000","Vermont",1,SAACEmpLQ,213,"...","  Unions","Location quotient",0.584,0.579,0.553,0.512,0.598,0.619,0.654,0.645,0.633,0.642,0.669,0.641,0.662,0.711,0.725,0.737,0.763
 "50000","Vermont",1,SAACEmpLQ,214,"...","  Government","Location quotient",(D),(D),0.795,(D),(D),0.806,0.806,0.956,0.920,0.804,0.842,0.857,0.893,0.884,0.896,0.926,0.914
 "50000","Vermont",1,SAACEmpLQ,215,"...","  Other support services","Location quotient",0.310,(D),(D),(D),0.328,(D),(D),(D),(D),0.273,0.292,(D),0.317,0.464,0.313,0.287,(D)
 "50000","Vermont",1,SAACEmpLQ,221,"...","  Publishing","Location quotient",1.202,1.267,1.274,1.183,1.175,1.139,1.116,1.077,1.073,1.073,(D),(D),1.079,1.173,(D),(D),(D)
 "50000","Vermont",1,SAACEmpLQ,222,"...","  Motion pictures","Location quotient",0.543,0.535,0.515,0.471,0.475,0.495,0.478,0.482,0.506,0.525,0.510,0.475,0.379,(D),0.360,0.358,0.398
 "50000","Vermont",1,SAACEmpLQ,223,"...","  Sound recording","Location quotient",0.179,0.208,0.228,0.224,0.184,0.231,0.328,0.380,0.232,0.131,0.155,0.236,0.281,0.279,0.526,0.322,0.214
 "50000","Vermont",1,SAACEmpLQ,224,"...","  Broadcasting","Location quotient",0.833,0.867,0.893,0.856,0.860,0.860,(D),0.867,(D),(D),(D),(D),(D),(D),(D),(D),(D)
 "50000","Vermont",1,SAACEmpLQ,225,"...","  Other information services","Location quotient",1.304,(D),1.697,2.900,2.897,(D),(D),(D),(D),(D),(D),(D),(D),(D),(D),(D),(D)
 "50000","Vermont",1,SAACEmpLQ,231,"...","  Jewelry and silverware manufacturing","Location quotient",1.271,1.423,1.581,1.460,1.478,1.718,1.853,2.084,2.013,1.883,1.916,1.984,2.130,2.363,2.628,2.848,2.781
 "50000","Vermont",1,SAACEmpLQ,232,"...","  Printed goods manufacturing","Location quotient",0.831,0.832,0.856,0.873,0.887,0.752,0.778,0.765,0.846,0.867,0.949,1.001,1.020,1.002,1.035,1.064,1.117
 "50000","Vermont",1,SAACEmpLQ,233,"...","  Musical instruments manufacturing","Location quotient",0.853,1.028,1.174,1.222,1.200,1.172,1.144,1.474,1.247,1.141,1.048,1.066,1.167,1.391,1.379,1.148,1.066
 "50000","Vermont",1,SAACEmpLQ,234,"...","  Custom architectural woodwork and metalwork manufacturing","Location quotient",6.304,5.930,(D),(D),(D),(D),5.806,(D),(D),(D),(D),(D),(D),(D),4.285,4.218,(D)
 "50000","Vermont",1,SAACEmpLQ,236,"...","  Other goods manufacturing","Location quotient",0.859,0.890,0.985,1.047,1.025,0.976,1.068,1.019,0.976,1.154,1.359,1.401,1.353,1.508,1.547,1.543,1.556
 "50000","Vermont",1,SAACEmpLQ,240,"...","  Construction","Location quotient",1.216,0.963,0.943,0.849,0.897,0.425,0.613,0.817,0.804,1.050,1.114,1.137,(D),1.299,1.858,(D),0.729
 "50000","Vermont",1,SAACEmpLQ,250,"...","  Wholesale and transportation industries","Location quotient",(D),(D),0.594,(D),0.598,0.644,0.597,(D),(D),0.946,0.891,0.839,0.707,0.666,0.637,(D),(D)
 "50000","Vermont",1,SAACEmpLQ,260,"...","  Retail industries","Location quotient",1.414,1.369,1.467,1.436,1.455,1.499,1.568,1.537,1.432,1.495,1.157,1.039,1.055,1.004,0.925,0.982,0.972
 "50000","Vermont",1,SAACEmpLQ,300,"..."," All other industries 2/","Location quotient",0.967,0.963,0.960,0.958,0.956,0.956,0.959,0.964,0.963,0.963,0.959,0.958,0.958,0.952,0.953,0.951,0.952
"Note: See the included footnote file."
"SAACEmpLQ: Arts Employment Location Quotient 1/"
"Last updated: March 17, 2020-- new statistics for 2017; revised statistics for 2001-2016. "
"Source: U.S. Department of Commerce / Bureau of Economic Analysis / Regional Economic Accounts"
