GeoFIPS,GeoName,Region,TableName,LineCode,IndustryClassification,Description,Unit,2001,2002,2003,2004,2005,2006,2007,2008,2009,2010,2011,2012,2013,2014,2015,2016,2017
 "45000","South Carolina",5,SAACCompLQ,10,"...","Total","Location quotient",0.664,0.676,0.667,0.657,0.652,0.661,0.645,0.643,0.651,0.649,0.653,0.648,0.643,0.628,0.624,0.620,0.624
 "45000","South Carolina",5,SAACCompLQ,100,"..."," Core arts and cultural production","Location quotient",0.483,0.496,0.497,0.503,0.516,0.518,0.528,0.517,0.503,0.503,0.509,0.522,0.506,0.520,(D),(D),(D)
 "45000","South Carolina",5,SAACCompLQ,111,"...","  Performing arts companies","Location quotient",0.559,0.576,0.577,0.617,0.556,0.571,0.585,0.576,0.573,0.595,0.605,0.600,0.570,0.559,0.526,0.519,0.488
 "45000","South Carolina",5,SAACCompLQ,112,"...","  Promoters of performing arts and similar events","Location quotient",0.402,0.525,0.571,0.555,0.517,0.477,0.472,0.480,0.464,0.497,0.564,0.651,0.615,0.611,0.547,0.563,0.547
 "45000","South Carolina",5,SAACCompLQ,113,"...","  Agents/managers for artists","Location quotient",0.066,0.064,0.099,0.129,0.134,0.113,0.182,0.158,0.129,0.146,0.156,0.175,0.157,0.153,0.230,0.220,0.239
 "45000","South Carolina",5,SAACCompLQ,114,"...","  Independent artists, writers, and performers","Location quotient",0.078,0.089,0.073,0.065,0.090,0.112,0.110,0.105,0.134,0.132,0.097,0.118,0.143,0.145,0.163,0.218,0.188
 "45000","South Carolina",5,SAACCompLQ,120,"...","  Museums","Location quotient",0.574,0.546,0.502,0.557,0.542,0.544,0.566,0.562,0.590,0.608,0.628,0.626,0.627,0.641,0.646,0.649,0.649
 "45000","South Carolina",5,SAACCompLQ,131,"...","  Advertising","Location quotient",0.340,0.369,0.366,0.364,0.361,0.376,0.388,0.401,0.406,0.435,0.456,0.468,0.485,0.582,0.476,0.482,0.483
 "45000","South Carolina",5,SAACCompLQ,132,"...","  Architectural services","Location quotient",0.772,0.756,0.782,0.760,0.796,0.783,0.824,0.816,0.753,0.795,0.813,0.862,0.778,0.746,0.744,0.759,0.704
 "45000","South Carolina",5,SAACCompLQ,133,"...","  Landscape architectural services","Location quotient",1.367,1.351,1.238,1.524,1.439,1.412,1.007,0.979,0.977,0.920,0.888,0.969,1.109,1.092,1.138,1.119,1.029
 "45000","South Carolina",5,SAACCompLQ,134,"...","  Interior design services","Location quotient",0.616,0.656,0.674,0.752,0.779,0.793,0.845,0.859,0.949,0.925,0.853,0.774,0.714,0.715,0.754,0.816,0.799
 "45000","South Carolina",5,SAACCompLQ,135,"...","  Industrial design services","Location quotient",1.066,0.934,0.877,0.731,0.617,0.689,1.201,0.834,0.723,0.653,0.563,0.348,0.166,0.150,0.139,0.129,0.110
 "45000","South Carolina",5,SAACCompLQ,136,"...","  Graphic design services","Location quotient",0.225,0.290,0.337,0.307,0.336,0.359,0.320,0.399,0.421,0.412,0.392,0.333,0.316,0.310,0.305,0.327,0.354
 "45000","South Carolina",5,SAACCompLQ,137,"...","  Computer systems design","Location quotient",0.382,0.414,0.401,0.350,0.386,0.320,0.342,0.336,0.365,0.372,0.452,0.422,0.433,0.467,0.504,0.540,0.552
 "45000","South Carolina",5,SAACCompLQ,138,"...","  Photography and photofinishing services","Location quotient",0.457,0.447,0.492,0.526,0.570,0.603,0.618,0.613,0.585,0.569,0.537,0.562,0.484,0.479,(D),(D),(D)
 "45000","South Carolina",5,SAACCompLQ,139,"...","  All other design services","Location quotient",0.396,0.435,0.432,0.241,0.260,0.207,0.228,0.277,0.323,0.198,0.199,0.273,0.200,0.276,0.295,0.437,0.527
 "45000","South Carolina",5,SAACCompLQ,140,"...","  Fine arts education","Location quotient",0.452,0.440,0.443,0.444,0.447,0.455,0.429,0.402,0.409,0.424,0.433,0.430,0.465,0.545,0.562,0.583,0.580
 "45000","South Carolina",5,SAACCompLQ,150,"...","  Education services","Location quotient",0.527,0.616,0.628,0.608,0.641,0.576,0.585,0.557,0.598,0.563,0.574,0.546,0.521,0.535,0.494,0.486,0.447
 "45000","South Carolina",5,SAACCompLQ,200,"..."," Supporting arts and cultural production","Location quotient",0.689,0.702,0.692,0.678,0.671,0.684,0.662,0.662,0.674,0.670,0.675,0.669,0.665,0.642,0.644,0.634,0.646
 "45000","South Carolina",5,SAACCompLQ,211,"...","  Rental and leasing","Location quotient",0.783,0.748,0.773,0.743,0.765,0.705,0.632,0.590,0.638,0.586,0.572,0.490,0.492,0.505,0.440,0.429,0.407
 "45000","South Carolina",5,SAACCompLQ,212,"...","  Grantmaking and giving services","Location quotient",0.387,0.402,0.396,0.385,0.369,0.376,0.436,0.458,0.447,0.471,0.467,0.469,0.489,0.490,0.518,0.535,0.484
 "45000","South Carolina",5,SAACCompLQ,213,"...","  Unions","Location quotient",0.246,0.252,0.252,0.250,0.261,0.268,0.272,0.264,0.261,0.244,0.244,0.259,0.269,0.277,0.282,0.274,0.307
 "45000","South Carolina",5,SAACCompLQ,214,"...","  Government","Location quotient",0.997,0.963,0.946,0.940,0.938,0.936,0.921,0.923,0.942,0.949,0.978,0.976,0.964,0.967,0.968,0.964,0.966
 "45000","South Carolina",5,SAACCompLQ,215,"...","  Other support services","Location quotient",0.680,0.544,0.422,1.142,1.071,1.151,1.072,1.099,0.792,1.042,1.023,1.090,1.216,1.269,1.757,1.693,1.687
 "45000","South Carolina",5,SAACCompLQ,221,"...","  Publishing","Location quotient",0.339,0.361,0.393,0.420,0.456,0.456,0.427,0.433,0.434,0.420,0.418,0.483,0.512,0.472,0.439,0.430,0.413
 "45000","South Carolina",5,SAACCompLQ,222,"...","  Motion pictures","Location quotient",0.115,0.172,0.153,0.117,0.125,0.135,0.137,0.137,0.135,0.128,0.125,0.117,0.124,0.119,0.185,0.134,0.174
 "45000","South Carolina",5,SAACCompLQ,223,"...","  Sound recording","Location quotient",0.258,0.269,0.098,(D),(D),(D),0.217,0.249,0.215,0.229,(D),0.236,0.290,(D),(D),(D),(D)
 "45000","South Carolina",5,SAACCompLQ,224,"...","  Broadcasting","Location quotient",0.577,0.607,0.636,0.642,0.659,0.700,0.760,0.785,0.781,0.793,0.761,0.712,0.716,0.743,0.794,0.789,0.900
 "45000","South Carolina",5,SAACCompLQ,225,"...","  Other information services","Location quotient",0.106,0.129,0.100,0.089,0.096,0.102,0.069,0.102,0.106,0.102,0.101,0.097,0.078,0.087,0.093,0.099,0.092
 "45000","South Carolina",5,SAACCompLQ,231,"...","  Jewelry and silverware manufacturing","Location quotient",0.049,0.077,(D),0.092,0.116,0.160,0.166,(D),(D),(D),0.065,(D),(D),0.061,0.057,0.064,0.061
 "45000","South Carolina",5,SAACCompLQ,232,"...","  Printed goods manufacturing","Location quotient",0.861,0.897,0.895,0.630,0.618,0.611,0.608,0.605,0.615,0.653,0.666,0.694,0.784,0.834,0.843,0.848,0.861
 "45000","South Carolina",5,SAACCompLQ,233,"...","  Musical instruments manufacturing","Location quotient",0.168,0.138,(D),(D),(D),(D),0.081,(D),(D),(D),(D),(D),(D),(D),(D),(D),(D)
 "45000","South Carolina",5,SAACCompLQ,234,"...","  Custom architectural woodwork and metalwork manufacturing","Location quotient",0.716,0.767,0.690,0.650,0.545,0.576,0.538,0.521,0.533,0.438,0.411,0.372,0.384,0.362,0.366,0.352,0.376
 "45000","South Carolina",5,SAACCompLQ,236,"...","  Other goods manufacturing","Location quotient",2.264,2.155,1.951,2.047,2.214,2.467,2.479,2.826,2.706,2.859,3.210,3.174,3.090,2.216,2.058,1.901,1.992
 "45000","South Carolina",5,SAACCompLQ,240,"...","  Construction","Location quotient",1.003,0.868,1.097,0.967,0.921,1.093,0.722,0.588,0.888,0.943,0.861,1.097,1.134,0.764,0.733,0.855,0.647
 "45000","South Carolina",5,SAACCompLQ,250,"...","  Wholesale and transportation industries","Location quotient",0.684,0.748,0.687,0.774,0.734,0.846,0.921,0.902,0.905,0.729,0.705,0.728,0.732,0.736,0.760,0.701,0.735
 "45000","South Carolina",5,SAACCompLQ,260,"...","  Retail industries","Location quotient",0.702,0.700,0.682,0.679,0.643,0.660,0.640,0.641,0.584,0.549,0.688,0.656,0.669,0.642,0.646,0.656,0.662
 "45000","South Carolina",5,SAACCompLQ,300,"..."," All other industries 2/","Location quotient",0.981,0.981,0.977,0.975,0.970,0.959,0.956,0.953,0.956,0.965,0.965,0.961,0.964,0.966,(D),(D),(D)
"Note: See the included footnote file."
"SAACCompLQ: Arts Compensation Location Quotient 1/"
"Last updated: March 17, 2020-- new statistics for 2017; revised statistics for 2001-2016. "
"Source: U.S. Department of Commerce / Bureau of Economic Analysis / Regional Economic Accounts"
