GeoFIPS,GeoName,Region,TableName,LineCode,IndustryClassification,Description,Unit,2001,2002,2003,2004,2005,2006,2007,2008,2009,2010,2011,2012,2013,2014,2015,2016,2017
 "35000","New Mexico",6,SAACArtsComp,1,"...","Total compensation","Thousands of dollars",28483441,29993899,31595656,33619648,35847330,38223836,40322186,42130986,41321063,42003903,42995234,44131038,44484843,45730951,46955991,47414944,47992816
 "35000","New Mexico",6,SAACArtsComp,10,"...","Total ACPSA compensation","Thousands of dollars",1098616,1157944,1173496,1211854,1230062,1268424,1321333,1407720,1315424,1282173,1245877,1300122,1254867,1273363,1336629,1408902,1466315
 "35000","New Mexico",6,SAACArtsComp,100,"..."," Core arts and cultural production","Thousands of dollars",134342,142576,152919,157530,152237,156380,181347,190031,(D),157660,149679,158045,153872,162067,167189,173179,175072
 "35000","New Mexico",6,SAACArtsComp,111,"...","  Performing arts companies","Thousands of dollars",20255,17229,18368,18616,17497,16176,15909,16262,15736,(D),15268,(D),13875,14010,14489,16366,16561
 "35000","New Mexico",6,SAACArtsComp,112,"...","  Promoters of performing arts and similar events","Thousands of dollars",2225,3566,3805,3450,3254,4375,6801,6785,7565,8232,7141,9185,8502,8948,9133,10020,10354
 "35000","New Mexico",6,SAACArtsComp,113,"...","  Agents/managers for artists","Thousands of dollars",176,271,316,175,182,145,(D),(D),100,296,(D),121,(D),250,370,307,329
 "35000","New Mexico",6,SAACArtsComp,114,"...","  Independent artists, writers, and performers","Thousands of dollars",17973,18347,17903,20072,19398,14065,(D),(D),15995,14739,13529,14105,15832,17436,20539,20781,20342
 "35000","New Mexico",6,SAACArtsComp,120,"...","  Museums","Thousands of dollars",4863,7779,7561,7893,(D),11381,13851,14102,14918,12796,12143,18990,18060,18521,16108,17177,(D)
 "35000","New Mexico",6,SAACArtsComp,131,"...","  Advertising","Thousands of dollars",6540,6823,7066,7738,(D),9550,10124,10131,9247,7775,7693,8171,8601,9293,9527,9775,10869
 "35000","New Mexico",6,SAACArtsComp,132,"...","  Architectural services","Thousands of dollars",39727,41181,45739,45087,45641,50883,57969,58913,56397,49740,47501,41725,42190,44875,46467,47542,45759
 "35000","New Mexico",6,SAACArtsComp,133,"...","  Landscape architectural services","Thousands of dollars",12002,17899,18316,18066,9977,9890,11371,11492,6832,5287,5075,5488,5692,5295,5603,6050,6345
 "35000","New Mexico",6,SAACArtsComp,134,"...","  Interior design services","Thousands of dollars",1853,1596,2058,2267,2183,2267,3023,3150,1969,1606,1513,2041,1471,1883,1947,2036,2234
 "35000","New Mexico",6,SAACArtsComp,135,"...","  Industrial design services","Thousands of dollars",1762,1161,2685,3767,3744,811,828,732,709,775,634,631,571,(D),(D),(D),47
 "35000","New Mexico",6,SAACArtsComp,136,"...","  Graphic design services","Thousands of dollars",4764,4730,5560,5469,6866,8037,8429,8486,7436,7738,7064,8812,7374,7276,8315,7608,7648
 "35000","New Mexico",6,SAACArtsComp,137,"...","  Computer systems design","Thousands of dollars",2357,1885,1839,1716,2018,2247,3156,3305,3070,3518,3778,4490,4341,4415,4539,4447,4975
 "35000","New Mexico",6,SAACArtsComp,138,"...","  Photography and photofinishing services","Thousands of dollars",11564,12117,11426,10024,9860,10747,(D),(D),(D),(D),(D),(D),(D),(D),(D),(D),(D)
 "35000","New Mexico",6,SAACArtsComp,139,"...","  All other design services","Thousands of dollars",104,104,394,567,570,1694,1885,1422,1122,550,688,1090,835,(D),(D),(D),905
 "35000","New Mexico",6,SAACArtsComp,140,"...","  Fine arts education","Thousands of dollars",4305,3509,4596,5944,6937,7214,8401,10789,11161,11317,12387,11737,12206,13616,14142,14476,14720
 "35000","New Mexico",6,SAACArtsComp,150,"...","  Education services","Thousands of dollars",3870,4377,5287,6677,6914,6896,7102,7468,6957,6739,6534,6815,6527,7065,6887,7514,7278
 "35000","New Mexico",6,SAACArtsComp,200,"..."," Supporting arts and cultural production","Thousands of dollars",925770,974721,980021,1012658,1034188,1065300,1089403,1166353,1095964,1078336,1050260,1098454,1058725,1066436,1123213,1189129,1245170
 "35000","New Mexico",6,SAACArtsComp,211,"...","  Rental and leasing","Thousands of dollars",6063,7567,7124,7806,8008,9176,(D),(D),8118,6608,(D),7387,7111,7822,6131,5201,(D)
 "35000","New Mexico",6,SAACArtsComp,212,"...","  Grantmaking and giving services","Thousands of dollars",1389,1586,1948,1836,2129,2611,3063,3048,3788,3403,3882,3016,3407,3720,4119,3564,3717
 "35000","New Mexico",6,SAACArtsComp,213,"...","  Unions","Thousands of dollars",1801,1563,1840,2118,2051,2412,2151,2599,2906,2706,2915,2696,2951,2866,2884,2816,3545
 "35000","New Mexico",6,SAACArtsComp,214,"...","  Government","Thousands of dollars",517877,551136,540001,552483,533682,530268,521040,528429,535221,547471,541466,544266,539560,549072,552459,593075,612686
 "35000","New Mexico",6,SAACArtsComp,215,"...","  Other support services","Thousands of dollars",(D),(D),(D),293,263,293,419,310,262,234,213,249,239,261,267,236,279
 "35000","New Mexico",6,SAACArtsComp,221,"...","  Publishing","Thousands of dollars",(D),(D),(D),60444,(D),66037,68659,65099,55787,52053,51233,47872,47045,45324,48043,49226,47447
 "35000","New Mexico",6,SAACArtsComp,222,"...","  Motion pictures","Thousands of dollars",17284,26794,23075,22464,66346,88602,107114,138621,123419,126591,118170,165744,131733,138981,184509,209935,170609
 "35000","New Mexico",6,SAACArtsComp,223,"...","  Sound recording","Thousands of dollars",3799,3198,3496,4378,3949,4251,5269,7839,8960,8944,8987,10168,11345,12034,14654,14752,13237
 "35000","New Mexico",6,SAACArtsComp,224,"...","  Broadcasting","Thousands of dollars",75510,(D),89975,(D),(D),(D),(D),(D),(D),96088,(D),(D),99162,97006,98739,101450,(D)
 "35000","New Mexico",6,SAACArtsComp,225,"...","  Other information services","Thousands of dollars",(D),(D),(D),(D),(D),(D),9088,9828,(D),(D),7512,7141,6639,7005,8746,(D),8940
 "35000","New Mexico",6,SAACArtsComp,231,"...","  Jewelry and silverware manufacturing","Thousands of dollars",42700,38909,45680,46582,51975,53871,56355,69299,37602,31015,23147,29519,28059,31346,29741,29422,34814
 "35000","New Mexico",6,SAACArtsComp,232,"...","  Printed goods manufacturing","Thousands of dollars",6805,5144,4613,5164,5466,5804,6948,6911,5899,5433,5617,5823,5820,5796,5981,5835,5862
 "35000","New Mexico",6,SAACArtsComp,233,"...","  Musical instruments manufacturing","Thousands of dollars",685,712,561,(D),(D),(D),(D),(D),(D),(D),160,198,159,(D),159,(D),(D)
 "35000","New Mexico",6,SAACArtsComp,234,"...","  Custom architectural woodwork and metalwork manufacturing","Thousands of dollars",(D),(D),(D),(D),(D),(D),(D),7178,4597,3835,4063,(D),(D),(D),(D),(D),(D)
 "35000","New Mexico",6,SAACArtsComp,236,"...","  Other goods manufacturing","Thousands of dollars",7638,7779,8054,7868,7005,7886,8606,5946,4693,4402,4199,3621,3637,3965,(D),3927,4708
 "35000","New Mexico",6,SAACArtsComp,240,"...","  Construction","Thousands of dollars",35557,36882,39785,50294,52006,47333,44182,59185,65864,51390,60760,61183,59195,53128,51554,51684,55676
 "35000","New Mexico",6,SAACArtsComp,250,"...","  Wholesale and transportation industries","Thousands of dollars",(D),(D),(D),33346,29768,(D),34480,33606,26280,27757,(D),(D),(D),(D),26143,27531,27384
 "35000","New Mexico",6,SAACArtsComp,260,"...","  Retail industries","Thousands of dollars",112234,108920,110402,115742,114830,118681,120706,125524,106870,103343,84754,78218,78268,76159,79160,76034,69745
 "35000","New Mexico",6,SAACArtsComp,300,"..."," All other industries 2/","Thousands of dollars",38504,40648,40556,41666,43637,46744,50582,51336,(D),46177,45939,43623,42271,44861,46226,46594,46072
"Note: See the included footnote file."
"SAACArtsComp: ACPSA compensation by ACPSA industry 1/"
"Last updated: March 17, 2020-- new statistics for 2017; revised statistics for 2001-2016. "
"Source: U.S. Department of Commerce / Bureau of Economic Analysis / Regional Economic Accounts"
