GeoFIPS,GeoName,Region,TableName,LineCode,IndustryClassification,Description,Unit,2001,2002,2003,2004,2005,2006,2007,2008,2009,2010,2011,2012,2013,2014,2015,2016,2017
 "46000","South Dakota",4,SAACArtsVA,1,"...","Total value added","Thousands of dollars",23512776,26337474,27445047,29628896,30659446,31898616,34701594,36668514,36193101,37484387,41541524,43444637,44814868,46046541,47752284,48606109,49738697
 "46000","South Dakota",4,SAACArtsVA,10,"...","Total ACPSA value added","Thousands of dollars",895053,976316,990026,1032073,1028219,1022334,1058118,1098123,1099856,1158500,1160257,1188769,1249178,1187544,1176339,1195724,1229003
 "46000","South Dakota",4,SAACArtsVA,100,"..."," Core arts and cultural production","Thousands of dollars",147672,167787,158302,164210,116776,121539,127579,141855,144145,151324,150801,145499,151496,164192,161499,167957,174713
 "46000","South Dakota",4,SAACArtsVA,111,"...","  Performing arts companies","Thousands of dollars",4024,4158,3876,4329,5004,4633,4618,4701,5029,4943,5336,5531,4588,5267,4085,4855,5597
 "46000","South Dakota",4,SAACArtsVA,112,"...","  Promoters of performing arts and similar events","Thousands of dollars",7359,9593,11233,13759,14653,16407,16206,15216,17397,16749,17366,19489,20976,23962,23518,27402,28052
 "46000","South Dakota",4,SAACArtsVA,113,"...","  Agents/managers for artists","Thousands of dollars",249,78,19,33,28,6,43,47,0,0,0,15,77,69,81,73,76
 "46000","South Dakota",4,SAACArtsVA,114,"...","  Independent artists, writers, and performers","Thousands of dollars",4982,5035,6506,5994,7540,9431,10585,12127,12477,13623,13695,11256,15441,16771,19028,22428,23046
 "46000","South Dakota",4,SAACArtsVA,120,"...","  Museums","Thousands of dollars",6489,7580,8364,9177,10387,10645,11755,12771,14125,14174,16528,22026,22164,23090,19592,21269,22518
 "46000","South Dakota",4,SAACArtsVA,131,"...","  Advertising","Thousands of dollars",16432,18297,20234,22050,22995,24607,25105,27176,27109,30981,31734,27147,27366,28548,31097,27305,29865
 "46000","South Dakota",4,SAACArtsVA,132,"...","  Architectural services","Thousands of dollars",14238,13682,14242,15021,15028,14622,16331,20238,19949,21934,21045,21272,21827,25675,23584,22767,23974
 "46000","South Dakota",4,SAACArtsVA,133,"...","  Landscape architectural services","Thousands of dollars",2826,2354,2288,2046,2001,2459,2463,3646,2660,3107,2269,2322,2279,2035,1923,1671,1719
 "46000","South Dakota",4,SAACArtsVA,134,"...","  Interior design services","Thousands of dollars",861,1345,1949,1746,1099,1728,1754,2281,1676,1026,715,1027,2092,3435,3375,4134,3831
 "46000","South Dakota",4,SAACArtsVA,135,"...","  Industrial design services","Thousands of dollars",277,542,498,599,576,500,544,658,619,984,1050,987,1208,1243,1227,1087,1003
 "46000","South Dakota",4,SAACArtsVA,136,"...","  Graphic design services","Thousands of dollars",4334,5386,2527,2272,2347,2214,2279,2739,2390,2505,2370,2990,3052,3076,3249,3365,3453
 "46000","South Dakota",4,SAACArtsVA,137,"...","  Computer systems design","Thousands of dollars",348,333,393,428,483,588,836,864,1010,1080,1280,1758,2004,2056,2249,2609,2756
 "46000","South Dakota",4,SAACArtsVA,138,"...","  Photography and photofinishing services","Thousands of dollars",79022,91919,77628,78283,26049,24526,25926,29436,29158,29188,26297,18110,16959,16269,15286,14828,14867
 "46000","South Dakota",4,SAACArtsVA,139,"...","  All other design services","Thousands of dollars",64,35,39,68,49,70,85,79,67,100,110,106,162,301,251,371,283
 "46000","South Dakota",4,SAACArtsVA,140,"...","  Fine arts education","Thousands of dollars",475,427,650,792,800,988,996,1175,1341,1433,1408,1393,1606,2094,2236,2372,2331
 "46000","South Dakota",4,SAACArtsVA,150,"...","  Education services","Thousands of dollars",5691,7024,7855,7615,7738,8116,8053,8700,9139,9495,9598,10071,9695,10298,10717,11422,11343
 "46000","South Dakota",4,SAACArtsVA,200,"..."," Supporting arts and cultural production","Thousands of dollars",706476,765243,788190,821892,862524,851221,878348,903871,902397,956444,956721,993080,1048466,970003,958865,969750,995203
 "46000","South Dakota",4,SAACArtsVA,211,"...","  Rental and leasing","Thousands of dollars",14523,11480,10695,10236,10670,13189,12467,11800,11102,8593,6658,5710,4810,4388,4540,3946,2725
 "46000","South Dakota",4,SAACArtsVA,212,"...","  Grantmaking and giving services","Thousands of dollars",820,937,1062,990,1228,1522,1799,1821,2164,1754,1705,1513,1485,1709,2019,2036,2177
 "46000","South Dakota",4,SAACArtsVA,213,"...","  Unions","Thousands of dollars",590,499,564,672,642,740,647,684,708,656,671,653,709,687,665,701,813
 "46000","South Dakota",4,SAACArtsVA,214,"...","  Government","Thousands of dollars",298120,317204,310606,302418,287980,276528,266033,278207,292104,307971,313211,310578,311535,327362,334277,349814,375338
 "46000","South Dakota",4,SAACArtsVA,215,"...","  Other support services","Thousands of dollars",1211,641,799,884,878,1023,1179,1178,951,918,932,937,963,1028,1250,1075,1071
 "46000","South Dakota",4,SAACArtsVA,221,"...","  Publishing","Thousands of dollars",47771,65392,68457,71447,72107,66748,76495,73093,67487,66727,66530,64158,60871,56981,56825,56808,55529
 "46000","South Dakota",4,SAACArtsVA,222,"...","  Motion pictures","Thousands of dollars",11094,15259,15103,15981,14764,20689,29008,24055,25388,25242,22130,19848,22367,24694,24446,23674,25400
 "46000","South Dakota",4,SAACArtsVA,223,"...","  Sound recording","Thousands of dollars",998,850,909,833,977,952,403,570,717,491,514,694,784,755,918,903,720
 "46000","South Dakota",4,SAACArtsVA,224,"...","  Broadcasting","Thousands of dollars",155310,162532,179305,202747,219154,218136,240488,257049,276479,301260,316965,354625,390258,297004,285558,279478,275050
 "46000","South Dakota",4,SAACArtsVA,225,"...","  Other information services","Thousands of dollars",890,1943,2531,3748,3521,5113,2302,3878,3811,3084,3029,2699,2955,4691,5707,8694,9125
 "46000","South Dakota",4,SAACArtsVA,231,"...","  Jewelry and silverware manufacturing","Thousands of dollars",35825,29174,34468,37678,39771,42677,37492,46175,28529,21870,17931,20740,23076,25761,23029,24440,26213
 "46000","South Dakota",4,SAACArtsVA,232,"...","  Printed goods manufacturing","Thousands of dollars",11032,10273,10704,12070,13188,14322,17529,18018,17948,17995,16250,17245,18614,17845,16818,16623,16584
 "46000","South Dakota",4,SAACArtsVA,233,"...","  Musical instruments manufacturing","Thousands of dollars",276,386,303,208,201,255,248,267,330,394,328,444,341,359,454,463,456
 "46000","South Dakota",4,SAACArtsVA,234,"...","  Custom architectural woodwork and metalwork manufacturing","Thousands of dollars",5214,7769,10257,14062,18878,24411,40505,36364,26035,22549,22129,24305,26783,29897,21081,19038,17120
 "46000","South Dakota",4,SAACArtsVA,236,"...","  Other goods manufacturing","Thousands of dollars",19,19,19,21,25,259,308,259,211,15,74,87,92,63,61,61,66
 "46000","South Dakota",4,SAACArtsVA,240,"...","  Construction","Thousands of dollars",22866,33440,22944,21113,51634,40442,23350,27336,31160,52741,43086,39154,48295,44893,42812,40834,60009
 "46000","South Dakota",4,SAACArtsVA,250,"...","  Wholesale and transportation industries","Thousands of dollars",39833,38806,41355,45023,41793,29461,33189,29505,23923,24977,26312,30083,30785,32746,39320,43467,44300
 "46000","South Dakota",4,SAACArtsVA,260,"...","  Retail industries","Thousands of dollars",60084,68639,78108,81761,85113,94755,94905,93613,93350,99205,98266,99607,103742,99138,99086,97695,82505
 "46000","South Dakota",4,SAACArtsVA,300,"..."," All other industries 2/","Thousands of dollars",40905,43286,43534,45970,48918,49573,52192,52396,53314,50732,52735,50190,49216,53349,55975,58017,59088
"Note: See the included footnote file."
"SAACArtsVA: ACPSA value added by ACPSA industry 1/"
"Last updated: March 17, 2020-- new statistics for 2017; revised statistics for 2001-2016. "
"Source: U.S. Department of Commerce / Bureau of Economic Analysis / Regional Economic Accounts"
