GeoFIPS,GeoName,Region,TableName,LineCode,IndustryClassification,Description,Unit,2001,2002,2003,2004,2005,2006,2007,2008,2009,2010,2011,2012,2013,2014,2015,2016,2017
 "33000","New Hampshire",1,SAACCompLQ,10,"...","Total","Location quotient",0.953,0.965,0.946,0.934,0.931,0.911,0.887,0.896,0.895,0.905,0.897,0.918,0.909,0.919,0.874,0.884,0.865
 "33000","New Hampshire",1,SAACCompLQ,100,"..."," Core arts and cultural production","Location quotient",0.705,0.723,0.678,0.708,0.655,0.622,0.645,0.645,0.635,0.654,0.648,0.656,0.658,0.619,0.627,0.680,0.675
 "33000","New Hampshire",1,SAACCompLQ,111,"...","  Performing arts companies","Location quotient",0.432,0.409,(D),0.469,0.409,0.451,0.470,(D),(D),0.503,(D),(D),(D),(D),(D),(D),(D)
 "33000","New Hampshire",1,SAACCompLQ,112,"...","  Promoters of performing arts and similar events","Location quotient",0.247,0.249,0.288,0.323,0.325,0.346,0.427,0.369,0.346,0.320,0.323,0.339,0.366,0.333,0.395,0.395,0.412
 "33000","New Hampshire",1,SAACCompLQ,113,"...","  Agents/managers for artists","Location quotient",1.361,0.098,0.179,0.132,0.075,0.063,0.051,0.067,0.052,0.046,0.052,0.074,0.053,0.064,0.100,0.147,0.170
 "33000","New Hampshire",1,SAACCompLQ,114,"...","  Independent artists, writers, and performers","Location quotient",0.334,0.422,0.435,0.717,0.352,0.336,0.503,0.610,0.475,0.477,0.499,0.499,0.610,0.516,0.439,0.527,0.483
 "33000","New Hampshire",1,SAACCompLQ,120,"...","  Museums","Location quotient",0.782,0.762,0.775,(D),0.689,0.672,0.666,0.650,0.619,0.648,0.654,0.618,0.637,0.603,0.582,0.555,0.540
 "33000","New Hampshire",1,SAACCompLQ,131,"...","  Advertising","Location quotient",0.411,0.420,0.376,(D),(D),0.432,0.469,0.450,0.439,(D),0.429,0.431,0.428,0.446,0.425,0.421,0.445
 "33000","New Hampshire",1,SAACCompLQ,132,"...","  Architectural services","Location quotient",0.565,0.564,0.535,0.517,0.548,0.479,0.483,0.474,0.473,0.509,0.497,0.480,0.472,0.466,0.467,0.449,0.456
 "33000","New Hampshire",1,SAACCompLQ,133,"...","  Landscape architectural services","Location quotient",0.350,0.473,0.573,0.552,0.522,0.581,0.596,0.464,0.564,0.517,0.551,0.593,0.652,0.621,0.643,0.617,0.733
 "33000","New Hampshire",1,SAACCompLQ,134,"...","  Interior design services","Location quotient",0.286,0.421,0.394,0.324,0.311,0.250,0.269,0.225,0.189,0.180,0.205,0.206,0.224,0.217,0.223,0.241,0.250
 "33000","New Hampshire",1,SAACCompLQ,135,"...","  Industrial design services","Location quotient",3.029,2.866,2.404,1.690,1.462,1.255,1.192,0.970,1.074,1.197,1.168,1.487,1.280,1.338,0.973,1.022,0.939
 "33000","New Hampshire",1,SAACCompLQ,136,"...","  Graphic design services","Location quotient",0.992,1.001,0.977,0.947,1.028,0.846,0.896,0.849,0.897,0.963,0.977,1.114,1.175,0.862,1.009,1.048,1.005
 "33000","New Hampshire",1,SAACCompLQ,137,"...","  Computer systems design","Location quotient",1.187,1.136,1.074,1.092,(D),(D),(D),(D),(D),(D),(D),(D),0.893,0.918,0.928,0.908,0.907
 "33000","New Hampshire",1,SAACCompLQ,138,"...","  Photography and photofinishing services","Location quotient",0.711,0.756,0.647,0.675,(D),(D),(D),0.717,0.736,(D),0.685,0.726,(D),(D),(D),(D),(D)
 "33000","New Hampshire",1,SAACCompLQ,139,"...","  All other design services","Location quotient",0.552,0.690,0.643,0.469,0.480,0.369,0.213,0.190,0.189,0.163,0.161,0.145,0.126,0.128,0.711,0.801,0.825
 "33000","New Hampshire",1,SAACCompLQ,140,"...","  Fine arts education","Location quotient",1.401,1.226,(D),1.456,1.495,1.517,1.498,1.476,1.429,1.385,1.308,1.262,1.264,1.288,1.325,1.279,1.243
 "33000","New Hampshire",1,SAACCompLQ,150,"...","  Education services","Location quotient",2.720,3.002,2.521,2.306,2.146,2.087,1.939,1.933,1.806,1.933,1.845,1.806,1.693,1.620,1.819,2.206,2.198
 "33000","New Hampshire",1,SAACCompLQ,200,"..."," Supporting arts and cultural production","Location quotient",1.001,1.013,1.002,0.979,0.991,0.978,0.941,0.954,0.953,0.957,0.949,0.979,0.965,0.988,0.930,0.929,0.906
 "33000","New Hampshire",1,SAACCompLQ,211,"...","  Rental and leasing","Location quotient",0.975,(D),(D),(D),(D),0.960,0.915,0.808,0.881,0.894,(D),0.645,0.869,0.812,0.739,0.831,0.842
 "33000","New Hampshire",1,SAACCompLQ,212,"...","  Grantmaking and giving services","Location quotient",0.634,0.590,0.598,0.596,0.559,0.542,0.539,0.591,0.579,0.567,0.485,0.498,0.454,0.410,0.436,0.436,0.435
 "33000","New Hampshire",1,SAACCompLQ,213,"...","  Unions","Location quotient",0.426,0.481,0.473,0.488,0.496,0.483,0.482,0.473,0.465,0.476,0.508,0.528,0.553,0.586,0.560,0.566,0.585
 "33000","New Hampshire",1,SAACCompLQ,214,"...","  Government","Location quotient",0.990,1.019,1.018,0.994,0.977,0.961,0.938,0.924,0.859,0.896,0.922,0.981,0.968,0.970,0.949,0.957,0.933
 "33000","New Hampshire",1,SAACCompLQ,215,"...","  Other support services","Location quotient",0.499,0.439,(D),(D),(D),(D),(D),0.501,0.432,0.483,0.460,0.549,0.530,0.571,0.590,(D),(D)
 "33000","New Hampshire",1,SAACCompLQ,221,"...","  Publishing","Location quotient",1.702,1.612,1.508,1.627,1.652,1.539,1.501,1.699,1.637,1.645,1.494,1.531,1.542,1.906,1.455,1.444,1.416
 "33000","New Hampshire",1,SAACCompLQ,222,"...","  Motion pictures","Location quotient",0.208,0.201,0.256,0.193,0.206,0.214,0.223,0.206,0.221,0.195,0.204,0.212,0.233,0.235,0.248,0.235,0.257
 "33000","New Hampshire",1,SAACCompLQ,223,"...","  Sound recording","Location quotient",0.040,0.064,0.031,0.056,0.071,0.067,0.053,0.043,0.068,0.075,0.118,0.165,0.166,0.175,0.188,0.207,0.204
 "33000","New Hampshire",1,SAACCompLQ,224,"...","  Broadcasting","Location quotient",0.595,0.612,(D),(D),(D),(D),(D),(D),(D),(D),(D),(D),0.933,0.896,0.996,0.989,0.948
 "33000","New Hampshire",1,SAACCompLQ,225,"...","  Other information services","Location quotient",(D),(D),(D),(D),(D),(D),(D),0.478,0.465,0.436,0.385,0.331,0.279,0.211,0.219,0.171,0.149
 "33000","New Hampshire",1,SAACCompLQ,231,"...","  Jewelry and silverware manufacturing","Location quotient",0.526,0.524,0.534,0.555,0.597,0.658,0.649,0.665,0.485,0.447,0.539,0.744,0.657,0.427,0.460,0.178,0.215
 "33000","New Hampshire",1,SAACCompLQ,232,"...","  Printed goods manufacturing","Location quotient",1.135,1.164,1.152,1.190,1.244,(D),1.152,1.175,1.209,1.109,1.144,1.199,1.180,1.276,1.277,1.339,1.340
 "33000","New Hampshire",1,SAACCompLQ,233,"...","  Musical instruments manufacturing","Location quotient",(D),(D),0.265,(D),(D),(D),(D),(D),(D),0.167,0.197,0.196,0.172,0.197,0.253,0.305,0.309
 "33000","New Hampshire",1,SAACCompLQ,234,"...","  Custom architectural woodwork and metalwork manufacturing","Location quotient",1.302,1.341,1.270,1.234,(D),1.167,(D),1.213,(D),1.248,(D),1.327,(D),(D),(D),(D),(D)
 "33000","New Hampshire",1,SAACCompLQ,236,"...","  Other goods manufacturing","Location quotient",1.520,1.742,1.841,2.019,2.099,2.405,2.556,2.452,2.501,2.703,2.380,2.449,2.438,2.157,2.239,2.354,2.575
 "33000","New Hampshire",1,SAACCompLQ,240,"...","  Construction","Location quotient",0.712,0.851,0.601,0.385,0.450,0.578,0.436,0.337,0.543,0.597,0.284,0.548,0.643,0.493,0.563,(D),0.807
 "33000","New Hampshire",1,SAACCompLQ,250,"...","  Wholesale and transportation industries","Location quotient",(D),(D),(D),(D),0.659,0.638,0.484,(D),(D),(D),0.602,(D),(D),(D),(D),(D),(D)
 "33000","New Hampshire",1,SAACCompLQ,260,"...","  Retail industries","Location quotient",1.993,2.016,1.990,1.949,1.962,1.919,1.849,1.836,1.822,1.779,1.928,1.998,1.898,1.777,1.715,1.730,1.643
 "33000","New Hampshire",1,SAACCompLQ,300,"..."," All other industries 2/","Location quotient",1.082,1.080,1.080,1.083,1.083,1.087,1.088,1.090,1.092,1.091,1.086,1.086,1.086,1.084,1.089,1.096,1.098
"Note: See the included footnote file."
"SAACCompLQ: Arts Compensation Location Quotient 1/"
"Last updated: March 17, 2020-- new statistics for 2017; revised statistics for 2001-2016. "
"Source: U.S. Department of Commerce / Bureau of Economic Analysis / Regional Economic Accounts"
