GeoFIPS,GeoName,Region,TableName,LineCode,IndustryClassification,Description,Unit,2001,2002,2003,2004,2005,2006,2007,2008,2009,2010,2011,2012,2013,2014,2015,2016,2017
 "21000","Kentucky",5,SAACArtsEmp,1,"...","Total employment","Number of jobs",1884751,1864898,1865342,1881168,1904668,1930624,1951559,1943756,1862282,1864406,1884604,1908719,1923075,1948869,1978421,1997083,2010691
 "21000","Kentucky",5,SAACArtsEmp,10,"...","Total ACPSA employment","Number of jobs",63873,62177,61630,60539,58870,58533,59020,56845,55782,54013,50817,51457,51131,50644,50591,51375,52547
 "21000","Kentucky",5,SAACArtsEmp,100,"..."," Core arts and cultural production","Number of jobs",8171,7932,7996,7790,7786,8020,8523,8656,8237,8035,7968,8392,8355,(D),8361,8709,9255
 "21000","Kentucky",5,SAACArtsEmp,111,"...","  Performing arts companies","Number of jobs",742,719,724,717,707,730,737,735,651,660,(D),(D),(D),768,(D),(D),(D)
 "21000","Kentucky",5,SAACArtsEmp,112,"...","  Promoters of performing arts and similar events","Number of jobs",262,305,348,359,365,482,870,921,1110,1050,932,1007,1072,1014,992,925,1052
 "21000","Kentucky",5,SAACArtsEmp,113,"...","  Agents/managers for artists","Number of jobs",72,23,23,21,21,22,27,26,22,25,20,22,17,21,23,12,12
 "21000","Kentucky",5,SAACArtsEmp,114,"...","  Independent artists, writers, and performers","Number of jobs",120,184,179,178,137,164,169,174,178,169,170,212,203,236,260,272,233
 "21000","Kentucky",5,SAACArtsEmp,120,"...","  Museums","Number of jobs",868,867,886,955,941,968,1008,1016,993,1034,1044,1291,1306,1377,1459,1668,2099
 "21000","Kentucky",5,SAACArtsEmp,131,"...","  Advertising","Number of jobs",1364,1259,1105,1033,1061,1006,992,1101,1080,1084,1076,1143,1132,1235,1188,1204,1207
 "21000","Kentucky",5,SAACArtsEmp,132,"...","  Architectural services","Number of jobs",949,808,788,792,798,831,871,897,768,710,659,648,654,637,641,675,732
 "21000","Kentucky",5,SAACArtsEmp,133,"...","  Landscape architectural services","Number of jobs",206,208,207,199,153,165,128,149,133,124,118,133,118,115,128,146,145
 "21000","Kentucky",5,SAACArtsEmp,134,"...","  Interior design services","Number of jobs",168,149,150,163,170,215,198,213,202,193,186,187,196,202,212,222,218
 "21000","Kentucky",5,SAACArtsEmp,135,"...","  Industrial design services","Number of jobs",14,17,51,62,112,126,116,108,86,71,76,73,55,71,71,74,65
 "21000","Kentucky",5,SAACArtsEmp,136,"...","  Graphic design services","Number of jobs",574,578,576,492,509,490,492,491,458,430,468,478,493,526,459,482,483
 "21000","Kentucky",5,SAACArtsEmp,137,"...","  Computer systems design","Number of jobs",75,70,74,80,84,90,108,125,127,130,138,133,143,142,146,150,136
 "21000","Kentucky",5,SAACArtsEmp,138,"...","  Photography and photofinishing services","Number of jobs",1334,1286,1341,1305,1280,1241,1251,1082,954,903,(D),(D),(D),(D),(D),(D),(D)
 "21000","Kentucky",5,SAACArtsEmp,139,"...","  All other design services","Number of jobs",37,34,27,28,30,30,36,42,24,11,10,10,6,7,8,9,7
 "21000","Kentucky",5,SAACArtsEmp,140,"...","  Fine arts education","Number of jobs",524,509,564,627,624,658,674,704,667,626,648,702,744,678,691,734,745
 "21000","Kentucky",5,SAACArtsEmp,150,"...","  Education services","Number of jobs",862,915,952,779,796,802,845,871,784,816,878,905,891,859,845,848,828
 "21000","Kentucky",5,SAACArtsEmp,200,"..."," Supporting arts and cultural production","Number of jobs",52755,51298,50836,50009,48345,47810,47759,45558,45073,43720,40633,40977,40747,40061,40065,40445,41101
 "21000","Kentucky",5,SAACArtsEmp,211,"...","  Rental and leasing","Number of jobs",1269,1190,1243,1216,1119,1029,905,740,602,439,323,268,219,189,178,(D),154
 "21000","Kentucky",5,SAACArtsEmp,212,"...","  Grantmaking and giving services","Number of jobs",25,25,28,24,23,28,30,29,32,27,29,33,29,32,34,38,40
 "21000","Kentucky",5,SAACArtsEmp,213,"...","  Unions","Number of jobs",217,182,189,179,183,186,176,180,205,181,204,203,249,240,251,223,241
 "21000","Kentucky",5,SAACArtsEmp,214,"...","  Government","Number of jobs",27470,27037,25808,24061,22772,21879,21211,19711,20725,20436,18745,18927,18847,18529,18230,18466,18967
 "21000","Kentucky",5,SAACArtsEmp,215,"...","  Other support services","Number of jobs",33,22,20,21,22,22,21,20,17,16,14,14,15,16,24,(D),(D)
 "21000","Kentucky",5,SAACArtsEmp,221,"...","  Publishing","Number of jobs",3505,3372,3111,2983,2959,2940,3381,3131,2670,2486,2562,2423,2276,2133,2040,1938,1655
 "21000","Kentucky",5,SAACArtsEmp,222,"...","  Motion pictures","Number of jobs",1723,1818,1867,1907,1841,1797,1779,1778,1879,1766,1714,1729,1695,1739,1770,2012,2058
 "21000","Kentucky",5,SAACArtsEmp,223,"...","  Sound recording","Number of jobs",68,67,61,68,66,78,75,85,78,77,82,85,89,95,97,144,136
 "21000","Kentucky",5,SAACArtsEmp,224,"...","  Broadcasting","Number of jobs",3278,(D),(D),(D),(D),4188,4543,4729,4709,4777,4830,5033,4967,4929,4799,4750,5125
 "21000","Kentucky",5,SAACArtsEmp,225,"...","  Other information services","Number of jobs",(D),113,102,148,161,283,217,232,227,233,269,272,278,295,341,365,419
 "21000","Kentucky",5,SAACArtsEmp,231,"...","  Jewelry and silverware manufacturing","Number of jobs",68,71,82,81,107,87,62,(D),(D),44,81,118,131,149,137,125,119
 "21000","Kentucky",5,SAACArtsEmp,232,"...","  Printed goods manufacturing","Number of jobs",(D),(D),(D),(D),(D),(D),(D),2853,2522,2267,1867,1817,1860,1764,1647,1613,1542
 "21000","Kentucky",5,SAACArtsEmp,233,"...","  Musical instruments manufacturing","Number of jobs",(D),(D),53,51,47,45,41,35,33,30,26,19,15,16,15,17,19
 "21000","Kentucky",5,SAACArtsEmp,234,"...","  Custom architectural woodwork and metalwork manufacturing","Number of jobs",(D),(D),(D),(D),(D),(D),(D),(D),(D),(D),360,357,284,250,322,(D),(D)
 "21000","Kentucky",5,SAACArtsEmp,236,"...","  Other goods manufacturing","Number of jobs",1140,1047,1129,1065,939,880,895,815,578,430,317,334,352,396,417,455,459
 "21000","Kentucky",5,SAACArtsEmp,240,"...","  Construction","Number of jobs",1747,2044,2064,2268,2394,2421,1688,1479,1975,1442,828,925,1127,1142,1350,1167,1048
 "21000","Kentucky",5,SAACArtsEmp,250,"...","  Wholesale and transportation industries","Number of jobs",1910,1741,2550,2709,2599,2551,2556,2441,1907,2191,2392,2362,2291,2230,2263,2235,2219
 "21000","Kentucky",5,SAACArtsEmp,260,"...","  Retail industries","Number of jobs",6824,6307,6256,6578,6430,6658,6871,6772,6476,(D),5989,6058,6021,5917,6150,6382,6560
 "21000","Kentucky",5,SAACArtsEmp,300,"..."," All other industries 2/","Number of jobs",2947,2947,2798,2739,2739,2703,2738,2632,2472,2257,2215,2087,2029,(D),2166,2221,2191
"Note: See the included footnote file."
"SAACArtsEmp: ACPSA full-time and part-time employment by ACPSA industry 1/"
"Last updated: March 17, 2020-- new statistics for 2017; revised statistics for 2001-2016. "
"Source: U.S. Department of Commerce / Bureau of Economic Analysis / Regional Economic Accounts"
