GeoFIPS,GeoName,Region,TableName,LineCode,IndustryClassification,Description,Unit,2001,2002,2003,2004,2005,2006,2007,2008,2009,2010,2011,2012,2013,2014,2015,2016,2017
 "19000","Iowa",4,SAACArtsEmp,1,"...","Total employment","Number of jobs",1522116,1507604,1500007,1521678,1545547,1568789,1579953,1586287,1540936,1535646,1551027,1570535,1592602,1607489,1626645,1632821,1630398
 "19000","Iowa",4,SAACArtsEmp,10,"...","Total ACPSA employment","Number of jobs",56505,56012,53602,51429,49763,48929,47754,47406,45481,44591,44825,43974,42648,42487,42385,43248,42820
 "19000","Iowa",4,SAACArtsEmp,100,"..."," Core arts and cultural production","Number of jobs",9190,8964,8600,8631,8398,8823,8756,8861,8609,8136,8484,8467,8588,8846,8961,9289,9230
 "19000","Iowa",4,SAACArtsEmp,111,"...","  Performing arts companies","Number of jobs",(D),631,607,637,646,618,622,(D),(D),(D),(D),(D),(D),(D),685,657,725
 "19000","Iowa",4,SAACArtsEmp,112,"...","  Promoters of performing arts and similar events","Number of jobs",385,335,249,254,247,669,707,717,858,632,914,866,1017,1064,1127,1114,1090
 "19000","Iowa",4,SAACArtsEmp,113,"...","  Agents/managers for artists","Number of jobs",11,23,18,14,4,4,3,4,4,8,7,3,12,3,3,4,4
 "19000","Iowa",4,SAACArtsEmp,114,"...","  Independent artists, writers, and performers","Number of jobs",180,174,178,177,221,198,204,269,272,231,233,317,238,264,271,346,239
 "19000","Iowa",4,SAACArtsEmp,120,"...","  Museums","Number of jobs",655,706,729,756,787,838,845,889,845,823,830,857,930,938,927,957,986
 "19000","Iowa",4,SAACArtsEmp,131,"...","  Advertising","Number of jobs",1526,1385,1331,1399,1304,1242,1252,1300,1155,1193,1263,1293,1218,(D),1341,1344,1290
 "19000","Iowa",4,SAACArtsEmp,132,"...","  Architectural services","Number of jobs",690,747,732,763,786,783,814,819,764,751,750,698,703,725,763,776,752
 "19000","Iowa",4,SAACArtsEmp,133,"...","  Landscape architectural services","Number of jobs",418,360,282,220,221,229,(D),156,174,145,116,128,122,127,128,127,97
 "19000","Iowa",4,SAACArtsEmp,134,"...","  Interior design services","Number of jobs",77,72,75,99,97,100,96,100,89,81,78,79,89,112,131,141,140
 "19000","Iowa",4,SAACArtsEmp,135,"...","  Industrial design services","Number of jobs",23,(D),(D),(D),67,86,95,105,112,137,132,128,129,138,126,117,132
 "19000","Iowa",4,SAACArtsEmp,136,"...","  Graphic design services","Number of jobs",349,333,346,322,320,344,376,396,354,326,387,318,337,341,339,344,356
 "19000","Iowa",4,SAACArtsEmp,137,"...","  Computer systems design","Number of jobs",(D),(D),(D),63,64,73,80,81,87,113,126,137,152,145,151,156,169
 "19000","Iowa",4,SAACArtsEmp,138,"...","  Photography and photofinishing services","Number of jobs",2201,2034,1932,1826,1599,1491,(D),(D),(D),(D),(D),(D),(D),859,838,815,750
 "19000","Iowa",4,SAACArtsEmp,139,"...","  All other design services","Number of jobs",36,(D),(D),(D),7,7,6,8,9,10,6,7,8,8,9,11,13
 "19000","Iowa",4,SAACArtsEmp,140,"...","  Fine arts education","Number of jobs",595,635,699,786,812,895,849,852,784,780,788,844,965,1084,1091,1205,1253
 "19000","Iowa",4,SAACArtsEmp,150,"...","  Education services","Number of jobs",1294,1413,1294,1240,1217,1245,1139,1092,1060,1003,1062,1081,996,995,1031,1174,1235
 "19000","Iowa",4,SAACArtsEmp,200,"..."," Supporting arts and cultural production","Number of jobs",44880,44617,42705,40546,39115,37882,36740,36356,34775,34550,34482,33766,32364,31889,31647,32161,31826
 "19000","Iowa",4,SAACArtsEmp,211,"...","  Rental and leasing","Number of jobs",801,743,747,(D),(D),(D),(D),(D),(D),(D),(D),(D),284,273,263,273,(D)
 "19000","Iowa",4,SAACArtsEmp,212,"...","  Grantmaking and giving services","Number of jobs",57,57,62,48,39,48,55,54,66,64,66,77,79,87,90,88,90
 "19000","Iowa",4,SAACArtsEmp,213,"...","  Unions","Number of jobs",197,174,181,182,188,191,186,210,236,203,219,211,247,240,256,225,260
 "19000","Iowa",4,SAACArtsEmp,214,"...","  Government","Number of jobs",22332,22396,20390,18547,16802,15378,13840,13862,13990,13972,13971,13886,13777,13595,13437,13815,13903
 "19000","Iowa",4,SAACArtsEmp,215,"...","  Other support services","Number of jobs",24,13,13,12,12,11,12,11,17,15,12,10,5,5,4,3,4
 "19000","Iowa",4,SAACArtsEmp,221,"...","  Publishing","Number of jobs",4665,4552,4643,4476,4439,4479,4724,4559,4108,3881,3811,3642,3361,3354,3325,3179,2891
 "19000","Iowa",4,SAACArtsEmp,222,"...","  Motion pictures","Number of jobs",1888,1862,1880,2061,2108,2137,2075,1938,1929,1803,1735,1691,1639,1625,1666,1729,1814
 "19000","Iowa",4,SAACArtsEmp,223,"...","  Sound recording","Number of jobs",25,21,20,32,32,36,28,25,25,25,28,41,(D),(D),44,(D),27
 "19000","Iowa",4,SAACArtsEmp,224,"...","  Broadcasting","Number of jobs",2787,2787,2944,(D),(D),(D),3563,3609,3637,3754,3772,3785,3672,3647,3596,3610,3511
 "19000","Iowa",4,SAACArtsEmp,225,"...","  Other information services","Number of jobs",565,406,357,253,214,205,225,(D),(D),195,204,(D),(D),255,264,435,461
 "19000","Iowa",4,SAACArtsEmp,231,"...","  Jewelry and silverware manufacturing","Number of jobs",(D),25,(D),17,11,6,16,18,12,12,10,13,7,4,4,5,7
 "19000","Iowa",4,SAACArtsEmp,232,"...","  Printed goods manufacturing","Number of jobs",(D),(D),(D),(D),(D),(D),(D),(D),1408,1313,1262,1233,1282,1200,1109,1086,1050
 "19000","Iowa",4,SAACArtsEmp,233,"...","  Musical instruments manufacturing","Number of jobs",61,54,39,39,38,(D),34,32,30,(D),27,30,28,(D),31,33,32
 "19000","Iowa",4,SAACArtsEmp,234,"...","  Custom architectural woodwork and metalwork manufacturing","Number of jobs",222,308,299,283,315,330,446,445,356,330,(D),369,387,357,389,418,(D)
 "19000","Iowa",4,SAACArtsEmp,236,"...","  Other goods manufacturing","Number of jobs",490,(D),481,463,464,452,490,426,311,289,232,235,230,271,290,286,300
 "19000","Iowa",4,SAACArtsEmp,240,"...","  Construction","Number of jobs",1680,2150,2245,1540,1930,1924,1275,1381,1575,1934,1532,1060,996,951,988,1189,1042
 "19000","Iowa",4,SAACArtsEmp,250,"...","  Wholesale and transportation industries","Number of jobs",1229,1235,1052,969,921,1073,1184,1185,814,952,982,941,908,845,937,(D),(D)
 "19000","Iowa",4,SAACArtsEmp,260,"...","  Retail industries","Number of jobs",6299,6154,6192,6531,6491,6436,6489,6338,5615,5464,6040,6036,5210,5110,4954,4839,4698
 "19000","Iowa",4,SAACArtsEmp,300,"..."," All other industries 2/","Number of jobs",2436,2431,2297,2251,2250,2224,2258,2190,2097,1905,1859,1741,1695,1752,1778,1798,1765
"Note: See the included footnote file."
"SAACArtsEmp: ACPSA full-time and part-time employment by ACPSA industry 1/"
"Last updated: March 17, 2020-- new statistics for 2017; revised statistics for 2001-2016. "
"Source: U.S. Department of Commerce / Bureau of Economic Analysis / Regional Economic Accounts"
