GeoFIPS,GeoName,Region,TableName,LineCode,IndustryClassification,Description,Unit,2001,2002,2003,2004,2005,2006,2007,2008,2009,2010,2011,2012,2013,2014,2015,2016,2017
 "46000","South Dakota",4,SAACEmpLQ,10,"...","Total","Location quotient",1.080,1.124,1.123,1.102,1.078,1.059,1.032,1.010,1.028,1.033,1.016,1.010,0.998,0.984,0.969,0.954,0.957
 "46000","South Dakota",4,SAACEmpLQ,100,"..."," Core arts and cultural production","Location quotient",0.885,0.873,0.850,0.902,0.767,0.751,0.735,0.714,0.736,0.743,0.746,0.698,0.702,0.709,0.706,0.722,0.730
 "46000","South Dakota",4,SAACEmpLQ,111,"...","  Performing arts companies","Location quotient",(D),0.444,0.468,(D),0.514,0.497,0.482,0.421,0.370,0.358,0.382,0.389,0.423,0.379,0.357,0.377,0.399
 "46000","South Dakota",4,SAACEmpLQ,112,"...","  Promoters of performing arts and similar events","Location quotient",1.611,1.337,1.305,2.052,1.993,2.024,1.953,1.589,1.597,1.667,1.719,1.671,1.550,1.593,1.722,1.656,1.635
 "46000","South Dakota",4,SAACEmpLQ,113,"...","  Agents/managers for artists","Location quotient",(D),(D),(D),(D),(D),(D),(D),(D),(D),0.000,0.000,(D),(D),(D),(D),(D),(D)
 "46000","South Dakota",4,SAACEmpLQ,114,"...","  Independent artists, writers, and performers","Location quotient",(D),(D),(D),(D),(D),(D),(D),(D),(D),0.604,0.630,(D),(D),(D),(D),0.946,(D)
 "46000","South Dakota",4,SAACEmpLQ,120,"...","  Museums","Location quotient",0.978,1.098,1.197,1.339,1.381,1.269,1.240,1.184,1.211,1.231,1.217,1.189,1.177,1.172,1.192,1.229,1.252
 "46000","South Dakota",4,SAACEmpLQ,131,"...","  Advertising","Location quotient",0.508,(D),0.530,0.592,0.613,(D),0.535,0.526,0.563,(D),0.536,0.481,(D),(D),(D),(D),0.495
 "46000","South Dakota",4,SAACEmpLQ,132,"...","  Architectural services","Location quotient",0.500,0.499,0.477,0.499,0.478,0.439,0.417,0.489,0.558,0.590,0.609,0.579,0.560,0.546,0.509,0.498,0.502
 "46000","South Dakota",4,SAACEmpLQ,133,"...","  Landscape architectural services","Location quotient",0.785,0.575,0.534,0.464,0.443,0.456,0.392,0.487,0.408,0.488,0.404,0.376,0.375,0.279,0.243,0.247,0.264
 "46000","South Dakota",4,SAACEmpLQ,134,"...","  Interior design services","Location quotient",0.120,0.173,0.191,(D),(D),(D),(D),(D),(D),(D),(D),(D),(D),(D),(D),(D),(D)
 "46000","South Dakota",4,SAACEmpLQ,135,"...","  Industrial design services","Location quotient",(D),(D),0.000,0.000,0.000,0.000,0.000,0.000,0.000,0.000,0.000,0.000,0.000,0.000,0.000,0.000,0.000
 "46000","South Dakota",4,SAACEmpLQ,136,"...","  Graphic design services","Location quotient",0.228,0.276,0.217,0.212,0.234,0.214,0.222,0.211,0.209,0.200,0.198,0.231,0.259,0.246,0.242,0.279,0.293
 "46000","South Dakota",4,SAACEmpLQ,137,"...","  Computer systems design","Location quotient",(D),(D),(D),0.211,0.228,0.215,(D),0.245,0.305,0.248,0.250,0.300,0.352,0.340,0.325,0.345,0.352
 "46000","South Dakota",4,SAACEmpLQ,138,"...","  Photography and photofinishing services","Location quotient",2.551,2.494,2.273,2.352,1.219,1.272,1.265,1.294,1.384,1.392,1.416,1.147,(D),(D),(D),(D),(D)
 "46000","South Dakota",4,SAACEmpLQ,139,"...","  All other design services","Location quotient",(D),(D),0.301,(D),(D),(D),(D),(D),(D),(D),(D),(D),(D),(D),(D),(D),(D)
 "46000","South Dakota",4,SAACEmpLQ,140,"...","  Fine arts education","Location quotient",(D),0.399,0.430,0.388,(D),(D),(D),(D),(D),(D),(D),(D),(D),0.696,0.681,0.683,0.749
 "46000","South Dakota",4,SAACEmpLQ,150,"...","  Education services","Location quotient",0.994,1.046,1.102,0.990,0.996,1.029,0.943,0.914,0.885,0.873,0.852,0.834,0.775,0.787,0.777,0.820,0.785
 "46000","South Dakota",4,SAACEmpLQ,200,"..."," Supporting arts and cultural production","Location quotient",1.136,1.196,1.203,1.162,1.171,1.153,1.123,1.101,1.117,1.119,1.097,1.106,1.091,1.073,1.054,1.030,1.033
 "46000","South Dakota",4,SAACEmpLQ,211,"...","  Rental and leasing","Location quotient",0.826,0.834,0.840,0.890,0.999,0.974,1.010,(D),(D),(D),(D),(D),(D),(D),(D),0.507,0.371
 "46000","South Dakota",4,SAACEmpLQ,212,"...","  Grantmaking and giving services","Location quotient",0.868,1.113,1.093,1.020,1.100,1.102,1.129,1.089,1.126,0.909,0.688,0.736,0.618,0.630,0.669,0.703,0.671
 "46000","South Dakota",4,SAACEmpLQ,213,"...","  Unions","Location quotient",0.373,0.358,0.360,0.364,0.367,0.360,0.367,0.346,0.349,0.344,0.332,(D),0.318,0.310,0.306,0.314,0.325
 "46000","South Dakota",4,SAACEmpLQ,214,"...","  Government","Location quotient",1.572,1.587,1.574,1.521,1.495,1.462,1.419,1.413,1.427,1.461,1.464,1.456,1.425,1.425,1.434,1.464,1.493
 "46000","South Dakota",4,SAACEmpLQ,215,"...","  Other support services","Location quotient",(D),(D),(D),(D),1.711,(D),(D),(D),(D),1.403,(D),(D),(D),(D),(D),(D),(D)
 "46000","South Dakota",4,SAACEmpLQ,221,"...","  Publishing","Location quotient",(D),(D),(D),(D),0.786,0.796,0.791,0.772,0.757,0.757,(D),(D),(D),(D),(D),(D),(D)
 "46000","South Dakota",4,SAACEmpLQ,222,"...","  Motion pictures","Location quotient",0.486,(D),0.568,0.545,0.558,0.583,0.638,(D),0.543,0.524,0.507,0.488,0.500,0.527,0.511,0.438,0.492
 "46000","South Dakota",4,SAACEmpLQ,223,"...","  Sound recording","Location quotient",0.072,(D),0.070,0.065,0.112,0.114,0.062,0.053,0.057,0.038,0.057,0.057,0.082,0.061,0.081,0.097,0.078
 "46000","South Dakota",4,SAACEmpLQ,224,"...","  Broadcasting","Location quotient",1.029,1.098,(D),(D),(D),(D),1.292,1.279,1.254,1.298,1.298,1.268,1.219,(D),(D),(D),(D)
 "46000","South Dakota",4,SAACEmpLQ,225,"...","  Other information services","Location quotient",0.083,0.089,0.103,0.118,0.095,0.134,0.098,0.104,0.107,0.045,0.035,0.034,0.050,0.063,0.064,0.072,0.077
 "46000","South Dakota",4,SAACEmpLQ,231,"...","  Jewelry and silverware manufacturing","Location quotient",5.936,6.131,6.086,6.156,6.096,6.201,5.910,5.787,5.558,5.478,5.020,4.981,4.923,4.895,4.722,4.691,4.296
 "46000","South Dakota",4,SAACEmpLQ,232,"...","  Printed goods manufacturing","Location quotient",0.725,0.763,0.794,0.792,0.824,0.857,0.897,0.914,0.937,0.962,0.918,0.981,0.999,0.993,0.978,0.972,0.988
 "46000","South Dakota",4,SAACEmpLQ,233,"...","  Musical instruments manufacturing","Location quotient",(D),(D),(D),(D),(D),(D),(D),(D),(D),(D),(D),(D),(D),(D),(D),(D),(D)
 "46000","South Dakota",4,SAACEmpLQ,234,"...","  Custom architectural woodwork and metalwork manufacturing","Location quotient",(D),1.755,(D),(D),3.251,(D),(D),3.739,3.735,(D),(D),(D),3.735,4.120,(D),2.207,1.929
 "46000","South Dakota",4,SAACEmpLQ,236,"...","  Other goods manufacturing","Location quotient",0.025,(D),(D),0.030,0.031,0.102,0.098,0.085,0.096,(D),0.030,0.043,0.044,0.039,0.038,0.025,0.036
 "46000","South Dakota",4,SAACEmpLQ,240,"...","  Construction","Location quotient",0.813,0.993,1.020,0.819,1.434,1.226,0.937,1.134,1.490,1.510,1.488,2.076,2.296,1.652,1.596,1.354,1.970
 "46000","South Dakota",4,SAACEmpLQ,250,"...","  Wholesale and transportation industries","Location quotient",0.714,(D),0.768,0.788,0.685,0.611,(D),(D),0.538,0.465,0.460,0.459,0.472,(D),0.522,0.538,0.500
 "46000","South Dakota",4,SAACEmpLQ,260,"...","  Retail industries","Location quotient",0.916,1.018,1.091,1.059,1.029,1.044,1.013,1.017,1.026,1.039,1.002,0.980,0.943,0.909,0.913,0.871,0.782
 "46000","South Dakota",4,SAACEmpLQ,300,"..."," All other industries 2/","Location quotient",0.964,0.964,0.963,0.960,0.962,0.966,0.971,0.971,0.969,0.963,0.964,0.967,0.969,0.970,0.975,0.975,0.977
"Note: See the included footnote file."
"SAACEmpLQ: Arts Employment Location Quotient 1/"
"Last updated: March 17, 2020-- new statistics for 2017; revised statistics for 2001-2016. "
"Source: U.S. Department of Commerce / Bureau of Economic Analysis / Regional Economic Accounts"
