GeoFIPS,GeoName,Region,TableName,LineCode,IndustryClassification,Description,Unit,2001,2002,2003,2004,2005,2006,2007,2008,2009,2010,2011,2012,2013,2014,2015,2016,2017
 "35000","New Mexico",6,SAACArtsEmp,1,"...","Total employment","Number of jobs",792124,801301,812456,828953,844235,867019,876593,879295,845420,836523,836180,839254,846495,852638,859962,861216,862809
 "35000","New Mexico",6,SAACArtsEmp,10,"...","Total ACPSA employment","Number of jobs",31248,32351,31651,31214,29925,29897,30118,30202,27768,26672,25067,25816,25095,24773,24920,25707,26547
 "35000","New Mexico",6,SAACArtsEmp,100,"..."," Core arts and cultural production","Number of jobs",4172,4460,4657,4781,4341,4459,4729,4670,(D),4054,3917,4142,4138,4225,4305,4344,4484
 "35000","New Mexico",6,SAACArtsEmp,111,"...","  Performing arts companies","Number of jobs",532,529,605,596,530,506,523,496,473,(D),397,(D),433,444,470,500,590
 "35000","New Mexico",6,SAACArtsEmp,112,"...","  Promoters of performing arts and similar events","Number of jobs",89,101,121,121,122,165,262,268,278,328,301,314,316,316,313,331,365
 "35000","New Mexico",6,SAACArtsEmp,113,"...","  Agents/managers for artists","Number of jobs",6,6,8,3,4,5,(D),(D),6,4,(D),3,(D),4,5,4,4
 "35000","New Mexico",6,SAACArtsEmp,114,"...","  Independent artists, writers, and performers","Number of jobs",220,231,198,281,282,232,(D),(D),194,188,219,232,168,177,176,222,168
 "35000","New Mexico",6,SAACArtsEmp,120,"...","  Museums","Number of jobs",341,373,411,428,(D),517,559,556,555,520,482,621,621,650,652,669,(D)
 "35000","New Mexico",6,SAACArtsEmp,131,"...","  Advertising","Number of jobs",289,279,283,271,(D),276,273,289,285,263,283,319,339,376,382,366,405
 "35000","New Mexico",6,SAACArtsEmp,132,"...","  Architectural services","Number of jobs",832,864,891,897,878,915,951,955,879,757,690,626,611,611,658,655,619
 "35000","New Mexico",6,SAACArtsEmp,133,"...","  Landscape architectural services","Number of jobs",442,721,716,701,283,289,294,260,151,129,134,137,140,144,163,164,158
 "35000","New Mexico",6,SAACArtsEmp,134,"...","  Interior design services","Number of jobs",61,53,62,76,72,73,89,99,63,81,61,64,55,67,66,73,80
 "35000","New Mexico",6,SAACArtsEmp,135,"...","  Industrial design services","Number of jobs",36,27,58,68,73,23,23,22,22,23,16,13,16,(D),(D),(D),3
 "35000","New Mexico",6,SAACArtsEmp,136,"...","  Graphic design services","Number of jobs",264,239,237,231,262,302,312,313,283,267,244,237,247,253,249,208,189
 "35000","New Mexico",6,SAACArtsEmp,137,"...","  Computer systems design","Number of jobs",46,35,32,29,31,32,34,37,37,42,44,47,50,51,50,48,49
 "35000","New Mexico",6,SAACArtsEmp,138,"...","  Photography and photofinishing services","Number of jobs",586,559,523,512,477,481,(D),(D),(D),(D),(D),(D),(D),(D),(D),(D),(D)
 "35000","New Mexico",6,SAACArtsEmp,139,"...","  All other design services","Number of jobs",5,5,15,19,20,68,77,70,54,28,29,37,39,(D),(D),(D),23
 "35000","New Mexico",6,SAACArtsEmp,140,"...","  Fine arts education","Number of jobs",287,288,315,330,367,377,420,466,440,416,471,538,634,630,651,651,696
 "35000","New Mexico",6,SAACArtsEmp,150,"...","  Education services","Number of jobs",137,150,183,217,211,198,187,179,164,154,143,143,140,152,143,151,150
 "35000","New Mexico",6,SAACArtsEmp,200,"..."," Supporting arts and cultural production","Number of jobs",25971,26763,25908,25366,24513,24356,24276,24449,22457,21692,20247,20834,20142,19703,19755,20495,21213
 "35000","New Mexico",6,SAACArtsEmp,211,"...","  Rental and leasing","Number of jobs",467,492,537,544,525,507,(D),(D),348,239,(D),190,182,178,111,97,(D)
 "35000","New Mexico",6,SAACArtsEmp,212,"...","  Grantmaking and giving services","Number of jobs",44,44,49,45,42,47,48,47,61,60,61,73,71,75,69,63,61
 "35000","New Mexico",6,SAACArtsEmp,213,"...","  Unions","Number of jobs",57,49,56,55,55,56,57,68,74,68,84,82,92,81,81,72,80
 "35000","New Mexico",6,SAACArtsEmp,214,"...","  Government","Number of jobs",12360,12798,12126,11458,10638,9909,9244,9168,9110,8976,8750,8817,8648,8605,8385,8813,8826
 "35000","New Mexico",6,SAACArtsEmp,215,"...","  Other support services","Number of jobs",(D),(D),(D),7,7,6,6,7,7,4,4,4,4,4,4,4,4
 "35000","New Mexico",6,SAACArtsEmp,221,"...","  Publishing","Number of jobs",(D),(D),(D),1396,(D),1431,1424,1293,1072,1020,965,893,849,794,770,733,681
 "35000","New Mexico",6,SAACArtsEmp,222,"...","  Motion pictures","Number of jobs",1179,1376,1324,1447,1936,2717,3208,3278,2842,3004,2522,3082,2639,2428,2738,3288,3141
 "35000","New Mexico",6,SAACArtsEmp,223,"...","  Sound recording","Number of jobs",131,123,113,126,119,116,120,131,145,152,146,144,151,151,162,160,142
 "35000","New Mexico",6,SAACArtsEmp,224,"...","  Broadcasting","Number of jobs",1349,(D),1709,(D),(D),(D),(D),(D),(D),1539,(D),(D),1530,1490,1537,1594,(D)
 "35000","New Mexico",6,SAACArtsEmp,225,"...","  Other information services","Number of jobs",(D),(D),(D),(D),(D),(D),225,225,(D),(D),163,159,154,162,183,(D),204
 "35000","New Mexico",6,SAACArtsEmp,231,"...","  Jewelry and silverware manufacturing","Number of jobs",1664,1790,1721,1554,1483,1396,1306,1171,775,749,687,871,837,842,842,815,774
 "35000","New Mexico",6,SAACArtsEmp,232,"...","  Printed goods manufacturing","Number of jobs",213,158,138,152,155,153,176,176,153,136,145,143,150,143,145,137,130
 "35000","New Mexico",6,SAACArtsEmp,233,"...","  Musical instruments manufacturing","Number of jobs",36,33,24,(D),(D),(D),(D),(D),(D),(D),6,8,9,(D),7,(D),(D)
 "35000","New Mexico",6,SAACArtsEmp,234,"...","  Custom architectural woodwork and metalwork manufacturing","Number of jobs",(D),(D),(D),(D),(D),(D),(D),167,115,95,98,(D),(D),(D),(D),(D),(D)
 "35000","New Mexico",6,SAACArtsEmp,236,"...","  Other goods manufacturing","Number of jobs",222,214,200,175,169,167,194,156,111,88,74,76,75,85,(D),78,80
 "35000","New Mexico",6,SAACArtsEmp,240,"...","  Construction","Number of jobs",737,797,863,1054,1117,992,905,1098,1121,816,940,1027,961,822,773,736,778
 "35000","New Mexico",6,SAACArtsEmp,250,"...","  Wholesale and transportation industries","Number of jobs",(D),(D),(D),670,611,(D),608,603,440,416,(D),(D),(D),(D),558,593,532
 "35000","New Mexico",6,SAACArtsEmp,260,"...","  Retail industries","Number of jobs",5015,4695,4569,4747,4528,4501,4605,4777,4277,4152,3456,3176,3152,3148,3180,2984,2719
 "35000","New Mexico",6,SAACArtsEmp,300,"..."," All other industries 2/","Number of jobs",1104,1127,1085,1067,1071,1083,1113,1083,(D),926,903,841,815,845,860,868,850
"Note: See the included footnote file."
"SAACArtsEmp: ACPSA full-time and part-time employment by ACPSA industry 1/"
"Last updated: March 17, 2020-- new statistics for 2017; revised statistics for 2001-2016. "
"Source: U.S. Department of Commerce / Bureau of Economic Analysis / Regional Economic Accounts"
