GeoFIPS,GeoName,Region,TableName,LineCode,IndustryClassification,Description,Unit,2001,2002,2003,2004,2005,2006,2007,2008,2009,2010,2011,2012,2013,2014,2015,2016,2017
 "45000","South Carolina",5,SAACVALQ,10,"...","Total","Location quotient",0.622,0.619,0.622,0.627,0.676,0.662,0.646,0.623,0.620,0.605,0.595,0.614,0.605,0.577,0.590,0.569,0.578
 "45000","South Carolina",5,SAACVALQ,100,"..."," Core arts and cultural production","Location quotient",0.457,0.468,0.475,0.499,0.519,0.530,0.540,0.541,0.517,0.521,0.515,0.522,0.507,0.524,0.499,0.517,0.499
 "45000","South Carolina",5,SAACVALQ,111,"...","  Performing arts companies","Location quotient",0.609,0.631,0.629,0.678,0.623,0.625,0.625,0.620,0.610,0.639,0.648,0.646,0.609,0.597,0.559,0.544,0.511
 "45000","South Carolina",5,SAACVALQ,112,"...","  Promoters of performing arts and similar events","Location quotient",0.345,0.453,0.504,0.500,0.478,0.441,0.435,0.448,0.429,0.466,0.534,0.631,0.591,0.584,0.523,0.528,0.512
 "45000","South Carolina",5,SAACVALQ,113,"...","  Agents/managers for artists","Location quotient",0.058,0.055,0.087,0.118,0.128,0.110,0.179,0.158,0.130,0.151,0.164,0.188,0.168,0.164,0.247,0.235,0.254
 "45000","South Carolina",5,SAACVALQ,114,"...","  Independent artists, writers, and performers","Location quotient",0.095,0.109,0.089,0.079,0.110,0.132,0.125,0.119,0.149,0.147,0.108,0.130,0.156,0.157,0.177,0.232,0.200
 "45000","South Carolina",5,SAACVALQ,120,"...","  Museums","Location quotient",0.592,0.558,0.512,0.573,0.557,0.558,0.569,0.572,0.597,0.623,0.650,0.655,0.654,0.666,0.664,0.661,0.663
 "45000","South Carolina",5,SAACVALQ,131,"...","  Advertising","Location quotient",0.363,0.395,0.400,0.413,0.418,0.447,0.459,0.472,0.468,0.501,0.517,0.524,0.542,0.651,0.525,0.530,0.530
 "45000","South Carolina",5,SAACVALQ,132,"...","  Architectural services","Location quotient",0.770,0.755,0.789,0.785,0.835,0.831,0.869,0.865,0.788,0.835,0.854,0.903,0.814,0.778,0.766,0.775,0.722
 "45000","South Carolina",5,SAACVALQ,133,"...","  Landscape architectural services","Location quotient",1.411,1.400,1.290,1.626,1.554,1.537,1.086,1.075,1.071,1.024,1.001,1.107,1.259,1.239,1.273,1.240,1.146
 "45000","South Carolina",5,SAACVALQ,134,"...","  Interior design services","Location quotient",0.729,0.778,0.807,0.929,0.979,1.010,1.071,1.067,1.136,1.089,0.975,0.856,0.790,0.787,0.823,0.888,0.872
 "45000","South Carolina",5,SAACVALQ,135,"...","  Industrial design services","Location quotient",0.688,0.574,0.578,0.542,0.510,0.595,0.926,0.738,0.676,0.627,0.654,0.514,0.446,0.455,0.417,0.407,0.389
 "45000","South Carolina",5,SAACVALQ,136,"...","  Graphic design services","Location quotient",0.255,0.330,0.398,0.385,0.437,0.482,0.437,0.537,0.542,0.521,0.477,0.384,0.367,0.359,0.350,0.372,0.404
 "45000","South Carolina",5,SAACVALQ,137,"...","  Computer systems design","Location quotient",0.385,0.419,0.409,0.365,0.409,0.342,0.362,0.358,0.383,0.391,0.472,0.441,0.451,0.487,0.519,0.551,0.566
 "45000","South Carolina",5,SAACVALQ,138,"...","  Photography and photofinishing services","Location quotient",0.481,0.473,0.520,0.566,0.617,0.656,0.664,0.655,0.611,0.589,0.546,0.567,0.482,0.477,0.489,0.458,0.487
 "45000","South Carolina",5,SAACVALQ,139,"...","  All other design services","Location quotient",0.376,0.426,0.501,0.377,0.385,0.340,0.348,0.430,0.545,0.378,0.401,0.554,0.563,0.649,0.605,0.691,0.742
 "45000","South Carolina",5,SAACVALQ,140,"...","  Fine arts education","Location quotient",0.467,0.454,0.459,0.468,0.476,0.489,0.455,0.430,0.433,0.450,0.461,0.459,0.496,0.580,0.590,0.607,0.608
 "45000","South Carolina",5,SAACVALQ,150,"...","  Education services","Location quotient",0.538,0.612,0.622,0.618,0.651,0.603,0.606,0.589,0.616,0.597,0.612,0.594,0.572,0.586,0.543,0.531,0.498
 "45000","South Carolina",5,SAACVALQ,200,"..."," Supporting arts and cultural production","Location quotient",0.644,0.639,0.642,0.641,0.698,0.679,0.655,0.627,0.629,0.609,0.597,0.622,0.615,0.574,0.598,0.567,0.584
 "45000","South Carolina",5,SAACVALQ,211,"...","  Rental and leasing","Location quotient",0.809,0.774,0.815,0.806,0.848,0.793,0.712,0.643,0.666,0.593,0.557,0.462,0.463,0.473,0.408,0.392,0.369
 "45000","South Carolina",5,SAACVALQ,212,"...","  Grantmaking and giving services","Location quotient",0.378,0.395,0.389,0.382,0.369,0.375,0.429,0.463,0.456,0.494,0.505,0.525,0.543,0.543,0.566,0.582,0.528
 "45000","South Carolina",5,SAACVALQ,213,"...","  Unions","Location quotient",0.246,0.252,0.254,0.257,0.271,0.281,0.283,0.277,0.271,0.255,0.257,0.273,0.282,0.291,0.292,0.282,0.317
 "45000","South Carolina",5,SAACVALQ,214,"...","  Government","Location quotient",1.023,0.994,0.983,1.000,1.014,1.021,0.999,1.010,1.016,1.025,1.055,1.059,1.047,1.049,1.034,1.018,1.025
 "45000","South Carolina",5,SAACVALQ,215,"...","  Other support services","Location quotient",0.562,0.469,0.425,0.915,0.847,0.985,0.918,0.938,0.734,0.901,0.852,0.924,1.069,1.108,1.507,1.444,1.459
 "45000","South Carolina",5,SAACVALQ,221,"...","  Publishing","Location quotient",0.323,0.337,0.365,0.392,0.427,0.436,0.396,0.408,0.407,0.398,0.399,0.468,0.497,0.457,0.422,0.410,0.395
 "45000","South Carolina",5,SAACVALQ,222,"...","  Motion pictures","Location quotient",0.103,0.150,0.136,0.107,0.117,0.130,0.128,0.127,0.120,0.113,0.109,0.102,0.108,0.103,0.164,0.118,0.157
 "45000","South Carolina",5,SAACVALQ,223,"...","  Sound recording","Location quotient",0.177,0.181,0.092,0.089,0.118,0.136,0.735,0.644,0.460,0.407,0.309,0.275,0.337,0.191,0.117,0.120,1.233
 "45000","South Carolina",5,SAACVALQ,224,"...","  Broadcasting","Location quotient",0.715,0.745,0.781,0.802,0.989,0.806,0.748,0.669,0.751,0.763,0.683,0.747,0.735,0.654,0.799,0.801,0.832
 "45000","South Carolina",5,SAACVALQ,225,"...","  Other information services","Location quotient",0.100,0.126,0.100,0.093,0.103,0.112,0.072,0.113,0.121,0.122,0.126,0.124,0.104,0.116,0.124,0.141,0.130
 "45000","South Carolina",5,SAACVALQ,231,"...","  Jewelry and silverware manufacturing","Location quotient",0.097,0.168,0.106,0.115,0.119,0.146,0.226,0.147,0.134,0.231,0.267,0.252,0.297,0.285,0.332,0.367,0.348
 "45000","South Carolina",5,SAACVALQ,232,"...","  Printed goods manufacturing","Location quotient",0.863,0.900,0.903,0.647,0.643,0.641,0.631,0.638,0.647,0.698,0.720,0.760,0.859,0.912,0.911,0.908,0.924
 "45000","South Carolina",5,SAACVALQ,233,"...","  Musical instruments manufacturing","Location quotient",0.171,0.170,0.064,0.059,0.075,0.084,0.109,0.069,0.059,0.050,0.065,0.063,0.041,0.051,0.057,0.060,0.054
 "45000","South Carolina",5,SAACVALQ,234,"...","  Custom architectural woodwork and metalwork manufacturing","Location quotient",0.710,0.761,0.683,0.651,0.545,0.575,0.526,0.510,0.506,0.409,0.381,0.342,0.349,0.329,0.327,0.311,0.333
 "45000","South Carolina",5,SAACVALQ,236,"...","  Other goods manufacturing","Location quotient",2.697,2.639,2.670,3.170,3.870,4.802,4.884,5.336,4.924,4.498,4.349,4.481,4.455,3.209,2.925,2.645,2.790
 "45000","South Carolina",5,SAACVALQ,240,"...","  Construction","Location quotient",1.080,1.058,1.373,1.169,1.016,1.211,0.937,0.898,1.021,1.024,1.054,1.031,1.037,0.725,0.806,0.980,0.629
 "45000","South Carolina",5,SAACVALQ,250,"...","  Wholesale and transportation industries","Location quotient",0.749,0.822,0.783,0.934,0.924,1.118,1.241,1.200,1.166,0.930,0.878,0.889,0.896,0.901,0.921,0.842,0.882
 "45000","South Carolina",5,SAACVALQ,260,"...","  Retail industries","Location quotient",0.606,0.605,0.589,0.595,0.563,0.577,0.553,0.560,0.501,0.471,0.601,0.567,0.572,0.544,0.537,0.532,0.534
 "45000","South Carolina",5,SAACVALQ,300,"..."," All other industries 2/","Location quotient",1.039,1.027,1.030,1.058,1.069,1.066,1.059,1.059,1.056,1.075,1.091,1.114,1.099,1.093,1.062,1.052,1.050
"Note: See the included footnote file."
"SAACVALQ: Arts Value Added Location Quotient 1/"
"Last updated: March 17, 2020-- new statistics for 2017; revised statistics for 2001-2016. "
"Source: U.S. Department of Commerce / Bureau of Economic Analysis / Regional Economic Accounts"
