GeoFIPS,GeoName,Region,TableName,LineCode,IndustryClassification,Description,Unit,2001,2002,2003,2004,2005,2006,2007,2008,2009,2010,2011,2012,2013,2014,2015,2016,2017
 "37000","North Carolina",5,SAACArtsEmp,1,"...","Total employment","Number of jobs",4078858,4048064,4024653,4086449,4161322,4275884,4381114,4369182,4156151,4124455,4175842,4241784,4298323,4389493,4494969,4589226,4656452
 "37000","North Carolina",5,SAACArtsEmp,10,"...","Total ACPSA employment","Number of jobs",142284,141002,133236,128415,121546,120304,120238,120668,112999,111990,112803,113513,115217,118847,122775,123605,124418
 "37000","North Carolina",5,SAACArtsEmp,100,"..."," Core arts and cultural production","Number of jobs",25416,24941,23821,23980,23402,24911,26033,26134,23961,23412,23269,23943,24773,25842,26986,27004,28001
 "37000","North Carolina",5,SAACArtsEmp,111,"...","  Performing arts companies","Number of jobs",3254,2885,2299,1874,1108,1216,1268,1359,1262,1251,1243,1270,1256,1273,1335,1313,1346
 "37000","North Carolina",5,SAACArtsEmp,112,"...","  Promoters of performing arts and similar events","Number of jobs",830,851,731,982,1021,1125,1204,1327,1358,1378,1421,1720,1918,2191,2461,2542,2847
 "37000","North Carolina",5,SAACArtsEmp,113,"...","  Agents/managers for artists","Number of jobs",87,167,119,117,134,182,154,124,157,178,158,167,171,188,192,221,233
 "37000","North Carolina",5,SAACArtsEmp,114,"...","  Independent artists, writers, and performers","Number of jobs",393,460,527,525,548,703,915,760,802,880,953,1154,1194,1179,1095,871,882
 "37000","North Carolina",5,SAACArtsEmp,120,"...","  Museums","Number of jobs",1980,2133,2145,2229,2273,2483,2885,2996,2833,2875,(D),(D),(D),(D),2996,3270,3317
 "37000","North Carolina",5,SAACArtsEmp,131,"...","  Advertising","Number of jobs",2702,2648,2492,2471,2415,2399,2240,2345,2030,2054,2147,2421,2510,2924,3064,3454,3724
 "37000","North Carolina",5,SAACArtsEmp,132,"...","  Architectural services","Number of jobs",3240,3132,3148,3216,3352,3572,3850,3977,3170,2747,2569,2535,2537,2595,2752,2948,3094
 "37000","North Carolina",5,SAACArtsEmp,133,"...","  Landscape architectural services","Number of jobs",1504,1470,1444,1338,1386,1768,2212,1820,1454,1412,1451,1523,1707,1983,2212,1288,1277
 "37000","North Carolina",5,SAACArtsEmp,134,"...","  Interior design services","Number of jobs",676,678,772,821,860,889,942,911,722,647,668,695,757,773,866,925,1012
 "37000","North Carolina",5,SAACArtsEmp,135,"...","  Industrial design services","Number of jobs",196,204,257,405,474,507,455,349,337,346,324,318,326,337,345,425,492
 "37000","North Carolina",5,SAACArtsEmp,136,"...","  Graphic design services","Number of jobs",1377,1344,1199,1186,1228,1381,1390,1181,1106,1112,1170,1191,1317,1286,1408,1405,1367
 "37000","North Carolina",5,SAACArtsEmp,137,"...","  Computer systems design","Number of jobs",381,333,313,300,323,336,368,386,377,400,450,491,527,564,595,604,610
 "37000","North Carolina",5,SAACArtsEmp,138,"...","  Photography and photofinishing services","Number of jobs",5330,4872,4477,4421,4012,3947,3632,3412,2903,2755,(D),(D),(D),(D),2432,2228,2123
 "37000","North Carolina",5,SAACArtsEmp,139,"...","  All other design services","Number of jobs",223,215,226,137,106,156,168,178,159,162,166,199,201,207,159,174,177
 "37000","North Carolina",5,SAACArtsEmp,140,"...","  Fine arts education","Number of jobs",1820,1862,1894,1935,1966,2008,2067,2720,2902,2799,2457,2285,2440,2507,2477,2579,2751
 "37000","North Carolina",5,SAACArtsEmp,150,"...","  Education services","Number of jobs",1424,1686,1778,2023,2198,2240,2285,2289,2390,2416,2464,2427,2424,2478,2599,2756,2749
 "37000","North Carolina",5,SAACArtsEmp,200,"..."," Supporting arts and cultural production","Number of jobs",110534,109756,103465,98596,92305,89543,88190,88742,83641,83690,84742,85062,86042,88394,91023,91683,91521
 "37000","North Carolina",5,SAACArtsEmp,211,"...","  Rental and leasing","Number of jobs",2333,2181,2247,2183,2039,2015,1762,1452,1251,906,674,529,432,339,305,311,292
 "37000","North Carolina",5,SAACArtsEmp,212,"...","  Grantmaking and giving services","Number of jobs",103,114,125,111,112,125,138,123,137,125,136,176,177,175,182,178,177
 "37000","North Carolina",5,SAACArtsEmp,213,"...","  Unions","Number of jobs",180,122,141,135,137,155,175,189,222,219,264,268,316,291,313,283,326
 "37000","North Carolina",5,SAACArtsEmp,214,"...","  Government","Number of jobs",53050,52677,48191,43656,38229,34814,30836,31208,31113,32012,31916,31560,31525,30881,31186,31142,30791
 "37000","North Carolina",5,SAACArtsEmp,215,"...","  Other support services","Number of jobs",73,55,51,42,36,25,33,36,34,33,37,34,37,37,39,35,32
 "37000","North Carolina",5,SAACArtsEmp,221,"...","  Publishing","Number of jobs",10271,10265,10468,10014,9868,9983,10109,9729,8750,8480,8421,8404,8322,9082,9855,10270,10173
 "37000","North Carolina",5,SAACArtsEmp,222,"...","  Motion pictures","Number of jobs",4410,4089,4265,4236,4141,4082,4227,4192,4271,4240,3963,4042,4119,4035,4552,5269,5314
 "37000","North Carolina",5,SAACArtsEmp,223,"...","  Sound recording","Number of jobs",270,(D),(D),(D),350,(D),320,302,(D),219,224,(D),236,(D),236,239,232
 "37000","North Carolina",5,SAACArtsEmp,224,"...","  Broadcasting","Number of jobs",6882,6981,7174,7501,8010,8665,9524,10039,10477,10616,11288,11742,11948,12338,12229,12508,13181
 "37000","North Carolina",5,SAACArtsEmp,225,"...","  Other information services","Number of jobs",(D),586,520,609,830,1107,868,1043,1139,1180,1278,1530,1430,1494,1501,1351,1390
 "37000","North Carolina",5,SAACArtsEmp,231,"...","  Jewelry and silverware manufacturing","Number of jobs",184,198,181,155,193,211,233,196,(D),97,89,164,183,210,227,222,208
 "37000","North Carolina",5,SAACArtsEmp,232,"...","  Printed goods manufacturing","Number of jobs",(D),2216,2164,2404,2364,2413,2841,2771,2425,2096,2073,1970,2050,2065,1996,2027,1983
 "37000","North Carolina",5,SAACArtsEmp,233,"...","  Musical instruments manufacturing","Number of jobs",154,(D),138,137,(D),(D),126,117,103,101,102,105,129,139,150,170,171
 "37000","North Carolina",5,SAACArtsEmp,234,"...","  Custom architectural woodwork and metalwork manufacturing","Number of jobs",3911,5012,4481,3870,3391,2731,3081,2685,1884,1689,1725,1667,1725,1609,1672,1665,1710
 "37000","North Carolina",5,SAACArtsEmp,236,"...","  Other goods manufacturing","Number of jobs",2650,2210,(D),(D),(D),1143,1327,1313,1106,1008,(D),(D),(D),1157,(D),(D),1333
 "37000","North Carolina",5,SAACArtsEmp,240,"...","  Construction","Number of jobs",2715,2583,3116,4100,4031,3458,3141,3326,2547,2297,1677,1263,1697,3034,3560,2899,2350
 "37000","North Carolina",5,SAACArtsEmp,250,"...","  Wholesale and transportation industries","Number of jobs",5710,5583,4745,4204,3895,4383,4719,5138,4221,5026,(D),5631,(D),(D),(D),(D),6501
 "37000","North Carolina",5,SAACArtsEmp,260,"...","  Retail industries","Number of jobs",14372,14430,13442,13407,13234,13771,14731,14881,13588,13346,14452,14673,14757,14810,15018,15281,15358
 "37000","North Carolina",5,SAACArtsEmp,300,"..."," All other industries 2/","Number of jobs",6334,6304,5950,5839,5839,5850,6015,5792,5397,4888,4792,4508,4402,4611,4766,4918,4896
"Note: See the included footnote file."
"SAACArtsEmp: ACPSA full-time and part-time employment by ACPSA industry 1/"
"Last updated: March 17, 2020-- new statistics for 2017; revised statistics for 2001-2016. "
"Source: U.S. Department of Commerce / Bureau of Economic Analysis / Regional Economic Accounts"
