GeoFIPS,GeoName,Region,TableName,LineCode,IndustryClassification,Description,Unit,2001,2002,2003,2004,2005,2006,2007,2008,2009,2010,2011,2012,2013,2014,2015,2016,2017
 "37000","North Carolina",5,SAACVALQ,10,"...","Total","Location quotient",0.657,0.649,0.645,0.646,0.639,0.625,0.631,0.616,0.606,0.617,0.633,0.664,0.671,0.680,0.671,0.641,0.630
 "37000","North Carolina",5,SAACVALQ,100,"..."," Core arts and cultural production","Location quotient",0.608,0.590,0.578,0.578,0.573,0.564,0.602,0.566,0.562,0.569,0.582,0.622,0.646,0.621,0.616,0.576,0.599
 "37000","North Carolina",5,SAACVALQ,111,"...","  Performing arts companies","Location quotient",0.482,0.447,0.364,0.327,0.249,0.224,0.243,0.229,0.241,0.259,0.270,0.260,0.254,0.265,0.234,0.223,0.221
 "37000","North Carolina",5,SAACVALQ,112,"...","  Promoters of performing arts and similar events","Location quotient",0.587,0.558,0.478,0.562,0.489,0.456,0.508,0.540,0.562,0.590,0.605,0.703,0.675,0.696,0.735,0.772,0.797
 "37000","North Carolina",5,SAACVALQ,113,"...","  Agents/managers for artists","Location quotient",0.202,0.341,0.267,0.210,0.314,0.325,0.298,0.228,0.241,0.292,0.295,0.379,0.421,0.429,0.471,0.506,0.506
 "37000","North Carolina",5,SAACVALQ,114,"...","  Independent artists, writers, and performers","Location quotient",0.352,0.181,0.193,0.178,0.206,0.210,0.271,0.252,0.322,0.341,0.399,0.535,0.575,0.471,0.427,0.271,0.282
 "37000","North Carolina",5,SAACVALQ,120,"...","  Museums","Location quotient",0.582,0.644,0.641,0.656,0.627,0.638,0.697,0.671,0.640,0.673,0.647,0.641,0.642,0.641,0.638,0.649,0.646
 "37000","North Carolina",5,SAACVALQ,131,"...","  Advertising","Location quotient",0.410,0.437,0.471,0.474,0.491,0.488,0.490,0.467,0.424,0.410,0.395,0.408,0.408,0.416,0.423,0.484,0.529
 "37000","North Carolina",5,SAACVALQ,132,"...","  Architectural services","Location quotient",0.751,0.766,0.775,0.773,0.776,0.760,0.784,0.803,0.789,0.774,0.756,0.736,0.735,0.705,0.701,0.723,0.747
 "37000","North Carolina",5,SAACVALQ,133,"...","  Landscape architectural services","Location quotient",1.017,1.133,1.135,1.156,1.247,1.426,1.833,1.561,1.458,1.621,1.817,2.006,2.315,2.520,2.675,1.417,1.459
 "37000","North Carolina",5,SAACVALQ,134,"...","  Interior design services","Location quotient",0.663,0.703,0.713,0.696,0.663,0.585,0.631,0.581,0.589,0.586,0.602,0.606,0.650,0.635,0.651,0.660,0.689
 "37000","North Carolina",5,SAACVALQ,135,"...","  Industrial design services","Location quotient",0.924,0.944,0.993,1.105,1.048,1.075,0.968,0.950,0.993,1.012,0.973,0.929,0.850,0.877,0.790,0.801,0.814
 "37000","North Carolina",5,SAACVALQ,136,"...","  Graphic design services","Location quotient",0.548,0.597,0.576,0.580,0.571,0.609,0.656,0.506,0.523,0.560,0.598,0.610,0.785,0.787,0.845,0.825,1.026
 "37000","North Carolina",5,SAACVALQ,137,"...","  Computer systems design","Location quotient",0.792,0.796,0.806,0.744,0.748,0.746,0.775,0.713,0.740,0.784,0.787,0.857,0.788,0.822,0.802,0.754,0.728
 "37000","North Carolina",5,SAACVALQ,138,"...","  Photography and photofinishing services","Location quotient",1.242,1.198,1.237,1.315,1.308,1.286,1.244,1.107,1.075,1.077,1.161,1.126,1.113,0.979,0.987,0.928,0.906
 "37000","North Carolina",5,SAACVALQ,139,"...","  All other design services","Location quotient",1.047,1.080,1.149,0.819,0.595,0.662,0.608,0.668,0.967,1.139,1.074,0.635,0.745,0.733,0.535,0.468,0.473
 "37000","North Carolina",5,SAACVALQ,140,"...","  Fine arts education","Location quotient",0.766,0.724,0.731,0.707,0.704,0.684,0.685,0.857,0.959,1.004,0.908,0.843,0.839,0.820,0.703,0.687,0.715
 "37000","North Carolina",5,SAACVALQ,150,"...","  Education services","Location quotient",0.818,0.856,0.840,0.934,0.942,0.952,0.971,0.930,0.975,1.023,1.038,1.019,1.014,1.036,0.992,1.003,0.965
 "37000","North Carolina",5,SAACVALQ,200,"..."," Supporting arts and cultural production","Location quotient",0.654,0.648,0.647,0.648,0.640,0.625,0.622,0.615,0.603,0.616,0.632,0.663,0.665,0.685,0.674,0.645,0.626
 "37000","North Carolina",5,SAACVALQ,211,"...","  Rental and leasing","Location quotient",0.614,0.622,0.650,0.622,0.656,0.689,0.666,0.559,0.558,0.534,0.489,0.454,0.419,0.372,0.342,0.389,0.357
 "37000","North Carolina",5,SAACVALQ,212,"...","  Grantmaking and giving services","Location quotient",0.567,0.585,0.618,0.667,0.703,0.753,0.838,0.772,0.761,0.706,0.715,0.771,0.782,0.726,0.713,0.689,0.676
 "37000","North Carolina",5,SAACVALQ,213,"...","  Unions","Location quotient",0.394,0.237,0.264,0.249,0.240,0.275,0.377,0.366,0.388,0.458,0.453,0.479,0.491,0.481,0.461,0.470,0.462
 "37000","North Carolina",5,SAACVALQ,214,"...","  Government","Location quotient",0.997,0.970,0.964,0.953,0.902,0.866,0.851,0.838,0.845,0.876,0.885,0.883,0.865,0.850,0.846,0.839,0.834
 "37000","North Carolina",5,SAACVALQ,215,"...","  Other support services","Location quotient",0.886,1.046,1.215,1.590,1.695,1.586,1.770,1.196,1.257,1.465,1.423,1.496,1.856,2.007,1.562,1.478,1.413
 "37000","North Carolina",5,SAACVALQ,221,"...","  Publishing","Location quotient",0.565,0.616,0.632,0.671,0.654,0.641,0.613,0.608,0.626,0.644,0.642,0.663,0.699,0.818,0.846,0.892,0.878
 "37000","North Carolina",5,SAACVALQ,222,"...","  Motion pictures","Location quotient",0.106,0.092,0.100,0.097,0.105,0.107,0.119,0.121,0.122,0.120,0.113,0.114,0.120,0.118,0.138,0.142,0.131
 "37000","North Carolina",5,SAACVALQ,223,"...","  Sound recording","Location quotient",0.165,0.200,0.159,0.195,0.234,0.210,0.232,0.264,0.258,0.299,0.330,0.395,0.425,0.414,0.398,0.402,0.378
 "37000","North Carolina",5,SAACVALQ,224,"...","  Broadcasting","Location quotient",0.610,0.646,0.638,0.702,0.678,0.683,0.730,0.720,0.669,0.680,0.695,0.747,0.769,0.783,0.772,0.787,0.797
 "37000","North Carolina",5,SAACVALQ,225,"...","  Other information services","Location quotient",0.240,0.263,0.282,0.282,0.324,0.392,0.219,0.274,0.315,0.308,0.300,0.364,0.248,0.216,0.200,0.177,0.165
 "37000","North Carolina",5,SAACVALQ,231,"...","  Jewelry and silverware manufacturing","Location quotient",0.187,0.224,0.169,0.146,0.162,0.178,0.232,0.159,0.151,0.186,0.235,0.443,0.283,0.285,0.352,0.347,0.341
 "37000","North Carolina",5,SAACVALQ,232,"...","  Printed goods manufacturing","Location quotient",0.727,0.766,0.799,0.817,0.833,0.828,0.874,0.844,0.825,0.857,0.880,0.826,0.850,0.885,0.865,0.887,0.888
 "37000","North Carolina",5,SAACVALQ,233,"...","  Musical instruments manufacturing","Location quotient",0.335,0.368,0.281,0.318,0.227,0.235,0.318,0.284,0.295,0.315,0.320,0.327,0.411,0.392,0.462,0.496,0.487
 "37000","North Carolina",5,SAACVALQ,234,"...","  Custom architectural woodwork and metalwork manufacturing","Location quotient",4.594,4.354,4.298,3.962,3.537,2.737,2.303,1.896,1.717,1.743,1.650,1.513,1.438,1.319,1.308,1.202,1.217
 "37000","North Carolina",5,SAACVALQ,236,"...","  Other goods manufacturing","Location quotient",2.436,2.051,1.741,1.740,1.648,1.636,1.673,1.913,2.190,2.227,1.871,2.301,2.405,2.342,2.351,2.329,2.309
 "37000","North Carolina",5,SAACVALQ,240,"...","  Construction","Location quotient",0.570,0.499,0.740,0.852,0.838,0.674,0.631,0.712,0.682,0.510,0.395,0.435,0.525,0.846,0.887,0.660,0.543
 "37000","North Carolina",5,SAACVALQ,250,"...","  Wholesale and transportation industries","Location quotient",0.902,0.848,0.777,0.698,0.648,0.840,0.876,0.915,1.003,1.178,1.269,1.262,1.377,1.431,1.421,1.315,1.259
 "37000","North Carolina",5,SAACVALQ,260,"...","  Retail industries","Location quotient",0.643,0.658,0.636,0.618,0.603,0.579,0.598,0.612,0.581,0.578,0.660,0.682,0.706,0.687,0.642,0.623,0.603
 "37000","North Carolina",5,SAACVALQ,300,"..."," All other industries 2/","Location quotient",0.990,0.984,0.980,0.979,0.977,0.961,0.978,0.957,0.950,0.968,1.017,1.028,1.033,1.029,1.011,1.018,1.025
"Note: See the included footnote file."
"SAACVALQ: Arts Value Added Location Quotient 1/"
"Last updated: March 17, 2020-- new statistics for 2017; revised statistics for 2001-2016. "
"Source: U.S. Department of Commerce / Bureau of Economic Analysis / Regional Economic Accounts"
