GeoFIPS,GeoName,Region,TableName,LineCode,IndustryClassification,Description,Unit,2001,2002,2003,2004,2005,2006,2007,2008,2009,2010,2011,2012,2013,2014,2015,2016,2017
 "16000","Idaho",7,SAACArtsEmp,1,"...","Total employment","Number of jobs",610828,612909,617083,632988,654842,682736,699031,691217,649645,642637,646362,652207,667781,685329,703764,726544,749316
 "16000","Idaho",7,SAACArtsEmp,10,"...","Total ACPSA employment","Number of jobs",23451,23491,22459,22372,21575,21546,21404,21338,19951,20013,19492,19239,19699,19863,20130,20343,20785
 "16000","Idaho",7,SAACArtsEmp,100,"..."," Core arts and cultural production","Number of jobs",2758,2884,3004,3081,3136,3326,3418,3330,3023,2900,2903,2875,2855,3072,3270,3438,3585
 "16000","Idaho",7,SAACArtsEmp,111,"...","  Performing arts companies","Number of jobs",236,255,257,300,283,305,322,322,359,379,406,409,379,404,447,468,470
 "16000","Idaho",7,SAACArtsEmp,112,"...","  Promoters of performing arts and similar events","Number of jobs",60,69,91,86,83,95,114,113,192,223,212,225,241,295,318,356,360
 "16000","Idaho",7,SAACArtsEmp,113,"...","  Agents/managers for artists","Number of jobs",4,5,2,4,6,6,8,8,10,9,(D),(D),(D),4,5,7,13
 "16000","Idaho",7,SAACArtsEmp,114,"...","  Independent artists, writers, and performers","Number of jobs",162,198,225,83,108,110,106,110,88,94,(D),(D),(D),94,111,119,144
 "16000","Idaho",7,SAACArtsEmp,120,"...","  Museums","Number of jobs",(D),155,160,170,181,168,177,191,182,182,221,232,243,228,243,264,(D)
 "16000","Idaho",7,SAACArtsEmp,131,"...","  Advertising","Number of jobs",363,399,405,443,417,404,(D),(D),(D),(D),(D),(D),(D),(D),(D),479,471
 "16000","Idaho",7,SAACArtsEmp,132,"...","  Architectural services","Number of jobs",583,565,560,558,600,671,726,691,540,465,424,413,414,423,460,504,530
 "16000","Idaho",7,SAACArtsEmp,133,"...","  Landscape architectural services","Number of jobs",76,82,145,154,180,217,198,201,150,130,116,108,82,94,109,111,121
 "16000","Idaho",7,SAACArtsEmp,134,"...","  Interior design services","Number of jobs",54,55,94,104,115,112,110,109,73,70,68,68,75,98,127,117,117
 "16000","Idaho",7,SAACArtsEmp,135,"...","  Industrial design services","Number of jobs",(D),(D),(D),(D),(D),0,(D),(D),(D),(D),(D),(D),4,3,8,9,7
 "16000","Idaho",7,SAACArtsEmp,136,"...","  Graphic design services","Number of jobs",157,178,198,313,316,352,355,370,323,274,251,183,171,199,241,231,233
 "16000","Idaho",7,SAACArtsEmp,137,"...","  Computer systems design","Number of jobs",42,39,42,45,46,44,47,49,49,48,49,50,52,57,60,67,72
 "16000","Idaho",7,SAACArtsEmp,138,"...","  Photography and photofinishing services","Number of jobs",600,557,547,518,510,510,(D),(D),(D),(D),(D),(D),(D),(D),(D),259,244
 "16000","Idaho",7,SAACArtsEmp,139,"...","  All other design services","Number of jobs",(D),(D),(D),(D),(D),26,(D),(D),(D),(D),(D),(D),18,18,21,26,33
 "16000","Idaho",7,SAACArtsEmp,140,"...","  Fine arts education","Number of jobs",104,102,79,106,126,115,117,124,127,142,152,152,168,152,136,147,(D)
 "16000","Idaho",7,SAACArtsEmp,150,"...","  Education services","Number of jobs",158,211,182,180,142,191,240,168,143,161,196,232,235,246,244,274,282
 "16000","Idaho",7,SAACArtsEmp,200,"..."," Supporting arts and cultural production","Number of jobs",19762,19663,18553,18398,17529,17294,17028,17085,16067,16334,15832,15656,16147,16058,16101,16113,16404
 "16000","Idaho",7,SAACArtsEmp,211,"...","  Rental and leasing","Number of jobs",376,384,444,477,454,451,412,347,285,185,116,(D),(D),(D),(D),60,(D)
 "16000","Idaho",7,SAACArtsEmp,212,"...","  Grantmaking and giving services","Number of jobs",19,21,23,21,20,22,22,20,21,22,23,28,29,29,28,28,29
 "16000","Idaho",7,SAACArtsEmp,213,"...","  Unions","Number of jobs",36,30,34,34,35,35,35,38,41,37,41,39,45,44,44,41,48
 "16000","Idaho",7,SAACArtsEmp,214,"...","  Government","Number of jobs",10925,11135,9933,9233,8035,7361,6346,6317,6497,6713,6713,6776,6805,6822,6745,6888,6938
 "16000","Idaho",7,SAACArtsEmp,215,"...","  Other support services","Number of jobs",14,(D),13,13,(D),16,18,17,14,11,11,9,9,(D),(D),12,17
 "16000","Idaho",7,SAACArtsEmp,221,"...","  Publishing","Number of jobs",1513,1449,1525,1457,1506,1472,1553,1516,1324,1266,1224,1179,1146,1092,(D),1021,960
 "16000","Idaho",7,SAACArtsEmp,222,"...","  Motion pictures","Number of jobs",802,748,755,781,917,926,923,964,869,838,823,827,788,719,(D),836,898
 "16000","Idaho",7,SAACArtsEmp,223,"...","  Sound recording","Number of jobs",17,12,4,17,49,69,13,11,12,11,(D),4,4,4,3,(D),4
 "16000","Idaho",7,SAACArtsEmp,224,"...","  Broadcasting","Number of jobs",1091,1169,1241,1503,1618,1712,1895,1968,1869,1878,1869,1792,1719,1801,1757,1763,1636
 "16000","Idaho",7,SAACArtsEmp,225,"...","  Other information services","Number of jobs",(D),203,229,260,(D),(D),279,303,306,292,301,349,391,433,434,268,312
 "16000","Idaho",7,SAACArtsEmp,231,"...","  Jewelry and silverware manufacturing","Number of jobs",40,39,45,43,51,56,54,41,23,21,22,(D),(D),30,29,28,32
 "16000","Idaho",7,SAACArtsEmp,232,"...","  Printed goods manufacturing","Number of jobs",346,274,273,281,271,277,326,307,238,201,227,212,215,204,192,202,211
 "16000","Idaho",7,SAACArtsEmp,233,"...","  Musical instruments manufacturing","Number of jobs",(D),(D),(D),(D),(D),(D),(D),(D),(D),13,(D),(D),(D),0,0,0,(D)
 "16000","Idaho",7,SAACArtsEmp,234,"...","  Custom architectural woodwork and metalwork manufacturing","Number of jobs",100,142,122,132,147,166,(D),(D),(D),106,109,(D),(D),(D),123,125,125
 "16000","Idaho",7,SAACArtsEmp,236,"...","  Other goods manufacturing","Number of jobs",40,35,(D),(D),16,17,19,14,11,13,16,15,(D),13,13,13,13
 "16000","Idaho",7,SAACArtsEmp,240,"...","  Construction","Number of jobs",887,679,591,764,580,457,739,820,409,624,410,325,563,555,579,564,1048
 "16000","Idaho",7,SAACArtsEmp,250,"...","  Wholesale and transportation industries","Number of jobs",695,693,663,664,664,676,676,608,640,687,699,733,957,(D),837,(D),885
 "16000","Idaho",7,SAACArtsEmp,260,"...","  Retail industries","Number of jobs",2670,2634,2637,2696,2844,3228,3510,3603,3384,3416,3205,3116,3214,3323,3342,3371,3183
 "16000","Idaho",7,SAACArtsEmp,300,"..."," All other industries 2/","Number of jobs",931,943,902,893,910,925,958,923,861,778,758,709,698,733,759,792,796
"Note: See the included footnote file."
"SAACArtsEmp: ACPSA full-time and part-time employment by ACPSA industry 1/"
"Last updated: March 17, 2020-- new statistics for 2017; revised statistics for 2001-2016. "
"Source: U.S. Department of Commerce / Bureau of Economic Analysis / Regional Economic Accounts"
