GeoFIPS,GeoName,Region,TableName,LineCode,IndustryClassification,Description,Unit,2001,2002,2003,2004,2005,2006,2007,2008,2009,2010,2011,2012,2013,2014,2015,2016,2017
 "38000","North Dakota",4,SAACEmpLQ,10,"...","Total","Location quotient",0.989,1.002,0.994,0.964,0.949,0.922,0.895,0.889,0.924,0.928,0.921,0.912,0.889,0.854,0.902,0.934,0.934
 "38000","North Dakota",4,SAACEmpLQ,100,"..."," Core arts and cultural production","Location quotient",0.664,0.691,0.684,0.715,0.662,0.625,0.611,0.596,0.614,0.597,0.579,0.538,0.541,0.522,0.557,0.589,0.568
 "38000","North Dakota",4,SAACEmpLQ,111,"...","  Performing arts companies","Location quotient",0.500,0.380,0.329,0.347,0.331,(D),(D),0.323,0.317,0.329,0.316,0.301,0.314,0.337,0.284,0.346,0.321
 "38000","North Dakota",4,SAACEmpLQ,112,"...","  Promoters of performing arts and similar events","Location quotient",0.715,1.428,1.563,2.044,1.594,1.359,1.251,1.408,1.584,1.514,1.579,1.397,1.364,1.199,1.329,1.450,1.261
 "38000","North Dakota",4,SAACEmpLQ,113,"...","  Agents/managers for artists","Location quotient",(D),(D),(D),(D),(D),(D),(D),(D),(D),(D),(D),(D),0.107,0.073,(D),(D),(D)
 "38000","North Dakota",4,SAACEmpLQ,114,"...","  Independent artists, writers, and performers","Location quotient",(D),(D),(D),(D),(D),(D),(D),(D),(D),(D),(D),(D),0.371,0.383,0.430,0.547,0.654
 "38000","North Dakota",4,SAACEmpLQ,120,"...","  Museums","Location quotient",0.705,0.736,0.724,0.727,0.699,0.665,(D),(D),0.453,0.412,0.407,0.395,0.405,0.397,0.388,0.394,0.402
 "38000","North Dakota",4,SAACEmpLQ,131,"...","  Advertising","Location quotient",0.597,0.619,0.632,(D),(D),0.733,0.732,0.669,0.632,0.603,0.588,0.551,0.562,0.552,0.566,(D),0.577
 "38000","North Dakota",4,SAACEmpLQ,132,"...","  Architectural services","Location quotient",0.512,0.529,0.539,0.564,0.523,0.499,0.494,0.508,0.540,0.533,0.549,0.558,0.596,0.578,0.679,0.684,0.647
 "38000","North Dakota",4,SAACEmpLQ,133,"...","  Landscape architectural services","Location quotient",(D),(D),0.181,0.206,0.166,(D),(D),(D),(D),(D),(D),0.118,(D),(D),(D),(D),(D)
 "38000","North Dakota",4,SAACEmpLQ,134,"...","  Interior design services","Location quotient",0.055,0.056,0.150,0.198,(D),(D),0.306,0.278,(D),(D),(D),(D),(D),(D),0.251,0.219,0.252
 "38000","North Dakota",4,SAACEmpLQ,135,"...","  Industrial design services","Location quotient",0.000,0.000,0.000,0.000,(D),(D),0.000,0.000,0.000,0.000,0.000,0.000,0.000,0.000,(D),(D),(D)
 "38000","North Dakota",4,SAACEmpLQ,136,"...","  Graphic design services","Location quotient",0.103,0.120,0.182,0.210,0.294,0.269,0.289,0.291,0.295,0.288,0.257,0.294,0.276,0.309,0.412,0.355,0.314
 "38000","North Dakota",4,SAACEmpLQ,137,"...","  Computer systems design","Location quotient",(D),(D),(D),(D),(D),(D),(D),(D),(D),(D),0.554,(D),0.544,0.543,0.490,(D),0.514
 "38000","North Dakota",4,SAACEmpLQ,138,"...","  Photography and photofinishing services","Location quotient",1.520,1.439,1.321,1.223,(D),1.132,1.232,(D),1.189,1.154,1.016,(D),(D),0.859,0.867,(D),0.758
 "38000","North Dakota",4,SAACEmpLQ,139,"...","  All other design services","Location quotient",0.000,0.000,0.000,0.000,0.000,0.000,0.000,0.000,(D),(D),(D),(D),(D),(D),(D),(D),(D)
 "38000","North Dakota",4,SAACEmpLQ,140,"...","  Fine arts education","Location quotient",0.553,0.538,0.664,0.655,0.626,0.625,0.612,0.538,0.531,0.596,0.542,0.521,0.522,0.533,0.644,0.725,0.713
 "38000","North Dakota",4,SAACEmpLQ,150,"...","  Education services","Location quotient",0.804,0.892,0.758,0.753,0.679,0.676,0.654,0.642,0.607,0.584,0.555,0.486,0.510,0.452,0.468,0.474,0.513
 "38000","North Dakota",4,SAACEmpLQ,200,"..."," Supporting arts and cultural production","Location quotient",1.075,1.084,1.079,1.032,1.030,1.006,0.976,0.974,1.014,1.021,1.019,1.023,0.993,0.956,1.012,1.047,1.055
 "38000","North Dakota",4,SAACEmpLQ,211,"...","  Rental and leasing","Location quotient",(D),0.824,(D),0.954,0.947,0.955,0.897,0.891,(D),0.980,(D),1.213,1.366,1.788,1.725,1.438,1.109
 "38000","North Dakota",4,SAACEmpLQ,212,"...","  Grantmaking and giving services","Location quotient",0.399,0.382,0.416,(D),(D),0.496,0.464,0.489,0.518,0.568,0.522,0.490,0.585,0.549,0.494,0.519,0.566
 "38000","North Dakota",4,SAACEmpLQ,213,"...","  Unions","Location quotient",0.536,0.553,0.547,0.527,0.528,0.517,0.487,0.453,0.458,0.411,0.409,0.409,0.392,0.382,0.369,0.409,0.430
 "38000","North Dakota",4,SAACEmpLQ,214,"...","  Government","Location quotient",1.445,1.429,1.372,1.326,1.350,1.330,1.265,1.226,1.239,1.245,1.233,1.247,1.257,1.219,1.311,1.402,1.435
 "38000","North Dakota",4,SAACEmpLQ,215,"...","  Other support services","Location quotient",(D),(D),(D),(D),2.314,2.146,2.162,1.954,1.838,1.190,0.776,0.670,0.439,(D),(D),(D),(D)
 "38000","North Dakota",4,SAACEmpLQ,221,"...","  Publishing","Location quotient",1.260,1.291,1.259,1.237,1.207,1.235,1.284,1.286,1.410,(D),1.350,1.245,1.193,(D),(D),(D),1.223
 "38000","North Dakota",4,SAACEmpLQ,222,"...","  Motion pictures","Location quotient",0.446,(D),0.466,(D),0.438,(D),(D),0.417,(D),0.376,0.366,0.338,(D),0.353,0.347,0.343,(D)
 "38000","North Dakota",4,SAACEmpLQ,223,"...","  Sound recording","Location quotient",(D),(D),(D),0.073,0.072,(D),(D),(D),(D),(D),(D),(D),(D),0.000,0.000,0.000,(D)
 "38000","North Dakota",4,SAACEmpLQ,224,"...","  Broadcasting","Location quotient",0.991,1.032,1.090,1.103,1.126,1.150,1.107,1.085,1.067,(D),(D),(D),0.967,(D),(D),(D),1.002
 "38000","North Dakota",4,SAACEmpLQ,225,"...","  Other information services","Location quotient",0.066,0.074,0.118,0.165,0.159,0.127,0.093,0.109,0.106,0.108,0.086,0.069,(D),(D),(D),(D),(D)
 "38000","North Dakota",4,SAACEmpLQ,231,"...","  Jewelry and silverware manufacturing","Location quotient",0.685,0.616,0.648,0.753,0.677,0.713,0.793,0.938,0.979,1.093,1.019,0.976,0.931,0.914,0.860,0.933,1.012
 "38000","North Dakota",4,SAACEmpLQ,232,"...","  Printed goods manufacturing","Location quotient",0.516,0.539,0.555,0.560,0.578,0.592,0.609,0.614,0.608,0.694,0.630,0.614,0.590,0.572,0.585,0.604,0.587
 "38000","North Dakota",4,SAACEmpLQ,233,"...","  Musical instruments manufacturing","Location quotient",(D),(D),(D),(D),(D),(D),(D),(D),(D),(D),(D),(D),0.000,0.000,0.000,0.000,0.000
 "38000","North Dakota",4,SAACEmpLQ,234,"...","  Custom architectural woodwork and metalwork manufacturing","Location quotient",(D),0.743,0.606,(D),(D),(D),(D),(D),(D),(D),1.060,(D),1.063,1.081,1.162,1.099,1.101
 "38000","North Dakota",4,SAACEmpLQ,236,"...","  Other goods manufacturing","Location quotient",0.554,0.834,0.977,1.128,1.282,1.066,0.948,1.031,0.943,0.913,0.892,0.858,0.865,0.929,1.022,1.057,1.080
 "38000","North Dakota",4,SAACEmpLQ,240,"...","  Construction","Location quotient",1.242,1.030,1.340,0.843,0.637,0.666,0.706,0.998,1.283,1.493,1.748,2.874,2.184,1.304,1.945,1.979,2.655
 "38000","North Dakota",4,SAACEmpLQ,250,"...","  Wholesale and transportation industries","Location quotient",0.341,0.334,0.351,0.341,(D),(D),(D),(D),(D),(D),0.374,0.408,(D),(D),(D),(D),(D)
 "38000","North Dakota",4,SAACEmpLQ,260,"...","  Retail industries","Location quotient",1.025,1.069,1.066,1.056,1.081,1.030,0.983,0.995,1.014,1.084,1.142,1.113,1.069,1.044,1.053,0.978,0.902
 "38000","North Dakota",4,SAACEmpLQ,300,"..."," All other industries 2/","Location quotient",0.934,0.935,0.939,0.933,0.939,0.942,0.948,0.952,0.953,0.952,0.957,0.966,0.966,0.970,0.960,0.945,0.958
"Note: See the included footnote file."
"SAACEmpLQ: Arts Employment Location Quotient 1/"
"Last updated: March 17, 2020-- new statistics for 2017; revised statistics for 2001-2016. "
"Source: U.S. Department of Commerce / Bureau of Economic Analysis / Regional Economic Accounts"
