GeoFIPS,GeoName,Region,TableName,LineCode,IndustryClassification,Description,Unit,2001,2002,2003,2004,2005,2006,2007,2008,2009,2010,2011,2012,2013,2014,2015,2016,2017
 "02000","Alaska",8,SAACCompLQ,10,"...","Total","Location quotient",1.076,1.099,1.064,1.024,0.979,0.956,0.926,0.903,0.903,0.914,0.896,0.892,0.880,0.854,0.849,0.878,0.883
 "02000","Alaska",8,SAACCompLQ,100,"..."," Core arts and cultural production","Location quotient",0.453,0.445,0.441,0.417,0.434,0.413,0.419,0.396,0.388,0.380,0.365,0.361,0.368,0.356,0.319,0.312,0.302
 "02000","Alaska",8,SAACCompLQ,111,"...","  Performing arts companies","Location quotient",0.634,0.677,0.582,0.370,0.378,0.315,0.317,0.284,0.305,0.287,0.291,0.347,0.356,0.387,0.313,0.345,0.363
 "02000","Alaska",8,SAACCompLQ,112,"...","  Promoters of performing arts and similar events","Location quotient",(D),(D),(D),0.279,(D),0.235,0.438,0.428,0.433,0.370,0.392,0.369,0.372,0.394,0.388,0.389,0.389
 "02000","Alaska",8,SAACCompLQ,113,"...","  Agents/managers for artists","Location quotient",(D),(D),(D),(D),(D),(D),(D),(D),0.000,(D),(D),(D),(D),(D),(D),(D),(D)
 "02000","Alaska",8,SAACCompLQ,114,"...","  Independent artists, writers, and performers","Location quotient",0.215,0.141,0.117,(D),0.111,(D),(D),(D),0.080,(D),(D),(D),(D),(D),(D),(D),(D)
 "02000","Alaska",8,SAACCompLQ,120,"...","  Museums","Location quotient",1.034,1.148,1.219,1.409,1.441,1.565,1.533,1.470,1.010,0.967,0.990,0.938,0.947,0.952,0.974,0.948,1.042
 "02000","Alaska",8,SAACCompLQ,131,"...","  Advertising","Location quotient",0.213,0.205,0.179,0.187,0.186,0.190,0.190,0.206,0.192,0.189,0.151,(D),0.166,(D),0.182,0.171,0.174
 "02000","Alaska",8,SAACCompLQ,132,"...","  Architectural services","Location quotient",0.957,0.953,1.022,1.008,0.982,0.885,0.891,0.803,0.883,0.965,0.921,0.880,0.847,0.795,0.674,0.580,0.510
 "02000","Alaska",8,SAACCompLQ,133,"...","  Landscape architectural services","Location quotient",(D),(D),0.460,0.549,0.600,(D),(D),(D),(D),(D),(D),0.184,(D),(D),(D),(D),(D)
 "02000","Alaska",8,SAACCompLQ,134,"...","  Interior design services","Location quotient",0.245,(D),0.277,(D),0.242,(D),(D),(D),0.180,0.192,(D),0.124,0.134,0.120,(D),(D),0.098
 "02000","Alaska",8,SAACCompLQ,135,"...","  Industrial design services","Location quotient",0.000,0.000,0.000,(D),(D),(D),(D),(D),(D),0.000,0.000,(D),(D),(D),(D),(D),(D)
 "02000","Alaska",8,SAACCompLQ,136,"...","  Graphic design services","Location quotient",0.043,(D),0.073,(D),0.062,(D),0.024,0.018,0.028,(D),0.045,0.054,0.069,0.114,0.151,0.173,0.156
 "02000","Alaska",8,SAACCompLQ,137,"...","  Computer systems design","Location quotient",0.269,0.329,(D),0.284,0.286,0.284,(D),0.272,0.305,0.314,0.273,0.247,0.227,0.188,0.173,0.191,0.193
 "02000","Alaska",8,SAACCompLQ,138,"...","  Photography and photofinishing services","Location quotient",(D),0.280,0.262,0.251,0.317,(D),(D),(D),(D),(D),0.257,0.239,0.221,(D),(D),(D),(D)
 "02000","Alaska",8,SAACCompLQ,139,"...","  All other design services","Location quotient",0.000,0.000,0.000,0.000,(D),(D),(D),(D),(D),(D),(D),(D),(D),(D),(D),(D),(D)
 "02000","Alaska",8,SAACCompLQ,140,"...","  Fine arts education","Location quotient",0.588,(D),(D),0.601,0.600,0.618,(D),0.598,(D),0.551,0.608,0.591,0.635,0.645,0.736,0.768,0.720
 "02000","Alaska",8,SAACCompLQ,150,"...","  Education services","Location quotient",0.352,0.334,0.330,0.254,0.220,0.228,0.242,0.208,0.187,0.184,0.173,0.153,0.159,0.154,0.143,0.133,0.137
 "02000","Alaska",8,SAACCompLQ,200,"..."," Supporting arts and cultural production","Location quotient",1.226,1.259,1.220,1.178,1.122,1.107,1.068,1.044,1.040,1.048,1.029,1.033,1.009,0.981,0.986,1.029,1.039
 "02000","Alaska",8,SAACCompLQ,211,"...","  Rental and leasing","Location quotient",(D),(D),0.711,0.651,0.622,0.634,0.605,0.631,0.597,0.625,(D),(D),0.394,(D),(D),(D),(D)
 "02000","Alaska",8,SAACCompLQ,212,"...","  Grantmaking and giving services","Location quotient",1.045,1.019,1.143,1.180,1.195,(D),1.017,0.964,0.915,0.912,0.898,(D),0.943,0.869,0.914,(D),0.937
 "02000","Alaska",8,SAACCompLQ,213,"...","  Unions","Location quotient",(D),1.118,(D),(D),(D),1.167,1.112,1.076,1.050,1.074,1.035,0.991,0.982,0.996,0.961,0.978,(D)
 "02000","Alaska",8,SAACCompLQ,214,"...","  Government","Location quotient",2.591,2.444,2.355,2.331,2.245,2.241,2.236,2.113,2.082,2.171,2.229,2.261,2.150,2.200,2.234,2.356,2.532
 "02000","Alaska",8,SAACCompLQ,215,"...","  Other support services","Location quotient",0.251,0.192,0.208,0.243,0.198,0.180,0.169,0.184,0.227,0.254,0.277,0.258,0.220,0.205,0.203,0.194,0.218
 "02000","Alaska",8,SAACCompLQ,221,"...","  Publishing","Location quotient",0.270,0.296,0.294,0.293,0.288,0.276,0.261,0.253,0.226,0.193,0.173,0.145,(D),(D),(D),(D),(D)
 "02000","Alaska",8,SAACCompLQ,222,"...","  Motion pictures","Location quotient",0.115,0.119,0.121,0.115,(D),(D),(D),(D),0.093,0.106,0.096,(D),0.104,0.094,(D),(D),(D)
 "02000","Alaska",8,SAACCompLQ,223,"...","  Sound recording","Location quotient",0.164,0.182,0.202,0.122,(D),(D),0.037,0.050,0.046,0.033,0.033,0.026,(D),0.037,0.013,(D),(D)
 "02000","Alaska",8,SAACCompLQ,224,"...","  Broadcasting","Location quotient",0.999,1.033,1.053,1.117,1.123,1.133,(D),1.127,1.126,1.134,1.135,1.092,1.075,1.128,1.221,1.275,1.267
 "02000","Alaska",8,SAACCompLQ,225,"...","  Other information services","Location quotient",0.140,0.167,(D),0.220,(D),(D),0.084,(D),(D),(D),0.080,0.068,(D),(D),(D),0.031,0.029
 "02000","Alaska",8,SAACCompLQ,231,"...","  Jewelry and silverware manufacturing","Location quotient",0.102,0.088,0.094,0.067,0.088,0.099,0.078,0.070,0.057,0.056,0.044,0.057,0.058,(D),(D),(D),(D)
 "02000","Alaska",8,SAACCompLQ,232,"...","  Printed goods manufacturing","Location quotient",0.157,0.135,0.134,0.135,0.131,0.132,0.131,0.137,0.147,0.164,0.192,0.200,0.203,0.206,0.199,0.210,0.215
 "02000","Alaska",8,SAACCompLQ,233,"...","  Musical instruments manufacturing","Location quotient",0.000,0.000,0.000,0.000,0.000,0.000,0.000,0.000,0.000,0.000,0.000,0.000,0.000,0.000,0.000,0.000,0.000
 "02000","Alaska",8,SAACCompLQ,234,"...","  Custom architectural woodwork and metalwork manufacturing","Location quotient",(D),(D),(D),(D),0.146,0.167,(D),0.089,0.080,0.087,0.098,(D),(D),0.087,0.118,(D),(D)
 "02000","Alaska",8,SAACCompLQ,236,"...","  Other goods manufacturing","Location quotient",0.038,0.040,0.039,0.003,0.004,0.004,0.005,0.014,(D),(D),0.010,0.011,0.014,0.011,0.009,0.007,(D)
 "02000","Alaska",8,SAACCompLQ,240,"...","  Construction","Location quotient",1.018,1.639,1.957,1.625,1.608,2.042,2.792,3.060,2.300,1.648,1.461,2.511,3.134,1.939,1.977,1.955,1.220
 "02000","Alaska",8,SAACCompLQ,250,"...","  Wholesale and transportation industries","Location quotient",0.265,0.303,(D),(D),0.349,0.358,0.363,0.345,0.342,0.328,(D),(D),(D),(D),0.338,0.336,(D)
 "02000","Alaska",8,SAACCompLQ,260,"...","  Retail industries","Location quotient",(D),(D),0.426,0.442,0.440,0.447,0.426,(D),0.386,0.363,0.353,0.335,0.340,0.326,0.308,0.323,0.367
 "02000","Alaska",8,SAACCompLQ,300,"..."," All other industries 2/","Location quotient",0.775,0.767,0.757,0.760,0.750,0.762,0.775,0.790,0.788,0.786,0.784,0.781,0.796,0.795,0.797,0.789,0.787
"Note: See the included footnote file."
"SAACCompLQ: Arts Compensation Location Quotient 1/"
"Last updated: March 17, 2020-- new statistics for 2017; revised statistics for 2001-2016. "
"Source: U.S. Department of Commerce / Bureau of Economic Analysis / Regional Economic Accounts"
