GeoFIPS,GeoName,Region,TableName,LineCode,IndustryClassification,Description,Unit,2001,2002,2003,2004,2005,2006,2007,2008,2009,2010,2011,2012,2013,2014,2015,2016,2017
 "38000","North Dakota",4,SAACCompLQ,10,"...","Total","Location quotient",0.918,0.944,0.976,0.954,0.953,0.947,0.842,0.806,0.840,0.818,0.780,0.745,0.710,0.668,0.730,0.791,0.802
 "38000","North Dakota",4,SAACCompLQ,100,"..."," Core arts and cultural production","Location quotient",0.490,0.519,0.494,0.479,0.462,0.442,0.407,0.388,0.397,0.360,0.328,0.314,0.315,0.312,0.330,0.348,0.345
 "38000","North Dakota",4,SAACCompLQ,111,"...","  Performing arts companies","Location quotient",0.294,0.298,0.264,0.291,0.268,(D),(D),0.209,0.199,0.188,0.178,0.159,0.164,0.159,0.157,0.181,0.171
 "38000","North Dakota",4,SAACCompLQ,112,"...","  Promoters of performing arts and similar events","Location quotient",0.404,0.584,0.760,0.864,0.708,0.598,0.587,0.634,0.767,0.743,0.679,0.603,0.586,0.506,0.481,0.599,0.533
 "38000","North Dakota",4,SAACCompLQ,113,"...","  Agents/managers for artists","Location quotient",(D),(D),(D),(D),(D),(D),(D),(D),(D),(D),(D),(D),0.008,0.003,(D),(D),(D)
 "38000","North Dakota",4,SAACCompLQ,114,"...","  Independent artists, writers, and performers","Location quotient",(D),(D),(D),(D),(D),(D),(D),(D),(D),(D),(D),(D),0.083,0.081,0.121,0.140,0.152
 "38000","North Dakota",4,SAACCompLQ,120,"...","  Museums","Location quotient",0.655,0.712,0.678,0.716,0.682,0.619,(D),(D),0.375,0.334,0.291,0.276,0.283,0.281,0.284,0.273,0.278
 "38000","North Dakota",4,SAACCompLQ,131,"...","  Advertising","Location quotient",0.441,0.477,0.472,(D),(D),0.496,0.496,0.444,0.450,0.425,0.390,0.349,0.357,0.327,0.352,(D),0.367
 "38000","North Dakota",4,SAACCompLQ,132,"...","  Architectural services","Location quotient",0.571,0.561,0.539,0.550,0.510,0.490,0.473,0.472,0.496,0.479,0.487,0.514,0.517,0.553,0.593,0.586,0.574
 "38000","North Dakota",4,SAACCompLQ,133,"...","  Landscape architectural services","Location quotient",(D),(D),0.200,0.201,0.095,(D),(D),(D),(D),(D),(D),0.097,(D),(D),(D),(D),(D)
 "38000","North Dakota",4,SAACCompLQ,134,"...","  Interior design services","Location quotient",0.037,0.023,0.044,0.087,(D),(D),0.249,0.210,(D),(D),(D),(D),(D),(D),0.126,0.108,0.145
 "38000","North Dakota",4,SAACCompLQ,135,"...","  Industrial design services","Location quotient",0.000,0.000,0.000,0.000,(D),(D),0.000,0.000,0.000,0.000,0.000,0.000,0.000,0.000,(D),(D),(D)
 "38000","North Dakota",4,SAACCompLQ,136,"...","  Graphic design services","Location quotient",0.097,0.118,0.154,0.180,0.218,0.180,0.183,0.200,0.215,0.195,0.182,0.183,0.192,0.227,0.297,0.290,0.280
 "38000","North Dakota",4,SAACCompLQ,137,"...","  Computer systems design","Location quotient",(D),(D),(D),(D),(D),(D),(D),(D),(D),(D),0.378,(D),0.361,0.393,0.355,(D),0.377
 "38000","North Dakota",4,SAACCompLQ,138,"...","  Photography and photofinishing services","Location quotient",1.553,1.515,1.342,1.164,(D),1.135,1.124,(D),0.983,0.953,0.784,(D),(D),0.680,0.667,(D),0.636
 "38000","North Dakota",4,SAACCompLQ,139,"...","  All other design services","Location quotient",0.000,0.000,0.000,0.000,0.000,0.000,0.000,0.000,(D),(D),(D),(D),(D),(D),(D),(D),(D)
 "38000","North Dakota",4,SAACCompLQ,140,"...","  Fine arts education","Location quotient",0.401,0.386,0.494,0.538,0.486,0.518,0.461,0.366,0.364,0.374,0.321,0.312,0.309,0.317,0.381,0.474,0.507
 "38000","North Dakota",4,SAACCompLQ,150,"...","  Education services","Location quotient",0.921,1.005,1.111,1.043,0.962,0.997,0.638,0.580,0.528,0.457,0.422,0.367,0.359,0.328,0.348,0.355,0.369
 "38000","North Dakota",4,SAACCompLQ,200,"..."," Supporting arts and cultural production","Location quotient",1.011,1.038,1.088,1.066,1.073,1.079,0.952,0.910,0.947,0.921,0.880,0.846,0.795,0.743,0.821,0.900,0.913
 "38000","North Dakota",4,SAACCompLQ,211,"...","  Rental and leasing","Location quotient",(D),0.676,(D),1.090,1.082,0.964,0.731,0.732,(D),0.735,(D),1.148,1.537,2.507,2.503,1.960,1.355
 "38000","North Dakota",4,SAACCompLQ,212,"...","  Grantmaking and giving services","Location quotient",0.441,0.473,0.500,(D),(D),0.597,0.581,0.584,0.607,0.552,0.508,0.468,0.457,0.441,0.458,0.507,0.520
 "38000","North Dakota",4,SAACCompLQ,213,"...","  Unions","Location quotient",0.550,0.540,0.513,0.497,0.511,0.498,0.452,0.422,0.385,0.362,0.327,0.306,0.307,0.286,0.289,0.326,0.345
 "38000","North Dakota",4,SAACCompLQ,214,"...","  Government","Location quotient",1.474,1.454,1.512,1.520,1.599,1.640,1.303,1.235,1.231,1.217,1.170,1.114,1.093,1.067,1.198,1.335,1.391
 "38000","North Dakota",4,SAACCompLQ,215,"...","  Other support services","Location quotient",(D),(D),(D),(D),1.835,1.625,1.599,1.669,1.714,1.126,0.761,0.593,0.389,(D),(D),(D),(D)
 "38000","North Dakota",4,SAACCompLQ,221,"...","  Publishing","Location quotient",1.016,1.152,1.201,1.292,1.232,1.375,1.409,1.242,1.331,(D),1.122,1.022,0.942,(D),(D),(D),0.982
 "38000","North Dakota",4,SAACCompLQ,222,"...","  Motion pictures","Location quotient",0.121,(D),0.133,(D),0.136,(D),(D),0.119,(D),0.111,0.107,0.102,(D),0.100,0.106,0.111,(D)
 "38000","North Dakota",4,SAACCompLQ,223,"...","  Sound recording","Location quotient",(D),(D),(D),0.058,0.049,(D),(D),(D),(D),(D),(D),(D),(D),0.000,0.000,0.000,(D)
 "38000","North Dakota",4,SAACCompLQ,224,"...","  Broadcasting","Location quotient",0.905,0.916,0.962,0.975,1.012,1.024,0.980,0.964,0.943,(D),(D),(D),0.732,(D),(D),(D),0.781
 "38000","North Dakota",4,SAACCompLQ,225,"...","  Other information services","Location quotient",0.090,0.089,0.143,0.162,0.143,0.123,0.065,0.083,0.070,0.061,0.042,0.027,(D),(D),(D),(D),(D)
 "38000","North Dakota",4,SAACCompLQ,231,"...","  Jewelry and silverware manufacturing","Location quotient",0.710,0.610,0.616,0.737,0.687,0.693,0.767,0.796,0.783,0.847,0.799,0.715,0.669,0.602,0.595,0.666,0.713
 "38000","North Dakota",4,SAACCompLQ,232,"...","  Printed goods manufacturing","Location quotient",0.511,0.533,0.531,0.538,0.547,0.555,0.566,0.565,0.582,0.625,0.551,0.517,0.489,0.467,0.483,0.520,0.508
 "38000","North Dakota",4,SAACCompLQ,233,"...","  Musical instruments manufacturing","Location quotient",(D),(D),(D),(D),(D),(D),(D),(D),(D),(D),(D),(D),0.000,0.000,0.000,0.000,0.000
 "38000","North Dakota",4,SAACCompLQ,234,"...","  Custom architectural woodwork and metalwork manufacturing","Location quotient",(D),0.913,0.719,(D),(D),(D),(D),(D),(D),(D),1.046,(D),0.965,0.932,1.041,0.993,0.988
 "38000","North Dakota",4,SAACCompLQ,236,"...","  Other goods manufacturing","Location quotient",0.588,0.891,0.989,1.250,1.229,1.191,1.111,1.162,1.026,1.123,0.975,0.868,0.867,0.861,0.972,1.060,1.132
 "38000","North Dakota",4,SAACCompLQ,240,"...","  Construction","Location quotient",1.399,1.121,1.452,0.923,0.709,0.733,0.767,1.078,1.425,1.623,1.989,3.268,2.555,1.556,2.332,2.334,2.988
 "38000","North Dakota",4,SAACCompLQ,250,"...","  Wholesale and transportation industries","Location quotient",0.297,0.291,0.308,0.294,(D),(D),(D),(D),(D),(D),0.245,0.274,(D),(D),(D),(D),(D)
 "38000","North Dakota",4,SAACCompLQ,260,"...","  Retail industries","Location quotient",1.058,1.124,1.141,1.124,1.179,1.063,0.985,0.973,1.010,1.026,1.074,0.999,0.950,0.894,0.942,0.897,0.822
 "38000","North Dakota",4,SAACCompLQ,300,"..."," All other industries 2/","Location quotient",0.930,0.936,0.938,0.933,0.938,0.942,0.947,0.962,0.967,0.979,1.005,1.031,1.036,1.038,1.016,0.981,1.008
"Note: See the included footnote file."
"SAACCompLQ: Arts Compensation Location Quotient 1/"
"Last updated: March 17, 2020-- new statistics for 2017; revised statistics for 2001-2016. "
"Source: U.S. Department of Commerce / Bureau of Economic Analysis / Regional Economic Accounts"
