GeoFIPS,GeoName,Region,TableName,LineCode,IndustryClassification,Description,Unit,2001,2002,2003,2004,2005,2006,2007,2008,2009,2010,2011,2012,2013,2014,2015,2016,2017
 "22000","Louisiana",5,SAACArtsComp,1,"...","Total compensation","Thousands of dollars",72132080,74714749,77701698,81392146,84499651,89792170,96455219,102573229,101730241,104417536,106202977,109787924,112975589,118222600,120742413,118954665,121450386
 "22000","Louisiana",5,SAACArtsComp,10,"...","Total ACPSA compensation","Thousands of dollars",1838993,1921546,1968670,2072277,2014212,2074645,2256364,2347870,2276655,2445081,2447937,2549992,2655413,2768509,2968492,2788517,2811741
 "22000","Louisiana",5,SAACArtsComp,100,"..."," Core arts and cultural production","Thousands of dollars",240768,250409,267539,294604,281609,288150,325595,342334,346595,374218,(D),385786,404545,442376,439534,435857,458039
 "22000","Louisiana",5,SAACArtsComp,111,"...","  Performing arts companies","Thousands of dollars",21005,18044,13320,16902,13219,13149,12790,(D),14895,13238,16258,(D),13762,15922,14989,15555,16879
 "22000","Louisiana",5,SAACArtsComp,112,"...","  Promoters of performing arts and similar events","Thousands of dollars",6079,11545,14112,22869,20275,21244,28583,32963,36209,35277,29306,39131,40883,44999,42204,49167,44085
 "22000","Louisiana",5,SAACArtsComp,113,"...","  Agents/managers for artists","Thousands of dollars",1293,1650,1906,1205,1121,1482,1689,1646,1356,1415,1834,1107,1104,1240,1533,996,1526
 "22000","Louisiana",5,SAACArtsComp,114,"...","  Independent artists, writers, and performers","Thousands of dollars",10992,7754,8850,8680,13189,7394,8651,5622,10496,47246,44730,22187,33869,48295,47497,41256,40767
 "22000","Louisiana",5,SAACArtsComp,120,"...","  Museums","Thousands of dollars",18212,26266,23294,26270,26324,24131,31170,36431,40000,39017,42039,54778,57042,59029,(D),(D),(D)
 "22000","Louisiana",5,SAACArtsComp,131,"...","  Advertising","Thousands of dollars",30276,30334,32341,37409,37220,39060,44932,42370,37315,36502,38047,45318,48970,49056,57236,53767,62793
 "22000","Louisiana",5,SAACArtsComp,132,"...","  Architectural services","Thousands of dollars",55975,53762,67742,75775,76274,92639,108439,116253,100096,94168,95265,88653,93650,99851,100928,95406,102796
 "22000","Louisiana",5,SAACArtsComp,133,"...","  Landscape architectural services","Thousands of dollars",21206,25747,31157,31129,25445,19546,14815,14789,21635,20523,18008,21221,20541,19735,20123,20816,16219
 "22000","Louisiana",5,SAACArtsComp,134,"...","  Interior design services","Thousands of dollars",2818,2775,3081,3755,3933,4455,5543,6127,5140,5228,5175,13382,12193,11496,9993,7348,7359
 "22000","Louisiana",5,SAACArtsComp,135,"...","  Industrial design services","Thousands of dollars",1153,818,736,584,923,828,815,837,670,394,435,564,314,421,385,709,409
 "22000","Louisiana",5,SAACArtsComp,136,"...","  Graphic design services","Thousands of dollars",10238,7800,6840,6653,5996,5979,7025,7852,8050,7734,8418,10823,8732,8058,9117,9670,12371
 "22000","Louisiana",5,SAACArtsComp,137,"...","  Computer systems design","Thousands of dollars",2980,2863,3241,4217,5269,5971,6923,6128,6102,6434,6786,7692,7542,7960,8991,10422,11822
 "22000","Louisiana",5,SAACArtsComp,138,"...","  Photography and photofinishing services","Thousands of dollars",31995,33295,31820,29326,24908,24459,25383,(D),27528,24787,(D),(D),17700,19193,(D),(D),(D)
 "22000","Louisiana",5,SAACArtsComp,139,"...","  All other design services","Thousands of dollars",4874,4281,4631,4827,4200,4624,1979,2374,3121,2786,2477,3408,4279,6946,6908,5806,4245
 "22000","Louisiana",5,SAACArtsComp,140,"...","  Fine arts education","Thousands of dollars",4558,3796,4916,5983,6132,5954,6625,8555,10104,11423,11026,10760,10891,12552,13691,13978,14557
 "22000","Louisiana",5,SAACArtsComp,150,"...","  Education services","Thousands of dollars",17114,19679,19553,19020,17182,17235,20234,21532,23877,28047,27862,29839,33075,37621,38147,38071,45860
 "22000","Louisiana",5,SAACArtsComp,200,"..."," Supporting arts and cultural production","Thousands of dollars",1485693,1555113,1586847,1662427,1614388,1663401,1798117,1868692,1797138,1945929,1955936,2045527,2132691,2198991,2400099,2226437,2229161
 "22000","Louisiana",5,SAACArtsComp,211,"...","  Rental and leasing","Thousands of dollars",48070,61210,52662,52497,48646,61316,61516,59724,51802,48510,49805,55288,60002,53940,57947,59005,55624
 "22000","Louisiana",5,SAACArtsComp,212,"...","  Grantmaking and giving services","Thousands of dollars",1164,1471,1982,2029,2420,2918,3782,4081,4550,3738,4793,3230,3682,3719,4117,3957,4076
 "22000","Louisiana",5,SAACArtsComp,213,"...","  Unions","Thousands of dollars",3547,3188,3330,3449,3342,3435,3214,3655,4088,3890,4083,4107,4608,4486,4769,4443,4704
 "22000","Louisiana",5,SAACArtsComp,214,"...","  Government","Thousands of dollars",663865,703595,702516,720881,677658,651751,690906,727247,736999,774718,783216,768495,811031,853030,848745,860746,910895
 "22000","Louisiana",5,SAACArtsComp,215,"...","  Other support services","Thousands of dollars",694,506,658,588,625,623,545,565,432,340,427,529,440,442,501,422,553
 "22000","Louisiana",5,SAACArtsComp,221,"...","  Publishing","Thousands of dollars",109384,110004,117994,118352,115619,(D),120818,117719,104047,97617,91463,98266,99993,96429,101065,94260,89599
 "22000","Louisiana",5,SAACArtsComp,222,"...","  Motion pictures","Thousands of dollars",34391,38445,49151,74093,105964,100054,160173,181547,151541,221937,220152,251316,304975,328629,384165,238692,226863
 "22000","Louisiana",5,SAACArtsComp,223,"...","  Sound recording","Thousands of dollars",2702,2302,2504,(D),(D),(D),2381,2322,2450,2745,3099,5858,6538,7478,5656,5344,4449
 "22000","Louisiana",5,SAACArtsComp,224,"...","  Broadcasting","Thousands of dollars",(D),(D),(D),(D),260951,262285,273363,300782,310505,318231,323986,354263,345621,364055,370429,367225,369807
 "22000","Louisiana",5,SAACArtsComp,225,"...","  Other information services","Thousands of dollars",10560,7242,7637,8240,10020,12571,8962,11654,10883,12251,12995,13996,13575,13197,13035,12780,11664
 "22000","Louisiana",5,SAACArtsComp,231,"...","  Jewelry and silverware manufacturing","Thousands of dollars",41175,40046,48212,60358,61695,65544,71607,84315,50505,41505,(D),(D),(D),(D),(D),(D),(D)
 "22000","Louisiana",5,SAACArtsComp,232,"...","  Printed goods manufacturing","Thousands of dollars",(D),(D),(D),18982,18020,18734,23203,24075,23391,23392,25931,26339,27193,27552,25728,25008,25395
 "22000","Louisiana",5,SAACArtsComp,233,"...","  Musical instruments manufacturing","Thousands of dollars",648,(D),(D),923,(D),1105,1351,1090,1438,749,(D),(D),(D),(D),(D),(D),(D)
 "22000","Louisiana",5,SAACArtsComp,234,"...","  Custom architectural woodwork and metalwork manufacturing","Thousands of dollars",3088,4577,3919,4190,4162,3304,5616,6199,7236,6739,7808,8715,9344,9131,11452,12477,11241
 "22000","Louisiana",5,SAACArtsComp,236,"...","  Other goods manufacturing","Thousands of dollars",16908,17634,19330,20289,18437,19856,24573,20169,17310,19629,18632,16484,14847,15893,18566,18244,18969
 "22000","Louisiana",5,SAACArtsComp,240,"...","  Construction","Thousands of dollars",128995,121140,130929,113815,76401,129984,118810,96271,108667,150778,131316,136044,104813,90082,192301,158027,114233
 "22000","Louisiana",5,SAACArtsComp,250,"...","  Wholesale and transportation industries","Thousands of dollars",77215,78343,74359,83046,83967,86768,90866,92155,78900,89504,108121,118035,138889,139313,156058,160312,163250
 "22000","Louisiana",5,SAACArtsComp,260,"...","  Retail industries","Thousands of dollars",121500,120921,121476,124271,123629,131092,136433,135122,132395,129655,136225,134847,138128,135857,150040,149887,146250
 "22000","Louisiana",5,SAACArtsComp,300,"..."," All other industries 2/","Thousands of dollars",112532,116024,114284,115246,118214,123093,132652,136843,132922,124934,(D),118679,118177,127142,128859,126223,124540
"Note: See the included footnote file."
"SAACArtsComp: ACPSA compensation by ACPSA industry 1/"
"Last updated: March 17, 2020-- new statistics for 2017; revised statistics for 2001-2016. "
"Source: U.S. Department of Commerce / Bureau of Economic Analysis / Regional Economic Accounts"
