GeoFIPS,GeoName,Region,TableName,LineCode,IndustryClassification,Description,Unit,2001,2002,2003,2004,2005,2006,2007,2008,2009,2010,2011,2012,2013,2014,2015,2016,2017
 "31000","Nebraska",4,SAACArtsEmp,1,"...","Total employment","Number of jobs",951554,945677,948562,955181,962567,972964,986050,990945,969796,966605,970527,988861,1000260,1013648,1030828,1036362,1040706
 "31000","Nebraska",4,SAACArtsEmp,10,"...","Total ACPSA employment","Number of jobs",36851,35664,34821,34026,32624,32339,31322,30964,29571,29730,29124,29299,28667,28758,29136,29065,28735
 "31000","Nebraska",4,SAACArtsEmp,100,"..."," Core arts and cultural production","Number of jobs",7018,6646,6699,6777,6635,6676,6691,6740,6523,6474,6700,6983,7238,7393,7560,7447,7573
 "31000","Nebraska",4,SAACArtsEmp,111,"...","  Performing arts companies","Number of jobs",482,552,491,562,566,564,508,483,(D),(D),433,390,403,405,(D),(D),(D)
 "31000","Nebraska",4,SAACArtsEmp,112,"...","  Promoters of performing arts and similar events","Number of jobs",279,264,357,444,505,526,676,737,766,761,903,941,1083,1269,1238,1214,1202
 "31000","Nebraska",4,SAACArtsEmp,113,"...","  Agents/managers for artists","Number of jobs",7,7,7,6,11,9,17,7,5,4,5,9,7,10,11,15,17
 "31000","Nebraska",4,SAACArtsEmp,114,"...","  Independent artists, writers, and performers","Number of jobs",238,228,260,252,250,243,320,276,308,417,485,549,606,565,614,475,420
 "31000","Nebraska",4,SAACArtsEmp,120,"...","  Museums","Number of jobs",845,887,888,956,946,936,948,972,1020,1013,969,1029,1082,1155,1209,1261,1327
 "31000","Nebraska",4,SAACArtsEmp,131,"...","  Advertising","Number of jobs",1311,1155,1143,1045,906,931,776,806,752,785,799,840,803,749,733,702,771
 "31000","Nebraska",4,SAACArtsEmp,132,"...","  Architectural services","Number of jobs",1002,980,966,998,1022,1036,1076,1118,1068,984,964,974,964,963,982,1009,1018
 "31000","Nebraska",4,SAACArtsEmp,133,"...","  Landscape architectural services","Number of jobs",260,168,135,95,96,75,71,67,61,54,47,56,56,51,57,44,44
 "31000","Nebraska",4,SAACArtsEmp,134,"...","  Interior design services","Number of jobs",63,65,102,116,134,148,158,151,137,127,131,160,163,165,182,189,219
 "31000","Nebraska",4,SAACArtsEmp,135,"...","  Industrial design services","Number of jobs",(D),(D),(D),(D),(D),20,21,25,21,12,(D),(D),(D),(D),37,38,33
 "31000","Nebraska",4,SAACArtsEmp,136,"...","  Graphic design services","Number of jobs",312,228,212,209,244,210,208,213,195,194,166,175,184,188,192,196,191
 "31000","Nebraska",4,SAACArtsEmp,137,"...","  Computer systems design","Number of jobs",110,103,105,107,104,111,116,117,114,115,119,124,124,122,128,131,140
 "31000","Nebraska",4,SAACArtsEmp,138,"...","  Photography and photofinishing services","Number of jobs",1200,1095,1033,935,766,756,730,634,(D),(D),(D),(D),(D),(D),(D),(D),(D)
 "31000","Nebraska",4,SAACArtsEmp,139,"...","  All other design services","Number of jobs",(D),(D),(D),(D),(D),11,15,20,14,14,(D),(D),(D),(D),6,8,9
 "31000","Nebraska",4,SAACArtsEmp,140,"...","  Fine arts education","Number of jobs",(D),324,369,426,450,501,554,613,613,628,655,694,776,846,889,933,971
 "31000","Nebraska",4,SAACArtsEmp,150,"...","  Education services","Number of jobs",473,565,607,605,614,599,496,502,435,431,425,447,445,418,430,396,413
 "31000","Nebraska",4,SAACArtsEmp,200,"..."," Supporting arts and cultural production","Number of jobs",28360,27551,26729,25891,24636,24337,23278,22900,21776,22097,21297,21251,20393,20290,20481,20504,20067
 "31000","Nebraska",4,SAACArtsEmp,211,"...","  Rental and leasing","Number of jobs",(D),479,514,529,445,393,356,312,287,219,175,155,133,105,100,(D),75
 "31000","Nebraska",4,SAACArtsEmp,212,"...","  Grantmaking and giving services","Number of jobs",58,57,66,58,51,59,63,61,75,77,77,61,59,58,60,65,67
 "31000","Nebraska",4,SAACArtsEmp,213,"...","  Unions","Number of jobs",71,61,68,70,71,72,62,68,75,65,72,68,83,75,81,73,86
 "31000","Nebraska",4,SAACArtsEmp,214,"...","  Government","Number of jobs",13262,13501,12403,11191,10152,9186,7934,8026,8179,8303,8282,8281,8260,8121,8031,8050,8089
 "31000","Nebraska",4,SAACArtsEmp,215,"...","  Other support services","Number of jobs",(D),(D),(D),(D),(D),(D),(D),(D),(D),(D),(D),107,104,105,107,101,99
 "31000","Nebraska",4,SAACArtsEmp,221,"...","  Publishing","Number of jobs",1941,1915,1995,1930,1998,1970,2114,1988,1690,1607,1565,1542,1637,1615,1607,1890,1731
 "31000","Nebraska",4,SAACArtsEmp,222,"...","  Motion pictures","Number of jobs",1115,984,992,1087,1113,1041,1034,977,959,994,940,934,919,950,1010,977,1021
 "31000","Nebraska",4,SAACArtsEmp,223,"...","  Sound recording","Number of jobs",29,30,30,33,33,43,41,39,25,23,23,25,19,19,17,17,18
 "31000","Nebraska",4,SAACArtsEmp,224,"...","  Broadcasting","Number of jobs",(D),1793,1891,(D),2121,2179,2468,2461,2487,2340,2420,2435,2426,(D),(D),2733,2583
 "31000","Nebraska",4,SAACArtsEmp,225,"...","  Other information services","Number of jobs",337,(D),373,344,299,178,130,(D),(D),(D),(D),(D),(D),(D),(D),(D),(D)
 "31000","Nebraska",4,SAACArtsEmp,231,"...","  Jewelry and silverware manufacturing","Number of jobs",16,18,15,(D),(D),(D),(D),(D),(D),(D),(D),(D),(D),(D),0,0,0
 "31000","Nebraska",4,SAACArtsEmp,232,"...","  Printed goods manufacturing","Number of jobs",(D),(D),(D),(D),(D),(D),955,905,831,737,662,643,629,582,555,559,526
 "31000","Nebraska",4,SAACArtsEmp,233,"...","  Musical instruments manufacturing","Number of jobs",(D),(D),(D),(D),(D),(D),(D),(D),(D),(D),(D),(D),(D),(D),(D),(D),(D)
 "31000","Nebraska",4,SAACArtsEmp,234,"...","  Custom architectural woodwork and metalwork manufacturing","Number of jobs",40,52,(D),(D),(D),(D),(D),(D),(D),(D),(D),(D),(D),(D),(D),(D),(D)
 "31000","Nebraska",4,SAACArtsEmp,236,"...","  Other goods manufacturing","Number of jobs",(D),45,47,44,47,44,60,52,38,(D),36,33,27,28,26,25,26
 "31000","Nebraska",4,SAACArtsEmp,240,"...","  Construction","Number of jobs",1740,971,869,1031,876,783,678,580,559,909,1015,1350,658,1015,1129,988,1119
 "31000","Nebraska",4,SAACArtsEmp,250,"...","  Wholesale and transportation industries","Number of jobs",1046,1052,984,1027,1051,1002,1003,1018,803,943,1011,822,775,718,690,611,472
 "31000","Nebraska",4,SAACArtsEmp,260,"...","  Retail industries","Number of jobs",5277,5283,5521,5480,5357,(D),(D),(D),5398,5506,4689,4518,4387,4073,3963,3771,3533
 "31000","Nebraska",4,SAACArtsEmp,300,"..."," All other industries 2/","Number of jobs",1473,1466,1393,1357,1353,1326,1354,1323,1272,1159,1128,1065,1036,1076,1095,1113,1095
"Note: See the included footnote file."
"SAACArtsEmp: ACPSA full-time and part-time employment by ACPSA industry 1/"
"Last updated: March 17, 2020-- new statistics for 2017; revised statistics for 2001-2016. "
"Source: U.S. Department of Commerce / Bureau of Economic Analysis / Regional Economic Accounts"
