GeoFIPS,GeoName,Region,TableName,LineCode,IndustryClassification,Description,Unit,2001,2002,2003,2004,2005,2006,2007,2008,2009,2010,2011,2012,2013,2014,2015,2016,2017
 "31000","Nebraska",4,SAACCompLQ,10,"...","Total","Location quotient",0.800,0.781,0.784,0.792,0.774,0.762,0.723,0.709,0.710,0.719,0.711,0.706,0.671,0.665,0.655,0.669,0.657
 "31000","Nebraska",4,SAACCompLQ,100,"..."," Core arts and cultural production","Location quotient",0.747,0.718,0.720,0.713,0.699,0.683,0.676,0.669,0.708,0.710,0.714,0.736,0.739,0.705,0.650,0.650,0.661
 "31000","Nebraska",4,SAACCompLQ,111,"...","  Performing arts companies","Location quotient",0.429,0.472,0.422,0.441,0.514,0.519,0.422,0.389,(D),(D),0.408,0.396,0.404,0.417,(D),(D),(D)
 "31000","Nebraska",4,SAACCompLQ,112,"...","  Promoters of performing arts and similar events","Location quotient",0.372,0.372,0.530,0.664,0.634,0.672,0.849,0.876,0.893,0.964,1.097,1.055,1.061,1.011,0.946,0.958,0.928
 "31000","Nebraska",4,SAACCompLQ,113,"...","  Agents/managers for artists","Location quotient",0.057,0.054,0.052,0.031,0.029,0.040,0.064,0.034,0.027,0.044,0.029,0.057,0.042,0.066,0.060,0.061,0.063
 "31000","Nebraska",4,SAACCompLQ,114,"...","  Independent artists, writers, and performers","Location quotient",0.431,0.277,0.255,0.231,0.218,0.206,0.307,0.250,0.269,0.344,0.346,0.519,0.579,0.548,0.350,0.393,0.405
 "31000","Nebraska",4,SAACCompLQ,120,"...","  Museums","Location quotient",1.034,1.020,1.046,1.073,1.061,1.031,0.989,0.974,1.042,1.022,0.996,1.046,1.052,1.072,1.046,1.126,1.135
 "31000","Nebraska",4,SAACCompLQ,131,"...","  Advertising","Location quotient",0.835,0.837,0.858,0.824,0.755,0.798,0.719,0.738,0.709,0.716,0.697,0.655,0.608,0.544,0.534,0.460,0.496
 "31000","Nebraska",4,SAACCompLQ,132,"...","  Architectural services","Location quotient",1.100,1.162,1.174,1.225,1.143,1.065,1.058,1.105,1.345,1.350,1.355,1.318,1.275,1.221,1.174,1.164,1.167
 "31000","Nebraska",4,SAACCompLQ,133,"...","  Landscape architectural services","Location quotient",0.676,0.443,0.375,0.263,0.259,0.185,0.172,0.156,0.188,0.201,0.184,0.214,0.210,0.174,0.187,0.174,0.187
 "31000","Nebraska",4,SAACCompLQ,134,"...","  Interior design services","Location quotient",0.238,0.240,0.458,0.437,0.449,0.452,0.431,0.408,0.472,0.486,0.460,0.521,0.509,0.467,0.502,0.494,0.629
 "31000","Nebraska",4,SAACCompLQ,135,"...","  Industrial design services","Location quotient",(D),(D),(D),(D),(D),0.165,0.175,0.279,0.310,0.344,(D),(D),(D),(D),0.502,0.403,0.224
 "31000","Nebraska",4,SAACCompLQ,136,"...","  Graphic design services","Location quotient",0.474,0.419,0.403,0.399,0.452,0.370,0.363,0.394,0.398,0.444,0.368,0.373,0.426,0.439,0.429,0.430,0.403
 "31000","Nebraska",4,SAACCompLQ,137,"...","  Computer systems design","Location quotient",1.070,1.109,1.192,1.187,1.134,1.115,1.034,0.948,0.942,0.889,0.866,0.852,0.841,0.724,0.729,0.742,0.740
 "31000","Nebraska",4,SAACCompLQ,138,"...","  Photography and photofinishing services","Location quotient",1.011,0.967,0.945,0.925,0.830,0.838,0.834,0.751,(D),(D),(D),(D),(D),(D),(D),(D),(D)
 "31000","Nebraska",4,SAACCompLQ,139,"...","  All other design services","Location quotient",(D),(D),(D),(D),(D),0.050,0.060,0.063,0.064,0.067,(D),(D),(D),(D),0.047,0.052,0.056
 "31000","Nebraska",4,SAACCompLQ,140,"...","  Fine arts education","Location quotient",(D),0.427,0.471,0.486,0.491,0.510,0.542,0.542,0.541,0.561,0.591,0.623,0.662,0.744,0.789,0.852,0.889
 "31000","Nebraska",4,SAACCompLQ,150,"...","  Education services","Location quotient",1.030,1.076,1.128,1.121,1.119,1.097,0.866,0.847,0.701,0.704,0.661,0.678,0.648,0.573,0.554,0.509,0.523
 "31000","Nebraska",4,SAACCompLQ,200,"..."," Supporting arts and cultural production","Location quotient",0.806,0.787,0.792,0.804,0.784,0.774,0.725,0.708,0.699,0.711,0.700,0.688,0.644,0.643,0.645,0.663,0.645
 "31000","Nebraska",4,SAACCompLQ,211,"...","  Rental and leasing","Location quotient",(D),0.651,0.640,0.691,0.697,0.681,0.691,0.653,0.721,0.703,0.671,0.710,0.765,0.675,0.671,(D),0.532
 "31000","Nebraska",4,SAACCompLQ,212,"...","  Grantmaking and giving services","Location quotient",1.411,1.327,1.425,1.429,1.282,1.344,1.314,1.362,1.416,1.530,1.512,1.171,1.172,1.080,1.130,1.192,1.195
 "31000","Nebraska",4,SAACCompLQ,213,"...","  Unions","Location quotient",0.380,0.371,0.380,0.404,0.427,0.437,0.418,0.396,0.365,0.368,0.354,0.342,0.355,0.346,0.350,0.357,0.381
 "31000","Nebraska",4,SAACCompLQ,214,"...","  Government","Location quotient",1.124,1.102,1.107,1.102,1.094,1.089,1.007,0.988,0.977,1.030,1.046,1.049,1.026,1.018,1.028,1.043,1.050
 "31000","Nebraska",4,SAACCompLQ,215,"...","  Other support services","Location quotient",(D),(D),(D),(D),(D),(D),(D),(D),(D),(D),(D),4.465,4.253,4.177,4.109,3.677,3.568
 "31000","Nebraska",4,SAACCompLQ,221,"...","  Publishing","Location quotient",0.352,0.370,0.393,0.416,0.443,0.420,0.432,0.423,0.376,0.358,0.355,0.355,0.413,0.398,0.378,0.512,0.467
 "31000","Nebraska",4,SAACCompLQ,222,"...","  Motion pictures","Location quotient",0.123,0.116,0.123,0.123,0.123,0.096,0.093,0.085,0.092,0.088,0.084,0.088,0.092,0.096,0.092,0.081,0.095
 "31000","Nebraska",4,SAACCompLQ,223,"...","  Sound recording","Location quotient",0.070,0.079,0.100,0.108,0.118,0.156,0.160,0.183,0.106,0.098,0.102,0.101,0.096,0.110,0.095,0.089,0.089
 "31000","Nebraska",4,SAACCompLQ,224,"...","  Broadcasting","Location quotient",(D),0.721,0.752,(D),0.760,0.743,0.770,0.748,0.770,0.690,0.702,0.667,0.644,(D),(D),0.701,0.680
 "31000","Nebraska",4,SAACCompLQ,225,"...","  Other information services","Location quotient",0.441,(D),0.634,0.605,0.501,0.259,0.157,(D),(D),(D),(D),(D),(D),(D),(D),(D),(D)
 "31000","Nebraska",4,SAACCompLQ,231,"...","  Jewelry and silverware manufacturing","Location quotient",0.033,0.036,0.039,(D),(D),(D),(D),(D),(D),(D),(D),(D),(D),(D),0.000,0.000,0.000
 "31000","Nebraska",4,SAACCompLQ,232,"...","  Printed goods manufacturing","Location quotient",(D),(D),(D),(D),(D),(D),1.188,1.129,1.191,1.191,1.143,1.139,1.098,1.070,1.057,1.100,1.077
 "31000","Nebraska",4,SAACCompLQ,233,"...","  Musical instruments manufacturing","Location quotient",(D),(D),(D),(D),(D),(D),(D),(D),(D),(D),(D),(D),(D),(D),(D),(D),(D)
 "31000","Nebraska",4,SAACCompLQ,234,"...","  Custom architectural woodwork and metalwork manufacturing","Location quotient",0.203,0.174,(D),(D),(D),(D),(D),(D),(D),(D),(D),(D),(D),(D),(D),(D),(D)
 "31000","Nebraska",4,SAACCompLQ,236,"...","  Other goods manufacturing","Location quotient",(D),0.175,0.201,0.173,0.186,0.182,0.198,0.200,0.184,(D),0.189,0.178,0.162,0.152,0.150,0.140,0.142
 "31000","Nebraska",4,SAACCompLQ,240,"...","  Construction","Location quotient",1.597,0.885,0.858,0.951,0.798,0.681,0.645,0.635,0.707,1.007,1.293,1.986,0.957,1.443,1.483,1.178,1.260
 "31000","Nebraska",4,SAACCompLQ,250,"...","  Wholesale and transportation industries","Location quotient",0.561,0.567,0.572,0.656,0.641,0.627,0.561,0.555,0.610,0.644,0.639,0.469,0.415,0.384,0.382,0.370,0.306
 "31000","Nebraska",4,SAACCompLQ,260,"...","  Retail industries","Location quotient",1.061,1.147,1.185,1.267,1.212,(D),(D),(D),1.130,1.128,0.942,0.926,0.925,0.849,0.807,0.819,0.746
 "31000","Nebraska",4,SAACCompLQ,300,"..."," All other industries 2/","Location quotient",0.948,0.950,0.947,0.943,0.949,0.943,0.946,0.954,0.958,0.957,0.956,0.955,0.968,0.966,0.965,0.965,0.963
"Note: See the included footnote file."
"SAACCompLQ: Arts Compensation Location Quotient 1/"
"Last updated: March 17, 2020-- new statistics for 2017; revised statistics for 2001-2016. "
"Source: U.S. Department of Commerce / Bureau of Economic Analysis / Regional Economic Accounts"
