GeoFIPS,GeoName,Region,TableName,LineCode,IndustryClassification,Description,Unit,2001,2002,2003,2004,2005,2006,2007,2008,2009,2010,2011,2012,2013,2014,2015,2016,2017
 "13000","Georgia",5,SAACArtsEmp,1,"...","Total employment","Number of jobs",4122141,4075446,4054398,4114163,4206767,4297606,4353198,4313134,4074870,4028041,4066303,4123085,4199911,4319223,4438625,4552174,4640639
 "13000","Georgia",5,SAACArtsEmp,10,"...","Total ACPSA employment","Number of jobs",163817,159321,149164,145481,140494,137383,135505,134258,125779,124477,126270,126294,126932,131610,140184,146146,151683
 "13000","Georgia",5,SAACArtsEmp,100,"..."," Core arts and cultural production","Number of jobs",31500,28485,27600,27293,27576,28779,29265,28912,26230,24823,25759,26417,26486,27503,28587,30285,31852
 "13000","Georgia",5,SAACArtsEmp,111,"...","  Performing arts companies","Number of jobs",5470,2759,1400,1208,1334,1317,1402,1356,1459,1291,1548,1594,1667,1633,1677,1756,2225
 "13000","Georgia",5,SAACArtsEmp,112,"...","  Promoters of performing arts and similar events","Number of jobs",1854,2543,2375,2448,2574,2700,2632,2708,2664,2563,2331,2235,2118,2030,2148,2507,3054
 "13000","Georgia",5,SAACArtsEmp,113,"...","  Agents/managers for artists","Number of jobs",52,57,72,61,72,75,95,92,88,140,168,208,244,309,182,184,221
 "13000","Georgia",5,SAACArtsEmp,114,"...","  Independent artists, writers, and performers","Number of jobs",645,665,809,1123,1126,1240,1408,1350,1359,1225,1187,1329,1315,1433,1553,1613,1400
 "13000","Georgia",5,SAACArtsEmp,120,"...","  Museums","Number of jobs",1632,1632,1817,1872,1996,2312,2479,2472,2361,2323,2405,2483,2506,2629,2659,2906,3014
 "13000","Georgia",5,SAACArtsEmp,131,"...","  Advertising","Number of jobs",4878,4572,4470,4363,4119,4106,3949,4194,3955,4118,4783,5173,5066,5492,5603,5765,6185
 "13000","Georgia",5,SAACArtsEmp,132,"...","  Architectural services","Number of jobs",4169,3994,3913,3772,3874,4262,4545,4578,3472,2990,2948,2917,3090,3368,3606,3828,3947
 "13000","Georgia",5,SAACArtsEmp,133,"...","  Landscape architectural services","Number of jobs",1370,1180,1290,1099,1094,1237,1148,1000,665,628,637,645,696,812,849,874,815
 "13000","Georgia",5,SAACArtsEmp,134,"...","  Interior design services","Number of jobs",1135,1040,1081,1165,1324,1409,1504,1451,1213,1118,1155,1247,1274,1467,1634,1759,1872
 "13000","Georgia",5,SAACArtsEmp,135,"...","  Industrial design services","Number of jobs",109,110,99,56,59,62,58,63,51,42,71,76,89,88,93,104,131
 "13000","Georgia",5,SAACArtsEmp,136,"...","  Graphic design services","Number of jobs",2368,2159,2160,2064,2072,2124,2233,2304,2128,2031,2133,2293,2372,2297,2454,2465,2528
 "13000","Georgia",5,SAACArtsEmp,137,"...","  Computer systems design","Number of jobs",527,461,454,466,478,484,503,522,533,569,606,650,663,669,721,721,750
 "13000","Georgia",5,SAACArtsEmp,138,"...","  Photography and photofinishing services","Number of jobs",4676,4443,4175,3938,3801,3844,3637,3299,2810,2538,2591,2399,2224,2078,2003,1958,1851
 "13000","Georgia",5,SAACArtsEmp,139,"...","  All other design services","Number of jobs",109,105,275,277,258,278,281,101,97,93,96,104,109,113,115,122,204
 "13000","Georgia",5,SAACArtsEmp,140,"...","  Fine arts education","Number of jobs",1241,1280,1482,1569,1639,1704,1712,1785,1736,1695,1681,1672,1732,1764,1900,1974,2176
 "13000","Georgia",5,SAACArtsEmp,150,"...","  Education services","Number of jobs",1265,1484,1729,1810,1758,1627,1678,1636,1638,1458,1418,1393,1319,1322,1391,1747,1480
 "13000","Georgia",5,SAACArtsEmp,200,"..."," Supporting arts and cultural production","Number of jobs",125870,124451,115525,112245,106938,102658,100206,99591,94203,94811,95773,95430,96067,99473,106796,110887,114873
 "13000","Georgia",5,SAACArtsEmp,211,"...","  Rental and leasing","Number of jobs",2855,2566,2940,2963,2668,2415,2058,1806,1456,1154,937,763,648,596,538,556,518
 "13000","Georgia",5,SAACArtsEmp,212,"...","  Grantmaking and giving services","Number of jobs",71,83,91,75,63,72,75,68,72,64,69,76,73,110,110,119,140
 "13000","Georgia",5,SAACArtsEmp,213,"...","  Unions","Number of jobs",322,298,233,226,228,230,207,222,252,227,263,261,295,287,320,283,319
 "13000","Georgia",5,SAACArtsEmp,214,"...","  Government","Number of jobs",51809,53059,48402,44026,39414,35666,31878,32635,32137,32397,31804,31423,30971,30144,(D),30259,29548
 "13000","Georgia",5,SAACArtsEmp,215,"...","  Other support services","Number of jobs",52,50,48,37,48,56,62,53,49,84,79,68,69,61,45,34,33
 "13000","Georgia",5,SAACArtsEmp,221,"...","  Publishing","Number of jobs",15003,14185,14153,13126,12894,12914,13102,12897,11392,10713,(D),10496,10289,10136,10599,10650,10481
 "13000","Georgia",5,SAACArtsEmp,222,"...","  Motion pictures","Number of jobs",6511,7611,6401,6089,5949,5854,5799,5757,6321,6010,6144,6611,7469,7879,11093,14606,(D)
 "13000","Georgia",5,SAACArtsEmp,223,"...","  Sound recording","Number of jobs",913,606,577,558,551,540,(D),404,350,330,350,346,318,371,357,(D),335
 "13000","Georgia",5,SAACArtsEmp,224,"...","  Broadcasting","Number of jobs",14970,14639,(D),14795,14725,14835,16043,16990,17676,18365,19473,20558,20924,22044,21915,22394,22339
 "13000","Georgia",5,SAACArtsEmp,225,"...","  Other information services","Number of jobs",1728,1365,960,1173,1375,1368,983,1202,1373,1515,1709,1848,2087,2451,2484,2763,3114
 "13000","Georgia",5,SAACArtsEmp,231,"...","  Jewelry and silverware manufacturing","Number of jobs",166,139,142,143,127,114,129,169,145,118,104,144,106,93,98,45,35
 "13000","Georgia",5,SAACArtsEmp,232,"...","  Printed goods manufacturing","Number of jobs",3604,2854,2701,2933,2947,2981,3473,3399,2944,2549,2582,2484,2466,2480,2329,2195,2154
 "13000","Georgia",5,SAACArtsEmp,233,"...","  Musical instruments manufacturing","Number of jobs",(D),(D),264,249,222,204,146,18,21,20,24,(D),42,41,47,49,43
 "13000","Georgia",5,SAACArtsEmp,234,"...","  Custom architectural woodwork and metalwork manufacturing","Number of jobs",(D),(D),(D),(D),(D),(D),(D),(D),(D),558,545,564,660,659,731,842,851
 "13000","Georgia",5,SAACArtsEmp,236,"...","  Other goods manufacturing","Number of jobs",(D),(D),932,(D),(D),(D),977,(D),(D),769,(D),(D),(D),(D),(D),(D),(D)
 "13000","Georgia",5,SAACArtsEmp,240,"...","  Construction","Number of jobs",4654,4156,3711,5422,5469,4899,4764,3574,2613,3367,2388,1542,(D),(D),4718,3069,2962
 "13000","Georgia",5,SAACArtsEmp,250,"...","  Wholesale and transportation industries","Number of jobs",6131,6204,5570,5792,5596,5264,5358,5240,3890,4715,4882,4637,4522,4591,4844,4939,4978
 "13000","Georgia",5,SAACArtsEmp,260,"...","  Retail industries","Number of jobs",15276,14585,13563,13253,13329,13810,13812,13430,12275,11857,13110,12818,12681,13361,15873,16417,16428
 "13000","Georgia",5,SAACArtsEmp,300,"..."," All other industries 2/","Number of jobs",6446,6385,6039,5943,5979,5945,6035,5755,5346,4843,4738,4448,4380,4634,4801,4974,4958
"Note: See the included footnote file."
"SAACArtsEmp: ACPSA full-time and part-time employment by ACPSA industry 1/"
"Last updated: March 17, 2020-- new statistics for 2017; revised statistics for 2001-2016. "
"Source: U.S. Department of Commerce / Bureau of Economic Analysis / Regional Economic Accounts"
