GeoFIPS,GeoName,Region,TableName,LineCode,IndustryClassification,Description,Unit,2001,2002,2003,2004,2005,2006,2007,2008,2009,2010,2011,2012,2013,2014,2015,2016,2017
 "55000","Wisconsin",3,SAACCompLQ,10,"...","Total","Location quotient",0.909,0.920,0.902,0.890,0.887,0.865,0.856,0.852,0.858,0.865,0.838,0.850,0.839,0.841,0.826,0.831,0.824
 "55000","Wisconsin",3,SAACCompLQ,100,"..."," Core arts and cultural production","Location quotient",0.558,0.559,0.550,0.560,0.569,0.560,0.557,0.556,0.569,0.559,0.544,0.578,0.575,0.581,0.564,0.566,0.569
 "55000","Wisconsin",3,SAACCompLQ,111,"...","  Performing arts companies","Location quotient",0.495,0.507,0.471,0.480,0.483,0.511,0.516,0.480,0.502,0.493,0.481,(D),(D),(D),(D),(D),(D)
 "55000","Wisconsin",3,SAACCompLQ,112,"...","  Promoters of performing arts and similar events","Location quotient",0.463,0.425,0.522,0.494,0.447,0.438,0.485,0.475,0.579,0.602,0.581,0.534,0.477,0.459,0.441,0.455,0.461
 "55000","Wisconsin",3,SAACCompLQ,113,"...","  Agents/managers for artists","Location quotient",0.048,0.058,0.074,0.074,0.090,0.084,0.068,0.068,0.069,0.071,0.077,0.103,0.120,0.114,0.130,0.138,0.129
 "55000","Wisconsin",3,SAACCompLQ,114,"...","  Independent artists, writers, and performers","Location quotient",0.156,0.132,0.163,0.218,0.247,0.272,0.258,0.258,0.265,0.196,0.190,0.191,0.204,0.209,0.232,0.241,0.210
 "55000","Wisconsin",3,SAACCompLQ,120,"...","  Museums","Location quotient",0.609,0.608,0.605,0.601,0.594,0.625,0.563,0.606,0.566,0.577,0.586,0.597,0.594,0.587,0.570,0.563,0.561
 "55000","Wisconsin",3,SAACCompLQ,131,"...","  Advertising","Location quotient",0.625,0.644,0.659,0.663,0.657,0.647,0.620,0.624,0.625,0.605,0.568,0.575,0.599,0.604,0.591,0.568,0.578
 "55000","Wisconsin",3,SAACCompLQ,132,"...","  Architectural services","Location quotient",0.583,0.584,0.557,0.590,0.567,0.541,0.540,0.551,0.586,0.589,0.570,0.597,0.600,0.593,0.606,0.624,0.663
 "55000","Wisconsin",3,SAACCompLQ,133,"...","  Landscape architectural services","Location quotient",0.390,0.353,0.333,0.361,0.371,0.344,0.344,0.356,0.319,0.296,0.329,0.371,0.353,0.336,0.348,0.319,0.346
 "55000","Wisconsin",3,SAACCompLQ,134,"...","  Interior design services","Location quotient",0.158,0.158,0.158,0.158,0.173,0.186,0.200,0.235,0.232,0.294,0.289,0.269,0.275,0.286,0.303,0.306,0.301
 "55000","Wisconsin",3,SAACCompLQ,135,"...","  Industrial design services","Location quotient",0.296,0.297,0.286,0.326,0.316,0.311,0.268,0.302,0.511,0.579,0.519,0.618,0.529,0.471,0.367,0.792,0.674
 "55000","Wisconsin",3,SAACCompLQ,136,"...","  Graphic design services","Location quotient",0.688,0.689,0.758,0.711,0.862,0.866,0.894,0.913,0.904,0.940,0.965,1.022,1.016,1.254,1.152,1.100,1.012
 "55000","Wisconsin",3,SAACCompLQ,137,"...","  Computer systems design","Location quotient",0.606,0.723,0.751,0.684,0.662,0.625,0.650,0.617,0.590,0.607,0.634,0.639,0.624,0.619,0.602,0.606,0.577
 "55000","Wisconsin",3,SAACCompLQ,138,"...","  Photography and photofinishing services","Location quotient",1.013,1.045,0.987,1.029,1.042,1.039,1.015,0.969,0.953,1.111,1.055,(D),(D),(D),(D),(D),(D)
 "55000","Wisconsin",3,SAACCompLQ,139,"...","  All other design services","Location quotient",0.155,0.141,0.131,0.099,0.091,0.083,0.092,0.099,0.077,0.064,0.078,0.077,0.060,0.062,0.085,0.084,0.102
 "55000","Wisconsin",3,SAACCompLQ,140,"...","  Fine arts education","Location quotient",0.637,0.654,0.692,0.705,0.696,0.692,0.700,0.716,0.697,0.700,0.700,1.005,0.997,0.989,1.050,1.054,1.078
 "55000","Wisconsin",3,SAACCompLQ,150,"...","  Education services","Location quotient",1.097,0.988,0.981,0.988,1.020,0.997,1.103,1.057,1.015,0.911,0.887,0.881,0.973,0.936,0.923,0.860,0.895
 "55000","Wisconsin",3,SAACCompLQ,200,"..."," Supporting arts and cultural production","Location quotient",0.981,0.995,0.976,0.961,0.957,0.937,0.928,0.923,0.924,0.932,0.901,0.913,0.897,0.899,0.886,0.893,0.884
 "55000","Wisconsin",3,SAACCompLQ,211,"...","  Rental and leasing","Location quotient",0.713,0.703,0.712,0.652,0.670,0.669,0.692,0.742,0.744,0.744,0.701,0.714,(D),(D),(D),(D),(D)
 "55000","Wisconsin",3,SAACCompLQ,212,"...","  Grantmaking and giving services","Location quotient",0.593,0.517,0.528,0.563,0.564,0.553,0.558,0.545,0.538,0.533,0.518,0.487,0.497,0.539,0.563,0.567,0.604
 "55000","Wisconsin",3,SAACCompLQ,213,"...","  Unions","Location quotient",0.832,0.798,0.776,0.764,0.824,0.837,0.821,0.811,0.788,0.813,0.792,0.733,0.704,0.675,0.649,0.638,0.610
 "55000","Wisconsin",3,SAACCompLQ,214,"...","  Government","Location quotient",1.305,1.258,1.260,1.214,1.202,1.167,1.124,1.114,1.111,1.133,1.154,1.235,1.204,1.209,1.195,1.175,1.164
 "55000","Wisconsin",3,SAACCompLQ,215,"...","  Other support services","Location quotient",0.464,0.497,0.462,0.452,0.437,0.379,0.374,0.428,0.410,0.375,0.359,0.365,0.344,0.330,0.348,0.412,0.378
 "55000","Wisconsin",3,SAACCompLQ,221,"...","  Publishing","Location quotient",0.599,0.616,0.629,0.750,0.790,0.802,0.812,0.867,0.880,0.914,0.957,1.014,1.112,1.207,1.260,1.314,1.236
 "55000","Wisconsin",3,SAACCompLQ,222,"...","  Motion pictures","Location quotient",0.190,0.182,0.182,0.170,0.167,0.174,0.188,0.197,0.201,0.175,0.160,0.147,0.146,0.140,0.144,0.116,0.120
 "55000","Wisconsin",3,SAACCompLQ,223,"...","  Sound recording","Location quotient",0.517,0.541,0.578,0.620,0.743,0.560,0.558,0.616,0.597,0.560,0.604,0.661,0.707,0.671,0.658,0.604,(D)
 "55000","Wisconsin",3,SAACCompLQ,224,"...","  Broadcasting","Location quotient",(D),(D),(D),(D),(D),(D),0.674,0.661,0.655,0.647,0.628,0.601,0.587,0.595,0.615,0.597,0.597
 "55000","Wisconsin",3,SAACCompLQ,225,"...","  Other information services","Location quotient",0.082,0.085,0.095,(D),(D),(D),(D),(D),(D),0.074,(D),(D),(D),0.075,0.084,0.089,0.091
 "55000","Wisconsin",3,SAACCompLQ,231,"...","  Jewelry and silverware manufacturing","Location quotient",0.211,0.216,0.222,0.242,0.241,0.275,0.292,0.292,0.300,0.292,0.299,0.282,0.278,0.279,0.304,0.307,0.311
 "55000","Wisconsin",3,SAACCompLQ,232,"...","  Printed goods manufacturing","Location quotient",(D),(D),(D),(D),(D),(D),(D),(D),(D),(D),3.364,3.530,3.559,3.607,3.739,3.798,3.876
 "55000","Wisconsin",3,SAACCompLQ,233,"...","  Musical instruments manufacturing","Location quotient",1.657,1.610,1.586,1.307,0.957,0.992,0.865,0.800,(D),(D),0.465,0.478,0.478,0.467,0.465,0.494,0.510
 "55000","Wisconsin",3,SAACCompLQ,234,"...","  Custom architectural woodwork and metalwork manufacturing","Location quotient",1.737,2.033,2.077,2.251,2.227,2.222,2.357,2.439,2.715,3.253,3.538,3.475,3.427,3.562,1.380,1.431,1.397
 "55000","Wisconsin",3,SAACCompLQ,236,"...","  Other goods manufacturing","Location quotient",0.962,(D),1.150,(D),(D),(D),(D),(D),(D),(D),(D),(D),(D),(D),(D),(D),1.493
 "55000","Wisconsin",3,SAACCompLQ,240,"...","  Construction","Location quotient",0.979,0.834,0.747,0.638,0.663,0.739,0.849,0.684,0.630,0.730,0.965,1.011,0.849,0.724,0.680,1.212,1.637
 "55000","Wisconsin",3,SAACCompLQ,250,"...","  Wholesale and transportation industries","Location quotient",0.606,0.599,0.666,0.657,0.660,0.631,0.582,0.577,0.580,0.635,0.627,0.673,0.688,0.636,0.624,0.649,0.623
 "55000","Wisconsin",3,SAACCompLQ,260,"...","  Retail industries","Location quotient",1.740,2.013,1.848,1.770,1.744,1.667,1.633,1.627,1.692,1.715,1.257,1.143,1.136,1.126,1.104,1.036,0.997
 "55000","Wisconsin",3,SAACCompLQ,300,"..."," All other industries 2/","Location quotient",1.024,1.025,1.027,1.029,1.028,1.032,1.027,1.032,1.030,1.032,1.030,1.025,1.032,1.027,1.036,1.039,1.039
"Note: See the included footnote file."
"SAACCompLQ: Arts Compensation Location Quotient 1/"
"Last updated: March 17, 2020-- new statistics for 2017; revised statistics for 2001-2016. "
"Source: U.S. Department of Commerce / Bureau of Economic Analysis / Regional Economic Accounts"
