GeoFIPS,GeoName,Region,TableName,LineCode,IndustryClassification,Description,Unit,2001,2002,2003,2004,2005,2006,2007,2008,2009,2010,2011,2012,2013,2014,2015,2016,2017
 "23000","Maine",1,SAACArtsEmp,1,"...","Total employment","Number of jobs",627326,626306,627164,632278,627819,632651,635466,635038,612929,607945,608840,611800,615236,619261,624862,632443,638271
 "23000","Maine",1,SAACArtsEmp,10,"...","Total ACPSA employment","Number of jobs",23674,23007,22941,23116,20883,20556,20229,20191,18840,18401,18250,17859,17270,16904,17171,17009,16876
 "23000","Maine",1,SAACArtsEmp,100,"..."," Core arts and cultural production","Number of jobs",3795,3869,3597,3543,3454,3488,3509,3556,3276,(D),(D),3455,3644,3716,3888,3990,4068
 "23000","Maine",1,SAACArtsEmp,111,"...","  Performing arts companies","Number of jobs",431,463,385,340,320,337,344,342,328,354,367,403,382,310,295,308,315
 "23000","Maine",1,SAACArtsEmp,112,"...","  Promoters of performing arts and similar events","Number of jobs",77,90,74,119,110,142,144,149,167,184,193,215,245,309,470,541,510
 "23000","Maine",1,SAACArtsEmp,113,"...","  Agents/managers for artists","Number of jobs",5,7,9,8,6,6,7,8,7,11,13,12,9,9,8,7,7
 "23000","Maine",1,SAACArtsEmp,114,"...","  Independent artists, writers, and performers","Number of jobs",68,77,74,89,94,98,93,96,82,80,104,106,132,169,150,153,152
 "23000","Maine",1,SAACArtsEmp,120,"...","  Museums","Number of jobs",365,395,371,375,398,411,438,449,436,453,448,462,477,499,507,535,549
 "23000","Maine",1,SAACArtsEmp,131,"...","  Advertising","Number of jobs",652,680,(D),(D),(D),(D),(D),(D),(D),(D),(D),(D),(D),(D),(D),(D),(D)
 "23000","Maine",1,SAACArtsEmp,132,"...","  Architectural services","Number of jobs",546,564,539,548,560,607,615,640,570,485,459,468,468,460,452,483,506
 "23000","Maine",1,SAACArtsEmp,133,"...","  Landscape architectural services","Number of jobs",67,61,58,63,61,69,66,82,76,78,81,65,66,73,75,62,61
 "23000","Maine",1,SAACArtsEmp,134,"...","  Interior design services","Number of jobs",53,54,53,55,62,72,74,85,61,41,29,31,34,44,61,65,59
 "23000","Maine",1,SAACArtsEmp,135,"...","  Industrial design services","Number of jobs",15,28,24,17,12,14,17,11,11,14,15,15,16,12,14,13,9
 "23000","Maine",1,SAACArtsEmp,136,"...","  Graphic design services","Number of jobs",162,125,126,115,121,132,123,99,83,76,81,90,100,113,121,142,162
 "23000","Maine",1,SAACArtsEmp,137,"...","  Computer systems design","Number of jobs",54,40,(D),(D),(D),(D),(D),(D),(D),45,44,(D),54,58,63,65,67
 "23000","Maine",1,SAACArtsEmp,138,"...","  Photography and photofinishing services","Number of jobs",683,605,590,543,512,418,393,367,297,271,254,240,(D),(D),(D),(D),(D)
 "23000","Maine",1,SAACArtsEmp,139,"...","  All other design services","Number of jobs",22,20,17,22,25,20,16,17,12,9,11,10,9,9,19,24,20
 "23000","Maine",1,SAACArtsEmp,140,"...","  Fine arts education","Number of jobs",297,309,346,355,356,368,373,408,369,390,434,464,505,516,543,578,611
 "23000","Maine",1,SAACArtsEmp,150,"...","  Education services","Number of jobs",298,351,323,298,293,288,352,324,328,317,331,318,330,355,389,370,430
 "23000","Maine",1,SAACArtsEmp,200,"..."," Supporting arts and cultural production","Number of jobs",18892,18144,18401,18652,16525,16182,15823,15764,14730,14439,14223,13727,12972,12512,12595,12317,12114
 "23000","Maine",1,SAACArtsEmp,211,"...","  Rental and leasing","Number of jobs",469,450,473,450,393,379,335,(D),(D),(D),108,(D),(D),80,64,59,37
 "23000","Maine",1,SAACArtsEmp,212,"...","  Grantmaking and giving services","Number of jobs",17,18,21,15,16,19,20,18,20,23,(D),28,32,34,36,36,36
 "23000","Maine",1,SAACArtsEmp,213,"...","  Unions","Number of jobs",54,48,52,54,51,49,47,52,59,56,65,63,72,67,71,59,63
 "23000","Maine",1,SAACArtsEmp,214,"...","  Government","Number of jobs",6388,6578,6373,6039,5491,5135,4824,4758,4630,4460,4653,4599,4564,4552,4503,4542,4639
 "23000","Maine",1,SAACArtsEmp,215,"...","  Other support services","Number of jobs",25,(D),(D),4,5,(D),(D),(D),(D),(D),(D),(D),(D),(D),(D),(D),(D)
 "23000","Maine",1,SAACArtsEmp,221,"...","  Publishing","Number of jobs",1677,1600,1678,1640,1642,1633,1682,1562,1360,1303,1231,1139,1055,1011,1009,1012,951
 "23000","Maine",1,SAACArtsEmp,222,"...","  Motion pictures","Number of jobs",999,968,1083,915,1043,707,722,735,717,736,642,616,605,633,733,807,852
 "23000","Maine",1,SAACArtsEmp,223,"...","  Sound recording","Number of jobs",18,13,12,15,15,18,20,21,20,20,26,24,23,23,22,19,18
 "23000","Maine",1,SAACArtsEmp,224,"...","  Broadcasting","Number of jobs",1139,1182,1230,1236,1256,1209,1307,1339,1410,1499,1505,1518,1456,1402,1422,1391,1271
 "23000","Maine",1,SAACArtsEmp,225,"...","  Other information services","Number of jobs",(D),(D),(D),(D),(D),(D),(D),(D),(D),(D),374,(D),(D),(D),(D),(D),(D)
 "23000","Maine",1,SAACArtsEmp,231,"...","  Jewelry and silverware manufacturing","Number of jobs",118,109,93,105,90,86,60,53,35,39,36,51,48,46,43,44,38
 "23000","Maine",1,SAACArtsEmp,232,"...","  Printed goods manufacturing","Number of jobs",(D),365,368,415,401,387,447,429,324,260,268,263,271,259,244,254,254
 "23000","Maine",1,SAACArtsEmp,233,"...","  Musical instruments manufacturing","Number of jobs",15,15,19,16,19,(D),(D),(D),(D),(D),(D),(D),31,29,29,32,34
 "23000","Maine",1,SAACArtsEmp,234,"...","  Custom architectural woodwork and metalwork manufacturing","Number of jobs",(D),(D),199,(D),172,166,(D),(D),195,183,198,198,201,193,216,224,239
 "23000","Maine",1,SAACArtsEmp,236,"...","  Other goods manufacturing","Number of jobs",84,82,68,68,56,43,45,(D),25,(D),42,50,54,65,71,85,94
 "23000","Maine",1,SAACArtsEmp,240,"...","  Construction","Number of jobs",470,287,459,402,261,435,554,759,644,544,888,666,463,(D),482,306,249
 "23000","Maine",1,SAACArtsEmp,250,"...","  Wholesale and transportation industries","Number of jobs",750,759,777,785,(D),(D),681,691,531,606,623,(D),(D),471,485,(D),(D)
 "23000","Maine",1,SAACArtsEmp,260,"...","  Retail industries","Number of jobs",5448,4932,4951,5730,4263,4509,4446,4367,4091,4086,3499,3435,3136,2947,2790,2619,2502
 "23000","Maine",1,SAACArtsEmp,300,"..."," All other industries 2/","Number of jobs",987,994,943,921,903,886,897,871,835,(D),(D),678,655,676,688,702,694
"Note: See the included footnote file."
"SAACArtsEmp: ACPSA full-time and part-time employment by ACPSA industry 1/"
"Last updated: March 17, 2020-- new statistics for 2017; revised statistics for 2001-2016. "
"Source: U.S. Department of Commerce / Bureau of Economic Analysis / Regional Economic Accounts"
