GeoFIPS,GeoName,Region,TableName,LineCode,IndustryClassification,Description,Unit,2001,2002,2003,2004,2005,2006,2007,2008,2009,2010,2011,2012,2013,2014,2015,2016,2017
 "11000","District of Columbia",2,SAACEmpRatio,10,"...","Total arts employment ratio","Ratio",0.103,0.097,0.095,0.092,0.088,0.084,0.081,0.080,0.077,0.073,0.072,0.071,0.071,0.070,0.070,0.069,0.070
 "11000","District of Columbia",2,SAACEmpRatio,100,"..."," Core arts and cultural production","Ratio",0.251,0.243,0.245,0.231,0.233,0.218,0.217,0.224,0.212,0.198,0.195,0.210,0.204,0.198,0.196,0.199,0.208
 "11000","District of Columbia",2,SAACEmpRatio,111,"...","  Performing arts companies","Ratio",0.911,0.905,0.917,0.935,0.946,0.955,0.964,0.962,0.964,0.968,0.971,0.969,0.970,0.970,0.969,0.969,0.969
 "11000","District of Columbia",2,SAACEmpRatio,112,"...","  Promoters of performing arts and similar events","Ratio",0.824,0.846,0.840,0.823,0.827,0.832,0.835,0.829,0.829,0.811,0.794,0.781,0.779,0.779,0.777,0.778,0.778
 "11000","District of Columbia",2,SAACEmpRatio,113,"...","  Agents/managers for artists","Ratio",0.515,0.510,(D),0.517,0.503,0.506,0.507,0.513,0.529,0.528,(D),(D),(D),(D),0.541,0.545,0.542
 "11000","District of Columbia",2,SAACEmpRatio,114,"...","  Independent artists, writers, and performers","Ratio",0.906,0.908,0.909,0.916,0.914,0.920,0.929,0.935,0.953,0.963,0.977,0.991,0.990,0.991,0.986,0.988,0.989
 "11000","District of Columbia",2,SAACEmpRatio,120,"...","  Museums","Ratio",0.865,0.871,0.884,0.891,0.888,0.911,0.923,0.917,0.916,0.901,0.894,0.895,0.892,0.891,0.894,0.896,(D)
 "11000","District of Columbia",2,SAACEmpRatio,131,"...","  Advertising","Ratio",(D),(D),0.403,(D),(D),(D),0.313,0.327,0.339,0.355,0.370,(D),(D),0.396,0.397,(D),0.396
 "11000","District of Columbia",2,SAACEmpRatio,132,"...","  Architectural services","Ratio",0.714,0.713,0.719,0.725,0.730,0.730,0.735,0.741,0.741,0.740,0.740,0.742,0.741,0.742,0.741,0.741,0.742
 "11000","District of Columbia",2,SAACEmpRatio,133,"...","  Landscape architectural services","Ratio",0.946,0.945,0.951,0.955,0.955,0.942,0.942,0.956,0.955,0.955,0.954,0.962,0.960,0.963,0.960,0.963,0.962
 "11000","District of Columbia",2,SAACEmpRatio,134,"...","  Interior design services","Ratio",0.826,0.791,0.820,0.847,0.869,0.885,0.897,0.912,0.923,0.937,0.943,0.954,0.951,0.953,0.953,0.950,0.950
 "11000","District of Columbia",2,SAACEmpRatio,135,"...","  Industrial design services","Ratio",(D),(D),0.998,0.950,1.003,1.004,0.994,(D),(D),(D),(D),(D),(D),(D),(D),0.999,0.998
 "11000","District of Columbia",2,SAACEmpRatio,136,"...","  Graphic design services","Ratio",0.953,0.947,0.947,0.945,0.947,0.946,0.945,0.947,0.938,0.945,0.948,0.949,0.950,0.948,0.950,0.948,0.949
 "11000","District of Columbia",2,SAACEmpRatio,137,"...","  Computer systems design","Ratio",0.021,0.021,0.021,0.021,0.021,0.021,0.022,0.022,0.022,0.023,0.023,0.024,0.024,0.024,0.024,0.024,0.024
 "11000","District of Columbia",2,SAACEmpRatio,138,"...","  Photography and photofinishing services","Ratio",(D),(D),(D),(D),(D),(D),0.933,0.899,(D),(D),0.961,(D),0.975,(D),0.981,(D),(D)
 "11000","District of Columbia",2,SAACEmpRatio,139,"...","  All other design services","Ratio",(D),(D),0.559,0.559,0.664,0.635,0.813,(D),(D),(D),(D),(D),(D),(D),(D),0.629,0.601
 "11000","District of Columbia",2,SAACEmpRatio,140,"...","  Fine arts education","Ratio",0.448,0.441,0.442,0.443,0.442,0.443,0.436,0.437,0.428,0.412,0.402,0.400,0.401,0.401,0.402,0.401,0.401
 "11000","District of Columbia",2,SAACEmpRatio,150,"...","  Education services","Ratio",0.116,0.096,0.104,0.099,0.106,0.098,0.090,0.084,0.074,0.070,0.065,0.080,0.084,0.081,0.080,0.077,0.081
 "11000","District of Columbia",2,SAACEmpRatio,200,"..."," Supporting arts and cultural production","Ratio",0.299,0.284,0.276,0.262,0.255,0.244,0.233,0.231,0.231,0.218,0.229,0.219,0.224,0.222,0.223,0.217,0.220
 "11000","District of Columbia",2,SAACEmpRatio,211,"...","  Rental and leasing","Ratio",(D),0.426,0.438,0.425,0.399,0.395,0.370,0.349,(D),0.325,0.301,(D),0.274,0.606,0.619,0.237,0.227
 "11000","District of Columbia",2,SAACEmpRatio,212,"...","  Grantmaking and giving services","Ratio",0.031,0.030,0.033,0.030,0.030,0.033,0.033,0.031,0.035,0.035,0.036,0.039,0.039,0.040,0.040,0.040,0.040
 "11000","District of Columbia",2,SAACEmpRatio,213,"...","  Unions","Ratio",0.028,0.024,0.025,0.024,0.025,0.025,0.023,0.025,0.029,0.027,0.032,0.028,0.034,0.031,0.034,0.030,0.035
 "11000","District of Columbia",2,SAACEmpRatio,214,"...","  Government","Ratio",0.563,0.537,0.512,0.495,0.470,0.443,0.429,0.421,0.403,0.381,0.385,0.372,0.382,0.379,0.374,0.373,0.381
 "11000","District of Columbia",2,SAACEmpRatio,215,"...","  Other support services","Ratio",0.019,0.013,0.015,0.017,0.018,0.020,(D),(D),(D),(D),(D),(D),(D),(D),(D),(D),(D)
 "11000","District of Columbia",2,SAACEmpRatio,221,"...","  Publishing","Ratio",0.447,0.453,0.471,(D),(D),(D),(D),(D),(D),(D),(D),(D),(D),(D),(D),(D),(D)
 "11000","District of Columbia",2,SAACEmpRatio,222,"...","  Motion pictures","Ratio",0.984,0.974,0.985,0.987,0.976,0.982,0.978,0.978,0.974,0.973,0.970,0.969,0.967,0.963,0.960,0.959,0.959
 "11000","District of Columbia",2,SAACEmpRatio,223,"...","  Sound recording","Ratio",1.015,1.016,1.017,1.014,1.019,1.023,1.010,1.001,0.995,1.000,0.973,1.000,1.000,0.999,0.998,0.998,0.981
 "11000","District of Columbia",2,SAACEmpRatio,224,"...","  Broadcasting","Ratio",0.265,0.287,0.311,0.338,0.357,(D),(D),(D),(D),0.454,0.471,(D),(D),(D),0.503,0.504,0.510
 "11000","District of Columbia",2,SAACEmpRatio,225,"...","  Other information services","Ratio",(D),(D),0.873,0.892,0.898,0.898,0.905,0.905,0.899,0.881,0.884,0.888,0.884,0.882,0.878,0.882,0.896
 "11000","District of Columbia",2,SAACEmpRatio,231,"...","  Jewelry and silverware manufacturing","Ratio",0.923,0.954,(D),(D),(D),(D),(D),(D),0.000,0.000,0.000,0.000,0.000,0.000,0.000,0.000,0.000
 "11000","District of Columbia",2,SAACEmpRatio,232,"...","  Printed goods manufacturing","Ratio",0.164,0.143,0.141,0.160,0.160,0.163,0.193,0.197,0.195,0.188,0.181,0.178,0.181,0.175,0.172,0.166,0.165
 "11000","District of Columbia",2,SAACEmpRatio,233,"...","  Musical instruments manufacturing","Ratio",0.000,(D),(D),(D),(D),(D),(D),0.000,0.000,0.000,0.000,0.000,0.000,0.000,0.000,0.000,0.000
 "11000","District of Columbia",2,SAACEmpRatio,234,"...","  Custom architectural woodwork and metalwork manufacturing","Ratio",0.073,0.108,0.098,0.085,0.083,0.095,0.141,0.130,0.128,(D),(D),(D),(D),(D),(D),(D),(D)
 "11000","District of Columbia",2,SAACEmpRatio,236,"...","  Other goods manufacturing","Ratio",0.125,0.120,(D),0.111,0.087,0.083,0.100,0.122,0.115,(D),0.111,0.111,0.120,0.100,0.133,(D),(D)
 "11000","District of Columbia",2,SAACEmpRatio,240,"...","  Construction","Ratio",0.737,0.558,0.388,0.318,0.339,0.238,0.187,0.191,0.267,0.207,0.189,0.250,0.332,0.228,0.380,0.365,0.254
 "11000","District of Columbia",2,SAACEmpRatio,250,"...","  Wholesale and transportation industries","Ratio",0.024,0.025,(D),(D),(D),0.022,0.023,0.024,0.020,0.023,0.024,0.023,0.023,0.022,0.022,0.022,(D)
 "11000","District of Columbia",2,SAACEmpRatio,260,"...","  Retail industries","Ratio",0.041,0.040,0.039,0.040,0.039,0.039,0.040,0.040,0.039,0.038,0.039,0.038,0.037,0.038,0.037,0.037,0.038
 "11000","District of Columbia",2,SAACEmpRatio,300,"..."," All other industries 2/","Ratio",0.002,0.002,0.002,0.002,0.002,0.001,0.001,0.001,0.001,0.001,0.001,0.001,0.001,0.001,0.001,0.001,0.001
"Note: See the included footnote file."
"SAACEmpRatio: Arts Employment Ratio 1/"
"Last updated: March 17, 2020-- new statistics for 2017; revised statistics for 2001-2016. "
"Source: U.S. Department of Commerce / Bureau of Economic Analysis / Regional Economic Accounts"
