GeoFIPS,GeoName,Region,TableName,LineCode,IndustryClassification,Description,Unit,2001,2002,2003,2004,2005,2006,2007,2008,2009,2010,2011,2012,2013,2014,2015,2016,2017
 "10000","Delaware",2,SAACArtsVA,1,"...","Total value added","Thousands of dollars",46448329,45757883,47761633,51449437,52154079,55067412,56278460,54787536,56871210,57447434,60357359,61975759,60666059,66890976,70969383,69549686,70774795
 "10000","Delaware",2,SAACArtsVA,10,"...","Total ACPSA value added","Thousands of dollars",737551,814179,829438,902344,856196,901206,942467,930435,884564,860492,898922,883501,914410,949706,985762,1017810,1029175
 "10000","Delaware",2,SAACArtsVA,100,"..."," Core arts and cultural production","Thousands of dollars",155247,167552,165061,178802,191692,194053,200337,219125,220063,205797,224735,224387,212374,215451,202539,204293,215842
 "10000","Delaware",2,SAACArtsVA,111,"...","  Performing arts companies","Thousands of dollars",15190,16044,12659,17814,18842,16813,11300,13627,14648,18378,53099,38209,27148,26906,18848,19351,16318
 "10000","Delaware",2,SAACArtsVA,112,"...","  Promoters of performing arts and similar events","Thousands of dollars",1351,1548,1268,2118,3072,3413,5040,6232,21748,13083,7556,8764,8673,5491,4539,7172,7008
 "10000","Delaware",2,SAACArtsVA,113,"...","  Agents/managers for artists","Thousands of dollars",141,177,0,0,1,39,11,3,261,68,179,356,152,178,151,366,578
 "10000","Delaware",2,SAACArtsVA,114,"...","  Independent artists, writers, and performers","Thousands of dollars",13812,15486,13313,13153,15897,15088,14200,14985,12521,9293,9605,9745,8760,9385,11617,11576,12351
 "10000","Delaware",2,SAACArtsVA,120,"...","  Museums","Thousands of dollars",24434,27880,27127,29307,31217,32093,28805,28834,34808,31256,31358,40313,41141,43988,35450,34029,35297
 "10000","Delaware",2,SAACArtsVA,131,"...","  Advertising","Thousands of dollars",29017,33715,35857,38252,40110,41056,55683,67031,57963,58460,53567,50461,49067,50442,52018,51539,57824
 "10000","Delaware",2,SAACArtsVA,132,"...","  Architectural services","Thousands of dollars",23663,23929,25244,28711,30252,30628,27054,27202,23259,19619,15441,15249,16966,16133,15876,15159,16534
 "10000","Delaware",2,SAACArtsVA,133,"...","  Landscape architectural services","Thousands of dollars",4437,5173,4524,6175,7690,9116,9629,9403,6336,6538,5803,7059,7266,6315,6142,6658,6723
 "10000","Delaware",2,SAACArtsVA,134,"...","  Interior design services","Thousands of dollars",5755,7542,10497,9880,10561,11118,12502,13686,11223,10903,11667,13935,13725,14549,14963,15069,16721
 "10000","Delaware",2,SAACArtsVA,135,"...","  Industrial design services","Thousands of dollars",558,762,800,1229,1458,1528,1985,2314,1810,1988,2538,2680,3163,3159,2693,2561,2296
 "10000","Delaware",2,SAACArtsVA,136,"...","  Graphic design services","Thousands of dollars",9183,10701,8711,10174,8887,8321,7840,9966,9260,10489,9392,10030,8801,8642,9539,8590,10511
 "10000","Delaware",2,SAACArtsVA,137,"...","  Computer systems design","Thousands of dollars",4849,4771,5991,3290,3936,4304,4682,4984,5456,5846,6764,7946,8086,7470,7614,7942,8366
 "10000","Delaware",2,SAACArtsVA,138,"...","  Photography and photofinishing services","Thousands of dollars",11508,11764,10942,9732,8604,9301,9329,9271,8875,8801,6766,6952,5791,6575,7514,7693,8673
 "10000","Delaware",2,SAACArtsVA,139,"...","  All other design services","Thousands of dollars",496,469,322,345,224,382,339,353,234,212,237,684,675,663,717,1399,1157
 "10000","Delaware",2,SAACArtsVA,140,"...","  Fine arts education","Thousands of dollars",6979,2778,3476,4297,5865,4110,4195,4434,4835,4605,3835,4223,4428,5025,5323,5546,6021
 "10000","Delaware",2,SAACArtsVA,150,"...","  Education services","Thousands of dollars",3876,4813,4331,4325,5076,6743,7741,6799,6825,6259,6929,7782,8531,10531,9535,9643,9466
 "10000","Delaware",2,SAACArtsVA,200,"..."," Supporting arts and cultural production","Thousands of dollars",513114,574810,594023,652872,590043,630877,665698,637299,593368,587766,607130,594815,638132,666945,712630,741717,740387
 "10000","Delaware",2,SAACArtsVA,211,"...","  Rental and leasing","Thousands of dollars",18090,17965,16417,26247,15744,19906,18169,22915,18229,14852,12334,12384,11579,11136,12437,14929,14088
 "10000","Delaware",2,SAACArtsVA,212,"...","  Grantmaking and giving services","Thousands of dollars",525,523,650,626,608,679,818,663,728,641,861,706,992,1043,1130,991,954
 "10000","Delaware",2,SAACArtsVA,213,"...","  Unions","Thousands of dollars",1561,1412,1588,1912,1964,2414,2091,2314,2459,2376,2411,2045,2126,1973,1973,1943,1960
 "10000","Delaware",2,SAACArtsVA,214,"...","  Government","Thousands of dollars",187492,209410,188963,175501,166331,156471,147207,142855,149320,152771,161807,168124,174028,182184,182705,184959,188644
 "10000","Delaware",2,SAACArtsVA,215,"...","  Other support services","Thousands of dollars",313,215,263,415,1580,2478,3013,2911,2561,2329,2221,2373,1941,2447,2700,2204,2776
 "10000","Delaware",2,SAACArtsVA,221,"...","  Publishing","Thousands of dollars",42870,55710,63638,68830,76189,71882,82148,76984,59074,58244,59550,58289,59306,53083,54625,60373,62163
 "10000","Delaware",2,SAACArtsVA,222,"...","  Motion pictures","Thousands of dollars",11405,16297,16965,17703,16328,17177,18367,17952,17771,17652,17327,17109,19130,17281,18476,18768,19309
 "10000","Delaware",2,SAACArtsVA,223,"...","  Sound recording","Thousands of dollars",11260,8573,8349,7400,1766,2122,2695,2879,2646,2676,2999,3797,2971,3093,2665,2268,2161
 "10000","Delaware",2,SAACArtsVA,224,"...","  Broadcasting","Thousands of dollars",105632,101305,113292,132609,138977,145047,174912,197583,189859,184289,175913,177600,197635,216522,251736,272926,266128
 "10000","Delaware",2,SAACArtsVA,225,"...","  Other information services","Thousands of dollars",8747,15726,16291,21459,25514,40341,16051,28701,25281,25464,27303,23178,24882,26432,26022,33253,33751
 "10000","Delaware",2,SAACArtsVA,231,"...","  Jewelry and silverware manufacturing","Thousands of dollars",1665,2158,1907,2051,2376,3403,4436,5133,869,839,634,1416,2208,2718,1587,1673,1776
 "10000","Delaware",2,SAACArtsVA,232,"...","  Printed goods manufacturing","Thousands of dollars",9041,7256,5851,6533,6681,7378,8618,8615,8772,8935,9117,9046,8867,8847,8514,7209,5385
 "10000","Delaware",2,SAACArtsVA,233,"...","  Musical instruments manufacturing","Thousands of dollars",7,11,5,4,4,150,195,2,2,10,11,37,39,143,360,690,634
 "10000","Delaware",2,SAACArtsVA,234,"...","  Custom architectural woodwork and metalwork manufacturing","Thousands of dollars",2411,3308,3418,2129,2238,1952,2774,2867,2659,2660,2899,2154,2349,1065,1181,1845,1246
 "10000","Delaware",2,SAACArtsVA,236,"...","  Other goods manufacturing","Thousands of dollars",2199,4792,3887,3966,1486,2212,1971,1269,387,369,373,422,545,554,633,554,3520
 "10000","Delaware",2,SAACArtsVA,240,"...","  Construction","Thousands of dollars",19268,36688,57633,92764,42655,60294,89064,33871,34249,34808,35391,25294,29203,36345,43420,37510,26725
 "10000","Delaware",2,SAACArtsVA,250,"...","  Wholesale and transportation industries","Thousands of dollars",38352,39071,36223,28862,25742,25842,22767,24743,19961,26014,28100,27220,31402,27955,28889,28034,41879
 "10000","Delaware",2,SAACArtsVA,260,"...","  Retail industries","Thousands of dollars",52278,54392,58681,63860,63859,71128,70402,65043,58540,52837,67881,63622,68928,74123,73575,71588,67288
 "10000","Delaware",2,SAACArtsVA,300,"..."," All other industries 2/","Thousands of dollars",69190,71818,70353,70670,74460,76275,76432,74011,71134,66929,67056,64299,63905,67311,70594,71799,72945
"Note: See the included footnote file."
"SAACArtsVA: ACPSA value added by ACPSA industry 1/"
"Last updated: March 17, 2020-- new statistics for 2017; revised statistics for 2001-2016. "
"Source: U.S. Department of Commerce / Bureau of Economic Analysis / Regional Economic Accounts"
