GeoFIPS,GeoName,Region,TableName,LineCode,IndustryClassification,Description,Unit,2001,2002,2003,2004,2005,2006,2007,2008,2009,2010,2011,2012,2013,2014,2015,2016,2017
 "26000","Michigan",3,SAACArtsEmp,1,"...","Total employment","Number of jobs",4668086,4584913,4515471,4496353,4480377,4418188,4363103,4245510,3944323,3936587,4026177,4101235,4179314,4254618,4327527,4403382,4446743
 "26000","Michigan",3,SAACArtsEmp,10,"...","Total ACPSA employment","Number of jobs",162024,158422,150073,145039,140601,134470,129116,125703,118065,117372,118239,118646,118569,119467,122122,122670,121332
 "26000","Michigan",3,SAACArtsEmp,100,"..."," Core arts and cultural production","Number of jobs",31354,29946,29982,30167,29866,29276,29064,28594,25975,25416,26028,26722,27706,28063,30607,31280,32805
 "26000","Michigan",3,SAACArtsEmp,111,"...","  Performing arts companies","Number of jobs",2111,1848,1767,1683,1691,1753,1763,1686,1644,1752,1729,1758,1778,1912,1920,2044,2186
 "26000","Michigan",3,SAACArtsEmp,112,"...","  Promoters of performing arts and similar events","Number of jobs",3130,2585,2760,2641,2568,2642,2496,2486,2324,2235,2141,2014,2136,2182,2084,2116,2718
 "26000","Michigan",3,SAACArtsEmp,113,"...","  Agents/managers for artists","Number of jobs",203,238,253,243,223,214,205,188,174,189,179,175,169,151,133,117,142
 "26000","Michigan",3,SAACArtsEmp,114,"...","  Independent artists, writers, and performers","Number of jobs",792,809,735,683,655,675,811,789,773,884,882,871,921,1037,974,875,850
 "26000","Michigan",3,SAACArtsEmp,120,"...","  Museums","Number of jobs",2862,2830,2837,3229,3348,3335,3555,3506,3449,3370,3394,3375,3458,3612,3897,4009,4009
 "26000","Michigan",3,SAACArtsEmp,131,"...","  Advertising","Number of jobs",6399,6073,5716,5456,5007,4459,4049,4192,3792,3933,4229,4482,4751,4858,4782,4810,5199
 "26000","Michigan",3,SAACArtsEmp,132,"...","  Architectural services","Number of jobs",3455,3275,3439,3419,3300,3219,3142,2996,2370,2075,2038,2122,2117,2300,2465,2596,2754
 "26000","Michigan",3,SAACArtsEmp,133,"...","  Landscape architectural services","Number of jobs",1156,1099,1064,1011,937,906,894,864,811,630,514,575,680,704,637,633,552
 "26000","Michigan",3,SAACArtsEmp,134,"...","  Interior design services","Number of jobs",614,613,639,711,754,711,746,792,601,700,687,722,758,752,737,764,779
 "26000","Michigan",3,SAACArtsEmp,135,"...","  Industrial design services","Number of jobs",509,641,710,811,1454,1723,1942,1999,1864,1908,2266,2360,2649,2357,5049,5324,5784
 "26000","Michigan",3,SAACArtsEmp,136,"...","  Graphic design services","Number of jobs",2054,1969,1987,1951,1882,1884,1806,1628,1398,1389,1500,1595,1630,1562,1461,1418,1414
 "26000","Michigan",3,SAACArtsEmp,137,"...","  Computer systems design","Number of jobs",351,318,308,310,324,335,367,386,365,381,395,412,443,472,519,537,548
 "26000","Michigan",3,SAACArtsEmp,138,"...","  Photography and photofinishing services","Number of jobs",4648,4350,4134,3895,3544,3324,3154,2888,2368,2159,2257,2286,1987,1671,1533,1485,1373
 "26000","Michigan",3,SAACArtsEmp,139,"...","  All other design services","Number of jobs",73,71,68,73,80,85,63,52,59,53,59,60,96,107,133,164,205
 "26000","Michigan",3,SAACArtsEmp,140,"...","  Fine arts education","Number of jobs",1872,1925,2168,2310,2407,2260,2222,2212,2099,1985,2003,2108,2250,2350,2361,2427,2400
 "26000","Michigan",3,SAACArtsEmp,150,"...","  Education services","Number of jobs",1125,1300,1396,1741,1694,1751,1849,1931,1883,1771,1754,1808,1881,2037,1923,1961,1891
 "26000","Michigan",3,SAACArtsEmp,200,"..."," Supporting arts and cultural production","Number of jobs",122846,120748,112850,107904,103900,98622,93534,90962,86504,86843,87124,87110,86131,86463,86455,86184,83366
 "26000","Michigan",3,SAACArtsEmp,211,"...","  Rental and leasing","Number of jobs",3195,3104,3244,3206,3058,2663,2337,2070,1791,1454,1158,1165,1049,888,714,594,543
 "26000","Michigan",3,SAACArtsEmp,212,"...","  Grantmaking and giving services","Number of jobs",154,159,174,155,156,179,190,172,189,187,197,249,257,274,275,276,282
 "26000","Michigan",3,SAACArtsEmp,213,"...","  Unions","Number of jobs",938,847,811,785,768,746,653,686,725,671,791,748,876,857,915,816,896
 "26000","Michigan",3,SAACArtsEmp,214,"...","  Government","Number of jobs",56796,56045,51113,47168,44222,39334,34394,33962,34104,33851,33126,32222,32340,32281,31490,31790,31701
 "26000","Michigan",3,SAACArtsEmp,215,"...","  Other support services","Number of jobs",18,10,8,17,21,24,25,23,12,10,9,8,7,7,6,6,6
 "26000","Michigan",3,SAACArtsEmp,221,"...","  Publishing","Number of jobs",12349,12124,12354,11387,10954,10710,10598,10322,9207,8782,8589,8394,8141,7993,7945,7554,6073
 "26000","Michigan",3,SAACArtsEmp,222,"...","  Motion pictures","Number of jobs",6558,6725,6555,6540,6259,6001,5939,5807,5403,6263,(D),5925,(D),6640,6116,6338,6496
 "26000","Michigan",3,SAACArtsEmp,223,"...","  Sound recording","Number of jobs",571,467,355,320,279,270,346,285,249,238,226,233,164,130,149,139,129
 "26000","Michigan",3,SAACArtsEmp,224,"...","  Broadcasting","Number of jobs",6891,6988,7018,7458,7657,7918,8675,8831,9083,9161,9411,10139,10401,10512,10316,10087,9402
 "26000","Michigan",3,SAACArtsEmp,225,"...","  Other information services","Number of jobs",1236,1120,1083,1154,1279,1353,1028,1066,1068,1077,1158,1187,1324,1380,1440,1561,1651
 "26000","Michigan",3,SAACArtsEmp,231,"...","  Jewelry and silverware manufacturing","Number of jobs",780,738,603,603,610,585,572,547,380,357,357,376,331,330,331,356,346
 "26000","Michigan",3,SAACArtsEmp,232,"...","  Printed goods manufacturing","Number of jobs",3697,2965,2807,3019,2984,2981,3499,3389,2982,2704,2572,2534,2544,2475,2420,2406,2377
 "26000","Michigan",3,SAACArtsEmp,233,"...","  Musical instruments manufacturing","Number of jobs",423,398,383,368,353,360,294,189,231,257,136,131,127,129,(D),(D),(D)
 "26000","Michigan",3,SAACArtsEmp,234,"...","  Custom architectural woodwork and metalwork manufacturing","Number of jobs",504,679,653,642,638,645,783,767,551,547,608,657,704,668,760,835,886
 "26000","Michigan",3,SAACArtsEmp,236,"...","  Other goods manufacturing","Number of jobs",2603,2472,2248,1917,1907,1716,1928,1776,1290,1193,(D),742,(D),817,(D),(D),(D)
 "26000","Michigan",3,SAACArtsEmp,240,"...","  Construction","Number of jobs",4694,5092,3458,2929,3248,3407,2423,1527,1565,2373,2547,3974,2653,1995,2901,2720,1781
 "26000","Michigan",3,SAACArtsEmp,250,"...","  Wholesale and transportation industries","Number of jobs",3736,3794,3536,3501,3269,3439,3900,3982,3656,4137,4478,4328,4323,4282,4579,4810,5089
 "26000","Michigan",3,SAACArtsEmp,260,"...","  Retail industries","Number of jobs",17704,17019,16448,16735,16236,16289,15952,15562,14018,13581,14383,14099,14435,14807,15048,14933,14833
 "26000","Michigan",3,SAACArtsEmp,300,"..."," All other industries 2/","Number of jobs",7824,7727,7241,6968,6836,6572,6519,6147,5587,5113,5088,4815,4732,4941,5060,5206,5161
"Note: See the included footnote file."
"SAACArtsEmp: ACPSA full-time and part-time employment by ACPSA industry 1/"
"Last updated: March 17, 2020-- new statistics for 2017; revised statistics for 2001-2016. "
"Source: U.S. Department of Commerce / Bureau of Economic Analysis / Regional Economic Accounts"
