GeoFIPS,GeoName,Region,TableName,LineCode,IndustryClassification,Description,Unit,2001,2002,2003,2004,2005,2006,2007,2008,2009,2010,2011,2012,2013,2014,2015,2016,2017
 "41000","Oregon",8,SAACArtsEmp,1,"...","Total employment","Number of jobs",1672920,1646842,1655675,1692691,1735866,1783157,1805495,1789235,1686852,1676367,1696317,1717522,1750628,1799438,1851609,1901638,1949765
 "41000","Oregon",8,SAACArtsEmp,10,"...","Total ACPSA employment","Number of jobs",76254,73848,69975,67012,65810,66438,67334,67684,63148,61551,61116,61313,62144,63777,65013,65853,67958
 "41000","Oregon",8,SAACArtsEmp,100,"..."," Core arts and cultural production","Number of jobs",13010,12787,12970,12915,12951,13650,14210,14617,13224,13193,13765,13998,14546,15329,16059,16713,17059
 "41000","Oregon",8,SAACArtsEmp,111,"...","  Performing arts companies","Number of jobs",1437,1432,1410,1492,1631,1701,1679,1773,1640,1664,1826,1888,1953,2049,2016,2132,2199
 "41000","Oregon",8,SAACArtsEmp,112,"...","  Promoters of performing arts and similar events","Number of jobs",1109,995,985,880,933,946,1046,998,947,1046,1012,591,610,660,754,871,1051
 "41000","Oregon",8,SAACArtsEmp,113,"...","  Agents/managers for artists","Number of jobs",22,18,19,26,25,25,23,27,31,36,28,28,32,41,42,41,52
 "41000","Oregon",8,SAACArtsEmp,114,"...","  Independent artists, writers, and performers","Number of jobs",268,306,290,296,337,398,404,441,397,452,412,418,448,482,531,609,669
 "41000","Oregon",8,SAACArtsEmp,120,"...","  Museums","Number of jobs",1253,1243,1256,1280,1247,1306,1357,1372,1292,1294,1395,1464,1517,1503,1532,1575,1552
 "41000","Oregon",8,SAACArtsEmp,131,"...","  Advertising","Number of jobs",1947,1702,1565,1562,1461,1503,1450,1562,1497,1576,1692,1841,1917,2153,2149,2182,2176
 "41000","Oregon",8,SAACArtsEmp,132,"...","  Architectural services","Number of jobs",1765,1730,1737,1817,2017,2296,2476,2417,1857,1649,1626,1632,1686,1839,2048,2224,2309
 "41000","Oregon",8,SAACArtsEmp,133,"...","  Landscape architectural services","Number of jobs",341,324,281,286,307,369,421,417,349,325,336,338,341,352,406,432,455
 "41000","Oregon",8,SAACArtsEmp,134,"...","  Interior design services","Number of jobs",209,222,241,266,299,327,377,420,329,304,311,359,365,367,441,487,532
 "41000","Oregon",8,SAACArtsEmp,135,"...","  Industrial design services","Number of jobs",67,84,148,225,311,254,269,261,280,368,350,351,306,312,332,329,360
 "41000","Oregon",8,SAACArtsEmp,136,"...","  Graphic design services","Number of jobs",915,820,799,786,765,852,953,1002,923,897,994,1039,1100,1136,1199,1249,1305
 "41000","Oregon",8,SAACArtsEmp,137,"...","  Computer systems design","Number of jobs",87,61,53,45,45,47,49,51,53,61,71,91,107,125,136,157,165
 "41000","Oregon",8,SAACArtsEmp,138,"...","  Photography and photofinishing services","Number of jobs",2163,2060,2024,1856,1678,1575,1500,1400,1264,1125,1049,1107,1036,1011,974,977,931
 "41000","Oregon",8,SAACArtsEmp,139,"...","  All other design services","Number of jobs",26,14,15,7,10,21,34,48,64,82,97,103,114,107,129,164,175
 "41000","Oregon",8,SAACArtsEmp,140,"...","  Fine arts education","Number of jobs",589,692,746,809,827,935,1075,1282,1245,1275,1382,1436,1588,1675,1799,1899,1954
 "41000","Oregon",8,SAACArtsEmp,150,"...","  Education services","Number of jobs",814,1085,1401,1283,1059,1096,1096,1145,1054,1041,1183,1312,1424,1517,1572,1384,1175
 "41000","Oregon",8,SAACArtsEmp,200,"..."," Supporting arts and cultural production","Number of jobs",60563,58385,54430,51553,50300,50236,50530,50576,47620,46263,45299,45386,45702,46452,46867,46977,48738
 "41000","Oregon",8,SAACArtsEmp,211,"...","  Rental and leasing","Number of jobs",1574,1444,1514,1467,(D),(D),1143,1006,858,593,404,335,(D),249,225,209,(D)
 "41000","Oregon",8,SAACArtsEmp,212,"...","  Grantmaking and giving services","Number of jobs",61,62,74,59,60,68,74,70,80,78,83,96,99,103,108,104,103
 "41000","Oregon",8,SAACArtsEmp,213,"...","  Unions","Number of jobs",211,181,193,189,186,192,185,204,225,209,241,242,287,258,278,251,289
 "41000","Oregon",8,SAACArtsEmp,214,"...","  Government","Number of jobs",27165,27273,24786,21886,19923,18342,16665,16906,16953,16515,16410,15651,16529,16968,17290,17333,17372
 "41000","Oregon",8,SAACArtsEmp,215,"...","  Other support services","Number of jobs",12,7,8,7,10,24,29,26,40,41,40,41,42,48,50,64,58
 "41000","Oregon",8,SAACArtsEmp,221,"...","  Publishing","Number of jobs",7592,6913,6742,6103,6390,6889,7409,7311,6617,6505,6399,6262,6159,6257,6612,6480,6525
 "41000","Oregon",8,SAACArtsEmp,222,"...","  Motion pictures","Number of jobs",3591,3383,2996,2987,3073,3461,3572,3766,3304,3229,3431,4145,3940,3942,4290,4529,4698
 "41000","Oregon",8,SAACArtsEmp,223,"...","  Sound recording","Number of jobs",521,398,225,79,69,73,76,75,75,75,72,71,90,103,105,126,130
 "41000","Oregon",8,SAACArtsEmp,224,"...","  Broadcasting","Number of jobs",(D),(D),(D),(D),(D),(D),(D),(D),(D),(D),(D),(D),(D),4202,4075,3966,3580
 "41000","Oregon",8,SAACArtsEmp,225,"...","  Other information services","Number of jobs",(D),(D),(D),(D),(D),(D),(D),(D),(D),(D),682,732,802,800,769,810,863
 "41000","Oregon",8,SAACArtsEmp,231,"...","  Jewelry and silverware manufacturing","Number of jobs",215,251,245,261,336,400,393,272,164,120,124,193,183,183,185,186,206
 "41000","Oregon",8,SAACArtsEmp,232,"...","  Printed goods manufacturing","Number of jobs",1382,1140,1041,1151,1128,1129,1329,(D),(D),1012,1013,975,986,(D),897,839,793
 "41000","Oregon",8,SAACArtsEmp,233,"...","  Musical instruments manufacturing","Number of jobs",250,235,226,204,201,213,212,215,213,164,173,173,184,231,206,154,128
 "41000","Oregon",8,SAACArtsEmp,234,"...","  Custom architectural woodwork and metalwork manufacturing","Number of jobs",(D),(D),(D),312,331,382,538,573,412,420,462,469,515,510,601,617,628
 "41000","Oregon",8,SAACArtsEmp,236,"...","  Other goods manufacturing","Number of jobs",400,358,349,365,334,(D),(D),(D),(D),(D),(D),(D),350,(D),497,534,(D)
 "41000","Oregon",8,SAACArtsEmp,240,"...","  Construction","Number of jobs",1870,1798,1389,1495,1717,1357,1497,1609,1563,1227,1208,1500,1021,1317,951,1048,1102
 "41000","Oregon",8,SAACArtsEmp,250,"...","  Wholesale and transportation industries","Number of jobs",2006,1932,1862,1890,1829,1844,1949,2049,(D),(D),(D),(D),(D),1389,1382,1375,1405
 "41000","Oregon",8,SAACArtsEmp,260,"...","  Retail industries","Number of jobs",9890,9172,8987,9479,9700,10261,10624,10050,9261,9307,8681,8499,8570,8512,8347,8353,10090
 "41000","Oregon",8,SAACArtsEmp,300,"..."," All other industries 2/","Number of jobs",2681,2675,2575,2543,2559,2551,2593,2491,2305,2094,2052,1928,1895,1996,2086,2164,2160
"Note: See the included footnote file."
"SAACArtsEmp: ACPSA full-time and part-time employment by ACPSA industry 1/"
"Last updated: March 17, 2020-- new statistics for 2017; revised statistics for 2001-2016. "
"Source: U.S. Department of Commerce / Bureau of Economic Analysis / Regional Economic Accounts"
