GeoFIPS,GeoName,Region,TableName,LineCode,IndustryClassification,Description,Unit,2001,2002,2003,2004,2005,2006,2007,2008,2009,2010,2011,2012,2013,2014,2015,2016,2017
 "10000","Delaware",2,SAACArtsComp,1,"...","Total compensation","Thousands of dollars",20008622,20561554,21387390,22718460,24158693,25526616,26124853,26282400,25225760,25532682,26723733,27465673,28062261,29411827,30550184,30634368,31739217
 "10000","Delaware",2,SAACArtsComp,10,"...","Total ACPSA compensation","Thousands of dollars",451542,480951,472908,495815,472619,498594,520210,488062,472866,451598,475263,466962,474273,498217,500341,499564,493743
 "10000","Delaware",2,SAACArtsComp,100,"..."," Core arts and cultural production","Thousands of dollars",82834,86916,81082,87350,96582,101230,101815,100910,98531,85864,91815,97787,93939,96092,90858,93134,97340
 "10000","Delaware",2,SAACArtsComp,111,"...","  Performing arts companies","Thousands of dollars",8606,8430,6310,9268,9376,8267,5378,6122,5856,7417,20357,14538,10352,9963,7727,8026,6654
 "10000","Delaware",2,SAACArtsComp,112,"...","  Promoters of performing arts and similar events","Thousands of dollars",(D),(D),397,(D),(D),(D),(D),(D),8109,4434,2515,(D),2874,1808,1609,2572,2448
 "10000","Delaware",2,SAACArtsComp,113,"...","  Agents/managers for artists","Thousands of dollars",(D),(D),0,0,(D),(D),(D),(D),(D),(D),(D),(D),(D),(D),77,188,293
 "10000","Delaware",2,SAACArtsComp,114,"...","  Independent artists, writers, and performers","Thousands of dollars",6414,6681,5713,(D),6518,6338,6119,6327,(D),(D),(D),3614,(D),(D),4939,5039,5294
 "10000","Delaware",2,SAACArtsComp,120,"...","  Museums","Thousands of dollars",13490,20544,15764,17416,18696,20361,19262,18877,22182,19158,18813,24418,24620,26255,21786,21282,21715
 "10000","Delaware",2,SAACArtsComp,131,"...","  Advertising","Thousands of dollars",8541,8405,8997,9370,10387,10788,14568,15599,12758,11285,10576,11799,11900,12569,13067,13569,15405
 "10000","Delaware",2,SAACArtsComp,132,"...","  Architectural services","Thousands of dollars",16137,15442,16803,19114,20906,22077,19960,18675,15721,12637,(D),9228,10567,10079,9879,(D),(D)
 "10000","Delaware",2,SAACArtsComp,133,"...","  Landscape architectural services","Thousands of dollars",3096,3449,3078,4190,5394,6656,7181,6630,4474,4499,4018,4820,5003,4356,4226,4671,4713
 "10000","Delaware",2,SAACArtsComp,134,"...","  Interior design services","Thousands of dollars",1843,2175,3065,2693,2976,3266,3660,3330,2431,1997,2077,2986,2305,2484,2643,2854,3233
 "10000","Delaware",2,SAACArtsComp,135,"...","  Industrial design services","Thousands of dollars",(D),(D),(D),(D),(D),(D),1173,1290,862,766,715,1051,(D),1021,(D),(D),(D)
 "10000","Delaware",2,SAACArtsComp,136,"...","  Graphic design services","Thousands of dollars",3936,4052,3485,4036,3819,3845,3672,4088,3539,3569,3190,4199,3021,2985,3386,3243,4054
 "10000","Delaware",2,SAACArtsComp,137,"...","  Computer systems design","Thousands of dollars",4653,4411,5335,2961,3527,3899,4175,4355,4458,4674,5294,6054,6249,6005,(D),(D),6804
 "10000","Delaware",2,SAACArtsComp,138,"...","  Photography and photofinishing services","Thousands of dollars",(D),5686,(D),(D),(D),(D),(D),(D),(D),(D),(D),(D),(D),2495,2981,3124,3611
 "10000","Delaware",2,SAACArtsComp,139,"...","  All other design services","Thousands of dollars",(D),(D),(D),(D),(D),(D),302,331,206,161,165,171,(D),58,(D),(D),(D)
 "10000","Delaware",2,SAACArtsComp,140,"...","  Fine arts education","Thousands of dollars",6088,2461,3076,3810,5227,(D),3757,(D),(D),(D),(D),(D),(D),(D),4775,(D),5367
 "10000","Delaware",2,SAACArtsComp,150,"...","  Education services","Thousands of dollars",3103,4096,3419,3044,3786,5169,6209,4870,4554,3805,4445,5263,6102,7802,6866,6905,6766
 "10000","Delaware",2,SAACArtsComp,200,"..."," Supporting arts and cultural production","Thousands of dollars",333292,357805,355819,371152,337062,357615,377528,347224,336511,330632,347868,335470,347238,366501,372265,368939,358233
 "10000","Delaware",2,SAACArtsComp,211,"...","  Rental and leasing","Thousands of dollars",4545,5320,4352,7274,4274,4905,4516,5512,4295,3582,3115,3264,2964,2955,3365,3892,3441
 "10000","Delaware",2,SAACArtsComp,212,"...","  Grantmaking and giving services","Thousands of dollars",219,243,340,346,(D),(D),586,462,(D),(D),549,430,623,646,712,599,576
 "10000","Delaware",2,SAACArtsComp,213,"...","  Unions","Thousands of dollars",1462,1325,1479,1793,1825,2255,1941,2162,2294,2227,2259,1936,2000,1864,1859,1838,1847
 "10000","Delaware",2,SAACArtsComp,214,"...","  Government","Thousands of dollars",145224,161873,143582,130773,122531,114844,107834,(D),106641,(D),114918,117658,121578,128067,128192,129775,131391
 "10000","Delaware",2,SAACArtsComp,215,"...","  Other support services","Thousands of dollars",(D),(D),(D),(D),(D),(D),(D),(D),(D),(D),(D),(D),(D),(D),(D),(D),(D)
 "10000","Delaware",2,SAACArtsComp,221,"...","  Publishing","Thousands of dollars",29173,29884,32927,32268,33953,(D),(D),(D),(D),(D),(D),(D),(D),(D),31077,32111,33244
 "10000","Delaware",2,SAACArtsComp,222,"...","  Motion pictures","Thousands of dollars",5542,6712,7257,7373,7744,7711,7580,7387,7151,6698,7401,7952,8532,8578,9058,(D),9215
 "10000","Delaware",2,SAACArtsComp,223,"...","  Sound recording","Thousands of dollars",1699,1205,1376,1316,397,490,677,682,511,434,491,575,466,563,486,396,353
 "10000","Delaware",2,SAACArtsComp,224,"...","  Broadcasting","Thousands of dollars",54114,52966,58147,64179,68667,72346,82998,87063,94748,91893,86863,88263,84470,88536,83083,83163,76329
 "10000","Delaware",2,SAACArtsComp,225,"...","  Other information services","Thousands of dollars",(D),5740,(D),6201,8852,13946,6893,8630,(D),(D),(D),(D),(D),7877,7198,6748,(D)
 "10000","Delaware",2,SAACArtsComp,231,"...","  Jewelry and silverware manufacturing","Thousands of dollars",(D),(D),(D),(D),(D),(D),(D),(D),0,0,0,0,0,0,0,0,0
 "10000","Delaware",2,SAACArtsComp,232,"...","  Printed goods manufacturing","Thousands of dollars",7225,5603,(D),(D),5407,5986,7154,7204,7146,7080,7260,7157,6915,6964,6648,5637,4269
 "10000","Delaware",2,SAACArtsComp,233,"...","  Musical instruments manufacturing","Thousands of dollars",0,0,0,0,0,0,0,0,0,0,0,0,0,0,0,0,0
 "10000","Delaware",2,SAACArtsComp,234,"...","  Custom architectural woodwork and metalwork manufacturing","Thousands of dollars",(D),(D),(D),(D),(D),(D),2053,2093,1744,1558,1553,1048,1084,496,530,823,545
 "10000","Delaware",2,SAACArtsComp,236,"...","  Other goods manufacturing","Thousands of dollars",2199,4792,3887,3966,1486,2212,1971,1181,330,310,319,314,398,372,419,363,2284
 "10000","Delaware",2,SAACArtsComp,240,"...","  Construction","Thousands of dollars",15110,22247,33690,55488,28925,40128,61125,31811,30672,29388,32588,18123,23446,31297,39353,35837,23620
 "10000","Delaware",2,SAACArtsComp,250,"...","  Wholesale and transportation industries","Thousands of dollars",(D),22497,20301,15723,13782,13705,(D),(D),(D),12757,(D),13389,15126,13427,(D),(D),20351
 "10000","Delaware",2,SAACArtsComp,260,"...","  Retail industries","Thousands of dollars",32050,33252,34249,35977,34245,36971,36760,35406,31675,28815,38302,36750,39662,43635,43836,43174,40982
 "10000","Delaware",2,SAACArtsComp,300,"..."," All other industries 2/","Thousands of dollars",35416,36230,36008,37313,38975,39749,40866,39927,37824,35102,35580,33706,33096,35624,37217,37492,38170
"Note: See the included footnote file."
"SAACArtsComp: ACPSA compensation by ACPSA industry 1/"
"Last updated: March 17, 2020-- new statistics for 2017; revised statistics for 2001-2016. "
"Source: U.S. Department of Commerce / Bureau of Economic Analysis / Regional Economic Accounts"
