GeoFIPS,GeoName,Region,TableName,LineCode,IndustryClassification,Description,Unit,2001,2002,2003,2004,2005,2006,2007,2008,2009,2010,2011,2012,2013,2014,2015,2016,2017
 "45000","South Carolina",5,SAACArtsEmp,1,"...","Total employment","Number of jobs",1925645,1908080,1909169,1929535,1953388,1995553,2027577,2013435,1902785,1892252,1913077,1947212,1985126,2032690,2090492,2133751,2174280
 "45000","South Carolina",5,SAACArtsEmp,10,"...","Total ACPSA employment","Number of jobs",58641,58619,56641,54861,53139,53210,52996,52716,49587,48647,49863,50196,50722,50823,51659,52376,53627
 "45000","South Carolina",5,SAACArtsEmp,100,"..."," Core arts and cultural production","Number of jobs",9395,9446,9671,9832,9912,10255,10783,10909,9949,9502,10257,10631,10782,11463,(D),(D),(D)
 "45000","South Carolina",5,SAACArtsEmp,111,"...","  Performing arts companies","Number of jobs",1338,1247,1356,1424,1428,1481,1553,1582,1429,1419,1422,1400,1440,1469,1462,1400,1340
 "45000","South Carolina",5,SAACArtsEmp,112,"...","  Promoters of performing arts and similar events","Number of jobs",395,535,708,663,618,595,684,754,648,542,937,1068,1174,1176,1058,1128,1158
 "45000","South Carolina",5,SAACArtsEmp,113,"...","  Agents/managers for artists","Number of jobs",18,23,25,24,24,28,33,48,49,62,81,90,102,99,96,125,112
 "45000","South Carolina",5,SAACArtsEmp,114,"...","  Independent artists, writers, and performers","Number of jobs",72,104,94,109,142,212,253,212,258,239,188,237,255,269,299,290,259
 "45000","South Carolina",5,SAACArtsEmp,120,"...","  Museums","Number of jobs",959,952,877,972,951,990,1075,1103,1125,1140,1218,1257,1362,1484,1553,1663,1727
 "45000","South Carolina",5,SAACArtsEmp,131,"...","  Advertising","Number of jobs",1053,1033,997,970,921,926,972,1119,1093,1214,1412,1573,1618,1918,1669,1707,1832
 "45000","South Carolina",5,SAACArtsEmp,132,"...","  Architectural services","Number of jobs",1354,1302,1311,1325,1423,1510,1653,1627,1269,1170,1146,1202,1146,1168,1217,1290,1264
 "45000","South Carolina",5,SAACArtsEmp,133,"...","  Landscape architectural services","Number of jobs",921,896,798,852,820,822,722,676,540,453,477,492,509,524,542,489,437
 "45000","South Carolina",5,SAACArtsEmp,134,"...","  Interior design services","Number of jobs",337,331,319,367,412,466,547,545,495,426,424,427,419,463,496,528,561
 "45000","South Carolina",5,SAACArtsEmp,135,"...","  Industrial design services","Number of jobs",93,87,92,87,83,104,186,130,113,99,94,68,48,41,45,46,45
 "45000","South Carolina",5,SAACArtsEmp,136,"...","  Graphic design services","Number of jobs",350,383,408,375,396,430,376,470,442,395,349,359,350,347,290,322,348
 "45000","South Carolina",5,SAACArtsEmp,137,"...","  Computer systems design","Number of jobs",83,74,73,73,67,67,78,83,85,88,148,116,123,144,159,175,187
 "45000","South Carolina",5,SAACArtsEmp,138,"...","  Photography and photofinishing services","Number of jobs",1166,1080,1108,1063,1047,1085,1099,1015,865,787,816,786,644,595,(D),(D),(D)
 "45000","South Carolina",5,SAACArtsEmp,139,"...","  All other design services","Number of jobs",33,32,42,33,33,29,41,63,51,28,33,50,41,57,63,72,82
 "45000","South Carolina",5,SAACArtsEmp,140,"...","  Fine arts education","Number of jobs",656,659,719,727,722,753,729,714,703,717,764,785,845,965,978,1029,1013
 "45000","South Carolina",5,SAACArtsEmp,150,"...","  Education services","Number of jobs",567,707,746,767,827,757,780,769,785,722,748,722,706,745,734,726,674
 "45000","South Carolina",5,SAACArtsEmp,200,"..."," Supporting arts and cultural production","Number of jobs",46271,46215,44153,42260,40468,40224,39420,39121,37145,36865,37369,37467,37886,37197,38205,38509,39721
 "45000","South Carolina",5,SAACArtsEmp,211,"...","  Rental and leasing","Number of jobs",1041,973,1043,1009,942,835,722,599,526,377,292,237,193,155,134,118,113
 "45000","South Carolina",5,SAACArtsEmp,212,"...","  Grantmaking and giving services","Number of jobs",31,33,38,31,30,35,41,41,46,47,49,58,61,65,75,83,76
 "45000","South Carolina",5,SAACArtsEmp,213,"...","  Unions","Number of jobs",68,63,65,63,65,69,64,71,81,65,75,76,94,91,100,88,100
 "45000","South Carolina",5,SAACArtsEmp,214,"...","  Government","Number of jobs",23950,24010,22219,20465,19062,17499,15872,16084,16297,16165,16289,16290,16295,16377,16416,16429,16517
 "45000","South Carolina",5,SAACArtsEmp,215,"...","  Other support services","Number of jobs",70,31,24,44,44,54,59,55,31,41,40,40,44,48,58,65,69
 "45000","South Carolina",5,SAACArtsEmp,221,"...","  Publishing","Number of jobs",2997,2928,3153,3161,3253,3223,3282,3153,2737,2558,2584,2838,2840,2747,2752,2699,2611
 "45000","South Carolina",5,SAACArtsEmp,222,"...","  Motion pictures","Number of jobs",1839,2365,1863,1704,1674,1766,2011,2176,2017,1996,2019,1819,1833,1614,1961,1988,2129
 "45000","South Carolina",5,SAACArtsEmp,223,"...","  Sound recording","Number of jobs",136,132,56,(D),(D),(D),69,76,59,61,(D),55,58,(D),(D),(D),(D)
 "45000","South Carolina",5,SAACArtsEmp,224,"...","  Broadcasting","Number of jobs",2772,2928,3123,3257,3424,3698,4589,4830,4765,4852,4961,5031,5215,5425,5638,5724,6411
 "45000","South Carolina",5,SAACArtsEmp,225,"...","  Other information services","Number of jobs",188,193,161,161,198,214,158,215,203,225,251,277,300,332,380,434,446
 "45000","South Carolina",5,SAACArtsEmp,231,"...","  Jewelry and silverware manufacturing","Number of jobs",41,59,(D),60,74,68,68,(D),(D),(D),24,(D),(D),33,28,34,34
 "45000","South Carolina",5,SAACArtsEmp,232,"...","  Printed goods manufacturing","Number of jobs",1312,1093,1034,864,826,830,975,925,830,772,749,749,826,844,831,849,831
 "45000","South Carolina",5,SAACArtsEmp,233,"...","  Musical instruments manufacturing","Number of jobs",40,28,(D),(D),(D),(D),9,(D),(D),(D),(D),(D),(D),(D),(D),(D),(D)
 "45000","South Carolina",5,SAACArtsEmp,234,"...","  Custom architectural woodwork and metalwork manufacturing","Number of jobs",281,404,348,303,228,237,297,298,230,196,195,190,192,162,169,185,196
 "45000","South Carolina",5,SAACArtsEmp,236,"...","  Other goods manufacturing","Number of jobs",1048,915,820,818,885,834,989,962,727,700,780,810,727,605,548,541,587
 "45000","South Carolina",5,SAACArtsEmp,240,"...","  Construction","Number of jobs",2332,2049,2351,2189,2125,2582,1550,1100,1439,1753,1375,1506,1575,1120,1184,1497,1184
 "45000","South Carolina",5,SAACArtsEmp,250,"...","  Wholesale and transportation industries","Number of jobs",1733,1901,1764,1886,1712,1936,2093,2185,1650,1854,1932,1851,1927,1964,2127,1898,2020
 "45000","South Carolina",5,SAACArtsEmp,260,"...","  Retail industries","Number of jobs",6394,6109,6030,6196,5875,6293,6573,6273,5454,5167,5692,5605,5670,5563,5762,5831,6107
 "45000","South Carolina",5,SAACArtsEmp,300,"..."," All other industries 2/","Number of jobs",2975,2958,2817,2769,2759,2731,2793,2687,2494,2280,2237,2098,2054,2163,(D),(D),(D)
"Note: See the included footnote file."
"SAACArtsEmp: ACPSA full-time and part-time employment by ACPSA industry 1/"
"Last updated: March 17, 2020-- new statistics for 2017; revised statistics for 2001-2016. "
"Source: U.S. Department of Commerce / Bureau of Economic Analysis / Regional Economic Accounts"
