GeoFIPS,GeoName,Region,TableName,LineCode,IndustryClassification,Description,Unit,2001,2002,2003,2004,2005,2006,2007,2008,2009,2010,2011,2012,2013,2014,2015,2016,2017
 "38000","North Dakota",4,SAACArtsEmp,1,"...","Total employment","Number of jobs",344694,345912,347433,355611,361718,369207,375055,383039,381991,392040,412875,447229,463244,480657,471435,450594,447726
 "38000","North Dakota",4,SAACArtsEmp,10,"...","Total ACPSA employment","Number of jobs",14230,14264,13737,13255,12779,12342,12038,12193,12350,12645,13088,13834,13895,13841,14308,14191,14035
 "38000","North Dakota",4,SAACArtsEmp,100,"..."," Core arts and cultural production","Number of jobs",1869,1919,1895,2008,1866,1807,1809,1818,1794,1745,1802,1834,1939,1994,2098,2145,2074
 "38000","North Dakota",4,SAACArtsEmp,111,"...","  Performing arts companies","Number of jobs",150,110,95,102,96,(D),(D),100,97,103,104,106,114,129,105,124,115
 "38000","North Dakota",4,SAACArtsEmp,112,"...","  Promoters of performing arts and similar events","Number of jobs",102,227,254,347,281,247,244,288,344,340,373,355,386,385,418,455,417
 "38000","North Dakota",4,SAACArtsEmp,113,"...","  Agents/managers for artists","Number of jobs",(D),(D),(D),(D),(D),(D),(D),(D),(D),(D),(D),(D),4,3,(D),(D),(D)
 "38000","North Dakota",4,SAACArtsEmp,114,"...","  Independent artists, writers, and performers","Number of jobs",(D),(D),(D),(D),(D),(D),(D),(D),(D),(D),(D),(D),62,68,72,85,98
 "38000","North Dakota",4,SAACArtsEmp,120,"...","  Museums","Number of jobs",182,194,195,203,199,197,(D),(D),151,141,147,158,170,178,171,171,176
 "38000","North Dakota",4,SAACArtsEmp,131,"...","  Advertising","Number of jobs",274,264,254,(D),(D),263,252,247,227,228,250,271,292,310,310,(D),297
 "38000","North Dakota",4,SAACArtsEmp,132,"...","  Architectural services","Number of jobs",179,181,184,200,195,199,207,218,198,180,190,207,231,239,284,280,267
 "38000","North Dakota",4,SAACArtsEmp,133,"...","  Landscape architectural services","Number of jobs",(D),(D),19,22,18,(D),(D),(D),(D),(D),(D),11,(D),(D),(D),(D),(D)
 "38000","North Dakota",4,SAACArtsEmp,134,"...","  Interior design services","Number of jobs",4,4,11,16,(D),(D),32,29,(D),(D),(D),(D),(D),(D),30,26,31
 "38000","North Dakota",4,SAACArtsEmp,135,"...","  Industrial design services","Number of jobs",0,0,0,0,(D),(D),0,0,0,0,0,0,0,0,(D),(D),(D)
 "38000","North Dakota",4,SAACArtsEmp,136,"...","  Graphic design services","Number of jobs",20,21,31,35,50,48,53,54,50,48,45,55,53,61,79,65,56
 "38000","North Dakota",4,SAACArtsEmp,137,"...","  Computer systems design","Number of jobs",(D),(D),(D),(D),(D),(D),(D),(D),(D),(D),30,(D),36,38,35,(D),36
 "38000","North Dakota",4,SAACArtsEmp,138,"...","  Photography and photofinishing services","Number of jobs",622,556,488,424,(D),341,363,(D),304,281,264,(D),(D),211,199,(D),147
 "38000","North Dakota",4,SAACArtsEmp,139,"...","  All other design services","Number of jobs",0,0,0,0,0,0,0,0,(D),(D),(D),(D),(D),(D),(D),(D),(D)
 "38000","North Dakota",4,SAACArtsEmp,140,"...","  Fine arts education","Number of jobs",96,99,130,136,134,139,140,132,133,152,147,158,175,193,235,263,265
 "38000","North Dakota",4,SAACArtsEmp,150,"...","  Education services","Number of jobs",140,170,150,156,144,146,142,145,141,137,139,133,146,136,141,137,149
 "38000","North Dakota",4,SAACArtsEmp,200,"..."," Supporting arts and cultural production","Number of jobs",11856,11835,11353,10765,10427,10051,9732,9881,10069,10444,10818,11527,11486,11345,11719,11579,11501
 "38000","North Dakota",4,SAACArtsEmp,211,"...","  Rental and leasing","Number of jobs",(D),185,(D),220,196,183,155,139,(D),107,(D),102,105,124,109,85,62
 "38000","North Dakota",4,SAACArtsEmp,212,"...","  Grantmaking and giving services","Number of jobs",6,6,7,(D),(D),8,8,8,10,11,11,13,16,16,14,14,15
 "38000","North Dakota",4,SAACArtsEmp,213,"...","  Unions","Number of jobs",25,23,24,23,23,23,20,21,25,21,25,26,30,28,28,26,30
 "38000","North Dakota",4,SAACArtsEmp,214,"...","  Government","Number of jobs",6292,6360,5726,5220,4971,4574,4059,4064,4259,4383,4454,4715,4864,4803,4954,4997,5048
 "38000","North Dakota",4,SAACArtsEmp,215,"...","  Other support services","Number of jobs",(D),(D),(D),(D),24,24,26,22,18,11,7,6,4,(D),(D),(D),(D)
 "38000","North Dakota",4,SAACArtsEmp,221,"...","  Publishing","Number of jobs",1417,1400,1384,1295,1252,1286,1382,1371,1409,(D),1349,1301,1233,(D),(D),(D),1124
 "38000","North Dakota",4,SAACArtsEmp,222,"...","  Motion pictures","Number of jobs",410,(D),412,(D),395,(D),(D),399,(D),377,382,382,(D),419,421,425,(D)
 "38000","North Dakota",4,SAACArtsEmp,223,"...","  Sound recording","Number of jobs",(D),(D),(D),4,4,(D),(D),(D),(D),(D),(D),(D),(D),0,0,0,(D)
 "38000","North Dakota",4,SAACArtsEmp,224,"...","  Broadcasting","Number of jobs",773,816,877,945,996,1050,1125,1171,1187,(D),(D),(D),1396,(D),(D),(D),1271
 "38000","North Dakota",4,SAACArtsEmp,225,"...","  Other information services","Number of jobs",18,16,24,36,37,32,21,27,27,29,26,25,(D),(D),(D),(D),(D)
 "38000","North Dakota",4,SAACArtsEmp,231,"...","  Jewelry and silverware manufacturing","Number of jobs",84,73,72,80,72,72,78,84,63,66,61,83,81,80,71,70,70
 "38000","North Dakota",4,SAACArtsEmp,232,"...","  Printed goods manufacturing","Number of jobs",163,139,136,152,155,161,192,192,173,183,162,162,160,152,143,136,126
 "38000","North Dakota",4,SAACArtsEmp,233,"...","  Musical instruments manufacturing","Number of jobs",(D),(D),(D),(D),(D),(D),(D),(D),(D),(D),(D),(D),0,0,0,0,0
 "38000","North Dakota",4,SAACArtsEmp,234,"...","  Custom architectural woodwork and metalwork manufacturing","Number of jobs",(D),67,51,(D),(D),(D),(D),(D),(D),(D),96,(D),117,120,133,125,125
 "38000","North Dakota",4,SAACArtsEmp,236,"...","  Other goods manufacturing","Number of jobs",59,82,92,100,109,84,86,86,62,57,58,62,62,77,86,85,88
 "38000","North Dakota",4,SAACArtsEmp,240,"...","  Construction","Number of jobs",492,411,502,343,263,286,273,336,390,548,581,881,698,451,701,726,1003
 "38000","North Dakota",4,SAACArtsEmp,250,"...","  Wholesale and transportation industries","Number of jobs",186,189,186,184,(D),(D),(D),(D),(D),(D),236,267,(D),(D),(D),(D),(D)
 "38000","North Dakota",4,SAACArtsEmp,260,"...","  Retail industries","Number of jobs",1638,1661,1615,1646,1669,1641,1601,1632,1618,1757,1968,2023,1978,2008,1973,1742,1593
 "38000","North Dakota",4,SAACArtsEmp,300,"..."," All other industries 2/","Number of jobs",505,510,489,482,486,484,497,494,486,456,468,472,470,502,491,466,460
"Note: See the included footnote file."
"SAACArtsEmp: ACPSA full-time and part-time employment by ACPSA industry 1/"
"Last updated: March 17, 2020-- new statistics for 2017; revised statistics for 2001-2016. "
"Source: U.S. Department of Commerce / Bureau of Economic Analysis / Regional Economic Accounts"
