GeoFIPS,GeoName,Region,TableName,LineCode,IndustryClassification,Description,Unit,2001,2002,2003,2004,2005,2006,2007,2008,2009,2010,2011,2012,2013,2014,2015,2016,2017
 "11000","District of Columbia",2,SAACArtsComp,1,"...","Total compensation","Thousands of dollars",46409614,49222496,51856798,55539931,58946058,61468717,64688947,67813101,69101530,72888763,75912272,77016067,78293689,81734625,85404897,88504789,92110407
 "11000","District of Columbia",2,SAACArtsComp,10,"...","Total ACPSA compensation","Thousands of dollars",5340010,5452469,5668618,5761037,5994282,6012562,5960590,6159727,6062028,6045183,6174776,6236778,6370531,6529287,6775600,6971819,7405422
 "11000","District of Columbia",2,SAACArtsComp,100,"..."," Core arts and cultural production","Thousands of dollars",701573,717755,789224,849262,930001,1000617,1069558,1134160,1089058,979960,1028995,1153723,1169005,1218455,1366722,1420336,1538333
 "11000","District of Columbia",2,SAACArtsComp,111,"...","  Performing arts companies","Thousands of dollars",46679,45295,40710,50796,51792,50229,45762,44547,45912,48932,54619,47615,37482,39625,38667,44641,45074
 "11000","District of Columbia",2,SAACArtsComp,112,"...","  Promoters of performing arts and similar events","Thousands of dollars",9418,28334,25207,21024,24329,26810,26118,27192,29990,28322,29125,35611,45130,48951,187018,207929,252248
 "11000","District of Columbia",2,SAACArtsComp,113,"...","  Agents/managers for artists","Thousands of dollars",4281,3620,(D),3870,3334,3904,4167,4554,3761,4515,(D),(D),(D),(D),7302,9010,10785
 "11000","District of Columbia",2,SAACArtsComp,114,"...","  Independent artists, writers, and performers","Thousands of dollars",20694,19088,18665,16248,18564,18242,20104,26982,26923,26268,26246,27262,26355,27400,29886,33004,33730
 "11000","District of Columbia",2,SAACArtsComp,120,"...","  Museums","Thousands of dollars",11525,18137,18077,19021,21643,22739,26434,41667,40735,35630,34898,45112,39950,39394,33022,35513,(D)
 "11000","District of Columbia",2,SAACArtsComp,131,"...","  Advertising","Thousands of dollars",(D),(D),200368,(D),(D),(D),322626,347966,317846,336763,352862,(D),(D),390668,396585,(D),432481
 "11000","District of Columbia",2,SAACArtsComp,132,"...","  Architectural services","Thousands of dollars",186222,191746,219363,223677,243120,265094,316838,332325,331904,230571,258191,275301,285178,300864,313295,323784,332366
 "11000","District of Columbia",2,SAACArtsComp,133,"...","  Landscape architectural services","Thousands of dollars",9241,11813,8101,8229,9478,14143,18074,21447,21403,8062,8948,11699,14756,17038,14715,14057,12129
 "11000","District of Columbia",2,SAACArtsComp,134,"...","  Interior design services","Thousands of dollars",19875,18138,19028,19774,22619,26412,30548,29161,23265,21495,19092,25995,19621,21644,23566,24102,25539
 "11000","District of Columbia",2,SAACArtsComp,135,"...","  Industrial design services","Thousands of dollars",(D),(D),873,978,777,826,696,(D),(D),(D),(D),(D),(D),(D),(D),545,566
 "11000","District of Columbia",2,SAACArtsComp,136,"...","  Graphic design services","Thousands of dollars",32154,26327,19949,19484,21291,21589,21012,21091,17995,20674,22584,31540,28789,26489,28789,30364,29763
 "11000","District of Columbia",2,SAACArtsComp,137,"...","  Computer systems design","Thousands of dollars",4139,5347,7064,10045,11913,14214,13984,15925,15368,16450,18281,20838,21493,26474,30088,30189,31817
 "11000","District of Columbia",2,SAACArtsComp,138,"...","  Photography and photofinishing services","Thousands of dollars",(D),(D),(D),(D),(D),(D),5486,6502,(D),(D),1751,(D),2456,(D),2178,(D),(D)
 "11000","District of Columbia",2,SAACArtsComp,139,"...","  All other design services","Thousands of dollars",(D),(D),840,855,210,269,192,(D),(D),(D),(D),(D),(D),(D),(D),3170,3545
 "11000","District of Columbia",2,SAACArtsComp,140,"...","  Fine arts education","Thousands of dollars",26750,17773,23458,30285,33963,34324,35036,38078,40434,41989,38757,31992,32747,29169,21382,21219,21290
 "11000","District of Columbia",2,SAACArtsComp,150,"...","  Education services","Thousands of dollars",160419,147742,169884,168451,189172,200119,182481,176082,168363,157643,157264,201368,234513,241000,238436,234797,246946
 "11000","District of Columbia",2,SAACArtsComp,200,"..."," Supporting arts and cultural production","Thousands of dollars",4590169,4684859,4829818,4860001,5010257,4955713,4830058,4964106,4912568,5007833,5087692,5028189,5147276,5252439,5346806,5486788,5800987
 "11000","District of Columbia",2,SAACArtsComp,211,"...","  Rental and leasing","Thousands of dollars",(D),2805,4193,4489,3852,4413,4169,4442,(D),4646,2137,(D),2207,1236,1407,5215,4949
 "11000","District of Columbia",2,SAACArtsComp,212,"...","  Grantmaking and giving services","Thousands of dollars",7817,11182,11074,11644,13140,16772,20642,20625,24019,24656,31649,25032,30464,31918,38232,38208,43511
 "11000","District of Columbia",2,SAACArtsComp,213,"...","  Unions","Thousands of dollars",87662,72073,82874,93625,91315,107361,96920,112260,122770,118305,131543,121673,134822,134869,137856,138267,151940
 "11000","District of Columbia",2,SAACArtsComp,214,"...","  Government","Thousands of dollars",3440087,3579062,3628281,3612142,3723651,3612290,3532606,3663152,3665879,3751979,3764217,3640947,3718173,3819143,3890089,4015752,4266892
 "11000","District of Columbia",2,SAACArtsComp,215,"...","  Other support services","Thousands of dollars",249,260,406,515,449,688,(D),(D),(D),(D),(D),(D),(D),(D),(D),(D),(D)
 "11000","District of Columbia",2,SAACArtsComp,221,"...","  Publishing","Thousands of dollars",403041,405969,442369,(D),(D),(D),(D),(D),(D),(D),(D),(D),(D),(D),(D),(D),(D)
 "11000","District of Columbia",2,SAACArtsComp,222,"...","  Motion pictures","Thousands of dollars",99704,99599,126659,115026,94082,85493,91140,91110,84654,91420,92218,94080,84569,80602,85608,75741,65668
 "11000","District of Columbia",2,SAACArtsComp,223,"...","  Sound recording","Thousands of dollars",2752,3265,4005,6397,6750,4944,5672,4065,5151,4957,5001,7830,6701,11046,12651,11065,7116
 "11000","District of Columbia",2,SAACArtsComp,224,"...","  Broadcasting","Thousands of dollars",229419,263816,276274,306092,332260,(D),(D),(D),(D),396152,407600,(D),(D),(D),449655,450581,425648
 "11000","District of Columbia",2,SAACArtsComp,225,"...","  Other information services","Thousands of dollars",(D),(D),160620,196246,244812,318047,193426,210937,180585,193515,216738,243294,248513,279375,295049,290871,325627
 "11000","District of Columbia",2,SAACArtsComp,231,"...","  Jewelry and silverware manufacturing","Thousands of dollars",934,595,(D),(D),(D),(D),(D),(D),0,0,0,0,0,0,0,0,0
 "11000","District of Columbia",2,SAACArtsComp,232,"...","  Printed goods manufacturing","Thousands of dollars",10867,6462,6111,6662,6365,6520,7495,7779,6173,5319,4070,4083,4277,3647,3384,3586,3249
 "11000","District of Columbia",2,SAACArtsComp,233,"...","  Musical instruments manufacturing","Thousands of dollars",0,(D),(D),(D),(D),(D),(D),0,0,0,0,0,0,0,0,0,0
 "11000","District of Columbia",2,SAACArtsComp,234,"...","  Custom architectural woodwork and metalwork manufacturing","Thousands of dollars",303,361,290,228,215,243,348,348,238,(D),(D),(D),(D),(D),(D),(D),(D)
 "11000","District of Columbia",2,SAACArtsComp,236,"...","  Other goods manufacturing","Thousands of dollars",232,223,(D),263,225,231,84,27,23,(D),50,49,48,46,59,(D),(D)
 "11000","District of Columbia",2,SAACArtsComp,240,"...","  Construction","Thousands of dollars",62025,53148,37834,31366,31876,23393,16944,17505,24124,20008,21708,29119,41568,30164,52389,53113,39353
 "11000","District of Columbia",2,SAACArtsComp,250,"...","  Wholesale and transportation industries","Thousands of dollars",6110,7186,(D),(D),(D),7612,7391,7319,4043,6061,4731,4296,4287,3784,5965,11017,(D)
 "11000","District of Columbia",2,SAACArtsComp,260,"...","  Retail industries","Thousands of dollars",41591,38990,41409,44732,45427,48491,50378,49888,47405,69794,51130,53517,40324,39425,38591,48941,47909
 "11000","District of Columbia",2,SAACArtsComp,300,"..."," All other industries 2/","Thousands of dollars",48268,49855,49576,51774,54023,56232,60973,61461,60403,57390,58089,54865,54250,58393,62073,64695,66102
"Note: See the included footnote file."
"SAACArtsComp: ACPSA compensation by ACPSA industry 1/"
"Last updated: March 17, 2020-- new statistics for 2017; revised statistics for 2001-2016. "
"Source: U.S. Department of Commerce / Bureau of Economic Analysis / Regional Economic Accounts"
