GeoFIPS,GeoName,Region,TableName,LineCode,IndustryClassification,Description,Unit,2001,2002,2003,2004,2005,2006,2007,2008,2009,2010,2011,2012,2013,2014,2015,2016,2017
 "56000","Wyoming",7,SAACEmpLQ,10,"...","Total","Location quotient",1.356,1.350,1.379,1.359,1.336,1.292,1.249,1.237,1.269,1.272,1.266,1.224,1.194,1.176,1.162,1.202,1.235
 "56000","Wyoming",7,SAACEmpLQ,100,"..."," Core arts and cultural production","Location quotient",(D),(D),(D),(D),(D),(D),(D),(D),0.567,0.579,0.566,0.554,0.550,0.551,0.579,0.638,0.715
 "56000","Wyoming",7,SAACEmpLQ,111,"...","  Performing arts companies","Location quotient",0.335,(D),0.451,0.476,0.491,0.509,0.580,0.563,0.562,0.642,0.697,0.635,0.589,0.583,0.620,0.639,0.661
 "56000","Wyoming",7,SAACEmpLQ,112,"...","  Promoters of performing arts and similar events","Location quotient",(D),0.226,(D),(D),(D),(D),(D),(D),0.264,0.361,0.208,(D),0.301,0.281,0.272,0.498,1.067
 "56000","Wyoming",7,SAACEmpLQ,113,"...","  Agents/managers for artists","Location quotient",0.134,(D),(D),(D),(D),(D),(D),(D),(D),(D),(D),(D),(D),(D),(D),(D),(D)
 "56000","Wyoming",7,SAACEmpLQ,114,"...","  Independent artists, writers, and performers","Location quotient",1.428,1.235,1.164,1.066,1.170,1.055,0.974,0.920,0.880,0.913,0.787,(D),0.703,0.678,0.866,0.885,0.961
 "56000","Wyoming",7,SAACEmpLQ,120,"...","  Museums","Location quotient",1.567,1.478,1.412,1.305,1.259,1.212,1.219,1.204,1.171,1.131,1.136,1.122,1.163,1.167,1.190,1.228,1.226
 "56000","Wyoming",7,SAACEmpLQ,131,"...","  Advertising","Location quotient",0.274,0.283,0.346,0.350,0.361,0.334,0.300,0.254,0.239,0.222,0.231,(D),(D),(D),0.304,0.334,(D)
 "56000","Wyoming",7,SAACEmpLQ,132,"...","  Architectural services","Location quotient",0.685,0.715,0.702,0.717,0.633,0.594,0.583,0.635,0.646,0.641,0.634,0.618,0.631,0.646,0.633,0.620,0.608
 "56000","Wyoming",7,SAACEmpLQ,133,"...","  Landscape architectural services","Location quotient",0.681,0.519,0.492,0.536,0.463,0.250,0.223,0.255,(D),0.316,(D),0.338,0.339,0.332,0.344,0.366,0.447
 "56000","Wyoming",7,SAACEmpLQ,134,"...","  Interior design services","Location quotient",0.553,0.543,0.523,0.545,0.550,0.480,0.458,0.480,0.520,0.479,0.472,0.478,0.485,0.481,0.535,0.522,0.604
 "56000","Wyoming",7,SAACEmpLQ,135,"...","  Industrial design services","Location quotient",0.907,0.976,0.799,1.000,0.630,0.457,0.539,0.549,0.749,(D),0.804,(D),(D),(D),(D),(D),(D)
 "56000","Wyoming",7,SAACEmpLQ,136,"...","  Graphic design services","Location quotient",0.172,(D),0.133,(D),0.155,0.166,0.233,0.236,0.246,(D),0.192,0.152,0.153,0.144,0.122,0.152,0.200
 "56000","Wyoming",7,SAACEmpLQ,137,"...","  Computer systems design","Location quotient",(D),(D),(D),0.158,0.188,(D),(D),(D),(D),(D),(D),(D),(D),(D),(D),(D),(D)
 "56000","Wyoming",7,SAACEmpLQ,138,"...","  Photography and photofinishing services","Location quotient",0.720,0.760,0.750,(D),0.721,0.666,0.594,0.586,0.600,(D),0.514,0.502,(D),0.457,0.469,0.514,(D)
 "56000","Wyoming",7,SAACEmpLQ,139,"...","  All other design services","Location quotient",0.210,(D),0.273,(D),0.304,0.338,0.312,0.353,0.249,(D),0.128,(D),(D),(D),(D),(D),(D)
 "56000","Wyoming",7,SAACEmpLQ,140,"...","  Fine arts education","Location quotient",0.618,0.564,0.623,(D),(D),(D),0.920,0.969,0.977,1.029,1.160,1.181,1.148,1.100,1.213,1.372,1.429
 "56000","Wyoming",7,SAACEmpLQ,150,"...","  Education services","Location quotient",0.315,0.335,0.308,0.276,0.261,0.262,0.244,0.244,0.230,0.236,0.219,0.214,0.216,0.231,0.243,0.268,0.277
 "56000","Wyoming",7,SAACEmpLQ,200,"..."," Supporting arts and cultural production","Location quotient",1.576,1.568,1.611,1.590,1.572,1.530,1.472,1.458,1.496,1.489,1.489,1.442,1.407,1.390,1.364,1.403,1.426
 "56000","Wyoming",7,SAACEmpLQ,211,"...","  Rental and leasing","Location quotient",1.225,1.409,0.997,1.114,1.204,1.335,1.421,1.596,1.522,1.460,1.332,1.088,1.690,1.756,1.480,1.543,(D)
 "56000","Wyoming",7,SAACEmpLQ,212,"...","  Grantmaking and giving services","Location quotient",0.802,0.846,0.945,1.084,0.908,0.957,0.657,0.689,0.741,0.698,(D),0.622,(D),(D),0.659,(D),(D)
 "56000","Wyoming",7,SAACEmpLQ,213,"...","  Unions","Location quotient",(D),(D),(D),(D),(D),0.434,(D),0.378,(D),0.423,0.414,(D),0.424,0.432,0.452,(D),(D)
 "56000","Wyoming",7,SAACEmpLQ,214,"...","  Government","Location quotient",2.683,2.645,2.710,2.663,2.670,2.656,2.676,2.625,2.642,2.674,2.631,2.650,2.640,2.629,2.697,2.849,2.871
 "56000","Wyoming",7,SAACEmpLQ,215,"...","  Other support services","Location quotient",0.954,0.291,0.281,0.271,0.254,0.230,0.209,0.222,0.133,0.146,0.156,0.168,0.170,0.165,0.169,0.161,0.164
 "56000","Wyoming",7,SAACEmpLQ,221,"...","  Publishing","Location quotient",0.782,(D),(D),(D),0.776,0.734,0.690,0.671,0.672,0.686,(D),(D),(D),(D),(D),(D),(D)
 "56000","Wyoming",7,SAACEmpLQ,222,"...","  Motion pictures","Location quotient",0.521,0.556,0.604,0.597,0.696,0.674,0.648,0.593,0.645,0.617,0.595,0.587,0.562,0.573,0.575,0.570,0.616
 "56000","Wyoming",7,SAACEmpLQ,223,"...","  Sound recording","Location quotient",(D),(D),(D),0.073,0.166,0.236,(D),0.372,0.354,0.364,0.302,0.223,0.240,0.237,0.238,0.181,(D)
 "56000","Wyoming",7,SAACEmpLQ,224,"...","  Broadcasting","Location quotient",0.773,0.815,0.893,0.964,0.899,0.890,0.910,0.933,0.979,1.014,1.034,1.082,(D),(D),(D),(D),(D)
 "56000","Wyoming",7,SAACEmpLQ,225,"...","  Other information services","Location quotient",0.128,0.160,0.195,0.165,0.130,0.225,0.184,(D),(D),(D),(D),(D),(D),(D),(D),0.099,0.114
 "56000","Wyoming",7,SAACEmpLQ,231,"...","  Jewelry and silverware manufacturing","Location quotient",(D),(D),(D),(D),(D),(D),0.103,0.084,(D),(D),(D),(D),(D),(D),(D),(D),(D)
 "56000","Wyoming",7,SAACEmpLQ,232,"...","  Printed goods manufacturing","Location quotient",0.267,0.253,0.276,0.299,0.305,0.303,0.248,0.248,0.229,0.246,0.312,0.324,0.314,(D),0.293,0.309,0.324
 "56000","Wyoming",7,SAACEmpLQ,233,"...","  Musical instruments manufacturing","Location quotient",0.000,0.000,(D),(D),0.000,0.000,0.000,0.000,0.000,0.000,0.000,0.000,0.000,0.000,0.000,0.000,0.000
 "56000","Wyoming",7,SAACEmpLQ,234,"...","  Custom architectural woodwork and metalwork manufacturing","Location quotient",0.567,0.471,0.488,(D),0.507,0.477,0.442,(D),(D),(D),(D),0.382,0.365,0.370,0.368,0.367,0.354
 "56000","Wyoming",7,SAACEmpLQ,236,"...","  Other goods manufacturing","Location quotient",(D),0.595,0.648,0.706,0.775,0.833,0.791,0.735,0.811,0.823,0.670,0.706,0.712,0.744,0.778,0.827,0.874
 "56000","Wyoming",7,SAACEmpLQ,240,"...","  Construction","Location quotient",1.590,1.133,1.918,2.207,1.996,2.050,1.915,2.319,2.385,2.092,4.282,3.218,1.946,2.315,1.232,1.104,1.877
 "56000","Wyoming",7,SAACEmpLQ,250,"...","  Wholesale and transportation industries","Location quotient",0.307,0.291,(D),(D),0.333,(D),0.315,(D),(D),(D),(D),(D),0.413,0.430,(D),0.386,(D)
 "56000","Wyoming",7,SAACEmpLQ,260,"...","  Retail industries","Location quotient",1.483,1.407,1.423,1.475,1.518,1.483,1.451,1.400,1.289,1.202,0.973,0.965,1.013,0.885,0.865,0.846,(D)
 "56000","Wyoming",7,SAACEmpLQ,300,"..."," All other industries 2/","Location quotient",(D),(D),(D),(D),(D),(D),(D),(D),0.885,0.878,0.885,0.883,0.880,0.880,0.875,0.863,0.868
"Note: See the included footnote file."
"SAACEmpLQ: Arts Employment Location Quotient 1/"
"Last updated: March 17, 2020-- new statistics for 2017; revised statistics for 2001-2016. "
"Source: U.S. Department of Commerce / Bureau of Economic Analysis / Regional Economic Accounts"
