GeoFIPS,GeoName,Region,TableName,LineCode,IndustryClassification,Description,Unit,2001,2002,2003,2004,2005,2006,2007,2008,2009,2010,2011,2012,2013,2014,2015,2016,2017
 "02000","Alaska",8,SAACArtsVA,1,"...","Total value added","Thousands of dollars",28420361,29605348,31799747,34970743,39774817,44435347,48972565,54752445,49585892,52882517,56259944,57670130,56622784,55523440,50641572,49363445,51803075
 "02000","Alaska",8,SAACArtsVA,10,"...","Total ACPSA value added","Thousands of dollars",956563,1025426,1036133,1040298,1025363,1030290,1091125,1144130,1130593,1174236,1204589,1265183,1314661,1301383,1351162,1365791,1369618
 "02000","Alaska",8,SAACArtsVA,100,"..."," Core arts and cultural production","Thousands of dollars",96383,100588,105256,102198,109307,108707,116247,124501,124840,126272,127125,142472,145025,146708,134612,126850,123361
 "02000","Alaska",8,SAACArtsVA,111,"...","  Performing arts companies","Thousands of dollars",14128,13976,13135,9827,10451,8711,8398,8721,10707,10546,11918,14196,13766,15527,11711,13018,13186
 "02000","Alaska",8,SAACArtsVA,112,"...","  Promoters of performing arts and similar events","Thousands of dollars",4245,6274,6067,5445,5018,4832,8409,9217,10929,9478,10026,11375,11883,13667,12765,13314,13345
 "02000","Alaska",8,SAACArtsVA,113,"...","  Agents/managers for artists","Thousands of dollars",37,63,24,20,9,118,0,2,0,555,548,117,131,29,16,1329,1066
 "02000","Alaska",8,SAACArtsVA,114,"...","  Independent artists, writers, and performers","Thousands of dollars",9032,6978,7019,5758,6954,5528,5271,4922,7092,8524,8719,15367,15675,8872,8196,5588,4596
 "02000","Alaska",8,SAACArtsVA,120,"...","  Museums","Thousands of dollars",8017,9828,11712,13671,15758,18291,19439,20630,16247,14864,16349,20630,20905,21768,18838,18529,20230
 "02000","Alaska",8,SAACArtsVA,131,"...","  Advertising","Thousands of dollars",10554,11264,9847,10655,10488,10971,11477,14654,13880,15634,13539,13175,14715,17228,16872,14959,14831
 "02000","Alaska",8,SAACArtsVA,132,"...","  Architectural services","Thousands of dollars",31898,32724,36979,36753,38470,37819,43027,42089,41199,42372,43506,45332,44414,44584,39909,33561,30214
 "02000","Alaska",8,SAACArtsVA,133,"...","  Landscape architectural services","Thousands of dollars",2248,2159,2569,3150,3645,3204,995,841,1205,1151,1315,1260,1259,1324,1157,1266,1004
 "02000","Alaska",8,SAACArtsVA,134,"...","  Interior design services","Thousands of dollars",2354,2961,3283,3057,3442,3413,3343,3655,3468,4019,3430,3434,3738,3654,3755,2787,2737
 "02000","Alaska",8,SAACArtsVA,135,"...","  Industrial design services","Thousands of dollars",757,964,759,817,701,484,524,499,556,911,1642,1655,2507,2682,2721,3012,2807
 "02000","Alaska",8,SAACArtsVA,136,"...","  Graphic design services","Thousands of dollars",706,998,1258,1193,1033,1046,418,372,523,981,941,1254,1499,2601,3594,3933,3413
 "02000","Alaska",8,SAACArtsVA,137,"...","  Computer systems design","Thousands of dollars",718,801,821,835,979,1087,1166,1375,1695,1946,1923,2015,1892,1645,1590,1806,1933
 "02000","Alaska",8,SAACArtsVA,138,"...","  Photography and photofinishing services","Thousands of dollars",7414,7307,6604,5985,7274,7686,8003,11407,10737,8529,6104,6003,5481,5655,5387,5602,6256
 "02000","Alaska",8,SAACArtsVA,139,"...","  All other design services","Thousands of dollars",90,88,67,50,59,88,43,70,86,104,145,183,170,141,148,234,164
 "02000","Alaska",8,SAACArtsVA,140,"...","  Fine arts education","Thousands of dollars",1802,1551,2224,2439,2634,2825,2919,3303,3679,3762,4068,3650,3932,4283,4952,5113,4796
 "02000","Alaska",8,SAACArtsVA,150,"...","  Education services","Thousands of dollars",2381,2651,2888,2544,2391,2603,2816,2744,2838,2897,2952,2827,3058,3046,3003,2799,2783
 "02000","Alaska",8,SAACArtsVA,200,"..."," Supporting arts and cultural production","Thousands of dollars",826077,888938,894895,901063,877069,881231,931408,975577,961713,1006046,1033277,1080506,1127133,1110218,1170797,1193198,1200860
 "02000","Alaska",8,SAACArtsVA,211,"...","  Rental and leasing","Thousands of dollars",13311,13177,12543,11405,10437,13357,11917,11885,10470,9347,7240,5522,4713,4463,5306,5414,3433
 "02000","Alaska",8,SAACArtsVA,212,"...","  Grantmaking and giving services","Thousands of dollars",868,965,1305,1304,1488,1696,1922,1789,2030,1898,2338,1902,2305,2250,2604,2521,2648
 "02000","Alaska",8,SAACArtsVA,213,"...","  Unions","Thousands of dollars",2246,1868,2118,2419,2384,2905,2529,2845,3313,3242,3413,3158,3435,3384,3383,3261,3609
 "02000","Alaska",8,SAACArtsVA,214,"...","  Government","Thousands of dollars",557941,576616,548652,527449,498372,478000,463144,469615,504743,541390,568109,581573,573980,594410,606389,614867,646107
 "02000","Alaska",8,SAACArtsVA,215,"...","  Other support services","Thousands of dollars",627,422,718,980,226,236,302,355,315,236,240,235,239,346,445,529,610
 "02000","Alaska",8,SAACArtsVA,221,"...","  Publishing","Thousands of dollars",32627,44115,48400,50391,52255,46982,52073,49847,43709,38469,35238,29912,28746,27278,27629,26751,24156
 "02000","Alaska",8,SAACArtsVA,222,"...","  Motion pictures","Thousands of dollars",11610,14389,13838,13558,10594,10719,11080,11130,12905,17354,16204,15212,18185,15965,20184,18608,24608
 "02000","Alaska",8,SAACArtsVA,223,"...","  Sound recording","Thousands of dollars",4767,4639,4626,2821,580,611,717,1208,1345,1062,1073,1021,1373,1280,494,436,518
 "02000","Alaska",8,SAACArtsVA,224,"...","  Broadcasting","Thousands of dollars",128110,134184,158606,186439,193725,203200,238642,280788,261341,271636,288730,314224,340342,331136,373164,388612,380115
 "02000","Alaska",8,SAACArtsVA,225,"...","  Other information services","Thousands of dollars",1916,4298,6200,8809,9696,12318,3911,5434,7382,7712,8346,7263,6797,6375,5442,8097,8438
 "02000","Alaska",8,SAACArtsVA,231,"...","  Jewelry and silverware manufacturing","Thousands of dollars",1743,2441,1683,1582,1675,1991,2593,2121,1531,1319,1199,1087,1495,1306,1079,1255,1342
 "02000","Alaska",8,SAACArtsVA,232,"...","  Printed goods manufacturing","Thousands of dollars",2709,2086,2001,2193,2159,2223,2580,2757,2767,3026,3551,3783,3918,3827,3543,3470,3304
 "02000","Alaska",8,SAACArtsVA,233,"...","  Musical instruments manufacturing","Thousands of dollars",13,55,21,17,16,18,25,18,24,22,22,21,13,17,17,19,17
 "02000","Alaska",8,SAACArtsVA,234,"...","  Custom architectural woodwork and metalwork manufacturing","Thousands of dollars",140,243,328,382,488,575,512,499,371,384,476,551,653,505,754,800,629
 "02000","Alaska",8,SAACArtsVA,236,"...","  Other goods manufacturing","Thousands of dollars",167,176,171,11,17,19,27,67,61,67,63,75,103,92,87,64,67
 "02000","Alaska",8,SAACArtsVA,240,"...","  Construction","Thousands of dollars",28366,46068,45612,42325,42463,53283,85919,79690,59521,55516,40820,56703,77783,57098,60634,60860,39659
 "02000","Alaska",8,SAACArtsVA,250,"...","  Wholesale and transportation industries","Thousands of dollars",13731,17180,20592,19536,20350,21198,22693,24228,20932,25554,27455,30324,34376,32754,33174,31062,31814
 "02000","Alaska",8,SAACArtsVA,260,"...","  Retail industries","Thousands of dollars",25185,26018,27482,29442,30143,31899,30823,31302,28953,27811,28760,27940,28673,27730,26467,26570,29785
 "02000","Alaska",8,SAACArtsVA,300,"..."," All other industries 2/","Thousands of dollars",34103,35900,35982,37036,38987,40352,43470,44052,44040,41918,44187,42206,42502,44457,45752,45742,45398
"Note: See the included footnote file."
"SAACArtsVA: ACPSA value added by ACPSA industry 1/"
"Last updated: March 17, 2020-- new statistics for 2017; revised statistics for 2001-2016. "
"Source: U.S. Department of Commerce / Bureau of Economic Analysis / Regional Economic Accounts"
