GeoFIPS,GeoName,Region,TableName,LineCode,IndustryClassification,Description,Unit,2001,2002,2003,2004,2005,2006,2007,2008,2009,2010,2011,2012,2013,2014,2015,2016,2017
 "27000","Minnesota",4,SAACArtsComp,1,"...","Total compensation","Thousands of dollars",120075026,122561322,127238019,134314284,138333718,143010134,151553185,156420092,148855406,153056473,160091169,165157210,170649035,178766898,187128461,193655610,200980352
 "27000","Minnesota",4,SAACArtsComp,10,"...","Total ACPSA compensation","Thousands of dollars",5274797,5273639,5201926,5332292,5257140,5361431,5588464,5726330,5516799,5552766,5582050,5550118,5768695,6202242,6294130,6467533,6564976
 "27000","Minnesota",4,SAACArtsComp,100,"..."," Core arts and cultural production","Thousands of dollars",(D),1002733,934037,958398,993090,1047746,1108215,1134418,1040417,1003650,1040834,1086439,1026859,1120910,1161387,1217449,1275727
 "27000","Minnesota",4,SAACArtsComp,111,"...","  Performing arts companies","Thousands of dollars",109478,109829,89411,111218,103828,100694,95796,99263,100665,102941,111375,99066,79515,94942,96384,104694,106440
 "27000","Minnesota",4,SAACArtsComp,112,"...","  Promoters of performing arts and similar events","Thousands of dollars",12522,26449,25787,20819,21766,27543,36053,36506,35429,36123,35413,41912,44630,48653,46186,56345,61356
 "27000","Minnesota",4,SAACArtsComp,113,"...","  Agents/managers for artists","Thousands of dollars",61166,51545,3813,3819,3897,4813,6140,6170,6124,7985,10114,10784,12765,12828,14127,14900,16767
 "27000","Minnesota",4,SAACArtsComp,114,"...","  Independent artists, writers, and performers","Thousands of dollars",35140,31861,30761,30102,31880,32592,36222,41150,37433,38829,37061,33499,38334,37937,43503,32178,36043
 "27000","Minnesota",4,SAACArtsComp,120,"...","  Museums","Thousands of dollars",39538,55300,44708,43744,49037,55687,62308,64320,68453,63042,64815,84150,82569,85026,74229,78080,79169
 "27000","Minnesota",4,SAACArtsComp,131,"...","  Advertising","Thousands of dollars",197635,173363,178457,190070,207507,212657,218707,214283,193730,188429,203753,224773,224563,254446,262141,266764,270826
 "27000","Minnesota",4,SAACArtsComp,132,"...","  Architectural services","Thousands of dollars",241220,201058,207062,202716,212192,242116,273346,277534,214648,195841,217513,223003,214688,231849,258591,285696,306620
 "27000","Minnesota",4,SAACArtsComp,133,"...","  Landscape architectural services","Thousands of dollars",16026,15077,13504,14391,13663,14128,12395,12293,9747,8043,7965,7675,7801,8510,8433,9035,10617
 "27000","Minnesota",4,SAACArtsComp,134,"...","  Interior design services","Thousands of dollars",15721,16173,16209,16764,16362,18732,19772,17546,11994,11163,11020,14819,12685,14236,15578,16155,16898
 "27000","Minnesota",4,SAACArtsComp,135,"...","  Industrial design services","Thousands of dollars",4272,3259,3042,2617,2649,2343,2607,2515,3221,4346,5049,2373,2080,1341,1197,1326,1144
 "27000","Minnesota",4,SAACArtsComp,136,"...","  Graphic design services","Thousands of dollars",69926,62560,62298,62463,61464,66524,65904,67850,57374,61656,59261,83609,64927,67985,72526,77267,84804
 "27000","Minnesota",4,SAACArtsComp,137,"...","  Computer systems design","Thousands of dollars",(D),19084,19436,21030,23737,26590,31943,33150,31092,34783,40829,46548,48612,51374,54776,56074,60666
 "27000","Minnesota",4,SAACArtsComp,138,"...","  Photography and photofinishing services","Thousands of dollars",148510,163398,151215,135853,128757,129589,125110,134928,136735,118548,103708,89659,71188,78381,80405,77113,87223
 "27000","Minnesota",4,SAACArtsComp,139,"...","  All other design services","Thousands of dollars",1939,1358,1119,733,800,1232,2269,2398,2172,2235,2812,5047,5038,7046,7116,8591,7653
 "27000","Minnesota",4,SAACArtsComp,140,"...","  Fine arts education","Thousands of dollars",32908,27662,34484,42797,46034,48160,46710,53046,58449,58564,56013,49560,46867,50070,51969,52543,51487
 "27000","Minnesota",4,SAACArtsComp,150,"...","  Education services","Thousands of dollars",31940,44759,52730,59264,69517,64347,72931,71464,73150,71120,74133,69963,70598,76285,74226,80688,78015
 "27000","Minnesota",4,SAACArtsComp,200,"..."," Supporting arts and cultural production","Thousands of dollars",4030517,4061294,4058702,4158403,4045481,4093149,4244068,4353280,4252592,4336963,4326774,4259210,4539513,4866257,4906256,5013456,5047731
 "27000","Minnesota",4,SAACArtsComp,211,"...","  Rental and leasing","Thousands of dollars",23224,27313,23062,23719,(D),(D),23586,(D),(D),14302,13443,14038,12970,13673,16407,16153,14731
 "27000","Minnesota",4,SAACArtsComp,212,"...","  Grantmaking and giving services","Thousands of dollars",5146,5935,6440,6033,6917,8379,8949,8746,9121,8132,9806,7524,8113,10094,11764,11325,11612
 "27000","Minnesota",4,SAACArtsComp,213,"...","  Unions","Thousands of dollars",11852,10001,11414,12800,12568,15166,13776,15331,17522,16730,17948,16964,17869,17969,18889,19164,20809
 "27000","Minnesota",4,SAACArtsComp,214,"...","  Government","Thousands of dollars",1551001,1667953,1641635,1580374,1523438,1461942,1419640,1494210,1506151,1545781,1546773,1514537,1596020,1647347,1704534,1766011,1768378
 "27000","Minnesota",4,SAACArtsComp,215,"...","  Other support services","Thousands of dollars",1536,1171,1596,1566,1528,993,942,887,732,705,631,677,657,906,1036,682,3588
 "27000","Minnesota",4,SAACArtsComp,221,"...","  Publishing","Thousands of dollars",761646,750613,796619,805600,828133,835237,953094,945754,898833,861960,918537,864139,911433,937016,968198,901146,955222
 "27000","Minnesota",4,SAACArtsComp,222,"...","  Motion pictures","Thousands of dollars",112570,103013,111057,121509,106112,99437,103823,100278,95116,90002,94962,93336,86725,92024,90461,95289,90540
 "27000","Minnesota",4,SAACArtsComp,223,"...","  Sound recording","Thousands of dollars",(D),16846,18485,20855,(D),(D),(D),18552,18589,15273,16629,(D),27071,32670,36140,38386,(D)
 "27000","Minnesota",4,SAACArtsComp,224,"...","  Broadcasting","Thousands of dollars",(D),354001,365690,386953,389525,362454,(D),(D),(D),(D),(D),(D),550708,575590,581567,584927,(D)
 "27000","Minnesota",4,SAACArtsComp,225,"...","  Other information services","Thousands of dollars",40697,25230,30974,42863,60838,82322,45742,47322,44673,45297,48131,54667,52347,61977,53028,58812,67090
 "27000","Minnesota",4,SAACArtsComp,231,"...","  Jewelry and silverware manufacturing","Thousands of dollars",28794,21895,28670,28557,32785,34675,35994,87599,71016,53101,16279,22812,22817,24334,23834,25103,29509
 "27000","Minnesota",4,SAACArtsComp,232,"...","  Printed goods manufacturing","Thousands of dollars",259932,229962,238635,272502,282983,289642,349324,349903,293869,265872,262021,257484,269119,275316,262237,258848,254632
 "27000","Minnesota",4,SAACArtsComp,233,"...","  Musical instruments manufacturing","Thousands of dollars",1469,1723,1813,1490,1301,1272,1205,1124,(D),(D),1164,1562,1181,1442,2093,2463,2555
 "27000","Minnesota",4,SAACArtsComp,234,"...","  Custom architectural woodwork and metalwork manufacturing","Thousands of dollars",15563,22170,22022,23029,21301,23743,35223,39321,29329,28471,(D),46167,51152,51838,51828,49635,51355
 "27000","Minnesota",4,SAACArtsComp,236,"...","  Other goods manufacturing","Thousands of dollars",34148,32473,30744,34306,33019,37653,49734,44479,33114,35077,33692,37572,40602,49751,57095,60144,65857
 "27000","Minnesota",4,SAACArtsComp,240,"...","  Construction","Thousands of dollars",198495,170569,163082,194473,120099,154975,139529,118572,163806,239028,166638,143208,244296,379549,295236,352705,297258
 "27000","Minnesota",4,SAACArtsComp,250,"...","  Wholesale and transportation industries","Thousands of dollars",188535,185697,163108,174543,166721,172392,202611,217713,200419,244776,300509,290671,301065,288662,330015,365327,426140
 "27000","Minnesota",4,SAACArtsComp,260,"...","  Retail industries","Thousands of dollars",433236,434729,403655,427229,416569,467239,443891,422442,393410,403566,332911,321590,345367,406100,401893,407335,385858
 "27000","Minnesota",4,SAACArtsComp,300,"..."," All other industries 2/","Thousands of dollars",(D),209613,209187,215491,218569,220536,236181,238632,223791,212153,214442,204470,202322,215076,226486,236628,241517
"Note: See the included footnote file."
"SAACArtsComp: ACPSA compensation by ACPSA industry 1/"
"Last updated: March 17, 2020-- new statistics for 2017; revised statistics for 2001-2016. "
"Source: U.S. Department of Commerce / Bureau of Economic Analysis / Regional Economic Accounts"
