GeoFIPS,GeoName,Region,TableName,LineCode,IndustryClassification,Description,Unit,2001,2002,2003,2004,2005,2006,2007,2008,2009,2010,2011,2012,2013,2014,2015,2016,2017
 "30000","Montana",7,SAACArtsVA,1,"...","Total value added","Thousands of dollars",22851738,23880513,25637604,27939177,30529705,32933321,36074061,36862525,35983926,38054569,40579335,42005809,43141022,44495718,46152870,45457928,47559074
 "30000","Montana",7,SAACArtsVA,10,"...","Total ACPSA value added","Thousands of dollars",922644,993365,1016625,1068437,1105493,1115426,1175019,1220433,1200928,1285314,1296419,1328445,1398051,1368569,1463158,1536515,1595641
 "30000","Montana",7,SAACArtsVA,100,"..."," Core arts and cultural production","Thousands of dollars",112969,128167,140227,148545,159358,179739,195478,217136,203985,192258,203684,223387,239045,262986,272722,284435,314649
 "30000","Montana",7,SAACArtsVA,111,"...","  Performing arts companies","Thousands of dollars",8845,8569,8098,10304,11357,11707,11096,21398,27350,18552,20940,20604,17274,22762,18717,19261,39396
 "30000","Montana",7,SAACArtsVA,112,"...","  Promoters of performing arts and similar events","Thousands of dollars",2990,6578,9399,9647,8336,10296,8800,7812,6971,6929,7597,10519,11085,10832,11393,11772,11559
 "30000","Montana",7,SAACArtsVA,113,"...","  Agents/managers for artists","Thousands of dollars",36,28,46,75,78,123,117,290,251,383,336,393,506,570,435,713,645
 "30000","Montana",7,SAACArtsVA,114,"...","  Independent artists, writers, and performers","Thousands of dollars",19141,18857,21476,20521,24835,31311,37191,37203,38474,38032,40418,47013,64280,65014,70525,73439,61677
 "30000","Montana",7,SAACArtsVA,120,"...","  Museums","Thousands of dollars",4412,4891,5263,5698,6209,6716,7821,8629,9787,9961,10967,14457,14918,16198,14126,15563,17766
 "30000","Montana",7,SAACArtsVA,131,"...","  Advertising","Thousands of dollars",9423,11579,12336,14475,15136,15300,17625,20981,19420,22168,23925,22894,24403,25270,26887,26144,29160
 "30000","Montana",7,SAACArtsVA,132,"...","  Architectural services","Thousands of dollars",31747,33879,38643,41953,46867,55525,62526,63828,51271,49551,53127,55753,54959,59821,64365,67841,77464
 "30000","Montana",7,SAACArtsVA,133,"...","  Landscape architectural services","Thousands of dollars",5807,6673,5468,4991,4881,5331,4824,5460,4115,3742,3449,3333,3492,4369,5263,5671,6451
 "30000","Montana",7,SAACArtsVA,134,"...","  Interior design services","Thousands of dollars",4686,6444,9160,9618,12299,13771,15812,18628,15487,12309,10000,12002,11937,19005,22618,24501,29610
 "30000","Montana",7,SAACArtsVA,135,"...","  Industrial design services","Thousands of dollars",580,908,857,986,801,1089,1261,1799,1927,1660,1912,1812,2419,2621,2725,2589,2397
 "30000","Montana",7,SAACArtsVA,136,"...","  Graphic design services","Thousands of dollars",4810,5993,5545,6150,6138,6627,5747,6486,6028,7655,8871,9806,9646,10917,10244,10731,10636
 "30000","Montana",7,SAACArtsVA,137,"...","  Computer systems design","Thousands of dollars",1087,1182,1292,1237,1502,1779,2175,2442,2564,2554,2827,3208,3459,3828,4193,4713,5545
 "30000","Montana",7,SAACArtsVA,138,"...","  Photography and photofinishing services","Thousands of dollars",14538,17321,16023,15055,13941,12484,12443,13637,12377,11241,10940,12390,11041,12173,11491,10940,11996
 "30000","Montana",7,SAACArtsVA,139,"...","  All other design services","Thousands of dollars",501,481,672,2190,1378,1362,1443,1290,893,601,1027,1338,410,403,413,416,343
 "30000","Montana",7,SAACArtsVA,140,"...","  Fine arts education","Thousands of dollars",1461,1488,2099,1355,1386,1452,1595,2250,1998,2111,2086,1902,3152,2828,2855,3464,3018
 "30000","Montana",7,SAACArtsVA,150,"...","  Education services","Thousands of dollars",2906,3295,3851,4289,4213,4867,5001,5003,5072,4809,5264,5963,6063,6374,6471,6677,6985
 "30000","Montana",7,SAACArtsVA,200,"..."," Supporting arts and cultural production","Thousands of dollars",770555,823214,834055,875428,898488,885688,925739,949880,943860,1042148,1041217,1054908,1107823,1050236,1133890,1193609,1221452
 "30000","Montana",7,SAACArtsVA,211,"...","  Rental and leasing","Thousands of dollars",11595,11835,9781,10147,9481,18563,22144,14835,11736,8818,6335,6518,6105,6928,9967,7034,6903
 "30000","Montana",7,SAACArtsVA,212,"...","  Grantmaking and giving services","Thousands of dollars",886,990,1141,1167,1339,1536,1886,1784,1935,1353,1593,1335,1482,1569,1949,1994,2263
 "30000","Montana",7,SAACArtsVA,213,"...","  Unions","Thousands of dollars",1333,1078,1227,1430,1395,1591,1436,1489,1637,1679,1865,1842,1997,1896,1961,2093,2355
 "30000","Montana",7,SAACArtsVA,214,"...","  Government","Thousands of dollars",436177,449959,437016,415613,392341,369366,349151,364424,369201,389768,404807,415275,411962,422455,436002,450992,470819
 "30000","Montana",7,SAACArtsVA,215,"...","  Other support services","Thousands of dollars",456,225,283,386,407,558,530,509,408,362,370,425,413,447,465,418,461
 "30000","Montana",7,SAACArtsVA,221,"...","  Publishing","Thousands of dollars",45648,59446,68027,74621,78422,73866,83764,82201,74935,74059,75967,71179,69338,66220,76806,82924,86421
 "30000","Montana",7,SAACArtsVA,222,"...","  Motion pictures","Thousands of dollars",17223,21256,21956,26611,23309,23119,33348,32404,34874,38390,37545,36829,39169,38837,45648,50931,61835
 "30000","Montana",7,SAACArtsVA,223,"...","  Sound recording","Thousands of dollars",1975,2272,1792,1889,1862,1914,855,1146,1457,1323,1346,1582,1797,1539,1215,1135,1940
 "30000","Montana",7,SAACArtsVA,224,"...","  Broadcasting","Thousands of dollars",131005,141642,161134,188933,221125,227775,260848,283229,290722,350706,322265,333063,368156,348711,399074,405192,397687
 "30000","Montana",7,SAACArtsVA,225,"...","  Other information services","Thousands of dollars",2304,4636,4722,6893,9501,11244,4727,7089,7076,7893,9762,12992,11855,9382,9210,11533,10743
 "30000","Montana",7,SAACArtsVA,231,"...","  Jewelry and silverware manufacturing","Thousands of dollars",8196,6502,8127,9139,12023,13650,14406,18608,11572,9125,8217,9276,10434,11749,11538,11967,14246
 "30000","Montana",7,SAACArtsVA,232,"...","  Printed goods manufacturing","Thousands of dollars",3442,3702,4097,4943,5795,7571,10635,10893,9773,8838,10939,11284,12080,12306,11999,12043,12741
 "30000","Montana",7,SAACArtsVA,233,"...","  Musical instruments manufacturing","Thousands of dollars",5658,5740,6040,5611,5865,7695,6930,6135,6498,7383,7976,9864,7861,8222,8807,8980,8369
 "30000","Montana",7,SAACArtsVA,234,"...","  Custom architectural woodwork and metalwork manufacturing","Thousands of dollars",1413,2113,2280,2236,3415,3837,6048,5877,4427,3754,3746,4318,5087,5973,7829,8240,9878
 "30000","Montana",7,SAACArtsVA,236,"...","  Other goods manufacturing","Thousands of dollars",139,98,99,76,103,174,393,267,178,220,277,442,544,665,842,706,801
 "30000","Montana",7,SAACArtsVA,240,"...","  Construction","Thousands of dollars",23332,31349,23614,37514,44326,32595,42746,33604,40774,58902,69633,57115,71466,27332,26035,50849,50742
 "30000","Montana",7,SAACArtsVA,250,"...","  Wholesale and transportation industries","Thousands of dollars",22464,18097,18038,20937,23264,24527,21793,21441,18216,23408,26298,34203,38285,29685,29733,31706,30110
 "30000","Montana",7,SAACArtsVA,260,"...","  Retail industries","Thousands of dollars",57311,62275,64682,67281,64513,66108,64099,63945,58439,56166,52277,47366,49793,56323,54808,54869,53140
 "30000","Montana",7,SAACArtsVA,300,"..."," All other industries 2/","Thousands of dollars",39121,41984,42343,44464,47647,49999,53803,53417,53084,50907,51518,50150,51182,55347,56546,58471,59539
"Note: See the included footnote file."
"SAACArtsVA: ACPSA value added by ACPSA industry 1/"
"Last updated: March 17, 2020-- new statistics for 2017; revised statistics for 2001-2016. "
"Source: U.S. Department of Commerce / Bureau of Economic Analysis / Regional Economic Accounts"
