GeoFIPS,GeoName,Region,TableName,LineCode,IndustryClassification,Description,Unit,2001,2002,2003,2004,2005,2006,2007,2008,2009,2010,2011,2012,2013,2014,2015,2016,2017
 "42000","Pennsylvania",2,SAACEmpLQ,10,"...","Total","Location quotient",0.930,0.935,0.937,0.922,0.928,0.928,0.918,0.931,0.924,0.892,0.868,0.865,0.868,0.867,0.873,0.869,0.857
 "42000","Pennsylvania",2,SAACEmpLQ,100,"..."," Core arts and cultural production","Location quotient",1.016,1.034,1.027,1.016,1.033,1.026,1.015,1.015,1.019,1.003,0.987,0.978,0.997,1.004,1.021,1.042,1.040
 "42000","Pennsylvania",2,SAACEmpLQ,111,"...","  Performing arts companies","Location quotient",1.085,1.127,1.084,1.051,1.075,1.014,1.005,0.976,0.931,0.886,0.827,0.839,0.880,0.902,0.915,0.929,0.953
 "42000","Pennsylvania",2,SAACEmpLQ,112,"...","  Promoters of performing arts and similar events","Location quotient",0.880,0.874,1.047,0.942,1.110,1.250,1.241,1.317,1.303,1.242,1.297,1.282,1.292,1.171,1.176,1.129,1.078
 "42000","Pennsylvania",2,SAACEmpLQ,113,"...","  Agents/managers for artists","Location quotient",0.383,0.393,0.375,0.390,0.432,0.365,0.313,0.288,0.274,0.283,0.233,0.245,0.188,0.201,0.231,0.220,0.194
 "42000","Pennsylvania",2,SAACEmpLQ,114,"...","  Independent artists, writers, and performers","Location quotient",0.616,0.556,0.536,0.586,0.644,0.641,0.622,0.614,0.648,0.520,0.534,0.501,0.485,0.479,0.522,0.550,0.633
 "42000","Pennsylvania",2,SAACEmpLQ,120,"...","  Museums","Location quotient",1.046,1.037,1.069,1.089,1.102,1.127,1.178,1.184,1.181,1.148,1.176,1.197,1.204,1.189,1.199,1.167,1.194
 "42000","Pennsylvania",2,SAACEmpLQ,131,"...","  Advertising","Location quotient",0.941,0.961,0.967,0.966,0.964,0.943,0.943,0.925,0.867,0.843,0.814,0.825,0.807,0.858,0.873,0.922,0.910
 "42000","Pennsylvania",2,SAACEmpLQ,132,"...","  Architectural services","Location quotient",0.893,0.903,0.902,0.896,0.878,0.884,0.884,0.883,0.894,0.877,0.832,0.804,0.804,0.788,0.798,0.807,0.816
 "42000","Pennsylvania",2,SAACEmpLQ,133,"...","  Landscape architectural services","Location quotient",0.901,0.999,0.868,0.963,0.924,0.845,0.757,0.804,0.854,0.877,0.871,0.828,0.809,0.744,0.689,0.769,0.737
 "42000","Pennsylvania",2,SAACEmpLQ,134,"...","  Interior design services","Location quotient",0.491,0.477,0.513,0.540,0.524,0.500,0.526,0.517,0.514,0.514,0.522,0.513,0.510,0.500,0.508,0.509,0.532
 "42000","Pennsylvania",2,SAACEmpLQ,135,"...","  Industrial design services","Location quotient",0.992,1.348,1.167,1.162,0.917,0.874,0.816,0.764,0.671,0.674,0.688,0.765,1.571,1.572,1.196,0.981,0.995
 "42000","Pennsylvania",2,SAACEmpLQ,136,"...","  Graphic design services","Location quotient",0.987,1.054,1.077,0.935,0.909,0.898,0.847,0.830,0.864,0.858,0.780,0.712,0.720,0.723,0.734,0.759,0.765
 "42000","Pennsylvania",2,SAACEmpLQ,137,"...","  Computer systems design","Location quotient",0.774,0.757,0.793,0.841,0.864,0.850,0.845,0.858,0.860,0.849,0.859,0.874,0.895,0.884,0.853,0.872,0.849
 "42000","Pennsylvania",2,SAACEmpLQ,138,"...","  Photography and photofinishing services","Location quotient",0.708,0.713,0.729,0.744,0.760,0.781,0.801,0.820,0.844,0.859,0.859,0.869,0.834,0.859,0.877,0.873,0.883
 "42000","Pennsylvania",2,SAACEmpLQ,139,"...","  All other design services","Location quotient",0.551,0.408,0.445,0.434,0.435,0.388,0.413,0.355,0.300,0.317,0.312,0.348,0.574,0.567,0.540,0.570,0.587
 "42000","Pennsylvania",2,SAACEmpLQ,140,"...","  Fine arts education","Location quotient",1.138,1.162,1.062,1.030,1.015,0.988,0.994,0.979,0.953,0.947,0.940,0.922,0.894,0.928,0.901,0.956,0.954
 "42000","Pennsylvania",2,SAACEmpLQ,150,"...","  Education services","Location quotient",2.692,2.522,2.363,2.284,2.359,2.330,2.206,2.169,2.148,2.182,2.153,2.123,2.231,2.335,2.505,2.658,2.553
 "42000","Pennsylvania",2,SAACEmpLQ,200,"..."," Supporting arts and cultural production","Location quotient",0.903,0.905,0.908,0.891,0.893,0.893,0.883,0.901,0.890,0.854,0.825,0.823,0.821,0.815,0.817,0.805,0.787
 "42000","Pennsylvania",2,SAACEmpLQ,211,"...","  Rental and leasing","Location quotient",0.911,0.915,0.926,0.904,0.859,0.815,0.793,0.820,0.811,0.844,0.825,0.842,0.895,0.952,1.151,1.100,1.122
 "42000","Pennsylvania",2,SAACEmpLQ,212,"...","  Grantmaking and giving services","Location quotient",0.737,0.735,0.794,0.862,0.919,0.955,0.937,0.916,0.940,0.933,0.894,0.893,0.913,0.928,0.919,0.905,0.897
 "42000","Pennsylvania",2,SAACEmpLQ,213,"...","  Unions","Location quotient",1.332,1.297,1.310,1.337,1.415,1.444,1.445,1.398,1.349,1.308,1.309,1.299,1.300,1.288,1.286,1.261,1.242
 "42000","Pennsylvania",2,SAACEmpLQ,214,"...","  Government","Location quotient",0.844,0.838,0.837,0.810,0.800,0.776,0.753,0.759,0.732,0.723,0.731,0.726,0.737,0.734,0.736,0.740,0.733
 "42000","Pennsylvania",2,SAACEmpLQ,215,"...","  Other support services","Location quotient",0.940,0.941,0.984,1.050,1.156,0.988,0.964,0.949,1.031,0.863,0.852,0.837,0.942,0.952,0.904,0.794,0.789
 "42000","Pennsylvania",2,SAACEmpLQ,221,"...","  Publishing","Location quotient",0.905,0.918,0.936,0.934,0.918,0.923,0.928,0.921,0.915,(D),0.912,0.873,0.855,0.807,0.795,0.776,0.753
 "42000","Pennsylvania",2,SAACEmpLQ,222,"...","  Motion pictures","Location quotient",0.430,0.445,0.461,0.438,0.448,0.437,0.446,0.461,0.524,0.471,0.494,0.511,0.480,0.474,0.477,0.467,0.466
 "42000","Pennsylvania",2,SAACEmpLQ,223,"...","  Sound recording","Location quotient",0.526,0.853,0.964,0.594,0.427,0.462,0.473,0.559,0.563,0.543,0.497,0.383,0.419,0.382,0.430,0.452,0.504
 "42000","Pennsylvania",2,SAACEmpLQ,224,"...","  Broadcasting","Location quotient",0.948,0.951,0.973,0.972,0.974,1.011,0.979,0.960,0.927,0.895,0.870,0.903,0.871,0.871,0.882,0.892,0.861
 "42000","Pennsylvania",2,SAACEmpLQ,225,"...","  Other information services","Location quotient",1.666,1.970,1.966,1.779,1.748,1.715,1.275,1.230,1.215,1.122,1.118,1.057,0.998,0.955,0.890,0.838,0.796
 "42000","Pennsylvania",2,SAACEmpLQ,231,"...","  Jewelry and silverware manufacturing","Location quotient",0.339,0.344,0.320,0.330,0.328,0.333,0.328,(D),(D),0.330,0.336,0.350,0.349,0.319,0.329,0.317,0.321
 "42000","Pennsylvania",2,SAACEmpLQ,232,"...","  Printed goods manufacturing","Location quotient",1.392,1.404,1.401,1.391,1.369,1.370,1.365,1.365,1.399,1.413,1.349,1.314,1.294,1.328,1.320,1.313,1.330
 "42000","Pennsylvania",2,SAACEmpLQ,233,"...","  Musical instruments manufacturing","Location quotient",1.962,2.032,2.033,2.080,2.071,2.048,2.013,2.004,1.994,1.962,1.932,1.997,2.031,2.003,2.092,2.080,1.970
 "42000","Pennsylvania",2,SAACEmpLQ,234,"...","  Custom architectural woodwork and metalwork manufacturing","Location quotient",0.943,0.932,0.933,0.947,0.844,0.881,0.952,1.052,1.117,1.174,1.207,1.178,1.183,1.158,1.269,1.293,1.299
 "42000","Pennsylvania",2,SAACEmpLQ,236,"...","  Other goods manufacturing","Location quotient",2.257,2.319,2.239,2.081,1.853,1.704,1.684,(D),(D),(D),1.723,1.674,1.698,1.696,1.687,1.549,1.552
 "42000","Pennsylvania",2,SAACEmpLQ,240,"...","  Construction","Location quotient",0.809,0.832,0.749,0.650,0.691,0.693,0.671,1.323,1.199,0.843,0.709,0.741,0.730,0.772,0.844,0.782,0.714
 "42000","Pennsylvania",2,SAACEmpLQ,250,"...","  Wholesale and transportation industries","Location quotient",0.694,0.735,0.746,0.783,0.841,0.841,0.848,0.779,0.789,0.777,0.741,0.742,0.746,0.776,0.805,0.784,0.752
 "42000","Pennsylvania",2,SAACEmpLQ,260,"...","  Retail industries","Location quotient",1.108,1.092,1.100,1.116,1.140,1.159,1.179,1.174,1.186,1.141,0.999,0.996,1.017,1.001,0.989,0.974,0.947
 "42000","Pennsylvania",2,SAACEmpLQ,300,"..."," All other industries 2/","Location quotient",1.037,1.039,1.040,1.039,1.037,1.037,1.039,1.041,1.040,1.040,1.040,1.041,1.039,1.039,1.040,1.039,1.040
"Note: See the included footnote file."
"SAACEmpLQ: Arts Employment Location Quotient 1/"
"Last updated: March 17, 2020-- new statistics for 2017; revised statistics for 2001-2016. "
"Source: U.S. Department of Commerce / Bureau of Economic Analysis / Regional Economic Accounts"
