GeoFIPS,GeoName,Region,TableName,LineCode,IndustryClassification,Description,Unit,2001,2002,2003,2004,2005,2006,2007,2008,2009,2010,2011,2012,2013,2014,2015,2016,2017
 "56000","Wyoming",7,SAACArtsEmp,1,"...","Total employment","Number of jobs",257293,260214,262061,267167,274415,287005,297724,306048,293503,290013,293811,298289,299508,303923,302540,291465,289182
 "56000","Wyoming",7,SAACArtsEmp,10,"...","Total ACPSA employment","Number of jobs",14555,14460,14371,14034,13640,13448,13338,13550,13035,12825,12807,12385,12075,12050,11819,11813,11992
 "56000","Wyoming",7,SAACArtsEmp,100,"..."," Core arts and cultural production","Number of jobs",(D),(D),(D),(D),(D),(D),(D),(D),1274,1251,1255,1260,1275,1329,1399,1503,1686
 "56000","Wyoming",7,SAACArtsEmp,111,"...","  Performing arts companies","Number of jobs",75,(D),98,105,108,116,138,139,132,149,163,149,138,141,147,148,153
 "56000","Wyoming",7,SAACArtsEmp,112,"...","  Promoters of performing arts and similar events","Number of jobs",(D),27,(D),(D),(D),(D),(D),(D),44,60,35,(D),55,57,55,101,228
 "56000","Wyoming",7,SAACArtsEmp,113,"...","  Agents/managers for artists","Number of jobs",2,(D),(D),(D),(D),(D),(D),(D),(D),(D),(D),(D),(D),(D),(D),(D),(D)
 "56000","Wyoming",7,SAACArtsEmp,114,"...","  Independent artists, writers, and performers","Number of jobs",93,89,93,84,96,96,95,93,84,87,79,(D),76,76,93,89,93
 "56000","Wyoming",7,SAACArtsEmp,120,"...","  Museums","Number of jobs",302,293,287,274,272,279,305,317,300,286,292,299,316,331,337,345,347
 "56000","Wyoming",7,SAACArtsEmp,131,"...","  Advertising","Number of jobs",94,91,105,103,102,93,82,75,66,62,70,(D),(D),(D),107,113,(D)
 "56000","Wyoming",7,SAACArtsEmp,132,"...","  Architectural services","Number of jobs",179,184,181,191,179,184,194,218,182,160,156,153,158,169,170,164,162
 "56000","Wyoming",7,SAACArtsEmp,133,"...","  Landscape architectural services","Number of jobs",53,41,39,43,38,22,20,22,(D),20,(D),21,21,22,23,23,27
 "56000","Wyoming",7,SAACArtsEmp,134,"...","  Interior design services","Number of jobs",30,29,29,33,37,37,38,40,35,29,29,31,33,35,41,40,48
 "56000","Wyoming",7,SAACArtsEmp,135,"...","  Industrial design services","Number of jobs",14,16,14,20,15,12,15,16,19,(D),21,(D),(D),(D),(D),(D),(D)
 "56000","Wyoming",7,SAACArtsEmp,136,"...","  Graphic design services","Number of jobs",25,(D),17,(D),20,23,34,35,32,(D),24,19,19,18,15,18,23
 "56000","Wyoming",7,SAACArtsEmp,137,"...","  Computer systems design","Number of jobs",(D),(D),(D),4,5,(D),(D),(D),(D),(D),(D),(D),(D),(D),(D),(D),(D)
 "56000","Wyoming",7,SAACArtsEmp,138,"...","  Photography and photofinishing services","Number of jobs",220,221,209,(D),172,156,139,132,118,(D),95,90,(D),71,69,69,(D)
 "56000","Wyoming",7,SAACArtsEmp,139,"...","  All other design services","Number of jobs",2,(D),3,(D),4,5,5,7,5,(D),2,(D),(D),(D),(D),(D),(D)
 "56000","Wyoming",7,SAACArtsEmp,140,"...","  Fine arts education","Number of jobs",80,78,92,(D),(D),(D),167,190,188,194,224,239,249,252,284,322,343
 "56000","Wyoming",7,SAACArtsEmp,150,"...","  Education services","Number of jobs",41,48,46,43,42,44,42,44,41,41,39,39,40,44,47,50,52
 "56000","Wyoming",7,SAACArtsEmp,200,"..."," Supporting arts and cultural production","Number of jobs",12971,12882,12783,12456,12079,11879,11644,11816,11414,11263,11244,10837,10523,10433,10133,10034,10037
 "56000","Wyoming",7,SAACArtsEmp,211,"...","  Rental and leasing","Number of jobs",216,238,175,193,189,199,195,199,163,118,83,61,84,77,60,59,(D)
 "56000","Wyoming",7,SAACArtsEmp,212,"...","  Grantmaking and giving services","Number of jobs",9,10,12,12,10,12,9,9,11,10,(D),11,(D),(D),12,(D),(D)
 "56000","Wyoming",7,SAACArtsEmp,213,"...","  Unions","Number of jobs",(D),(D),(D),(D),(D),15,(D),14,(D),16,18,(D),21,20,22,(D),(D)
 "56000","Wyoming",7,SAACArtsEmp,214,"...","  Government","Number of jobs",8717,8859,8533,7877,7456,7100,6817,6954,6975,6963,6761,6683,6604,6552,6538,6570,6522
 "56000","Wyoming",7,SAACArtsEmp,215,"...","  Other support services","Number of jobs",10,2,2,2,2,2,2,2,1,1,1,1,1,1,1,1,1
 "56000","Wyoming",7,SAACArtsEmp,221,"...","  Publishing","Number of jobs",657,(D),(D),(D),611,594,590,572,516,495,(D),(D),(D),(D),(D),(D),(D)
 "56000","Wyoming",7,SAACArtsEmp,222,"...","  Motion pictures","Number of jobs",357,374,403,416,477,475,475,454,469,457,442,443,422,430,447,457,480
 "56000","Wyoming",7,SAACArtsEmp,223,"...","  Sound recording","Number of jobs",(D),(D),(D),3,7,10,(D),15,13,13,11,8,8,8,8,6,(D)
 "56000","Wyoming",7,SAACArtsEmp,224,"...","  Broadcasting","Number of jobs",450,485,542,620,603,632,734,805,837,877,910,993,(D),(D),(D),(D),(D)
 "56000","Wyoming",7,SAACArtsEmp,225,"...","  Other information services","Number of jobs",26,26,30,27,23,44,33,(D),(D),(D),(D),(D),(D),(D),(D),31,38
 "56000","Wyoming",7,SAACArtsEmp,231,"...","  Jewelry and silverware manufacturing","Number of jobs",(D),(D),(D),(D),(D),(D),8,6,(D),(D),(D),(D),(D),(D),(D),(D),(D)
 "56000","Wyoming",7,SAACArtsEmp,232,"...","  Printed goods manufacturing","Number of jobs",63,49,51,61,62,64,62,62,50,48,57,57,55,(D),46,45,45
 "56000","Wyoming",7,SAACArtsEmp,233,"...","  Musical instruments manufacturing","Number of jobs",0,0,(D),(D),0,0,0,0,0,0,0,0,0,0,0,0,0
 "56000","Wyoming",7,SAACArtsEmp,234,"...","  Custom architectural woodwork and metalwork manufacturing","Number of jobs",28,32,31,(D),30,29,37,(D),(D),(D),(D),26,26,26,27,27,26
 "56000","Wyoming",7,SAACArtsEmp,236,"...","  Other goods manufacturing","Number of jobs",(D),44,46,47,50,51,57,49,41,38,31,34,33,39,42,43,46
 "56000","Wyoming",7,SAACArtsEmp,240,"...","  Construction","Number of jobs",470,340,542,675,625,684,588,624,557,568,1013,658,402,506,285,262,458
 "56000","Wyoming",7,SAACArtsEmp,250,"...","  Wholesale and transportation industries","Number of jobs",125,124,(D),(D),134,(D),140,(D),(D),(D),(D),(D),179,183,(D),153,(D)
 "56000","Wyoming",7,SAACArtsEmp,260,"...","  Retail industries","Number of jobs",1768,1645,1627,1727,1778,1837,1875,1835,1581,1442,1193,1170,1213,1077,1040,975,(D)
 "56000","Wyoming",7,SAACArtsEmp,300,"..."," All other industries 2/","Number of jobs",(D),(D),(D),(D),(D),(D),(D),(D),347,311,308,288,277,288,287,275,269
"Note: See the included footnote file."
"SAACArtsEmp: ACPSA full-time and part-time employment by ACPSA industry 1/"
"Last updated: March 17, 2020-- new statistics for 2017; revised statistics for 2001-2016. "
"Source: U.S. Department of Commerce / Bureau of Economic Analysis / Regional Economic Accounts"
