GeoFIPS,GeoName,Region,TableName,LineCode,IndustryClassification,Description,Unit,2001,2002,2003,2004,2005,2006,2007,2008,2009,2010,2011,2012,2013,2014,2015,2016,2017
 "37000","North Carolina",5,SAACCompLQ,10,"...","Total","Location quotient",0.757,0.766,0.753,0.737,0.710,0.705,0.690,0.701,0.709,0.718,0.731,0.728,0.736,0.747,0.754,0.734,0.720
 "37000","North Carolina",5,SAACCompLQ,100,"..."," Core arts and cultural production","Location quotient",0.663,0.661,0.641,0.632,0.629,0.636,0.654,0.635,0.636,0.632,0.637,0.655,0.672,0.660,0.656,0.618,0.636
 "37000","North Carolina",5,SAACCompLQ,111,"...","  Performing arts companies","Location quotient",0.523,0.486,0.391,0.347,0.264,0.242,0.256,0.251,0.269,0.286,0.302,0.293,0.287,0.300,0.267,0.253,0.249
 "37000","North Carolina",5,SAACCompLQ,112,"...","  Promoters of performing arts and similar events","Location quotient",0.597,0.573,0.469,0.543,0.473,0.445,0.482,0.530,0.556,0.577,0.593,0.684,0.661,0.683,0.735,0.771,0.790
 "37000","North Carolina",5,SAACCompLQ,113,"...","  Agents/managers for artists","Location quotient",0.155,0.251,0.192,0.148,0.216,0.227,0.204,0.164,0.175,0.215,0.223,0.295,0.330,0.333,0.375,0.397,0.394
 "37000","North Carolina",5,SAACCompLQ,114,"...","  Independent artists, writers, and performers","Location quotient",0.290,0.147,0.156,0.145,0.171,0.182,0.233,0.216,0.266,0.268,0.301,0.385,0.419,0.344,0.321,0.203,0.210
 "37000","North Carolina",5,SAACCompLQ,120,"...","  Museums","Location quotient",0.602,0.665,0.662,0.674,0.649,0.674,0.725,0.715,0.685,0.706,(D),(D),(D),(D),0.672,0.681,0.675
 "37000","North Carolina",5,SAACCompLQ,131,"...","  Advertising","Location quotient",0.402,0.427,0.457,0.459,0.480,0.495,0.480,0.479,0.446,0.433,0.426,0.444,0.444,0.455,0.467,0.530,0.577
 "37000","North Carolina",5,SAACCompLQ,132,"...","  Architectural services","Location quotient",0.785,0.800,0.803,0.794,0.796,0.792,0.798,0.836,0.819,0.785,0.765,0.732,0.736,0.703,0.709,0.730,0.751
 "37000","North Carolina",5,SAACCompLQ,133,"...","  Landscape architectural services","Location quotient",1.080,1.206,1.198,1.204,1.293,1.498,1.877,1.636,1.527,1.660,1.855,2.010,2.335,2.532,2.726,1.438,1.475
 "37000","North Carolina",5,SAACCompLQ,134,"...","  Interior design services","Location quotient",0.607,0.642,0.664,0.657,0.643,0.592,0.638,0.592,0.588,0.562,0.564,0.552,0.585,0.571,0.595,0.601,0.621
 "37000","North Carolina",5,SAACCompLQ,135,"...","  Industrial design services","Location quotient",0.878,0.955,1.060,1.261,1.212,1.250,1.008,0.913,0.995,0.957,0.890,0.884,0.778,0.823,0.658,0.729,0.751
 "37000","North Carolina",5,SAACCompLQ,136,"...","  Graphic design services","Location quotient",0.546,0.593,0.570,0.570,0.564,0.613,0.647,0.513,0.533,0.562,0.601,0.609,0.783,0.783,0.853,0.830,1.024
 "37000","North Carolina",5,SAACCompLQ,137,"...","  Computer systems design","Location quotient",0.819,0.821,0.826,0.757,0.763,0.774,0.788,0.745,0.778,0.811,0.820,0.884,0.818,0.845,0.835,0.785,0.755
 "37000","North Carolina",5,SAACCompLQ,138,"...","  Photography and photofinishing services","Location quotient",1.410,1.366,1.396,1.470,1.453,1.452,1.360,1.253,1.222,1.212,(D),(D),(D),(D),1.139,1.066,1.034
 "37000","North Carolina",5,SAACCompLQ,139,"...","  All other design services","Location quotient",1.229,1.339,1.335,0.765,0.448,0.441,0.362,0.367,0.316,0.395,0.371,0.393,0.398,0.370,0.287,0.312,0.331
 "37000","North Carolina",5,SAACCompLQ,140,"...","  Fine arts education","Location quotient",0.784,0.741,0.744,0.713,0.711,0.703,0.690,0.883,0.988,1.014,0.917,0.839,0.842,0.818,0.711,0.694,0.720
 "37000","North Carolina",5,SAACCompLQ,150,"...","  Education services","Location quotient",0.852,0.898,0.871,0.962,0.962,0.983,0.975,0.944,0.994,1.033,1.041,0.987,0.977,0.986,0.955,0.975,0.936
 "37000","North Carolina",5,SAACCompLQ,200,"..."," Supporting arts and cultural production","Location quotient",0.767,0.778,0.767,0.750,0.718,0.710,0.686,0.706,0.716,0.728,0.744,0.738,0.743,0.761,0.770,0.756,0.733
 "37000","North Carolina",5,SAACCompLQ,211,"...","  Rental and leasing","Location quotient",0.636,0.643,0.670,0.641,0.679,0.734,0.696,0.615,0.627,0.600,0.560,0.524,0.486,0.434,0.401,0.457,0.437
 "37000","North Carolina",5,SAACCompLQ,212,"...","  Grantmaking and giving services","Location quotient",0.636,0.649,0.652,0.671,0.680,0.709,0.746,0.710,0.708,0.648,0.664,0.713,0.733,0.679,0.676,0.648,0.633
 "37000","North Carolina",5,SAACCompLQ,213,"...","  Unions","Location quotient",0.409,0.246,0.272,0.255,0.246,0.286,0.385,0.382,0.405,0.468,0.462,0.481,0.495,0.483,0.469,0.478,0.468
 "37000","North Carolina",5,SAACCompLQ,214,"...","  Government","Location quotient",1.019,0.987,0.971,0.947,0.884,0.859,0.816,0.822,0.835,0.856,0.866,0.845,0.832,0.809,0.823,0.816,0.807
 "37000","North Carolina",5,SAACCompLQ,215,"...","  Other support services","Location quotient",0.449,0.510,0.381,0.441,0.489,0.210,0.239,0.308,0.325,0.337,0.371,0.423,0.389,0.373,0.394,0.334,0.305
 "37000","North Carolina",5,SAACCompLQ,221,"...","  Publishing","Location quotient",0.600,0.661,0.676,0.713,0.699,0.697,0.654,0.669,0.697,0.709,0.712,0.733,0.770,0.896,0.934,0.984,0.967
 "37000","North Carolina",5,SAACCompLQ,222,"...","  Motion pictures","Location quotient",0.146,0.132,0.140,0.131,0.136,0.140,0.152,0.159,0.167,0.166,0.155,0.156,0.165,0.161,0.187,0.190,0.174
 "37000","North Carolina",5,SAACCompLQ,223,"...","  Sound recording","Location quotient",0.242,(D),(D),(D),0.315,(D),0.306,0.340,(D),0.305,0.312,(D),0.364,(D),0.346,0.343,0.321
 "37000","North Carolina",5,SAACCompLQ,224,"...","  Broadcasting","Location quotient",0.674,0.690,0.716,0.712,0.739,0.758,0.744,0.779,0.806,0.805,0.833,0.840,0.849,0.861,0.869,0.887,0.917
 "37000","North Carolina",5,SAACCompLQ,225,"...","  Other information services","Location quotient",(D),0.239,0.264,0.275,0.335,0.431,0.258,0.317,0.347,0.315,0.290,0.333,0.219,0.193,0.179,0.150,0.138
 "37000","North Carolina",5,SAACCompLQ,231,"...","  Jewelry and silverware manufacturing","Location quotient",0.120,0.153,0.176,0.129,0.182,0.200,0.188,0.167,(D),0.145,0.163,0.271,0.310,0.330,0.367,0.381,0.365
 "37000","North Carolina",5,SAACCompLQ,232,"...","  Printed goods manufacturing","Location quotient",(D),0.782,0.809,0.821,0.836,0.845,0.872,0.863,0.845,0.860,0.884,0.821,0.849,0.882,0.874,0.894,0.891
 "37000","North Carolina",5,SAACCompLQ,233,"...","  Musical instruments manufacturing","Location quotient",0.268,(D),0.260,0.300,(D),(D),0.311,0.316,0.329,0.357,0.360,0.361,0.465,0.447,0.527,0.580,0.563
 "37000","North Carolina",5,SAACCompLQ,234,"...","  Custom architectural woodwork and metalwork manufacturing","Location quotient",4.685,4.430,4.354,3.997,3.591,2.845,2.362,1.995,1.811,1.809,1.718,1.556,1.489,1.360,1.366,1.252,1.263
 "37000","North Carolina",5,SAACCompLQ,236,"...","  Other goods manufacturing","Location quotient",2.529,2.132,(D),(D),(D),1.448,1.447,1.658,1.832,1.874,(D),(D),(D),1.859,(D),(D),1.856
 "37000","North Carolina",5,SAACCompLQ,240,"...","  Construction","Location quotient",0.526,0.490,0.647,0.802,0.770,0.638,0.629,0.765,0.682,0.532,0.454,0.399,0.526,0.892,0.974,0.734,0.570
 "37000","North Carolina",5,SAACCompLQ,250,"...","  Wholesale and transportation industries","Location quotient",0.978,0.917,0.832,0.738,0.682,0.901,0.910,0.984,1.092,1.273,(D),1.375,(D),(D),(D),(D),1.383
 "37000","North Carolina",5,SAACCompLQ,260,"...","  Retail industries","Location quotient",0.719,0.737,0.709,0.687,0.679,0.669,0.681,0.710,0.679,0.662,0.745,0.766,0.803,0.787,0.754,0.743,0.725
 "37000","North Carolina",5,SAACCompLQ,300,"..."," All other industries 2/","Location quotient",0.992,0.999,0.994,0.987,0.981,0.979,0.974,0.970,0.965,0.965,0.965,0.964,0.975,0.976,0.979,0.982,0.989
"Note: See the included footnote file."
"SAACCompLQ: Arts Compensation Location Quotient 1/"
"Last updated: March 17, 2020-- new statistics for 2017; revised statistics for 2001-2016. "
"Source: U.S. Department of Commerce / Bureau of Economic Analysis / Regional Economic Accounts"
