GeoFIPS,GeoName,Region,TableName,LineCode,IndustryClassification,Description,Unit,2001,2002,2003,2004,2005,2006,2007,2008,2009,2010,2011,2012,2013,2014,2015,2016,2017
 "06000","California",8,SAACCompLQ,10,"...","Total","Location quotient",1.364,1.358,1.385,1.410,1.403,1.420,1.492,1.510,1.511,1.543,1.571,1.564,1.643,1.640,1.675,1.652,1.691
 "06000","California",8,SAACCompLQ,100,"..."," Core arts and cultural production","Location quotient",1.766,1.787,1.921,1.883,1.835,1.833,1.813,1.853,1.875,1.939,1.956,1.858,1.854,1.833,1.824,1.803,1.802
 "06000","California",8,SAACCompLQ,111,"...","  Performing arts companies","Location quotient",1.603,1.500,1.991,1.866,1.920,1.761,1.755,1.792,1.631,1.543,1.618,1.625,1.635,1.489,1.472,1.570,1.553
 "06000","California",8,SAACCompLQ,112,"...","  Promoters of performing arts and similar events","Location quotient",0.802,0.851,0.862,0.806,0.816,0.814,0.745,0.677,0.655,0.686,0.629,0.640,0.835,0.939,0.871,0.899,0.977
 "06000","California",8,SAACCompLQ,113,"...","  Agents/managers for artists","Location quotient",3.359,3.443,3.523,3.536,3.563,3.375,3.410,3.479,3.761,3.797,3.705,3.420,3.512,3.700,3.696,3.761,3.741
 "06000","California",8,SAACCompLQ,114,"...","  Independent artists, writers, and performers","Location quotient",4.862,5.040,5.247,5.117,4.967,4.896,4.806,4.993,5.129,5.162,5.224,5.086,4.882,4.694,4.385,4.367,4.387
 "06000","California",8,SAACCompLQ,120,"...","  Museums","Location quotient",1.025,1.048,1.056,1.012,1.021,1.027,1.036,1.059,1.093,1.119,1.120,1.110,1.099,1.085,1.055,1.049,1.021
 "06000","California",8,SAACCompLQ,131,"...","  Advertising","Location quotient",1.152,1.181,1.193,1.098,1.106,1.113,1.124,1.149,1.166,1.167,1.237,1.208,1.161,1.155,1.146,1.171,1.137
 "06000","California",8,SAACCompLQ,132,"...","  Architectural services","Location quotient",1.162,1.171,1.182,1.209,1.244,1.251,1.232,1.206,1.175,1.218,1.226,1.227,1.216,1.233,1.231,1.241,1.228
 "06000","California",8,SAACCompLQ,133,"...","  Landscape architectural services","Location quotient",1.722,1.684,1.727,1.618,1.694,1.721,1.772,1.848,1.815,1.807,1.928,1.949,1.877,1.817,1.747,1.880,1.720
 "06000","California",8,SAACCompLQ,134,"...","  Interior design services","Location quotient",1.329,1.290,1.320,1.331,1.357,1.430,1.409,1.378,1.374,1.368,1.365,1.323,1.335,1.408,1.409,1.407,1.348
 "06000","California",8,SAACCompLQ,135,"...","  Industrial design services","Location quotient",1.924,1.969,1.888,1.969,1.925,1.785,1.722,2.034,1.766,1.649,1.636,1.468,1.381,1.302,0.959,0.936,1.017
 "06000","California",8,SAACCompLQ,136,"...","  Graphic design services","Location quotient",1.718,1.731,1.687,1.663,1.641,1.785,1.751,1.697,1.572,1.549,1.537,1.531,1.439,1.536,1.509,1.485,1.448
 "06000","California",8,SAACCompLQ,137,"...","  Computer systems design","Location quotient",1.709,1.622,1.620,1.625,1.667,1.649,1.633,1.661,1.589,1.651,1.664,1.684,1.707,1.773,1.775,1.739,1.805
 "06000","California",8,SAACCompLQ,138,"...","  Photography and photofinishing services","Location quotient",0.996,1.014,0.969,0.930,0.934,0.913,0.962,0.946,0.954,1.046,1.239,1.175,1.380,1.397,1.370,1.386,1.320
 "06000","California",8,SAACCompLQ,139,"...","  All other design services","Location quotient",1.405,1.887,1.831,1.873,2.170,2.116,2.050,1.777,1.986,2.027,1.997,1.897,1.797,1.702,1.750,1.597,1.646
 "06000","California",8,SAACCompLQ,140,"...","  Fine arts education","Location quotient",1.201,1.404,1.246,1.197,1.220,1.236,1.302,1.263,1.287,1.335,1.412,1.356,1.285,1.291,1.222,1.238,1.258
 "06000","California",8,SAACCompLQ,150,"...","  Education services","Location quotient",0.414,0.503,0.565,0.544,0.574,0.642,0.656,0.725,0.822,0.873,0.805,0.762,0.727,0.838,0.916,0.714,0.652
 "06000","California",8,SAACCompLQ,200,"..."," Supporting arts and cultural production","Location quotient",1.293,1.282,1.281,1.320,1.319,1.334,1.433,1.444,1.444,1.472,1.503,1.512,1.616,1.618,1.664,1.639,1.690
 "06000","California",8,SAACCompLQ,211,"...","  Rental and leasing","Location quotient",1.328,1.333,1.253,1.170,1.222,1.315,1.383,1.295,1.345,1.322,1.357,1.425,1.371,1.333,1.349,1.231,1.197
 "06000","California",8,SAACCompLQ,212,"...","  Grantmaking and giving services","Location quotient",1.573,1.592,1.503,1.487,1.464,1.405,1.504,1.483,1.433,1.456,1.466,1.485,1.450,1.384,1.319,1.289,1.304
 "06000","California",8,SAACCompLQ,213,"...","  Unions","Location quotient",0.867,0.880,0.910,0.946,0.786,0.761,0.758,0.787,0.806,0.832,0.827,0.819,0.797,0.811,0.811,0.828,0.779
 "06000","California",8,SAACCompLQ,214,"...","  Government","Location quotient",(D),(D),(D),(D),(D),(D),(D),0.826,(D),(D),(D),(D),(D),(D),(D),(D),(D)
 "06000","California",8,SAACCompLQ,215,"...","  Other support services","Location quotient",1.640,1.709,1.252,1.201,1.240,1.094,1.037,0.974,0.971,1.044,0.888,0.811,0.951,0.881,0.863,0.864,0.863
 "06000","California",8,SAACCompLQ,221,"...","  Publishing","Location quotient",1.179,1.127,1.088,1.141,1.110,1.114,1.121,1.122,1.134,1.219,1.252,1.255,1.265,1.279,1.454,1.432,1.561
 "06000","California",8,SAACCompLQ,222,"...","  Motion pictures","Location quotient",4.586,4.792,4.744,4.841,4.765,4.704,4.576,4.612,4.619,4.654,4.509,4.387,4.190,4.132,4.117,4.058,3.976
 "06000","California",8,SAACCompLQ,223,"...","  Sound recording","Location quotient",2.403,2.374,2.123,2.139,1.900,1.898,2.259,2.069,2.168,2.162,2.226,2.272,1.862,1.941,1.918,1.831,1.756
 "06000","California",8,SAACCompLQ,224,"...","  Broadcasting","Location quotient",0.635,0.621,0.623,0.660,0.676,0.690,0.797,0.824,0.820,0.845,0.848,0.875,1.023,1.005,0.976,0.972,1.002
 "06000","California",8,SAACCompLQ,225,"...","  Other information services","Location quotient",1.717,1.260,1.219,1.107,1.224,1.230,3.300,3.189,3.324,3.431,3.624,3.602,4.692,4.462,4.345,4.254,4.305
 "06000","California",8,SAACCompLQ,231,"...","  Jewelry and silverware manufacturing","Location quotient",0.772,0.713,0.710,0.689,0.668,0.660,0.645,0.657,0.643,0.599,0.626,0.625,0.646,0.659,0.693,0.683,0.678
 "06000","California",8,SAACCompLQ,232,"...","  Printed goods manufacturing","Location quotient",0.862,0.841,0.795,0.785,0.765,0.774,0.763,0.767,0.748,0.738,0.704,0.699,0.693,0.699,0.692,0.676,0.677
 "06000","California",8,SAACCompLQ,233,"...","  Musical instruments manufacturing","Location quotient",1.739,1.701,1.706,1.837,1.913,1.947,2.016,2.106,2.056,2.084,2.024,2.056,2.013,1.995,2.051,2.111,2.314
 "06000","California",8,SAACCompLQ,234,"...","  Custom architectural woodwork and metalwork manufacturing","Location quotient",0.990,0.964,0.911,0.849,0.831,0.815,0.832,0.832,0.820,0.786,0.765,0.775,0.782,0.780,0.807,0.764,0.739
 "06000","California",8,SAACCompLQ,236,"...","  Other goods manufacturing","Location quotient",(D),(D),(D),(D),(D),(D),(D),0.583,(D),(D),(D),(D),(D),(D),(D),(D),(D)
 "06000","California",8,SAACCompLQ,240,"...","  Construction","Location quotient",1.238,1.367,1.235,1.117,1.200,1.179,1.240,1.294,1.178,1.018,1.011,0.993,1.114,0.887,0.999,1.167,1.517
 "06000","California",8,SAACCompLQ,250,"...","  Wholesale and transportation industries","Location quotient",1.469,1.527,1.542,1.541,1.553,1.600,1.635,1.622,1.533,1.528,1.543,1.548,1.572,1.703,1.763,1.618,1.514
 "06000","California",8,SAACCompLQ,260,"...","  Retail industries","Location quotient",1.026,0.980,1.006,0.992,0.982,0.997,1.131,1.097,1.045,1.087,1.296,1.353,1.314,1.255,1.195,1.016,0.989
 "06000","California",8,SAACCompLQ,300,"..."," All other industries 2/","Location quotient",0.970,0.966,0.967,0.965,0.968,0.967,0.955,0.953,0.961,0.961,0.954,0.953,0.937,0.935,0.932,0.932,0.928
"Note: See the included footnote file."
"SAACCompLQ: Arts Compensation Location Quotient 1/"
"Last updated: March 17, 2020-- new statistics for 2017; revised statistics for 2001-2016. "
"Source: U.S. Department of Commerce / Bureau of Economic Analysis / Regional Economic Accounts"
