GeoFIPS,GeoName,Region,TableName,LineCode,IndustryClassification,Description,Unit,2001,2002,2003,2004,2005,2006,2007,2008,2009,2010,2011,2012,2013,2014,2015,2016,2017
 "20000","Kansas",4,SAACArtsComp,1,"...","Total compensation","Thousands of dollars",52791415,53674260,54813764,57759869,60088681,63778827,68128782,71283047,68617019,69942555,72437740,74787710,77426124,80321423,83003586,83426071,85213879
 "20000","Kansas",4,SAACArtsComp,10,"...","Total ACPSA compensation","Thousands of dollars",2290091,2376490,2415963,2460002,2410020,2450625,2582605,2646266,2504976,2439832,2428225,2427232,2490857,2635381,2627415,2601593,2639165
 "20000","Kansas",4,SAACArtsComp,100,"..."," Core arts and cultural production","Thousands of dollars",215451,225552,242433,249536,261073,261886,287078,294314,286609,272507,269664,291456,278367,295819,308895,311107,309310
 "20000","Kansas",4,SAACArtsComp,111,"...","  Performing arts companies","Thousands of dollars",13709,12676,10694,13683,13152,11108,11310,12251,13163,14105,15051,14219,12141,14102,14530,15446,14896
 "20000","Kansas",4,SAACArtsComp,112,"...","  Promoters of performing arts and similar events","Thousands of dollars",5434,7473,9220,8396,7788,10504,9980,10169,12284,12250,13842,16470,17187,15294,14466,15372,14926
 "20000","Kansas",4,SAACArtsComp,113,"...","  Agents/managers for artists","Thousands of dollars",1756,1663,1831,7943,2357,1950,1469,2013,2030,2336,2794,2122,1509,1526,1691,2033,2133
 "20000","Kansas",4,SAACArtsComp,114,"...","  Independent artists, writers, and performers","Thousands of dollars",6040,5638,6072,3247,6516,8356,11103,11439,11248,7750,6168,6152,4830,4907,6099,6657,6270
 "20000","Kansas",4,SAACArtsComp,120,"...","  Museums","Thousands of dollars",5825,8047,6907,7178,7590,8235,8955,9536,10103,9251,9572,12495,12832,13577,(D),12917,13338
 "20000","Kansas",4,SAACArtsComp,131,"...","  Advertising","Thousands of dollars",40258,40015,38174,45545,50036,52312,59176,56942,49390,45017,49549,55700,56393,56684,52736,51826,53183
 "20000","Kansas",4,SAACArtsComp,132,"...","  Architectural services","Thousands of dollars",62612,62102,66328,66436,74492,79541,91998,92310,86098,79305,77245,77559,83145,90465,94614,96209,95803
 "20000","Kansas",4,SAACArtsComp,133,"...","  Landscape architectural services","Thousands of dollars",7288,7846,9718,8294,10491,11985,11894,11947,14681,13063,5538,3655,3515,4069,4656,3767,3858
 "20000","Kansas",4,SAACArtsComp,134,"...","  Interior design services","Thousands of dollars",3602,3977,4504,6276,6501,7446,8415,7602,5761,6114,8433,11832,5275,6284,6121,5810,5276
 "20000","Kansas",4,SAACArtsComp,135,"...","  Industrial design services","Thousands of dollars",2184,2102,2479,1858,1942,1544,1762,1549,813,2359,4490,7368,5586,7662,8772,5276,5471
 "20000","Kansas",4,SAACArtsComp,136,"...","  Graphic design services","Thousands of dollars",13182,13774,14016,14463,13992,14318,14782,13532,10923,10401,11124,15796,14393,15950,19019,20229,21277
 "20000","Kansas",4,SAACArtsComp,137,"...","  Computer systems design","Thousands of dollars",5244,4497,4309,5533,6180,6851,7323,8443,8039,8715,9432,9666,9721,10664,(D),(D),(D)
 "20000","Kansas",4,SAACArtsComp,138,"...","  Photography and photofinishing services","Thousands of dollars",29138,31790,41658,36514,34077,21915,20679,21885,23273,22530,17770,21219,15429,14672,14946,(D),(D)
 "20000","Kansas",4,SAACArtsComp,139,"...","  All other design services","Thousands of dollars",90,1201,1601,267,1010,495,758,2361,2271,1965,2944,3641,2778,2718,5913,6438,5694
 "20000","Kansas",4,SAACArtsComp,140,"...","  Fine arts education","Thousands of dollars",5789,6459,8274,8522,8768,9925,10358,12961,15853,17589,17035,14155,14383,15918,12743,12683,12289
 "20000","Kansas",4,SAACArtsComp,150,"...","  Education services","Thousands of dollars",13298,16294,16649,15381,16181,15400,17116,19371,20678,19757,18675,19407,19251,21326,22919,23218,20344
 "20000","Kansas",4,SAACArtsComp,200,"..."," Supporting arts and cultural production","Thousands of dollars",1992680,2067497,2092780,2128066,2063565,2100345,2201265,2255886,2126763,2082024,2073234,2054423,2131673,2254007,2227775,2198695,2237771
 "20000","Kansas",4,SAACArtsComp,211,"...","  Rental and leasing","Thousands of dollars",12849,13676,11287,11845,11823,13623,13031,12529,10945,9165,8495,6925,7229,9148,13051,11879,8146
 "20000","Kansas",4,SAACArtsComp,212,"...","  Grantmaking and giving services","Thousands of dollars",1573,2029,2194,1843,2256,2711,3674,3288,3758,3412,4070,3121,3592,3818,4486,4493,4672
 "20000","Kansas",4,SAACArtsComp,213,"...","  Unions","Thousands of dollars",3858,4454,5110,5818,5824,6875,6236,6753,6850,6586,6891,6383,7269,6797,7137,7453,8264
 "20000","Kansas",4,SAACArtsComp,214,"...","  Government","Thousands of dollars",834302,875823,839445,816262,776807,738441,708103,758681,790974,795779,785474,770647,809708,834199,835659,840508,835069
 "20000","Kansas",4,SAACArtsComp,215,"...","  Other support services","Thousands of dollars",(D),(D),(D),1705,(D),(D),(D),(D),1449,1361,1209,813,590,700,746,716,1029
 "20000","Kansas",4,SAACArtsComp,221,"...","  Publishing","Thousands of dollars",224936,159055,166773,161643,165506,172609,184545,188837,171771,180962,172385,171377,174694,178860,178507,170932,154364
 "20000","Kansas",4,SAACArtsComp,222,"...","  Motion pictures","Thousands of dollars",27520,30057,31401,28597,28100,27338,29841,29541,31392,32150,30760,30450,31736,32791,33156,33894,36677
 "20000","Kansas",4,SAACArtsComp,223,"...","  Sound recording","Thousands of dollars",1316,1009,1145,641,1091,686,193,306,648,746,578,732,754,(D),2989,3498,4135
 "20000","Kansas",4,SAACArtsComp,224,"...","  Broadcasting","Thousands of dollars",(D),(D),(D),(D),(D),(D),(D),(D),(D),687335,678034,707317,747687,793987,(D),731614,(D)
 "20000","Kansas",4,SAACArtsComp,225,"...","  Other information services","Thousands of dollars",13868,(D),15252,17370,20820,23480,13643,13438,11282,9803,11278,11998,16527,27133,(D),38359,58218
 "20000","Kansas",4,SAACArtsComp,231,"...","  Jewelry and silverware manufacturing","Thousands of dollars",278,432,139,(D),(D),(D),697,902,376,485,(D),(D),(D),590,(D),(D),(D)
 "20000","Kansas",4,SAACArtsComp,232,"...","  Printed goods manufacturing","Thousands of dollars",(D),(D),(D),76868,(D),82369,95650,92642,(D),(D),78540,74629,76801,71842,70229,67971,67561
 "20000","Kansas",4,SAACArtsComp,233,"...","  Musical instruments manufacturing","Thousands of dollars",1922,2217,2336,(D),1981,2273,2357,2245,2540,(D),(D),(D),(D),(D),(D),2284,2193
 "20000","Kansas",4,SAACArtsComp,234,"...","  Custom architectural woodwork and metalwork manufacturing","Thousands of dollars",(D),6380,5284,5813,5992,6518,9486,10589,7165,5789,6744,7502,8710,9354,11156,11697,11160
 "20000","Kansas",4,SAACArtsComp,236,"...","  Other goods manufacturing","Thousands of dollars",(D),(D),7491,8531,8254,8127,9438,8835,6960,5171,(D),(D),(D),6334,(D),(D),(D)
 "20000","Kansas",4,SAACArtsComp,240,"...","  Construction","Thousands of dollars",66254,62350,58162,50716,54032,64553,55209,72079,54309,82343,92914,61526,34702,54539,80107,68152,63772
 "20000","Kansas",4,SAACArtsComp,250,"...","  Wholesale and transportation industries","Thousands of dollars",65243,70306,65207,65078,68363,70738,75423,72142,57495,69752,68951,78034,80019,99749,73455,(D),75531
 "20000","Kansas",4,SAACArtsComp,260,"...","  Retail industries","Thousands of dollars",100075,101484,98845,105008,102745,106208,102986,109216,112664,106252,119031,115024,123364,120288,127947,124567,119411
 "20000","Kansas",4,SAACArtsComp,300,"..."," All other industries 2/","Thousands of dollars",81960,83441,80750,82400,85382,88393,94262,96066,91603,85301,85328,81352,80817,85555,90745,91792,92084
"Note: See the included footnote file."
"SAACArtsComp: ACPSA compensation by ACPSA industry 1/"
"Last updated: March 17, 2020-- new statistics for 2017; revised statistics for 2001-2016. "
"Source: U.S. Department of Commerce / Bureau of Economic Analysis / Regional Economic Accounts"
