GeoFIPS,GeoName,Region,TableName,LineCode,IndustryClassification,Description,Unit,2001,2002,2003,2004,2005,2006,2007,2008,2009,2010,2011,2012,2013,2014,2015,2016,2017
 "44000","Rhode Island",1,SAACEmpLQ,10,"...","Total","Location quotient",1.350,1.322,1.337,1.297,1.293,1.309,1.268,1.243,1.110,1.098,1.097,1.129,1.116,1.087,1.074,1.057,1.048
 "44000","Rhode Island",1,SAACEmpLQ,100,"..."," Core arts and cultural production","Location quotient",1.053,1.134,1.150,1.161,1.129,1.120,1.112,1.162,1.078,1.100,1.100,1.098,1.125,1.101,1.091,1.143,1.117
 "44000","Rhode Island",1,SAACEmpLQ,111,"...","  Performing arts companies","Location quotient",1.486,1.682,1.682,1.802,1.871,1.835,1.840,1.898,1.988,1.767,1.690,1.694,(D),(D),1.740,1.675,1.418
 "44000","Rhode Island",1,SAACEmpLQ,112,"...","  Promoters of performing arts and similar events","Location quotient",0.296,0.319,0.336,0.356,0.398,0.404,(D),0.365,0.466,0.553,0.386,0.398,0.612,0.451,0.426,0.454,0.537
 "44000","Rhode Island",1,SAACEmpLQ,113,"...","  Agents/managers for artists","Location quotient",0.241,(D),(D),0.136,(D),(D),(D),(D),(D),(D),(D),0.209,0.256,0.214,(D),(D),(D)
 "44000","Rhode Island",1,SAACEmpLQ,114,"...","  Independent artists, writers, and performers","Location quotient",0.832,0.847,0.725,0.657,0.655,0.664,0.619,0.523,0.511,0.366,0.357,0.350,0.367,0.496,0.604,0.710,0.614
 "44000","Rhode Island",1,SAACEmpLQ,120,"...","  Museums","Location quotient",1.941,1.836,1.815,(D),1.709,1.707,1.849,1.771,1.657,1.667,1.606,1.625,1.624,1.648,1.665,1.825,1.777
 "44000","Rhode Island",1,SAACEmpLQ,131,"...","  Advertising","Location quotient",0.574,0.590,0.597,0.600,0.592,0.586,0.549,0.525,0.553,0.543,0.533,0.547,0.549,0.583,0.608,0.616,0.612
 "44000","Rhode Island",1,SAACEmpLQ,132,"...","  Architectural services","Location quotient",0.646,(D),0.757,0.750,0.766,0.779,0.777,0.735,0.745,0.772,(D),0.732,0.707,0.690,0.707,(D),(D)
 "44000","Rhode Island",1,SAACEmpLQ,133,"...","  Landscape architectural services","Location quotient",0.305,(D),0.309,0.343,0.450,0.469,0.569,0.700,0.769,0.783,0.737,0.614,(D),(D),0.598,0.775,0.699
 "44000","Rhode Island",1,SAACEmpLQ,134,"...","  Interior design services","Location quotient",0.941,(D),1.083,1.142,(D),(D),0.734,0.738,(D),(D),(D),0.713,0.746,0.799,0.940,0.976,(D)
 "44000","Rhode Island",1,SAACEmpLQ,135,"...","  Industrial design services","Location quotient",1.980,2.195,2.592,2.324,2.235,2.472,2.718,2.914,1.581,0.881,0.568,0.775,0.901,0.976,1.034,1.244,1.066
 "44000","Rhode Island",1,SAACEmpLQ,136,"...","  Graphic design services","Location quotient",0.807,0.943,0.965,0.918,0.852,(D),0.712,0.729,0.707,0.691,0.753,0.771,0.768,0.698,0.723,0.701,0.754
 "44000","Rhode Island",1,SAACEmpLQ,137,"...","  Computer systems design","Location quotient",0.481,0.442,0.402,0.439,0.511,0.469,0.443,0.458,0.488,0.511,0.481,0.516,0.521,0.531,0.542,0.554,0.568
 "44000","Rhode Island",1,SAACEmpLQ,138,"...","  Photography and photofinishing services","Location quotient",0.997,1.078,(D),0.913,0.901,0.929,0.899,(D),(D),0.988,0.999,1.059,1.081,1.019,(D),(D),(D)
 "44000","Rhode Island",1,SAACEmpLQ,139,"...","  All other design services","Location quotient",0.811,(D),0.666,0.746,(D),0.381,0.219,0.181,(D),(D),(D),0.631,0.492,0.587,0.605,1.463,(D)
 "44000","Rhode Island",1,SAACEmpLQ,140,"...","  Fine arts education","Location quotient",0.953,1.051,1.036,(D),0.953,0.971,0.971,0.879,0.828,0.824,0.800,0.772,0.748,0.748,0.799,0.868,0.875
 "44000","Rhode Island",1,SAACEmpLQ,150,"...","  Education services","Location quotient",2.929,3.114,3.438,3.545,2.982,2.885,2.844,3.624,2.394,2.947,3.458,3.396,3.330,3.298,3.084,3.275,3.260
 "44000","Rhode Island",1,SAACEmpLQ,200,"..."," Supporting arts and cultural production","Location quotient",1.443,1.386,1.402,1.347,1.353,1.378,1.328,1.279,1.124,1.100,1.099,1.143,1.117,1.085,1.071,1.030,1.026
 "44000","Rhode Island",1,SAACEmpLQ,211,"...","  Rental and leasing","Location quotient",0.785,0.821,0.886,0.863,0.847,0.868,0.863,(D),0.773,0.681,0.585,0.680,0.672,0.634,0.508,(D),(D)
 "44000","Rhode Island",1,SAACEmpLQ,212,"...","  Grantmaking and giving services","Location quotient",1.793,(D),1.725,1.718,1.971,1.893,2.011,2.259,2.372,2.307,2.722,2.648,2.519,2.414,2.263,2.225,2.170
 "44000","Rhode Island",1,SAACEmpLQ,213,"...","  Unions","Location quotient",1.260,1.268,1.340,1.223,1.265,1.356,1.385,1.411,1.443,1.471,1.450,1.473,1.488,1.468,1.468,1.438,1.470
 "44000","Rhode Island",1,SAACEmpLQ,214,"...","  Government","Location quotient",0.902,0.871,0.976,0.898,0.887,0.983,1.037,1.031,0.981,0.964,1.008,1.036,1.016,0.990,1.004,1.025,1.080
 "44000","Rhode Island",1,SAACEmpLQ,215,"...","  Other support services","Location quotient",(D),(D),(D),(D),(D),(D),(D),(D),(D),(D),(D),(D),(D),(D),(D),(D),(D)
 "44000","Rhode Island",1,SAACEmpLQ,221,"...","  Publishing","Location quotient",(D),1.034,0.994,1.037,1.040,0.959,0.920,0.860,0.842,0.841,0.933,0.881,0.812,0.767,0.731,0.706,0.670
 "44000","Rhode Island",1,SAACEmpLQ,222,"...","  Motion pictures","Location quotient",0.406,0.484,0.492,0.452,0.447,0.709,0.410,0.716,0.536,0.654,0.553,0.455,0.467,0.539,0.560,0.476,0.499
 "44000","Rhode Island",1,SAACEmpLQ,223,"...","  Sound recording","Location quotient",0.246,0.142,0.154,0.128,0.155,0.253,0.142,0.214,0.185,0.086,0.374,0.192,0.260,0.330,0.163,0.122,0.226
 "44000","Rhode Island",1,SAACEmpLQ,224,"...","  Broadcasting","Location quotient",0.800,0.811,0.828,0.791,0.823,0.871,(D),0.958,0.918,0.900,0.899,(D),(D),(D),(D),(D),(D)
 "44000","Rhode Island",1,SAACEmpLQ,225,"...","  Other information services","Location quotient",(D),(D),(D),(D),(D),(D),(D),1.289,1.227,1.157,(D),(D),(D),(D),(D),(D),(D)
 "44000","Rhode Island",1,SAACEmpLQ,231,"...","  Jewelry and silverware manufacturing","Location quotient",50.832,49.032,46.653,48.336,47.784,47.301,46.926,45.150,43.340,42.411,41.342,37.972,36.169,(D),(D),(D),(D)
 "44000","Rhode Island",1,SAACEmpLQ,232,"...","  Printed goods manufacturing","Location quotient",0.978,0.934,0.839,0.772,0.827,0.813,0.783,0.780,0.757,0.774,0.943,0.993,1.035,1.100,1.135,1.115,1.132
 "44000","Rhode Island",1,SAACEmpLQ,233,"...","  Musical instruments manufacturing","Location quotient",(D),(D),(D),(D),(D),(D),(D),(D),(D),(D),(D),(D),(D),(D),(D),(D),(D)
 "44000","Rhode Island",1,SAACEmpLQ,234,"...","  Custom architectural woodwork and metalwork manufacturing","Location quotient",0.752,0.776,(D),0.974,1.027,1.235,1.254,1.251,(D),1.095,(D),(D),(D),0.969,1.056,1.010,1.082
 "44000","Rhode Island",1,SAACEmpLQ,236,"...","  Other goods manufacturing","Location quotient",1.012,0.917,0.749,0.468,0.496,0.572,0.496,0.508,0.562,0.676,1.056,0.998,(D),0.968,0.785,0.580,0.564
 "44000","Rhode Island",1,SAACEmpLQ,240,"...","  Construction","Location quotient",1.100,0.699,0.809,0.694,0.804,0.872,0.792,0.508,0.389,0.525,0.321,0.608,1.498,1.341,1.202,0.621,0.456
 "44000","Rhode Island",1,SAACEmpLQ,250,"...","  Wholesale and transportation industries","Location quotient",1.097,1.094,0.945,0.848,0.798,0.712,0.785,(D),(D),1.070,(D),(D),(D),(D),(D),(D),0.644
 "44000","Rhode Island",1,SAACEmpLQ,260,"...","  Retail industries","Location quotient",(D),0.737,0.916,0.855,0.811,0.752,0.746,0.710,0.689,0.665,0.636,0.615,0.603,0.609,0.624,0.643,0.661
 "44000","Rhode Island",1,SAACEmpLQ,300,"..."," All other industries 2/","Location quotient",1.001,1.005,1.008,1.013,1.013,1.014,1.016,1.016,1.022,1.024,1.021,1.025,1.025,1.024,1.023,1.021,1.020
"Note: See the included footnote file."
"SAACEmpLQ: Arts Employment Location Quotient 1/"
"Last updated: March 17, 2020-- new statistics for 2017; revised statistics for 2001-2016. "
"Source: U.S. Department of Commerce / Bureau of Economic Analysis / Regional Economic Accounts"
