GeoFIPS,GeoName,Region,TableName,LineCode,IndustryClassification,Description,Unit,2001,2002,2003,2004,2005,2006,2007,2008,2009,2010,2011,2012,2013,2014,2015,2016,2017
 "25000","Massachusetts",1,SAACCompLQ,10,"...","Total","Location quotient",1.032,0.978,0.987,0.991,1.036,1.072,1.074,1.086,1.055,1.056,1.044,1.042,1.012,1.010,1.006,1.010,1.036
 "25000","Massachusetts",1,SAACCompLQ,100,"..."," Core arts and cultural production","Location quotient",1.224,1.199,1.151,1.170,1.195,1.227,1.244,1.220,1.213,1.186,1.225,1.214,1.220,1.210,1.166,1.186,1.198
 "25000","Massachusetts",1,SAACCompLQ,111,"...","  Performing arts companies","Location quotient",1.025,0.969,0.952,0.917,0.926,1.122,1.044,0.901,0.912,0.963,0.913,0.936,0.914,1.054,0.882,0.947,0.934
 "25000","Massachusetts",1,SAACCompLQ,112,"...","  Promoters of performing arts and similar events","Location quotient",0.596,0.748,0.738,0.802,0.816,0.811,1.047,0.960,0.895,0.920,0.895,0.950,0.954,0.926,0.904,0.987,0.942
 "25000","Massachusetts",1,SAACCompLQ,113,"...","  Agents/managers for artists","Location quotient",0.105,0.111,0.127,0.142,0.203,0.148,0.237,0.279,0.209,0.205,0.215,0.203,0.269,0.255,0.254,0.267,0.272
 "25000","Massachusetts",1,SAACCompLQ,114,"...","  Independent artists, writers, and performers","Location quotient",0.288,0.218,0.220,0.217,0.234,0.214,0.221,0.329,0.257,0.234,0.410,0.306,0.272,0.382,0.400,0.348,0.458
 "25000","Massachusetts",1,SAACCompLQ,120,"...","  Museums","Location quotient",1.625,1.681,1.712,1.637,1.616,1.608,1.564,1.533,1.478,1.475,1.442,1.432,1.513,1.485,1.402,1.378,1.356
 "25000","Massachusetts",1,SAACCompLQ,131,"...","  Advertising","Location quotient",1.179,1.072,1.100,1.161,1.203,1.213,1.259,1.186,1.070,0.900,0.924,0.968,0.953,0.948,0.917,0.908,0.918
 "25000","Massachusetts",1,SAACCompLQ,132,"...","  Architectural services","Location quotient",1.883,1.876,1.741,1.580,1.543,1.522,1.567,1.589,1.668,1.686,1.719,1.686,1.722,1.649,1.601,1.528,1.508
 "25000","Massachusetts",1,SAACCompLQ,133,"...","  Landscape architectural services","Location quotient",0.691,0.706,0.707,0.803,0.824,0.833,0.875,0.931,1.130,1.219,1.347,1.404,1.279,1.450,1.347,1.398,1.322
 "25000","Massachusetts",1,SAACCompLQ,134,"...","  Interior design services","Location quotient",0.900,0.906,0.763,0.758,0.730,1.105,1.145,1.166,1.071,0.870,0.858,0.900,0.858,0.800,0.754,0.769,0.728
 "25000","Massachusetts",1,SAACCompLQ,135,"...","  Industrial design services","Location quotient",0.843,0.938,1.131,2.142,1.867,1.775,1.115,1.117,1.080,1.080,1.020,1.017,0.868,0.751,0.638,0.607,0.620
 "25000","Massachusetts",1,SAACCompLQ,136,"...","  Graphic design services","Location quotient",1.330,1.141,1.070,1.088,1.104,1.013,0.996,1.036,0.948,0.947,0.893,0.894,0.823,0.813,0.766,0.770,0.737
 "25000","Massachusetts",1,SAACCompLQ,137,"...","  Computer systems design","Location quotient",1.384,1.283,1.365,1.440,1.488,1.724,1.783,1.778,1.890,1.866,1.873,1.950,2.022,1.898,1.952,1.974,1.990
 "25000","Massachusetts",1,SAACCompLQ,138,"...","  Photography and photofinishing services","Location quotient",0.764,0.784,0.758,0.710,0.718,0.696,0.714,0.687,0.639,0.631,0.606,0.664,0.687,0.683,0.673,0.676,0.673
 "25000","Massachusetts",1,SAACCompLQ,139,"...","  All other design services","Location quotient",0.780,0.733,0.655,0.480,0.364,0.384,0.413,0.460,0.412,0.528,0.563,0.677,0.723,1.182,1.311,1.378,1.472
 "25000","Massachusetts",1,SAACCompLQ,140,"...","  Fine arts education","Location quotient",1.615,1.641,1.776,1.839,1.745,1.684,1.677,1.721,1.714,1.620,1.588,1.609,1.578,1.605,1.658,1.700,1.640
 "25000","Massachusetts",1,SAACCompLQ,150,"...","  Education services","Location quotient",3.565,3.536,3.253,3.606,3.679,3.962,3.793,3.408,3.510,3.622,3.604,3.478,3.420,3.056,3.072,3.415,3.569
 "25000","Massachusetts",1,SAACCompLQ,200,"..."," Supporting arts and cultural production","Location quotient",0.988,0.925,0.945,0.945,0.996,1.032,1.030,1.051,1.014,1.024,0.999,0.996,0.958,0.958,0.963,0.962,0.993
 "25000","Massachusetts",1,SAACCompLQ,211,"...","  Rental and leasing","Location quotient",0.792,0.817,0.777,0.771,0.790,0.720,0.666,0.619,0.591,0.466,0.450,0.488,0.508,0.532,0.501,0.459,0.420
 "25000","Massachusetts",1,SAACCompLQ,212,"...","  Grantmaking and giving services","Location quotient",0.700,0.757,0.764,0.810,0.829,0.857,0.860,0.894,0.903,0.870,0.870,0.900,0.857,0.878,0.849,0.806,0.780
 "25000","Massachusetts",1,SAACCompLQ,213,"...","  Unions","Location quotient",0.707,0.712,0.753,0.731,0.747,0.773,0.791,0.831,0.809,0.783,0.775,0.797,0.808,0.834,0.812,0.839,0.894
 "25000","Massachusetts",1,SAACCompLQ,214,"...","  Government","Location quotient",0.677,0.660,0.675,0.710,0.748,(D),0.798,0.765,0.745,0.739,0.741,0.767,0.797,0.809,0.801,0.808,0.825
 "25000","Massachusetts",1,SAACCompLQ,215,"...","  Other support services","Location quotient",0.722,0.713,0.852,0.913,0.963,0.941,1.098,1.486,1.039,0.985,1.010,1.028,1.197,0.923,0.972,0.923,1.028
 "25000","Massachusetts",1,SAACCompLQ,221,"...","  Publishing","Location quotient",2.045,2.021,1.963,2.026,2.279,2.274,2.224,2.248,2.260,2.513,2.446,2.426,2.316,2.282,2.276,2.295,2.278
 "25000","Massachusetts",1,SAACCompLQ,222,"...","  Motion pictures","Location quotient",0.304,0.277,0.277,0.257,0.262,0.271,0.267,0.388,0.384,0.280,0.278,0.306,0.314,0.262,0.236,0.248,0.311
 "25000","Massachusetts",1,SAACCompLQ,223,"...","  Sound recording","Location quotient",0.211,0.257,0.197,0.211,0.185,0.197,0.277,0.239,0.216,(D),0.284,0.287,0.296,0.287,0.282,0.273,0.267
 "25000","Massachusetts",1,SAACCompLQ,224,"...","  Broadcasting","Location quotient",(D),(D),(D),(D),0.880,0.913,0.877,0.913,0.877,0.837,0.816,0.759,0.687,0.673,0.685,0.628,0.702
 "25000","Massachusetts",1,SAACCompLQ,225,"...","  Other information services","Location quotient",2.627,2.737,2.485,2.240,2.055,1.930,1.397,1.701,1.473,1.788,1.595,1.624,1.110,1.189,1.118,0.943,0.851
 "25000","Massachusetts",1,SAACCompLQ,231,"...","  Jewelry and silverware manufacturing","Location quotient",2.241,2.167,2.467,2.515,2.342,2.283,2.094,1.953,1.805,1.745,1.748,2.022,2.061,1.953,1.923,1.867,1.769
 "25000","Massachusetts",1,SAACCompLQ,232,"...","  Printed goods manufacturing","Location quotient",(D),(D),(D),0.979,1.022,1.170,1.178,1.138,1.162,(D),1.157,1.131,1.157,1.123,1.201,1.119,1.099
 "25000","Massachusetts",1,SAACCompLQ,233,"...","  Musical instruments manufacturing","Location quotient",1.404,1.595,1.657,1.774,1.890,2.004,2.032,2.094,2.058,2.180,2.170,2.049,2.002,1.999,1.953,1.967,1.970
 "25000","Massachusetts",1,SAACCompLQ,234,"...","  Custom architectural woodwork and metalwork manufacturing","Location quotient",0.705,0.791,0.784,0.862,0.910,0.898,0.965,1.064,1.091,1.017,1.010,0.974,0.941,0.929,0.897,0.921,0.967
 "25000","Massachusetts",1,SAACCompLQ,236,"...","  Other goods manufacturing","Location quotient",(D),(D),0.433,(D),0.478,(D),0.607,0.396,0.429,0.443,0.510,0.468,0.488,0.452,0.467,0.455,0.459
 "25000","Massachusetts",1,SAACCompLQ,240,"...","  Construction","Location quotient",1.011,0.636,0.764,0.591,0.519,0.602,0.792,0.968,0.867,0.660,0.587,0.601,0.546,0.608,0.763,1.219,1.440
 "25000","Massachusetts",1,SAACCompLQ,250,"...","  Wholesale and transportation industries","Location quotient",0.986,0.874,0.884,0.889,0.901,0.864,0.871,0.907,0.876,0.879,0.865,0.668,0.635,0.614,0.565,0.602,0.618
 "25000","Massachusetts",1,SAACCompLQ,260,"...","  Retail industries","Location quotient",0.899,0.880,0.892,0.877,0.864,0.856,0.856,0.852,0.861,0.875,0.722,0.685,0.684,0.717,0.699,0.741,0.759
 "25000","Massachusetts",1,SAACCompLQ,300,"..."," All other industries 2/","Location quotient",1.068,1.068,1.077,1.080,1.075,1.071,1.073,1.075,1.083,1.080,1.075,1.060,1.059,1.059,1.057,1.059,1.058
"Note: See the included footnote file."
"SAACCompLQ: Arts Compensation Location Quotient 1/"
"Last updated: March 17, 2020-- new statistics for 2017; revised statistics for 2001-2016. "
"Source: U.S. Department of Commerce / Bureau of Economic Analysis / Regional Economic Accounts"
