GeoFIPS,GeoName,Region,TableName,LineCode,IndustryClassification,Description,Unit,2001,2002,2003,2004,2005,2006,2007,2008,2009,2010,2011,2012,2013,2014,2015,2016,2017
 "34000","New Jersey",2,SAACArtsEmp,1,"...","Total employment","Number of jobs",4059504,4050546,4041438,4068023,4099778,4133463,4143110,4113605,3951152,3908070,3903364,3937611,3978040,4010099,4061697,4123124,4174387
 "34000","New Jersey",2,SAACArtsEmp,10,"...","Total ACPSA employment","Number of jobs",172032,170780,163832,160889,157155,154273,151683,150177,139644,138851,140145,140327,138897,138089,138612,139727,137518
 "34000","New Jersey",2,SAACArtsEmp,100,"..."," Core arts and cultural production","Number of jobs",30714,31087,32263,32370,31630,32134,32255,32253,28843,27921,28174,28483,29300,30176,31003,32159,32392
 "34000","New Jersey",2,SAACArtsEmp,111,"...","  Performing arts companies","Number of jobs",2133,2154,1999,2040,2066,2053,2243,2445,2277,2127,2321,2392,2459,2645,2353,2811,2544
 "34000","New Jersey",2,SAACArtsEmp,112,"...","  Promoters of performing arts and similar events","Number of jobs",867,1052,1485,1446,1313,1215,1338,1626,1382,1439,1729,1796,1815,1950,2526,2483,2719
 "34000","New Jersey",2,SAACArtsEmp,113,"...","  Agents/managers for artists","Number of jobs",256,292,403,434,462,527,638,664,476,504,479,452,401,285,231,224,243
 "34000","New Jersey",2,SAACArtsEmp,114,"...","  Independent artists, writers, and performers","Number of jobs",987,1045,1158,1205,1243,1312,1332,1484,1216,1259,1238,1412,1441,1452,1529,1488,1341
 "34000","New Jersey",2,SAACArtsEmp,120,"...","  Museums","Number of jobs",1803,1879,1895,1776,1760,1777,1897,1903,1765,1664,1581,1597,1633,1642,1630,1653,1660
 "34000","New Jersey",2,SAACArtsEmp,131,"...","  Advertising","Number of jobs",6673,6201,5711,5481,5092,4963,4639,4679,4425,4268,4392,4344,4491,4490,4564,4631,4946
 "34000","New Jersey",2,SAACArtsEmp,132,"...","  Architectural services","Number of jobs",3070,3272,3544,3736,3859,3975,3951,3696,3167,2923,2859,2830,3001,3140,3341,3462,3561
 "34000","New Jersey",2,SAACArtsEmp,133,"...","  Landscape architectural services","Number of jobs",1130,1274,1506,1667,1884,1943,1796,1535,1239,1331,1133,1059,1037,1074,996,946,956
 "34000","New Jersey",2,SAACArtsEmp,134,"...","  Interior design services","Number of jobs",653,694,812,925,1075,1184,1282,1090,998,826,820,842,931,956,1035,1136,1177
 "34000","New Jersey",2,SAACArtsEmp,135,"...","  Industrial design services","Number of jobs",245,412,491,530,590,616,545,465,414,401,415,401,359,392,367,399,372
 "34000","New Jersey",2,SAACArtsEmp,136,"...","  Graphic design services","Number of jobs",2546,2318,2394,2476,2162,2256,2321,2347,2180,2114,2046,2049,2022,1982,1956,1989,2074
 "34000","New Jersey",2,SAACArtsEmp,137,"...","  Computer systems design","Number of jobs",688,622,607,569,598,659,719,758,715,724,756,787,788,801,800,813,820
 "34000","New Jersey",2,SAACArtsEmp,138,"...","  Photography and photofinishing services","Number of jobs",4566,4396,4436,4034,3406,3128,3056,2805,2167,2037,2172,2161,2053,2001,1928,1939,1742
 "34000","New Jersey",2,SAACArtsEmp,139,"...","  All other design services","Number of jobs",243,224,227,243,212,227,306,327,261,182,165,176,166,165,172,168,164
 "34000","New Jersey",2,SAACArtsEmp,140,"...","  Fine arts education","Number of jobs",3344,3556,3750,4048,4203,4468,4436,4586,4480,4415,4511,4537,5020,5294,5635,5841,5995
 "34000","New Jersey",2,SAACArtsEmp,150,"...","  Education services","Number of jobs",1511,1695,1844,1758,1704,1833,1754,1845,1681,1707,1556,1648,1681,1907,1939,2174,2078
 "34000","New Jersey",2,SAACArtsEmp,200,"..."," Supporting arts and cultural production","Number of jobs",134716,133075,125287,122419,119482,116218,113473,112192,105365,105994,107191,107394,105284,103457,103063,102899,100482
 "34000","New Jersey",2,SAACArtsEmp,211,"...","  Rental and leasing","Number of jobs",1965,1907,2111,2063,1724,1616,1467,1230,1087,843,806,752,676,517,491,547,571
 "34000","New Jersey",2,SAACArtsEmp,212,"...","  Grantmaking and giving services","Number of jobs",194,192,175,162,158,153,156,136,150,139,127,150,147,146,143,158,156
 "34000","New Jersey",2,SAACArtsEmp,213,"...","  Unions","Number of jobs",501,452,516,511,553,556,529,601,690,606,694,665,783,745,807,723,842
 "34000","New Jersey",2,SAACArtsEmp,214,"...","  Government","Number of jobs",52140,52559,48037,44046,40238,35935,31933,32080,32376,32633,31314,30960,31214,30841,30231,30333,30141
 "34000","New Jersey",2,SAACArtsEmp,215,"...","  Other support services","Number of jobs",82,82,(D),104,135,119,135,125,111,97,89,79,70,75,88,78,71
 "34000","New Jersey",2,SAACArtsEmp,221,"...","  Publishing","Number of jobs",14048,14404,14531,13915,13855,13535,13229,11949,10269,9527,9175,8928,8502,8267,8479,7974,7636
 "34000","New Jersey",2,SAACArtsEmp,222,"...","  Motion pictures","Number of jobs",6262,6831,6273,(D),(D),6774,6751,(D),(D),6631,6652,7156,6508,6711,6751,6874,7165
 "34000","New Jersey",2,SAACArtsEmp,223,"...","  Sound recording","Number of jobs",334,(D),329,307,305,(D),237,214,273,279,282,281,321,177,172,(D),181
 "34000","New Jersey",2,SAACArtsEmp,224,"...","  Broadcasting","Number of jobs",13188,11731,11278,11479,11689,12085,13575,14178,14028,14155,13606,15333,15175,14662,13910,13530,11931
 "34000","New Jersey",2,SAACArtsEmp,225,"...","  Other information services","Number of jobs",3873,3236,3066,3219,3293,3376,3763,3907,3465,3342,3247,3315,3135,3070,3101,3239,3584
 "34000","New Jersey",2,SAACArtsEmp,231,"...","  Jewelry and silverware manufacturing","Number of jobs",(D),1290,1310,1319,2330,2271,2143,1972,1413,1314,1290,1696,1654,1593,1456,1416,1317
 "34000","New Jersey",2,SAACArtsEmp,232,"...","  Printed goods manufacturing","Number of jobs",5083,3993,3644,3979,3909,4013,4564,4371,3656,3283,3008,2883,2797,2606,2479,2418,2299
 "34000","New Jersey",2,SAACArtsEmp,233,"...","  Musical instruments manufacturing","Number of jobs",114,94,72,61,56,55,23,20,38,89,106,118,121,110,119,102,95
 "34000","New Jersey",2,SAACArtsEmp,234,"...","  Custom architectural woodwork and metalwork manufacturing","Number of jobs",273,368,408,400,402,450,590,648,524,467,537,541,578,561,629,728,776
 "34000","New Jersey",2,SAACArtsEmp,236,"...","  Other goods manufacturing","Number of jobs",(D),(D),(D),(D),(D),(D),1752,(D),(D),995,975,1003,943,1065,1126,(D),1270
 "34000","New Jersey",2,SAACArtsEmp,240,"...","  Construction","Number of jobs",2562,2936,2730,3223,3925,4331,3165,1940,2207,2743,3143,2411,2647,2418,2758,2832,2036
 "34000","New Jersey",2,SAACArtsEmp,250,"...","  Wholesale and transportation industries","Number of jobs",13555,14281,12989,14680,14510,13933,14123,17017,13276,15159,15799,15512,14616,14412,14509,14200,13657
 "34000","New Jersey",2,SAACArtsEmp,260,"...","  Retail industries","Number of jobs",16848,16329,15710,14751,14060,15099,15340,13862,13732,13692,16343,15609,15395,15481,15813,16402,16755
 "34000","New Jersey",2,SAACArtsEmp,300,"..."," All other industries 2/","Number of jobs",6602,6618,6283,6100,6042,5920,5955,5731,5436,4936,4780,4451,4314,4456,4547,4669,4644
"Note: See the included footnote file."
"SAACArtsEmp: ACPSA full-time and part-time employment by ACPSA industry 1/"
"Last updated: March 17, 2020-- new statistics for 2017; revised statistics for 2001-2016. "
"Source: U.S. Department of Commerce / Bureau of Economic Analysis / Regional Economic Accounts"
