GeoFIPS,GeoName,Region,TableName,LineCode,IndustryClassification,Description,Unit,2001,2002,2003,2004,2005,2006,2007,2008,2009,2010,2011,2012,2013,2014,2015,2016,2017
 "54000","West Virginia",5,SAACArtsVA,1,"...","Total value added","Thousands of dollars",43977598,45433676,46667903,49271733,53259026,56529981,58635806,62066661,62957797,65274093,68524877,69398998,71037627,71919171,70280985,69721356,73162915
 "54000","West Virginia",5,SAACArtsVA,10,"...","Total ACPSA value added","Thousands of dollars",1487569,1465254,1400381,1485812,1473724,1415005,1470163,1557425,1504638,1550242,1519409,1527907,1548832,1488446,1533284,1609284,1559276
 "54000","West Virginia",5,SAACArtsVA,100,"..."," Core arts and cultural production","Thousands of dollars",110233,123303,107019,109180,99273,102469,107329,113668,113700,123150,124553,131422,114376,119130,112921,112713,113711
 "54000","West Virginia",5,SAACArtsVA,111,"...","  Performing arts companies","Thousands of dollars",7125,7986,7134,8966,9917,9653,9500,10646,11880,12952,13873,12240,11241,11238,10183,11607,10886
 "54000","West Virginia",5,SAACArtsVA,112,"...","  Promoters of performing arts and similar events","Thousands of dollars",6146,9271,11110,9406,8554,9789,9514,8694,9468,8028,7672,9235,8783,10996,6517,7664,6983
 "54000","West Virginia",5,SAACArtsVA,113,"...","  Agents/managers for artists","Thousands of dollars",0,0,5,0,0,0,161,7,20,19,0,36,395,546,678,862,866
 "54000","West Virginia",5,SAACArtsVA,114,"...","  Independent artists, writers, and performers","Thousands of dollars",2275,2431,2343,2024,2468,1641,2178,2308,3032,5221,4342,4106,2891,3675,2941,3821,4058
 "54000","West Virginia",5,SAACArtsVA,120,"...","  Museums","Thousands of dollars",3178,3457,3389,3152,3221,3016,5545,5818,6258,7837,8320,11084,10973,11733,9490,9815,10745
 "54000","West Virginia",5,SAACArtsVA,131,"...","  Advertising","Thousands of dollars",17716,20332,20175,21666,21206,24422,25177,26328,23600,26063,26334,25019,23700,25665,28510,27816,28265
 "54000","West Virginia",5,SAACArtsVA,132,"...","  Architectural services","Thousands of dollars",9609,11061,12697,12870,12977,13335,14451,14060,14613,16806,19164,20819,17929,17073,17305,13958,13094
 "54000","West Virginia",5,SAACArtsVA,133,"...","  Landscape architectural services","Thousands of dollars",1987,2385,2128,2125,1572,980,947,1230,1136,1147,1060,1083,975,1127,955,925,1311
 "54000","West Virginia",5,SAACArtsVA,134,"...","  Interior design services","Thousands of dollars",534,882,1386,3768,4086,3723,4020,4051,3436,1802,1988,2305,1259,2045,2234,1882,2226
 "54000","West Virginia",5,SAACArtsVA,135,"...","  Industrial design services","Thousands of dollars",9106,9157,6924,7503,1457,1728,2108,1903,1692,2175,3654,4416,3983,4515,4048,3923,3700
 "54000","West Virginia",5,SAACArtsVA,136,"...","  Graphic design services","Thousands of dollars",6524,4239,3272,2704,2357,2341,2509,3464,3388,3500,3166,3588,3314,3678,4107,3676,3626
 "54000","West Virginia",5,SAACArtsVA,137,"...","  Computer systems design","Thousands of dollars",1085,1214,1425,1610,1806,1936,2345,2665,3035,3224,3212,3200,3062,2619,2629,2654,2942
 "54000","West Virginia",5,SAACArtsVA,138,"...","  Photography and photofinishing services","Thousands of dollars",37267,41871,26000,24000,20659,20457,19519,22811,21785,23185,21107,21607,14955,13803,12147,11284,10501
 "54000","West Virginia",5,SAACArtsVA,139,"...","  All other design services","Thousands of dollars",265,336,471,561,462,439,421,334,307,223,292,375,82,212,213,236,195
 "54000","West Virginia",5,SAACArtsVA,140,"...","  Fine arts education","Thousands of dollars",878,800,1239,1394,1375,1540,1471,1573,1697,1642,1350,1179,1311,1740,1983,1842,1798
 "54000","West Virginia",5,SAACArtsVA,150,"...","  Education services","Thousands of dollars",6537,7882,7321,7430,7155,7469,7463,7777,8354,9324,9020,11131,9523,8466,8980,10750,12516
 "54000","West Virginia",5,SAACArtsVA,200,"..."," Supporting arts and cultural production","Thousands of dollars",1298984,1259393,1211707,1292666,1284498,1220508,1267331,1350371,1298286,1339812,1305113,1310566,1349708,1281657,1331737,1407307,1354478
 "54000","West Virginia",5,SAACArtsVA,211,"...","  Rental and leasing","Thousands of dollars",24171,25759,23002,22419,23080,33697,38761,54922,51979,73159,28860,18405,22143,27480,29642,29598,28824
 "54000","West Virginia",5,SAACArtsVA,212,"...","  Grantmaking and giving services","Thousands of dollars",1582,2025,2441,2376,2529,2743,2569,2527,2897,2592,3090,2569,2778,2949,3299,3439,3717
 "54000","West Virginia",5,SAACArtsVA,213,"...","  Unions","Thousands of dollars",3358,2815,3172,3584,3444,4193,3688,4117,4574,4312,4531,4363,4801,4658,4676,4146,4457
 "54000","West Virginia",5,SAACArtsVA,214,"...","  Government","Thousands of dollars",520539,528169,515949,506037,487218,465248,461754,469314,476126,494784,500256,504441,500026,495136,492474,505568,524284
 "54000","West Virginia",5,SAACArtsVA,215,"...","  Other support services","Thousands of dollars",754,607,764,1038,1123,1127,1159,1245,958,792,684,692,595,561,588,562,708
 "54000","West Virginia",5,SAACArtsVA,221,"...","  Publishing","Thousands of dollars",64022,82118,90467,97897,101262,94318,109633,106151,100080,100120,99630,99490,99498,96415,106029,96962,68277
 "54000","West Virginia",5,SAACArtsVA,222,"...","  Motion pictures","Thousands of dollars",34957,44111,37155,27367,23304,24599,23933,24757,29284,30307,27329,24052,23795,20270,25779,23363,21311
 "54000","West Virginia",5,SAACArtsVA,223,"...","  Sound recording","Thousands of dollars",275,477,446,451,319,369,326,420,1542,686,694,696,1328,1081,1016,910,451
 "54000","West Virginia",5,SAACArtsVA,224,"...","  Broadcasting","Thousands of dollars",355649,293505,317890,392879,384903,325033,355092,420135,427066,439215,442230,468235,499999,460726,486738,490648,465895
 "54000","West Virginia",5,SAACArtsVA,225,"...","  Other information services","Thousands of dollars",2108,5053,6122,8049,8028,10170,4954,5838,5791,5303,5112,3822,3335,3278,4134,5207,5709
 "54000","West Virginia",5,SAACArtsVA,231,"...","  Jewelry and silverware manufacturing","Thousands of dollars",515,1017,590,665,406,475,777,565,442,344,363,893,156,172,154,199,247
 "54000","West Virginia",5,SAACArtsVA,232,"...","  Printed goods manufacturing","Thousands of dollars",11891,11098,12311,13725,14944,15062,16279,14969,13273,12640,15719,18311,17866,15641,15556,15696,15268
 "54000","West Virginia",5,SAACArtsVA,233,"...","  Musical instruments manufacturing","Thousands of dollars",406,550,383,308,343,416,432,275,193,84,110,218,171,180,180,232,208
 "54000","West Virginia",5,SAACArtsVA,234,"...","  Custom architectural woodwork and metalwork manufacturing","Thousands of dollars",1640,2255,2407,2553,2332,2107,3779,4121,3532,3963,4333,4800,5349,5018,5841,6301,6748
 "54000","West Virginia",5,SAACArtsVA,236,"...","  Other goods manufacturing","Thousands of dollars",39367,35047,28897,30380,23534,24310,26702,21910,24464,24750,21435,24893,27347,27660,30577,28087,23764
 "54000","West Virginia",5,SAACArtsVA,240,"...","  Construction","Thousands of dollars",98624,84173,31010,42333,61189,60073,66021,93010,53007,38556,24873,13567,19153,10702,19926,89310,71897
 "54000","West Virginia",5,SAACArtsVA,250,"...","  Wholesale and transportation industries","Thousands of dollars",27748,29206,25976,30176,29114,28247,32316,31237,24544,32130,35488,37294,36604,32626,32971,34537,38158
 "54000","West Virginia",5,SAACArtsVA,260,"...","  Retail industries","Thousands of dollars",111379,111409,112724,110428,117425,128321,119156,94859,78534,76074,90374,83825,84764,77105,72158,72543,74556
 "54000","West Virginia",5,SAACArtsVA,300,"..."," All other industries 2/","Thousands of dollars",78351,82558,81655,83967,89952,92028,95502,93385,92652,87281,89744,85919,84749,87659,88626,89263,91087
"Note: See the included footnote file."
"SAACArtsVA: ACPSA value added by ACPSA industry 1/"
"Last updated: March 17, 2020-- new statistics for 2017; revised statistics for 2001-2016. "
"Source: U.S. Department of Commerce / Bureau of Economic Analysis / Regional Economic Accounts"
