GeoFIPS,GeoName,Region,TableName,LineCode,IndustryClassification,Description,Unit,2001,2002,2003,2004,2005,2006,2007,2008,2009,2010,2011,2012,2013,2014,2015,2016,2017
 "54000","West Virginia",5,SAACCompRatio,10,"...","Total arts compensation ratio","Ratio",0.035,0.034,0.032,0.031,0.029,0.027,0.027,0.026,0.026,0.026,0.025,0.024,0.023,0.023,0.023,0.025,0.023
 "54000","West Virginia",5,SAACCompRatio,100,"..."," Core arts and cultural production","Ratio",0.197,0.206,0.180,0.169,0.164,0.159,0.159,0.154,0.134,0.134,0.129,0.137,0.127,0.130,0.127,0.129,0.129
 "54000","West Virginia",5,SAACCompRatio,111,"...","  Performing arts companies","Ratio",0.910,0.904,0.917,0.935,0.946,0.955,0.965,0.962,0.965,0.968,0.971,0.969,0.970,0.970,0.968,0.969,0.969
 "54000","West Virginia",5,SAACCompRatio,112,"...","  Promoters of performing arts and similar events","Ratio",0.825,0.846,0.839,0.822,0.827,(D),0.836,0.829,0.828,0.811,0.794,0.781,0.779,0.779,0.777,0.834,0.778
 "54000","West Virginia",5,SAACCompRatio,113,"...","  Agents/managers for artists","Ratio",(D),0.000,(D),(D),(D),0.000,(D),(D),(D),(D),0.000,(D),0.544,0.541,0.541,0.541,(D)
 "54000","West Virginia",5,SAACCompRatio,114,"...","  Independent artists, writers, and performers","Ratio",(D),(D),(D),(D),(D),(D),(D),(D),(D),(D),0.977,(D),0.989,0.989,0.989,0.989,(D)
 "54000","West Virginia",5,SAACCompRatio,120,"...","  Museums","Ratio",0.866,0.871,0.883,0.891,0.888,(D),0.923,0.918,0.916,0.901,0.894,0.896,0.892,0.891,0.893,0.897,0.890
 "54000","West Virginia",5,SAACCompRatio,131,"...","  Advertising","Ratio",0.418,0.422,(D),(D),(D),(D),(D),(D),0.339,0.355,0.370,0.395,0.395,0.396,0.397,0.397,0.396
 "54000","West Virginia",5,SAACCompRatio,132,"...","  Architectural services","Ratio",0.714,(D),0.719,0.725,0.730,0.730,0.735,0.741,0.741,0.740,0.739,0.742,0.741,0.742,0.741,0.741,0.742
 "54000","West Virginia",5,SAACCompRatio,133,"...","  Landscape architectural services","Ratio",0.948,0.946,0.949,0.953,0.953,0.946,0.942,0.954,0.955,0.956,0.955,0.965,0.964,0.965,0.962,0.963,0.964
 "54000","West Virginia",5,SAACCompRatio,134,"...","  Interior design services","Ratio",0.826,(D),(D),0.848,0.868,0.884,0.898,0.910,0.922,0.935,0.944,0.953,0.952,0.950,0.951,0.951,(D)
 "54000","West Virginia",5,SAACCompRatio,135,"...","  Industrial design services","Ratio",(D),(D),(D),(D),(D),(D),(D),(D),(D),(D),(D),(D),(D),(D),(D),(D),0.982
 "54000","West Virginia",5,SAACCompRatio,136,"...","  Graphic design services","Ratio",0.953,0.948,0.948,0.947,0.946,0.946,0.944,0.945,0.939,0.945,0.947,0.949,0.949,0.948,0.949,0.949,0.949
 "54000","West Virginia",5,SAACCompRatio,137,"...","  Computer systems design","Ratio",0.021,0.020,0.021,0.021,0.021,0.021,(D),0.022,0.022,0.023,0.023,0.024,0.024,0.024,0.024,0.024,0.024
 "54000","West Virginia",5,SAACCompRatio,138,"...","  Photography and photofinishing services","Ratio",0.886,0.877,0.875,0.871,0.881,0.894,0.929,0.903,0.903,0.910,(D),(D),(D),(D),(D),(D),(D)
 "54000","West Virginia",5,SAACCompRatio,139,"...","  All other design services","Ratio",(D),(D),0.554,(D),(D),(D),(D),(D),(D),(D),(D),(D),(D),(D),(D),(D),(D)
 "54000","West Virginia",5,SAACCompRatio,140,"...","  Fine arts education","Ratio",(D),(D),(D),(D),(D),(D),(D),0.437,0.429,0.412,(D),(D),0.401,(D),(D),(D),(D)
 "54000","West Virginia",5,SAACCompRatio,150,"...","  Education services","Ratio",0.034,0.044,0.039,0.036,0.035,0.034,0.033,0.033,0.026,0.027,0.023,0.028,0.025,0.021,0.022,0.028,0.034
 "54000","West Virginia",5,SAACCompRatio,200,"..."," Supporting arts and cultural production","Ratio",0.119,0.117,0.110,0.108,0.104,0.099,0.098,0.104,0.101,0.101,0.096,0.092,0.092,0.093,0.095,0.103,0.099
 "54000","West Virginia",5,SAACCompRatio,211,"...","  Rental and leasing","Ratio",0.442,0.424,0.437,0.426,0.398,(D),0.371,0.349,0.344,(D),0.301,0.292,0.274,0.257,0.246,0.237,(D)
 "54000","West Virginia",5,SAACCompRatio,212,"...","  Grantmaking and giving services","Ratio",(D),(D),0.033,0.030,0.030,0.033,0.033,0.031,0.035,0.035,0.036,0.039,0.039,0.039,0.040,0.040,0.040
 "54000","West Virginia",5,SAACCompRatio,213,"...","  Unions","Ratio",0.028,0.024,0.025,0.024,0.025,0.025,0.023,0.025,0.029,0.027,0.032,0.028,0.034,0.031,0.034,0.030,0.035
 "54000","West Virginia",5,SAACCompRatio,214,"...","  Government","Ratio",0.133,0.131,0.122,0.117,0.109,0.102,0.099,0.096,0.092,0.091,0.089,0.087,0.086,0.085,0.084,0.087,0.091
 "54000","West Virginia",5,SAACCompRatio,215,"...","  Other support services","Ratio",0.019,0.014,0.015,0.017,0.018,0.019,0.020,0.019,0.018,0.017,0.016,0.014,0.014,0.014,0.014,0.014,0.014
 "54000","West Virginia",5,SAACCompRatio,221,"...","  Publishing","Ratio",0.446,(D),(D),(D),(D),(D),0.446,(D),(D),(D),(D),(D),(D),(D),(D),(D),(D)
 "54000","West Virginia",5,SAACCompRatio,222,"...","  Motion pictures","Ratio",0.984,0.974,0.985,0.986,0.976,0.982,0.978,0.978,0.974,0.973,0.970,0.969,0.967,0.964,0.961,0.959,0.960
 "54000","West Virginia",5,SAACCompRatio,223,"...","  Sound recording","Ratio",1.009,1.013,1.011,1.009,1.009,1.007,1.005,0.996,0.995,0.994,0.993,(D),(D),(D),(D),(D),(D)
 "54000","West Virginia",5,SAACCompRatio,224,"...","  Broadcasting","Ratio",0.265,0.287,0.311,0.338,0.357,0.375,0.393,0.410,0.424,0.454,0.471,0.496,(D),0.505,0.503,0.503,0.513
 "54000","West Virginia",5,SAACCompRatio,225,"...","  Other information services","Ratio",(D),0.865,0.873,(D),(D),0.898,0.905,0.905,0.899,0.881,0.884,0.888,0.884,0.881,0.878,0.882,0.897
 "54000","West Virginia",5,SAACCompRatio,231,"...","  Jewelry and silverware manufacturing","Ratio",(D),(D),(D),(D),(D),(D),(D),(D),(D),(D),(D),(D),0.000,0.000,0.000,(D),(D)
 "54000","West Virginia",5,SAACCompRatio,232,"...","  Printed goods manufacturing","Ratio",0.164,0.143,0.142,0.159,0.160,0.164,0.193,0.197,0.194,0.187,0.181,0.179,0.183,0.177,0.170,0.167,0.166
 "54000","West Virginia",5,SAACCompRatio,233,"...","  Musical instruments manufacturing","Ratio",(D),(D),(D),(D),(D),(D),(D),(D),(D),0.000,(D),(D),(D),(D),(D),(D),(D)
 "54000","West Virginia",5,SAACCompRatio,234,"...","  Custom architectural woodwork and metalwork manufacturing","Ratio",0.072,0.103,0.100,0.095,0.092,(D),0.130,0.135,(D),(D),0.131,0.135,(D),0.135,(D),(D),(D)
 "54000","West Virginia",5,SAACCompRatio,236,"...","  Other goods manufacturing","Ratio",(D),0.117,(D),0.108,0.103,0.094,0.113,0.112,0.104,0.104,0.102,0.108,0.104,0.116,0.119,0.117,0.121
 "54000","West Virginia",5,SAACCompRatio,240,"...","  Construction","Ratio",0.462,0.359,0.209,0.264,0.339,0.261,0.207,0.376,0.252,0.186,0.110,0.052,0.099,0.056,0.110,0.515,0.397
 "54000","West Virginia",5,SAACCompRatio,250,"...","  Wholesale and transportation industries","Ratio",(D),0.025,0.024,(D),0.023,0.022,0.023,0.024,0.020,(D),(D),(D),(D),(D),(D),(D),(D)
 "54000","West Virginia",5,SAACCompRatio,260,"...","  Retail industries","Ratio",0.041,0.040,0.039,0.040,0.039,0.039,0.040,0.040,0.039,0.038,0.039,0.038,0.037,0.038,0.037,0.037,0.038
 "54000","West Virginia",5,SAACCompRatio,300,"..."," All other industries 2/","Ratio",0.002,0.002,0.002,0.002,0.002,0.002,0.002,0.002,0.002,0.002,0.002,0.001,0.001,0.001,0.001,0.001,0.001
"Note: See the included footnote file."
"SAACCompRatio: Arts Compensation Ratio 1/"
"Last updated: March 17, 2020-- new statistics for 2017; revised statistics for 2001-2016. "
"Source: U.S. Department of Commerce / Bureau of Economic Analysis / Regional Economic Accounts"
