GeoFIPS,GeoName,Region,TableName,LineCode,IndustryClassification,Description,Unit,2001,2002,2003,2004,2005,2006,2007,2008,2009,2010,2011,2012,2013,2014,2015,2016,2017
 "30000","Montana",7,SAACCompLQ,10,"...","Total","Location quotient",1.114,1.126,1.090,1.074,1.038,0.979,0.936,0.935,0.936,0.954,0.960,0.936,0.916,0.862,0.857,0.882,0.884
 "30000","Montana",7,SAACCompLQ,100,"..."," Core arts and cultural production","Location quotient",0.593,0.615,0.621,0.630,0.644,0.667,0.674,0.677,0.644,0.599,0.605,0.598,0.615,0.629,0.630,0.647,0.697
 "30000","Montana",7,SAACCompLQ,111,"...","  Performing arts companies","Location quotient",0.473,0.499,0.437,0.475,0.502,0.511,0.501,0.834,0.968,0.626,0.607,0.591,(D),0.643,0.561,(D),1.070
 "30000","Montana",7,SAACCompLQ,112,"...","  Promoters of performing arts and similar events","Location quotient",0.319,0.483,0.634,0.699,0.577,0.616,0.531,(D),0.333,0.331,0.349,0.399,0.399,0.352,0.386,0.360,0.329
 "30000","Montana",7,SAACCompLQ,113,"...","  Agents/managers for artists","Location quotient",(D),(D),(D),(D),(D),(D),(D),(D),(D),0.057,0.043,0.047,0.058,0.060,0.045,0.067,0.057
 "30000","Montana",7,SAACCompLQ,114,"...","  Independent artists, writers, and performers","Location quotient",0.476,(D),(D),(D),(D),(D),(D),0.428,0.417,0.405,0.400,0.422,0.568,0.535,0.563,0.603,0.466
 "30000","Montana",7,SAACCompLQ,120,"...","  Museums","Location quotient",0.674,0.673,0.650,0.691,0.661,0.654,0.690,0.691,0.715,0.761,0.781,0.768,0.782,0.812,0.826,0.854,(D)
 "30000","Montana",7,SAACCompLQ,131,"...","  Advertising","Location quotient",0.224,0.248,(D),(D),0.280,0.264,(D),(D),(D),(D),(D),(D),0.285,0.283,0.292,(D),(D)
 "30000","Montana",7,SAACCompLQ,132,"...","  Architectural services","Location quotient",1.135,1.179,1.272,1.364,1.405,1.490,1.463,1.419,1.365,1.429,1.450,1.419,1.357,1.367,1.373,1.401,1.489
 "30000","Montana",7,SAACCompLQ,133,"...","  Landscape architectural services","Location quotient",1.253,1.298,1.033,0.912,0.841,0.821,0.710,0.764,0.680,0.649,0.610,0.545,0.539,0.643,0.756,0.813,0.903
 "30000","Montana",7,SAACCompLQ,134,"...","  Interior design services","Location quotient",0.377,0.465,0.580,0.526,0.617,0.599,0.600,0.601,0.607,0.466,0.360,0.381,0.368,0.534,0.589,0.667,0.802
 "30000","Montana",7,SAACCompLQ,135,"...","  Industrial design services","Location quotient",(D),(D),(D),(D),(D),(D),0.104,(D),(D),(D),(D),0.023,0.170,0.175,0.155,0.187,0.182
 "30000","Montana",7,SAACCompLQ,136,"...","  Graphic design services","Location quotient",0.320,0.370,0.347,0.381,0.387,0.403,0.340,0.329,0.348,0.398,0.446,0.450,0.460,0.493,0.436,0.455,0.447
 "30000","Montana",7,SAACCompLQ,137,"...","  Computer systems design","Location quotient",(D),(D),(D),(D),(D),0.522,0.532,0.543,0.545,0.485,0.472,0.457,0.482,0.504,0.518,0.538,0.571
 "30000","Montana",7,SAACCompLQ,138,"...","  Photography and photofinishing services","Location quotient",0.782,0.814,0.782,0.779,0.748,(D),0.645,0.643,0.630,0.567,(D),(D),(D),0.559,0.538,0.544,0.581
 "30000","Montana",7,SAACCompLQ,139,"...","  All other design services","Location quotient",(D),(D),(D),(D),(D),(D),1.213,(D),(D),(D),(D),0.674,0.200,0.186,0.176,0.170,0.156
 "30000","Montana",7,SAACCompLQ,140,"...","  Fine arts education","Location quotient",0.537,0.608,0.685,0.374,0.351,0.345,0.373,0.443,0.345,0.356,0.361,0.358,0.589,0.487,0.479,0.557,0.463
 "30000","Montana",7,SAACCompLQ,150,"...","  Education services","Location quotient",0.484,0.469,0.503,0.507,0.461,0.497,0.480,0.434,0.402,0.372,0.388,0.420,0.407,0.406,0.390,0.387,0.400
 "30000","Montana",7,SAACCompLQ,200,"..."," Supporting arts and cultural production","Location quotient",1.239,1.248,1.205,1.185,1.140,1.064,1.006,1.005,1.011,1.040,1.046,1.023,0.990,0.917,0.911,0.942,0.931
 "30000","Montana",7,SAACCompLQ,211,"...","  Rental and leasing","Location quotient",(D),0.808,0.695,0.726,0.704,1.076,1.355,1.005,0.929,(D),0.724,0.787,(D),0.858,(D),(D),0.735
 "30000","Montana",7,SAACCompLQ,212,"...","  Grantmaking and giving services","Location quotient",(D),(D),1.086,(D),1.196,1.085,1.108,1.104,1.082,0.835,0.813,0.839,0.824,0.819,0.908,0.926,0.972
 "30000","Montana",7,SAACCompLQ,213,"...","  Unions","Location quotient",0.822,0.764,0.746,0.770,0.760,0.727,0.709,0.642,0.625,0.672,0.691,0.706,0.696,0.671,0.662,0.707,0.716
 "30000","Montana",7,SAACCompLQ,214,"...","  Government","Location quotient",2.268,2.139,2.097,2.037,1.943,1.853,1.768,1.747,1.705,1.755,1.794,1.826,1.736,1.734,1.759,1.797,1.823
 "30000","Montana",7,SAACCompLQ,215,"...","  Other support services","Location quotient",(D),0.520,0.509,0.622,0.583,0.575,0.550,0.548,0.595,0.576,0.658,0.779,0.753,0.767,0.881,0.771,0.702
 "30000","Montana",7,SAACCompLQ,221,"...","  Publishing","Location quotient",0.461,0.499,0.510,0.530,0.517,0.500,0.472,0.465,0.445,0.419,0.411,0.372,(D),(D),(D),0.378,0.375
 "30000","Montana",7,SAACCompLQ,222,"...","  Motion pictures","Location quotient",0.220,0.233,0.232,0.247,0.236,0.210,0.258,0.242,0.245,0.241,0.248,0.251,0.263,0.265,0.292,0.309,0.376
 "30000","Montana",7,SAACCompLQ,223,"...","  Sound recording","Location quotient",0.057,0.075,0.071,0.079,0.105,0.112,0.050,0.058,0.067,0.059,0.064,0.066,0.083,0.069,0.049,0.043,0.069
 "30000","Montana",7,SAACCompLQ,224,"...","  Broadcasting","Location quotient",0.955,(D),0.991,0.954,0.949,0.947,0.911,0.979,(D),(D),1.041,1.026,1.017,1.005,1.010,(D),0.944
 "30000","Montana",7,SAACCompLQ,225,"...","  Other information services","Location quotient",0.199,0.213,0.183,(D),(D),(D),(D),(D),(D),(D),(D),(D),(D),(D),0.050,0.044,0.035
 "30000","Montana",7,SAACCompLQ,231,"...","  Jewelry and silverware manufacturing","Location quotient",1.684,1.670,1.718,1.845,2.156,2.270,2.315,2.329,2.331,2.335,2.495,2.386,2.412,2.386,2.614,2.655,2.754
 "30000","Montana",7,SAACCompLQ,232,"...","  Printed goods manufacturing","Location quotient",0.236,0.285,0.308,0.319,0.343,0.397,0.445,0.473,0.483,0.459,0.602,0.635,0.658,0.694,0.693,0.711,0.777
 "30000","Montana",7,SAACCompLQ,233,"...","  Musical instruments manufacturing","Location quotient",(D),3.965,(D),(D),(D),(D),(D),(D),4.456,(D),(D),5.483,4.803,(D),(D),(D),(D)
 "30000","Montana",7,SAACCompLQ,234,"...","  Custom architectural woodwork and metalwork manufacturing","Location quotient",(D),0.567,(D),0.612,0.872,0.920,(D),0.923,(D),(D),(D),(D),0.873,1.015,1.173,(D),1.426
 "30000","Montana",7,SAACCompLQ,236,"...","  Other goods manufacturing","Location quotient",0.036,0.026,0.026,0.020,(D),0.045,0.083,0.063,0.044,0.049,0.056,0.078,0.091,0.098,0.111,0.093,0.101
 "30000","Montana",7,SAACCompLQ,240,"...","  Construction","Location quotient",1.044,1.188,0.996,1.506,1.712,1.233,1.647,1.624,1.816,2.295,2.915,2.779,2.993,1.047,0.896,1.460,1.472
 "30000","Montana",7,SAACCompLQ,250,"...","  Wholesale and transportation industries","Location quotient",(D),(D),(D),(D),(D),(D),(D),(D),(D),0.342,0.347,0.439,0.475,(D),(D),(D),(D)
 "30000","Montana",7,SAACCompLQ,260,"...","  Retail industries","Location quotient",1.062,1.110,1.115,1.117,1.033,0.996,0.943,0.948,0.896,0.847,0.748,0.665,0.685,0.761,0.721,0.718,0.674
 "30000","Montana",7,SAACCompLQ,300,"..."," All other industries 2/","Location quotient",0.902,0.910,0.907,0.910,0.910,0.914,0.914,0.926,0.934,0.937,0.936,0.942,0.946,0.942,0.947,0.945,0.946
"Note: See the included footnote file."
"SAACCompLQ: Arts Compensation Location Quotient 1/"
"Last updated: March 17, 2020-- new statistics for 2017; revised statistics for 2001-2016. "
"Source: U.S. Department of Commerce / Bureau of Economic Analysis / Regional Economic Accounts"
