GeoFIPS,GeoName,Region,TableName,LineCode,IndustryClassification,Description,Unit,2001,2002,2003,2004,2005,2006,2007,2008,2009,2010,2011,2012,2013,2014,2015,2016,2017
 "04000","Arizona",6,SAACArtsEmp,1,"...","Total employment","Number of jobs",2352082,2356072,2393694,2479989,2610087,2738783,2773088,2706550,2515005,2473095,2499245,2558410,2617500,2669276,2745483,2817087,2883231
 "04000","Arizona",6,SAACArtsEmp,10,"...","Total ACPSA employment","Number of jobs",94016,92593,89394,88913,88309,91057,91090,88250,80512,79031,80299,81720,81528,80636,83503,84397,86704
 "04000","Arizona",6,SAACArtsEmp,100,"..."," Core arts and cultural production","Number of jobs",16612,16455,16139,16944,17597,19273,19949,19738,16065,15490,15505,15641,16116,16765,17462,17936,18790
 "04000","Arizona",6,SAACArtsEmp,111,"...","  Performing arts companies","Number of jobs",1179,1315,1353,1495,1384,1586,1737,1835,1758,1647,1478,1538,1563,1614,1609,1654,1773
 "04000","Arizona",6,SAACArtsEmp,112,"...","  Promoters of performing arts and similar events","Number of jobs",621,728,620,827,938,1022,1256,1441,1386,1462,1643,1845,1923,2175,2487,2445,2545
 "04000","Arizona",6,SAACArtsEmp,113,"...","  Agents/managers for artists","Number of jobs",71,64,65,74,98,81,110,105,74,66,66,64,61,62,82,87,97
 "04000","Arizona",6,SAACArtsEmp,114,"...","  Independent artists, writers, and performers","Number of jobs",655,589,594,533,507,672,757,729,492,525,544,574,569,550,551,571,448
 "04000","Arizona",6,SAACArtsEmp,120,"...","  Museums","Number of jobs",1553,1525,1501,1581,1650,1740,1793,1758,1683,1818,1942,1970,2037,2190,2232,2420,2635
 "04000","Arizona",6,SAACArtsEmp,131,"...","  Advertising","Number of jobs",2222,2141,1990,1914,1874,1987,1587,1572,1350,1422,1479,1695,2009,2225,2292,2393,2392
 "04000","Arizona",6,SAACArtsEmp,132,"...","  Architectural services","Number of jobs",3066,2782,2587,2768,3064,3337,3521,3317,2406,2009,1939,1955,1981,2027,2042,2169,2286
 "04000","Arizona",6,SAACArtsEmp,133,"...","  Landscape architectural services","Number of jobs",1149,1100,1154,1250,1837,2185,2409,2492,1094,936,765,659,690,640,739,642,653
 "04000","Arizona",6,SAACArtsEmp,134,"...","  Interior design services","Number of jobs",671,637,660,772,771,899,950,872,656,555,522,502,538,565,682,707,751
 "04000","Arizona",6,SAACArtsEmp,135,"...","  Industrial design services","Number of jobs",181,156,169,165,124,139,119,147,148,116,88,89,98,95,76,80,92
 "04000","Arizona",6,SAACArtsEmp,136,"...","  Graphic design services","Number of jobs",1184,1048,1008,954,1080,1170,1150,1106,887,881,779,577,596,625,570,579,538
 "04000","Arizona",6,SAACArtsEmp,137,"...","  Computer systems design","Number of jobs",127,112,121,138,155,178,201,225,232,291,324,307,322,338,364,393,400
 "04000","Arizona",6,SAACArtsEmp,138,"...","  Photography and photofinishing services","Number of jobs",2270,2207,2110,2011,1751,1679,1698,1573,1271,1189,1306,1129,971,931,917,920,991
 "04000","Arizona",6,SAACArtsEmp,139,"...","  All other design services","Number of jobs",46,47,38,43,62,83,80,74,70,62,53,59,50,40,56,51,64
 "04000","Arizona",6,SAACArtsEmp,140,"...","  Fine arts education","Number of jobs",951,1081,1242,1214,1221,1373,1447,1459,1332,1285,1249,1243,1328,1396,1414,1479,1642
 "04000","Arizona",6,SAACArtsEmp,150,"...","  Education services","Number of jobs",666,923,929,1205,1082,1144,1134,1032,1225,1226,1328,1436,1378,1293,1348,1347,1483
 "04000","Arizona",6,SAACArtsEmp,200,"..."," Supporting arts and cultural production","Number of jobs",73729,72454,69701,68405,67022,68010,67281,64845,61046,60482,61809,63266,62640,60970,63030,63338,64780
 "04000","Arizona",6,SAACArtsEmp,211,"...","  Rental and leasing","Number of jobs",1644,1506,1554,1576,1501,1440,1306,1253,1042,740,499,375,341,255,247,303,297
 "04000","Arizona",6,SAACArtsEmp,212,"...","  Grantmaking and giving services","Number of jobs",77,74,85,81,84,126,138,130,134,117,114,118,123,131,153,155,163
 "04000","Arizona",6,SAACArtsEmp,213,"...","  Unions","Number of jobs",132,125,135,132,131,137,128,126,145,130,163,156,188,170,192,154,165
 "04000","Arizona",6,SAACArtsEmp,214,"...","  Government","Number of jobs",34304,32704,30078,28050,25471,23734,21976,20907,21775,21203,20843,20676,20488,19724,19279,19128,19500
 "04000","Arizona",6,SAACArtsEmp,215,"...","  Other support services","Number of jobs",351,236,254,239,188,241,242,225,186,174,159,184,155,160,172,181,174
 "04000","Arizona",6,SAACArtsEmp,221,"...","  Publishing","Number of jobs",5991,5770,5848,5589,5645,5612,5543,4917,4126,3714,3619,3581,3441,3435,3704,3685,3384
 "04000","Arizona",6,SAACArtsEmp,222,"...","  Motion pictures","Number of jobs",3630,3940,3823,3824,3819,3915,4219,4380,4150,4294,(D),4846,5176,4948,5465,5800,6149
 "04000","Arizona",6,SAACArtsEmp,223,"...","  Sound recording","Number of jobs",82,121,311,(D),(D),286,135,158,232,227,244,254,233,199,192,100,98
 "04000","Arizona",6,SAACArtsEmp,224,"...","  Broadcasting","Number of jobs",5623,5800,5898,(D),(D),5520,5851,5946,5762,6026,6245,6465,6643,7080,7042,7355,7840
 "04000","Arizona",6,SAACArtsEmp,225,"...","  Other information services","Number of jobs",517,515,549,624,817,1095,709,671,605,672,776,1077,1072,1138,1330,1474,1792
 "04000","Arizona",6,SAACArtsEmp,231,"...","  Jewelry and silverware manufacturing","Number of jobs",190,187,199,184,209,(D),(D),173,124,112,109,140,148,150,119,147,147
 "04000","Arizona",6,SAACArtsEmp,232,"...","  Printed goods manufacturing","Number of jobs",1238,964,871,994,1016,1066,1191,1138,992,(D),962,1020,1111,1102,1079,1048,1010
 "04000","Arizona",6,SAACArtsEmp,233,"...","  Musical instruments manufacturing","Number of jobs",439,421,406,104,104,90,87,66,62,(D),40,(D),35,(D),(D),(D),(D)
 "04000","Arizona",6,SAACArtsEmp,234,"...","  Custom architectural woodwork and metalwork manufacturing","Number of jobs",576,835,786,771,806,852,1109,945,614,585,721,800,805,809,910,1038,1033
 "04000","Arizona",6,SAACArtsEmp,236,"...","  Other goods manufacturing","Number of jobs",337,322,301,251,272,(D),(D),256,170,192,(D),(D),223,(D),(D),(D),(D)
 "04000","Arizona",6,SAACArtsEmp,240,"...","  Construction","Number of jobs",4064,4604,4122,3962,3572,4758,4638,3656,2570,2077,1620,1621,2297,1703,2872,1522,1618
 "04000","Arizona",6,SAACArtsEmp,250,"...","  Wholesale and transportation industries","Number of jobs",2566,2672,2438,2623,2626,2637,2740,3145,2545,3509,4540,5233,5776,2397,2341,2509,2587
 "04000","Arizona",6,SAACArtsEmp,260,"...","  Retail industries","Number of jobs",11967,11657,12045,13156,14949,16044,16800,16753,15813,15788,16498,16471,14385,17098,17628,18351,18385
 "04000","Arizona",6,SAACArtsEmp,300,"..."," All other industries 2/","Number of jobs",3676,3685,3554,3564,3690,3773,3860,3667,3400,3059,2984,2813,2772,2901,3012,3124,3134
"Note: See the included footnote file."
"SAACArtsEmp: ACPSA full-time and part-time employment by ACPSA industry 1/"
"Last updated: March 17, 2020-- new statistics for 2017; revised statistics for 2001-2016. "
"Source: U.S. Department of Commerce / Bureau of Economic Analysis / Regional Economic Accounts"
