GeoFIPS,GeoName,Region,TableName,LineCode,IndustryClassification,Description,Unit,2001,2002,2003,2004,2005,2006,2007,2008,2009,2010,2011,2012,2013,2014,2015,2016,2017
 "32000","Nevada",8,SAACArtsEmp,1,"...","Total employment","Number of jobs",1081457,1085051,1122817,1190151,1259506,1316861,1330265,1301090,1185067,1153901,1161009,1179620,1207788,1249531,1291715,1329000,1370907
 "32000","Nevada",8,SAACArtsEmp,10,"...","Total ACPSA employment","Number of jobs",46617,47455,43805,44073,43025,44133,46240,45509,39271,38113,37208,37549,37917,39668,38971,40263,40911
 "32000","Nevada",8,SAACArtsEmp,100,"..."," Core arts and cultural production","Number of jobs",7795,7735,8409,8579,9103,9842,10587,10386,8751,8482,8843,9088,9155,9940,10064,10390,10640
 "32000","Nevada",8,SAACArtsEmp,111,"...","  Performing arts companies","Number of jobs",1821,1755,1991,1932,2116,2345,2961,2843,2576,2556,2632,2532,2341,2589,2465,2419,2240
 "32000","Nevada",8,SAACArtsEmp,112,"...","  Promoters of performing arts and similar events","Number of jobs",277,300,429,492,493,530,604,728,660,704,733,911,1019,1121,1132,1316,1428
 "32000","Nevada",8,SAACArtsEmp,113,"...","  Agents/managers for artists","Number of jobs",106,182,190,194,190,196,76,72,43,38,37,42,47,53,60,65,64
 "32000","Nevada",8,SAACArtsEmp,114,"...","  Independent artists, writers, and performers","Number of jobs",524,485,663,618,722,799,794,647,672,811,942,1053,1084,1238,1086,1131,1188
 "32000","Nevada",8,SAACArtsEmp,120,"...","  Museums","Number of jobs",232,327,321,352,349,360,371,379,(D),(D),(D),(D),(D),(D),(D),(D),(D)
 "32000","Nevada",8,SAACArtsEmp,131,"...","  Advertising","Number of jobs",1073,1024,1000,984,973,1066,1091,1132,955,992,1026,1066,1040,1017,1020,1003,1056
 "32000","Nevada",8,SAACArtsEmp,132,"...","  Architectural services","Number of jobs",927,879,938,1053,1206,1354,1455,1447,955,708,668,665,669,723,751,772,798
 "32000","Nevada",8,SAACArtsEmp,133,"...","  Landscape architectural services","Number of jobs",92,76,136,164,177,103,96,80,58,50,48,36,33,36,41,49,77
 "32000","Nevada",8,SAACArtsEmp,134,"...","  Interior design services","Number of jobs",232,206,223,248,293,375,385,406,216,168,179,189,222,228,243,255,278
 "32000","Nevada",8,SAACArtsEmp,135,"...","  Industrial design services","Number of jobs",(D),(D),(D),62,67,64,68,96,97,77,51,48,44,43,48,36,36
 "32000","Nevada",8,SAACArtsEmp,136,"...","  Graphic design services","Number of jobs",454,412,427,429,457,540,536,536,430,389,391,366,363,391,402,411,442
 "32000","Nevada",8,SAACArtsEmp,137,"...","  Computer systems design","Number of jobs",51,49,51,53,56,62,67,73,64,70,63,67,74,81,85,92,96
 "32000","Nevada",8,SAACArtsEmp,138,"...","  Photography and photofinishing services","Number of jobs",1590,1593,1542,1530,1485,1504,1488,1384,(D),(D),(D),(D),(D),(D),(D),(D),(D)
 "32000","Nevada",8,SAACArtsEmp,139,"...","  All other design services","Number of jobs",(D),(D),(D),30,9,11,21,29,32,26,15,18,26,40,48,65,68
 "32000","Nevada",8,SAACArtsEmp,140,"...","  Fine arts education","Number of jobs",236,244,270,299,340,338,384,376,334,309,350,388,496,595,699,691,727
 "32000","Nevada",8,SAACArtsEmp,150,"...","  Education services","Number of jobs",111,136,138,141,170,193,189,157,180,184,174,161,165,165,173,164,187
 "32000","Nevada",8,SAACArtsEmp,200,"..."," Supporting arts and cultural production","Number of jobs",37020,37910,33619,33685,32052,32395,33725,33286,28840,28109,26871,27060,27391,28276,27396,28307,28693
 "32000","Nevada",8,SAACArtsEmp,211,"...","  Rental and leasing","Number of jobs",848,836,938,995,911,851,884,807,691,507,455,446,401,370,381,473,448
 "32000","Nevada",8,SAACArtsEmp,212,"...","  Grantmaking and giving services","Number of jobs",11,11,13,12,14,15,17,15,18,16,20,22,21,23,23,26,23
 "32000","Nevada",8,SAACArtsEmp,213,"...","  Unions","Number of jobs",96,84,92,96,94,113,112,123,134,126,136,131,143,134,139,130,148
 "32000","Nevada",8,SAACArtsEmp,214,"...","  Government","Number of jobs",14984,16019,14389,13612,10761,10078,9166,9076,9105,8885,8696,8611,8591,8426,8457,8471,8764
 "32000","Nevada",8,SAACArtsEmp,215,"...","  Other support services","Number of jobs",38,41,58,62,66,66,62,62,53,61,57,59,53,55,57,57,55
 "32000","Nevada",8,SAACArtsEmp,221,"...","  Publishing","Number of jobs",1577,1532,1532,1460,1555,1608,1627,1544,1226,1146,1077,986,998,980,999,1033,1063
 "32000","Nevada",8,SAACArtsEmp,222,"...","  Motion pictures","Number of jobs",2319,2056,1913,1976,1886,2243,2705,2584,2219,2217,2349,2713,2562,3028,2981,3572,3274
 "32000","Nevada",8,SAACArtsEmp,223,"...","  Sound recording","Number of jobs",274,286,183,338,365,411,432,380,226,244,252,243,267,250,296,311,327
 "32000","Nevada",8,SAACArtsEmp,224,"...","  Broadcasting","Number of jobs",1927,1996,(D),2125,(D),(D),2515,2488,2345,2369,2428,2514,2503,2536,2491,2501,2382
 "32000","Nevada",8,SAACArtsEmp,225,"...","  Other information services","Number of jobs",(D),(D),314,247,375,470,338,391,520,338,331,345,385,544,585,591,643
 "32000","Nevada",8,SAACArtsEmp,231,"...","  Jewelry and silverware manufacturing","Number of jobs",112,118,95,(D),67,67,52,43,35,94,117,161,166,246,264,238,182
 "32000","Nevada",8,SAACArtsEmp,232,"...","  Printed goods manufacturing","Number of jobs",(D),533,519,(D),(D),635,759,719,613,626,542,562,615,633,564,598,638
 "32000","Nevada",8,SAACArtsEmp,233,"...","  Musical instruments manufacturing","Number of jobs",(D),(D),(D),0,(D),(D),(D),(D),(D),(D),(D),(D),(D),7,(D),(D),(D)
 "32000","Nevada",8,SAACArtsEmp,234,"...","  Custom architectural woodwork and metalwork manufacturing","Number of jobs",85,116,134,158,190,222,314,398,(D),(D),194,198,208,251,308,342,364
 "32000","Nevada",8,SAACArtsEmp,236,"...","  Other goods manufacturing","Number of jobs",216,218,232,245,238,231,275,224,163,149,119,(D),127,(D),175,186,(D)
 "32000","Nevada",8,SAACArtsEmp,240,"...","  Construction","Number of jobs",4084,4172,2265,3286,4222,4090,4847,4933,2736,2491,1783,1609,1837,1657,1354,1591,1751
 "32000","Nevada",8,SAACArtsEmp,250,"...","  Wholesale and transportation industries","Number of jobs",2244,2441,1994,2023,1932,1945,(D),(D),(D),1673,(D),1677,(D),(D),(D),(D),1928
 "32000","Nevada",8,SAACArtsEmp,260,"...","  Retail industries","Number of jobs",7142,7076,6907,6385,6608,7079,7791,7641,6938,6952,6581,6658,6772,6910,6189,6271,6485
 "32000","Nevada",8,SAACArtsEmp,300,"..."," All other industries 2/","Number of jobs",1801,1810,1776,1809,1870,1897,1929,1837,1681,1522,1494,1400,1372,1451,1511,1566,1578
"Note: See the included footnote file."
"SAACArtsEmp: ACPSA full-time and part-time employment by ACPSA industry 1/"
"Last updated: March 17, 2020-- new statistics for 2017; revised statistics for 2001-2016. "
"Source: U.S. Department of Commerce / Bureau of Economic Analysis / Regional Economic Accounts"
