GeoFIPS,GeoName,Region,TableName,LineCode,IndustryClassification,Description,Unit,2001,2002,2003,2004,2005,2006,2007,2008,2009,2010,2011,2012,2013,2014,2015,2016,2017
 "54000","West Virginia",5,SAACEmpRatio,10,"...","Total arts employment ratio","Ratio",0.036,0.035,0.032,0.031,0.030,0.028,0.028,0.027,0.026,0.026,0.025,0.025,0.024,0.023,0.023,0.025,0.024
 "54000","West Virginia",5,SAACEmpRatio,100,"..."," Core arts and cultural production","Ratio",0.211,0.218,0.206,0.210,0.208,0.208,0.207,0.195,0.177,0.178,0.174,0.178,0.169,0.179,0.174,0.172,0.176
 "54000","West Virginia",5,SAACEmpRatio,111,"...","  Performing arts companies","Ratio",0.913,0.904,0.914,0.936,0.945,0.954,0.966,0.960,0.968,0.968,0.970,0.971,0.970,0.971,0.967,0.966,0.967
 "54000","West Virginia",5,SAACEmpRatio,112,"...","  Promoters of performing arts and similar events","Ratio",0.824,0.848,0.839,0.821,0.825,(D),0.835,0.827,0.826,0.809,0.795,0.785,0.779,0.779,0.778,0.779,0.778
 "54000","West Virginia",5,SAACEmpRatio,113,"...","  Agents/managers for artists","Ratio",(D),0.000,(D),(D),(D),0.000,(D),(D),(D),(D),0.000,(D),0.604,0.537,0.569,0.563,(D)
 "54000","West Virginia",5,SAACEmpRatio,114,"...","  Independent artists, writers, and performers","Ratio",(D),(D),(D),(D),(D),(D),(D),(D),(D),(D),0.974,(D),0.975,1.000,0.979,0.981,(D)
 "54000","West Virginia",5,SAACEmpRatio,120,"...","  Museums","Ratio",0.868,0.870,0.880,0.885,0.889,(D),0.923,0.921,0.917,0.904,0.893,0.896,0.890,0.890,0.896,0.895,0.891
 "54000","West Virginia",5,SAACEmpRatio,131,"...","  Advertising","Ratio",0.418,0.421,(D),(D),(D),(D),(D),(D),0.340,0.354,0.371,0.395,0.396,0.396,0.397,0.397,0.396
 "54000","West Virginia",5,SAACEmpRatio,132,"...","  Architectural services","Ratio",0.711,(D),0.721,0.722,0.731,0.732,0.737,0.742,0.741,0.743,0.740,0.742,0.742,0.741,0.739,0.742,0.746
 "54000","West Virginia",5,SAACEmpRatio,133,"...","  Landscape architectural services","Ratio",0.944,0.949,0.951,0.946,0.961,0.953,0.928,0.940,0.975,0.971,0.971,0.970,0.962,0.968,0.962,0.959,0.947
 "54000","West Virginia",5,SAACEmpRatio,134,"...","  Interior design services","Ratio",0.846,(D),(D),0.839,0.861,0.872,0.887,0.924,0.927,0.948,0.952,0.950,0.937,0.957,0.946,0.940,(D)
 "54000","West Virginia",5,SAACEmpRatio,135,"...","  Industrial design services","Ratio",(D),(D),(D),(D),(D),(D),(D),(D),(D),(D),(D),(D),(D),(D),(D),(D),0.971
 "54000","West Virginia",5,SAACEmpRatio,136,"...","  Graphic design services","Ratio",0.948,0.944,0.947,0.942,0.941,0.947,0.933,0.933,0.935,0.931,0.946,0.949,0.950,0.950,0.938,0.962,0.958
 "54000","West Virginia",5,SAACEmpRatio,137,"...","  Computer systems design","Ratio",0.020,0.021,0.021,0.021,0.021,0.021,(D),0.022,0.022,0.023,0.023,0.024,0.023,0.024,0.024,0.024,0.024
 "54000","West Virginia",5,SAACEmpRatio,138,"...","  Photography and photofinishing services","Ratio",0.887,0.876,0.875,0.872,0.880,0.894,0.928,0.902,0.902,0.909,(D),(D),(D),(D),(D),(D),(D)
 "54000","West Virginia",5,SAACEmpRatio,139,"...","  All other design services","Ratio",(D),(D),0.533,(D),(D),(D),(D),(D),(D),(D),(D),(D),(D),(D),(D),(D),(D)
 "54000","West Virginia",5,SAACEmpRatio,140,"...","  Fine arts education","Ratio",(D),(D),(D),(D),(D),(D),(D),0.436,0.430,0.411,(D),(D),0.400,(D),(D),(D),(D)
 "54000","West Virginia",5,SAACEmpRatio,150,"...","  Education services","Ratio",0.037,0.047,0.041,0.039,0.038,0.037,0.037,0.037,0.031,0.033,0.029,0.035,0.030,0.026,0.025,0.032,0.040
 "54000","West Virginia",5,SAACEmpRatio,200,"..."," Supporting arts and cultural production","Ratio",0.102,0.102,0.096,0.092,0.089,0.084,0.081,0.086,0.083,0.082,0.080,0.078,0.079,0.080,0.080,0.085,0.083
 "54000","West Virginia",5,SAACEmpRatio,211,"...","  Rental and leasing","Ratio",0.442,0.424,0.437,0.426,0.399,(D),0.371,0.348,0.344,(D),0.301,0.292,0.275,0.256,0.246,0.236,(D)
 "54000","West Virginia",5,SAACEmpRatio,212,"...","  Grantmaking and giving services","Ratio",(D),(D),0.034,0.030,0.030,0.033,0.033,0.031,0.035,0.036,0.036,0.039,0.039,0.039,0.040,0.040,0.040
 "54000","West Virginia",5,SAACEmpRatio,213,"...","  Unions","Ratio",0.028,0.024,0.025,0.024,0.025,0.025,0.023,0.025,0.029,0.027,0.032,0.028,0.034,0.031,0.034,0.030,0.035
 "54000","West Virginia",5,SAACEmpRatio,214,"...","  Government","Ratio",0.134,0.136,0.124,0.116,0.107,0.098,0.090,0.089,0.085,0.084,0.084,0.084,0.085,0.084,0.083,0.084,0.087
 "54000","West Virginia",5,SAACEmpRatio,215,"...","  Other support services","Ratio",0.019,0.014,0.016,0.017,0.018,0.019,0.020,0.019,0.018,0.017,0.015,0.014,0.014,0.014,0.014,0.015,0.014
 "54000","West Virginia",5,SAACEmpRatio,221,"...","  Publishing","Ratio",0.446,(D),(D),(D),(D),(D),0.446,(D),(D),(D),(D),(D),(D),(D),(D),(D),(D)
 "54000","West Virginia",5,SAACEmpRatio,222,"...","  Motion pictures","Ratio",0.984,0.973,0.985,0.986,0.977,0.982,0.978,0.978,0.974,0.973,0.969,0.970,0.966,0.963,0.961,0.959,0.960
 "54000","West Virginia",5,SAACEmpRatio,223,"...","  Sound recording","Ratio",1.015,1.016,1.017,1.025,1.028,1.023,1.025,1.001,0.995,1.000,0.999,(D),(D),(D),(D),(D),(D)
 "54000","West Virginia",5,SAACEmpRatio,224,"...","  Broadcasting","Ratio",0.265,0.287,0.311,0.338,0.357,0.375,0.393,0.410,0.424,0.454,0.471,0.496,(D),0.505,0.503,0.504,0.511
 "54000","West Virginia",5,SAACEmpRatio,225,"...","  Other information services","Ratio",(D),0.867,0.865,(D),(D),0.905,0.911,0.907,0.902,0.878,0.884,0.897,0.892,0.892,0.896,0.895,0.903
 "54000","West Virginia",5,SAACEmpRatio,231,"...","  Jewelry and silverware manufacturing","Ratio",(D),(D),(D),(D),(D),(D),(D),(D),(D),(D),(D),(D),0.000,0.000,0.000,(D),(D)
 "54000","West Virginia",5,SAACEmpRatio,232,"...","  Printed goods manufacturing","Ratio",0.164,0.143,0.142,0.159,0.160,0.164,0.193,0.197,0.194,0.188,0.181,0.180,0.183,0.177,0.170,0.168,0.165
 "54000","West Virginia",5,SAACEmpRatio,233,"...","  Musical instruments manufacturing","Ratio",(D),(D),(D),(D),(D),(D),(D),(D),(D),0.000,(D),(D),(D),(D),(D),(D),(D)
 "54000","West Virginia",5,SAACEmpRatio,234,"...","  Custom architectural woodwork and metalwork manufacturing","Ratio",0.071,0.103,0.101,0.095,0.093,(D),0.130,0.135,(D),(D),0.131,0.136,(D),0.135,(D),(D),(D)
 "54000","West Virginia",5,SAACEmpRatio,236,"...","  Other goods manufacturing","Ratio",(D),0.117,(D),0.108,0.103,0.094,0.113,0.112,0.104,0.104,0.102,0.108,0.104,0.116,0.119,0.117,0.122
 "54000","West Virginia",5,SAACEmpRatio,240,"...","  Construction","Ratio",0.464,0.361,0.209,0.264,0.340,0.261,0.208,0.382,0.253,0.187,0.109,0.051,0.099,0.057,0.109,0.514,0.399
 "54000","West Virginia",5,SAACEmpRatio,250,"...","  Wholesale and transportation industries","Ratio",(D),0.025,0.024,(D),0.023,0.022,0.023,0.024,0.020,(D),(D),(D),(D),(D),(D),(D),(D)
 "54000","West Virginia",5,SAACEmpRatio,260,"...","  Retail industries","Ratio",0.041,0.040,0.039,0.040,0.039,0.039,0.040,0.040,0.039,0.038,0.039,0.038,0.037,0.038,0.037,0.037,0.038
 "54000","West Virginia",5,SAACEmpRatio,300,"..."," All other industries 2/","Ratio",0.002,0.002,0.002,0.002,0.002,0.002,0.002,0.002,0.002,0.002,0.002,0.001,0.001,0.001,0.001,0.001,0.001
"Note: See the included footnote file."
"SAACEmpRatio: Arts Employment Ratio 1/"
"Last updated: March 17, 2020-- new statistics for 2017; revised statistics for 2001-2016. "
"Source: U.S. Department of Commerce / Bureau of Economic Analysis / Regional Economic Accounts"
