GeoFIPS,GeoName,Region,TableName,LineCode,IndustryClassification,Description,Unit,2001,2002,2003,2004,2005,2006,2007,2008,2009,2010,2011,2012,2013,2014,2015,2016,2017
 "30000","Montana",7,SAACEmpLQ,10,"...","Total","Location quotient",1.126,1.139,1.111,1.100,1.073,1.027,1.005,1.002,1.016,1.025,1.016,1.010,1.011,0.960,0.947,0.960,0.955
 "30000","Montana",7,SAACEmpLQ,100,"..."," Core arts and cultural production","Location quotient",0.686,0.709,0.725,0.753,0.778,0.792,0.801,0.791,0.786,0.776,0.762,0.770,0.779,0.754,0.753,0.771,0.785
 "30000","Montana",7,SAACEmpLQ,111,"...","  Performing arts companies","Location quotient",0.694,0.678,0.655,0.681,0.873,0.924,0.942,0.990,1.046,1.160,1.160,1.097,(D),0.970,0.871,(D),0.844
 "30000","Montana",7,SAACEmpLQ,112,"...","  Promoters of performing arts and similar events","Location quotient",0.642,0.802,0.894,0.976,0.867,0.807,0.800,(D),0.649,0.547,0.500,0.604,0.621,0.531,0.650,0.576,0.526
 "30000","Montana",7,SAACEmpLQ,113,"...","  Agents/managers for artists","Location quotient",(D),(D),(D),(D),(D),(D),(D),(D),(D),0.090,0.057,0.109,0.080,0.124,0.073,0.043,0.063
 "30000","Montana",7,SAACEmpLQ,114,"...","  Independent artists, writers, and performers","Location quotient",1.212,(D),(D),(D),(D),(D),(D),1.076,1.237,1.333,1.264,1.144,1.277,1.406,1.475,1.570,1.664
 "30000","Montana",7,SAACEmpLQ,120,"...","  Museums","Location quotient",0.829,0.810,0.765,0.822,0.769,0.783,0.807,0.807,0.802,0.808,0.825,0.849,0.845,0.838,0.827,0.892,(D)
 "30000","Montana",7,SAACEmpLQ,131,"...","  Advertising","Location quotient",0.386,0.421,(D),(D),0.505,0.477,(D),(D),(D),(D),(D),(D),0.589,0.551,0.540,(D),(D)
 "30000","Montana",7,SAACEmpLQ,132,"...","  Architectural services","Location quotient",1.106,1.131,1.197,1.284,1.398,1.452,1.452,1.410,1.308,1.356,1.343,1.367,1.332,1.309,1.310,1.345,1.384
 "30000","Montana",7,SAACEmpLQ,133,"...","  Landscape architectural services","Location quotient",1.413,1.491,1.406,1.283,1.149,1.139,1.004,0.952,0.793,0.810,0.723,0.710,0.611,0.761,0.812,0.824,0.842
 "30000","Montana",7,SAACEmpLQ,134,"...","  Interior design services","Location quotient",0.458,0.548,0.749,0.712,0.783,0.769,0.731,0.747,0.727,0.600,0.540,0.510,0.481,0.622,0.675,0.668,0.745
 "30000","Montana",7,SAACEmpLQ,135,"...","  Industrial design services","Location quotient",(D),(D),(D),(D),(D),(D),0.184,(D),(D),(D),(D),0.075,0.289,0.333,0.310,0.305,0.301
 "30000","Montana",7,SAACEmpLQ,136,"...","  Graphic design services","Location quotient",0.364,0.437,0.420,0.447,0.451,0.481,0.425,0.389,0.381,0.395,0.412,0.431,0.471,0.491,0.497,0.519,0.499
 "30000","Montana",7,SAACEmpLQ,137,"...","  Computer systems design","Location quotient",(D),(D),(D),(D),(D),0.763,0.724,0.676,0.668,0.668,0.676,0.661,0.660,0.687,0.661,0.682,0.694
 "30000","Montana",7,SAACEmpLQ,138,"...","  Photography and photofinishing services","Location quotient",0.633,0.638,0.693,0.698,0.655,(D),0.592,0.579,0.594,0.543,(D),(D),(D),0.545,0.566,0.538,0.586
 "30000","Montana",7,SAACEmpLQ,139,"...","  All other design services","Location quotient",(D),(D),(D),(D),(D),(D),1.433,(D),(D),(D),(D),0.846,0.218,0.144,0.133,0.132,0.133
 "30000","Montana",7,SAACEmpLQ,140,"...","  Fine arts education","Location quotient",0.590,0.567,0.604,0.478,0.432,0.477,0.520,0.636,0.695,0.705,0.647,0.708,0.825,0.697,0.679,0.791,0.772
 "30000","Montana",7,SAACEmpLQ,150,"...","  Education services","Location quotient",0.564,0.552,0.560,0.530,0.543,0.597,0.593,0.523,0.523,0.474,0.486,0.511,0.506,0.509,0.474,0.464,0.467
 "30000","Montana",7,SAACEmpLQ,200,"..."," Supporting arts and cultural production","Location quotient",1.248,1.258,1.221,1.201,1.161,1.099,1.068,1.068,1.087,1.099,1.093,1.084,1.085,1.026,1.010,1.022,1.012
 "30000","Montana",7,SAACEmpLQ,211,"...","  Rental and leasing","Location quotient",(D),0.973,0.794,0.943,0.928,1.167,1.182,1.125,1.054,(D),0.930,1.006,(D),0.987,(D),(D),0.754
 "30000","Montana",7,SAACEmpLQ,212,"...","  Grantmaking and giving services","Location quotient",(D),(D),1.024,(D),1.238,1.156,1.119,1.104,1.187,0.996,0.999,0.952,0.979,0.911,0.936,0.965,1.004
 "30000","Montana",7,SAACEmpLQ,213,"...","  Unions","Location quotient",0.732,0.697,0.674,0.714,0.713,0.656,0.647,0.637,0.622,0.634,0.644,0.642,0.648,0.642,0.648,0.703,0.697
 "30000","Montana",7,SAACEmpLQ,214,"...","  Government","Location quotient",1.859,1.795,1.740,1.661,1.568,1.495,1.417,1.409,1.429,1.461,1.479,1.475,1.455,1.439,1.449,1.468,1.474
 "30000","Montana",7,SAACEmpLQ,215,"...","  Other support services","Location quotient",(D),0.454,0.435,0.585,0.551,0.580,0.535,0.510,0.520,0.569,0.608,0.760,0.653,0.744,0.745,0.679,0.584
 "30000","Montana",7,SAACEmpLQ,221,"...","  Publishing","Location quotient",0.752,0.767,0.769,0.780,0.775,0.765,0.764,0.750,0.743,0.753,0.742,0.682,(D),(D),(D),0.669,0.664
 "30000","Montana",7,SAACEmpLQ,222,"...","  Motion pictures","Location quotient",0.654,0.673,0.642,0.623,0.621,0.591,0.612,0.615,0.600,0.558,0.572,0.576,0.612,0.602,0.577,0.562,0.656
 "30000","Montana",7,SAACEmpLQ,223,"...","  Sound recording","Location quotient",0.091,0.133,0.143,0.195,0.206,0.237,0.169,0.228,0.231,0.218,0.215,0.253,0.270,0.268,0.169,0.145,0.234
 "30000","Montana",7,SAACEmpLQ,224,"...","  Broadcasting","Location quotient",0.982,(D),1.036,1.006,1.032,1.031,1.024,1.092,(D),(D),1.171,1.197,1.189,1.163,1.161,(D),1.074
 "30000","Montana",7,SAACEmpLQ,225,"...","  Other information services","Location quotient",0.229,0.210,0.206,(D),(D),(D),(D),(D),(D),(D),(D),(D),(D),(D),0.102,0.091,0.078
 "30000","Montana",7,SAACEmpLQ,231,"...","  Jewelry and silverware manufacturing","Location quotient",1.474,1.538,1.588,1.776,1.822,1.791,1.882,1.897,2.282,2.192,2.262,2.343,2.510,2.533,2.609,2.905,2.783
 "30000","Montana",7,SAACEmpLQ,232,"...","  Printed goods manufacturing","Location quotient",0.235,0.279,0.315,0.326,0.357,0.412,0.439,0.451,0.442,0.409,0.584,0.607,0.641,0.673,0.688,0.690,0.738
 "30000","Montana",7,SAACEmpLQ,233,"...","  Musical instruments manufacturing","Location quotient",(D),3.534,(D),(D),(D),(D),(D),(D),3.861,(D),(D),4.513,4.185,(D),(D),(D),(D)
 "30000","Montana",7,SAACEmpLQ,234,"...","  Custom architectural woodwork and metalwork manufacturing","Location quotient",(D),0.597,(D),0.608,0.837,0.880,(D),0.933,(D),(D),(D),(D),0.946,1.067,1.178,(D),1.460
 "30000","Montana",7,SAACEmpLQ,236,"...","  Other goods manufacturing","Location quotient",0.055,0.051,0.044,0.028,(D),0.051,0.142,0.118,0.103,0.126,0.113,0.161,0.180,0.197,0.210,0.174,0.180
 "30000","Montana",7,SAACEmpLQ,240,"...","  Construction","Location quotient",0.950,1.113,0.907,1.356,1.518,1.118,1.496,1.552,1.707,2.109,2.620,2.488,2.680,0.952,0.813,1.355,1.349
 "30000","Montana",7,SAACEmpLQ,250,"...","  Wholesale and transportation industries","Location quotient",(D),(D),(D),(D),(D),(D),(D),(D),(D),0.432,0.398,0.557,0.570,(D),(D),(D),(D)
 "30000","Montana",7,SAACEmpLQ,260,"...","  Retail industries","Location quotient",1.226,1.297,1.333,1.338,1.291,1.232,1.217,1.219,1.190,1.120,0.949,0.901,0.904,0.949,0.924,0.897,0.841
 "30000","Montana",7,SAACEmpLQ,300,"..."," All other industries 2/","Location quotient",0.942,0.951,0.948,0.949,0.949,0.951,0.954,0.960,0.964,0.961,0.959,0.962,0.960,0.958,0.958,0.958,0.959
"Note: See the included footnote file."
"SAACEmpLQ: Arts Employment Location Quotient 1/"
"Last updated: March 17, 2020-- new statistics for 2017; revised statistics for 2001-2016. "
"Source: U.S. Department of Commerce / Bureau of Economic Analysis / Regional Economic Accounts"
