GeoFIPS,GeoName,Region,TableName,LineCode,IndustryClassification,Description,Unit,2001,2002,2003,2004,2005,2006,2007,2008,2009,2010,2011,2012,2013,2014,2015,2016,2017
 "50000","Vermont",1,SAACArtsEmp,1,"...","Total employment","Number of jobs",316443,316147,314749,318138,319449,321622,321217,320122,309536,310261,313167,318183,320076,323134,325944,326993,328308
 "50000","Vermont",1,SAACArtsEmp,10,"...","Total ACPSA employment","Number of jobs",13169,13079,12889,12674,12505,12269,12133,12360,11457,11267,10956,10668,10704,10815,10885,10972,10799
 "50000","Vermont",1,SAACArtsEmp,100,"..."," Core arts and cultural production","Number of jobs",2963,2990,3023,2979,3035,3079,3076,2917,2756,2779,2905,2891,2976,3077,3121,3327,3392
 "50000","Vermont",1,SAACArtsEmp,111,"...","  Performing arts companies","Number of jobs",115,111,118,151,182,197,184,174,(D),(D),(D),189,195,(D),238,291,298
 "50000","Vermont",1,SAACArtsEmp,112,"...","  Promoters of performing arts and similar events","Number of jobs",138,161,167,191,209,198,196,195,188,174,162,202,205,233,232,249,266
 "50000","Vermont",1,SAACArtsEmp,113,"...","  Agents/managers for artists","Number of jobs",36,(D),27,(D),32,30,34,(D),5,(D),(D),5,7,9,11,8,9
 "50000","Vermont",1,SAACArtsEmp,114,"...","  Independent artists, writers, and performers","Number of jobs",111,111,85,100,131,131,140,156,129,131,151,154,150,156,101,110,136
 "50000","Vermont",1,SAACArtsEmp,120,"...","  Museums","Number of jobs",331,340,369,384,380,402,420,425,419,426,433,432,435,457,445,461,480
 "50000","Vermont",1,SAACArtsEmp,131,"...","  Advertising","Number of jobs",422,368,347,317,299,290,249,222,206,201,200,213,223,224,(D),(D),198
 "50000","Vermont",1,SAACArtsEmp,132,"...","  Architectural services","Number of jobs",321,324,339,332,329,333,339,347,292,271,274,283,286,287,287,288,282
 "50000","Vermont",1,SAACArtsEmp,133,"...","  Landscape architectural services","Number of jobs",155,179,160,128,123,121,110,83,74,76,74,83,92,84,79,73,79
 "50000","Vermont",1,SAACArtsEmp,134,"...","  Interior design services","Number of jobs",22,25,(D),(D),11,20,28,28,29,29,31,36,33,28,32,31,32
 "50000","Vermont",1,SAACArtsEmp,135,"...","  Industrial design services","Number of jobs",51,63,63,(D),67,72,73,70,53,64,69,71,61,65,62,68,65
 "50000","Vermont",1,SAACArtsEmp,136,"...","  Graphic design services","Number of jobs",294,241,223,218,239,249,259,240,246,270,292,311,311,244,252,217,207
 "50000","Vermont",1,SAACArtsEmp,137,"...","  Computer systems design","Number of jobs",(D),(D),(D),(D),33,34,35,40,42,45,46,49,52,55,59,61,67
 "50000","Vermont",1,SAACArtsEmp,138,"...","  Photography and photofinishing services","Number of jobs",241,225,226,203,(D),149,153,(D),(D),87,82,78,65,(D),(D),(D),54
 "50000","Vermont",1,SAACArtsEmp,139,"...","  All other design services","Number of jobs",8,38,(D),36,5,11,22,22,20,16,8,7,8,4,5,5,4
 "50000","Vermont",1,SAACArtsEmp,140,"...","  Fine arts education","Number of jobs",(D),(D),(D),(D),(D),298,305,350,394,403,421,363,364,410,462,557,579
 "50000","Vermont",1,SAACArtsEmp,150,"...","  Education services","Number of jobs",469,537,594,548,556,544,529,396,361,367,422,415,489,560,593,667,637
 "50000","Vermont",1,SAACArtsEmp,200,"..."," Supporting arts and cultural production","Number of jobs",9727,9609,9413,9252,9034,8762,8626,9025,8303,8123,7696,7444,7406,7407,7427,7305,7071
 "50000","Vermont",1,SAACArtsEmp,211,"...","  Rental and leasing","Number of jobs",217,211,215,(D),(D),(D),161,(D),(D),71,(D),(D),(D),(D),(D),(D),(D)
 "50000","Vermont",1,SAACArtsEmp,212,"...","  Grantmaking and giving services","Number of jobs",(D),9,10,8,7,7,6,7,8,9,11,(D),(D),(D),22,(D),(D)
 "50000","Vermont",1,SAACArtsEmp,213,"...","  Unions","Number of jobs",25,22,22,20,23,24,23,25,28,26,31,29,35,35,38,34,39
 "50000","Vermont",1,SAACArtsEmp,214,"...","  Government","Number of jobs",(D),(D),3005,(D),(D),2415,2214,2649,2563,2241,2307,2304,2388,2343,2341,2395,2357
 "50000","Vermont",1,SAACArtsEmp,215,"...","  Other support services","Number of jobs",4,(D),(D),(D),3,(D),(D),(D),(D),2,2,(D),2,3,2,2,(D)
 "50000","Vermont",1,SAACArtsEmp,221,"...","  Publishing","Number of jobs",1241,1256,1268,1108,1076,1033,1029,960,869,828,(D),(D),770,824,(D),(D),(D)
 "50000","Vermont",1,SAACArtsEmp,222,"...","  Motion pictures","Number of jobs",458,437,413,391,379,391,378,386,388,416,404,382,304,(D),302,322,352
 "50000","Vermont",1,SAACArtsEmp,223,"...","  Sound recording","Number of jobs",12,13,13,11,9,11,16,16,9,5,6,9,10,10,19,12,8
 "50000","Vermont",1,SAACArtsEmp,224,"...","  Broadcasting","Number of jobs",597,627,651,656,672,684,(D),782,(D),(D),(D),(D),(D),(D),(D),(D),(D)
 "50000","Vermont",1,SAACArtsEmp,225,"...","  Other information services","Number of jobs",326,(D),313,566,595,(D),(D),(D),(D),(D),(D),(D),(D),(D),(D),(D),(D)
 "50000","Vermont",1,SAACArtsEmp,231,"...","  Jewelry and silverware manufacturing","Number of jobs",143,153,158,138,138,151,156,156,105,90,87,120,128,139,150,155,141
 "50000","Vermont",1,SAACArtsEmp,232,"...","  Printed goods manufacturing","Number of jobs",241,196,190,212,210,178,210,200,195,181,185,188,191,179,175,174,176
 "50000","Vermont",1,SAACArtsEmp,233,"...","  Musical instruments manufacturing","Number of jobs",31,35,38,37,36,34,31,37,28,24,22,24,26,31,31,25,23
 "50000","Vermont",1,SAACArtsEmp,234,"...","  Custom architectural woodwork and metalwork manufacturing","Number of jobs",384,489,(D),(D),(D),(D),524,(D),(D),(D),(D),(D),(D),(D),339,348,(D)
 "50000","Vermont",1,SAACArtsEmp,236,"...","  Other goods manufacturing","Number of jobs",84,80,84,83,77,67,83,71,52,57,67,72,67,84,90,90,93
 "50000","Vermont",1,SAACArtsEmp,240,"...","  Construction","Number of jobs",442,351,320,309,327,159,203,230,198,305,281,248,(D),302,463,(D),202
 "50000","Vermont",1,SAACArtsEmp,250,"...","  Wholesale and transportation industries","Number of jobs",(D),(D),285,(D),280,297,286,(D),(D),427,427,391,327,301,288,(D),(D)
 "50000","Vermont",1,SAACArtsEmp,260,"...","  Retail industries","Number of jobs",2074,1944,2014,2002,1984,2081,2186,2107,1853,1918,1513,1344,1350,1299,1198,1269,1259
 "50000","Vermont",1,SAACArtsEmp,300,"..."," All other industries 2/","Number of jobs",480,480,453,443,437,428,431,418,398,365,356,333,322,331,337,340,335
"Note: See the included footnote file."
"SAACArtsEmp: ACPSA full-time and part-time employment by ACPSA industry 1/"
"Last updated: March 17, 2020-- new statistics for 2017; revised statistics for 2001-2016. "
"Source: U.S. Department of Commerce / Bureau of Economic Analysis / Regional Economic Accounts"
