GeoFIPS,GeoName,Region,TableName,LineCode,IndustryClassification,Description,Unit,2001,2002,2003,2004,2005,2006,2007,2008,2009,2010,2011,2012,2013,2014,2015,2016,2017
 "05000","Arkansas",5,SAACCompLQ,10,"...","Total","Location quotient",0.647,0.656,0.661,0.655,0.654,0.637,0.722,0.630,0.635,0.638,0.643,0.621,0.615,0.621,0.592,0.589,0.600
 "05000","Arkansas",5,SAACCompLQ,100,"..."," Core arts and cultural production","Location quotient",0.382,0.401,0.416,0.410,0.420,0.419,0.430,0.422,0.455,0.455,0.472,0.444,0.433,0.431,0.425,0.439,0.450
 "05000","Arkansas",5,SAACCompLQ,111,"...","  Performing arts companies","Location quotient",0.298,0.333,(D),(D),0.277,(D),0.231,(D),(D),0.260,(D),0.254,0.228,0.257,(D),0.237,0.240
 "05000","Arkansas",5,SAACCompLQ,112,"...","  Promoters of performing arts and similar events","Location quotient",0.486,0.463,0.462,0.489,0.538,0.753,0.674,0.625,0.578,0.486,0.487,0.478,0.432,0.429,0.411,0.480,0.468
 "05000","Arkansas",5,SAACCompLQ,113,"...","  Agents/managers for artists","Location quotient",0.053,0.053,0.053,0.055,0.054,0.057,0.060,0.096,0.096,0.088,0.159,0.132,0.121,0.140,0.101,0.085,0.086
 "05000","Arkansas",5,SAACCompLQ,114,"...","  Independent artists, writers, and performers","Location quotient",0.085,0.097,0.092,0.081,0.104,0.094,0.141,0.159,0.194,0.073,0.162,0.048,0.046,0.043,0.040,0.039,0.054
 "05000","Arkansas",5,SAACCompLQ,120,"...","  Museums","Location quotient",0.164,0.165,0.160,0.152,0.163,0.176,0.178,0.197,0.248,0.286,0.354,0.433,0.463,0.469,0.501,0.511,0.520
 "05000","Arkansas",5,SAACCompLQ,131,"...","  Advertising","Location quotient",0.404,0.439,0.448,0.445,0.448,(D),(D),0.455,0.439,0.464,0.463,0.583,0.628,0.655,0.708,(D),(D)
 "05000","Arkansas",5,SAACCompLQ,132,"...","  Architectural services","Location quotient",0.654,0.659,0.774,0.808,0.841,0.808,0.837,0.831,1.033,1.169,1.106,0.873,0.811,0.748,0.731,0.764,0.804
 "05000","Arkansas",5,SAACCompLQ,133,"...","  Landscape architectural services","Location quotient",0.271,0.263,0.240,0.258,0.276,0.238,0.223,0.227,0.248,0.242,0.250,0.426,0.300,0.353,0.327,0.352,0.402
 "05000","Arkansas",5,SAACCompLQ,134,"...","  Interior design services","Location quotient",0.291,0.303,0.298,0.351,0.352,0.280,0.316,0.235,0.237,0.539,0.760,0.244,0.179,0.196,0.217,0.193,0.196
 "05000","Arkansas",5,SAACCompLQ,135,"...","  Industrial design services","Location quotient",0.277,0.313,0.307,0.390,0.539,0.655,0.650,0.782,0.716,0.759,0.866,1.033,0.994,0.400,0.237,0.248,0.287
 "05000","Arkansas",5,SAACCompLQ,136,"...","  Graphic design services","Location quotient",0.232,0.256,0.243,0.250,0.254,0.272,0.319,0.333,0.327,0.325,0.356,0.385,0.401,0.440,0.396,0.329,0.318
 "05000","Arkansas",5,SAACCompLQ,137,"...","  Computer systems design","Location quotient",(D),(D),0.149,0.136,0.160,0.171,0.211,0.235,(D),0.274,0.294,(D),(D),(D),0.303,0.345,0.302
 "05000","Arkansas",5,SAACCompLQ,138,"...","  Photography and photofinishing services","Location quotient",0.704,(D),(D),(D),0.742,0.692,0.557,0.472,0.483,0.461,(D),(D),(D),(D),(D),(D),(D)
 "05000","Arkansas",5,SAACCompLQ,139,"...","  All other design services","Location quotient",0.286,0.604,0.535,0.436,0.141,0.119,0.134,0.221,0.278,0.309,0.220,0.604,0.623,0.669,0.709,0.699,0.725
 "05000","Arkansas",5,SAACCompLQ,140,"...","  Fine arts education","Location quotient",(D),(D),0.255,0.254,0.257,0.258,(D),(D),0.290,0.307,0.311,0.363,0.404,0.437,0.452,0.421,0.431
 "05000","Arkansas",5,SAACCompLQ,150,"...","  Education services","Location quotient",0.355,0.424,0.436,0.348,0.285,0.299,0.311,0.319,0.311,0.342,0.349,0.357,0.360,0.366,0.345,0.355,0.363
 "05000","Arkansas",5,SAACCompLQ,200,"..."," Supporting arts and cultural production","Location quotient",0.688,0.695,0.700,0.695,0.694,0.676,0.786,0.667,0.662,0.665,0.669,0.651,0.645,0.653,0.618,0.611,0.624
 "05000","Arkansas",5,SAACCompLQ,211,"...","  Rental and leasing","Location quotient",0.773,0.779,0.746,0.758,0.826,0.817,0.835,0.929,0.927,0.933,0.814,0.766,0.705,0.633,0.530,0.478,0.481
 "05000","Arkansas",5,SAACCompLQ,212,"...","  Grantmaking and giving services","Location quotient",0.374,0.356,0.353,0.405,0.428,0.440,0.424,0.451,0.430,0.473,0.503,0.421,0.371,0.357,0.376,0.357,0.371
 "05000","Arkansas",5,SAACCompLQ,213,"...","  Unions","Location quotient",0.400,0.403,0.434,0.413,0.472,0.497,0.486,0.451,0.424,0.429,0.428,0.419,0.417,0.420,0.431,0.460,0.462
 "05000","Arkansas",5,SAACCompLQ,214,"...","  Government","Location quotient",0.861,0.835,0.856,0.877,0.908,0.983,1.048,1.043,1.008,1.010,1.037,1.034,1.054,1.088,1.088,1.080,1.130
 "05000","Arkansas",5,SAACCompLQ,215,"...","  Other support services","Location quotient",0.181,0.170,0.307,0.300,0.273,0.220,0.200,0.198,0.186,0.195,0.157,0.164,0.188,0.181,0.179,0.185,0.177
 "05000","Arkansas",5,SAACCompLQ,221,"...","  Publishing","Location quotient",0.473,0.480,0.496,0.524,0.514,0.493,0.473,0.471,0.457,0.431,0.417,0.399,0.389,(D),(D),0.266,(D)
 "05000","Arkansas",5,SAACCompLQ,222,"...","  Motion pictures","Location quotient",0.143,0.154,0.161,0.155,0.151,0.166,0.163,0.162,0.167,0.158,0.170,0.151,0.150,0.130,0.125,0.118,0.131
 "05000","Arkansas",5,SAACCompLQ,223,"...","  Sound recording","Location quotient",0.115,0.097,0.086,0.090,0.094,0.127,0.125,0.161,0.154,0.163,0.181,0.172,0.173,0.168,0.165,0.151,0.116
 "05000","Arkansas",5,SAACCompLQ,224,"...","  Broadcasting","Location quotient",(D),(D),(D),(D),(D),(D),1.413,(D),0.674,0.685,(D),0.649,0.623,(D),0.666,0.664,0.795
 "05000","Arkansas",5,SAACCompLQ,225,"...","  Other information services","Location quotient",0.398,(D),0.477,(D),(D),0.297,0.124,(D),0.135,0.118,0.103,0.081,(D),(D),0.055,(D),(D)
 "05000","Arkansas",5,SAACCompLQ,231,"...","  Jewelry and silverware manufacturing","Location quotient",0.024,0.018,(D),0.080,0.072,0.068,(D),0.038,0.013,0.008,(D),(D),(D),(D),(D),(D),(D)
 "05000","Arkansas",5,SAACCompLQ,232,"...","  Printed goods manufacturing","Location quotient",0.817,0.847,0.870,0.878,(D),(D),(D),(D),1.013,1.101,1.134,1.043,0.867,0.876,1.130,1.193,1.139
 "05000","Arkansas",5,SAACCompLQ,233,"...","  Musical instruments manufacturing","Location quotient",1.796,1.332,0.869,1.175,0.922,1.053,1.028,0.790,0.393,0.317,0.350,0.285,0.281,0.290,0.285,0.292,0.273
 "05000","Arkansas",5,SAACCompLQ,234,"...","  Custom architectural woodwork and metalwork manufacturing","Location quotient",1.306,1.216,1.107,(D),(D),0.835,0.763,0.688,0.515,(D),0.713,(D),(D),(D),(D),(D),(D)
 "05000","Arkansas",5,SAACCompLQ,236,"...","  Other goods manufacturing","Location quotient",1.114,1.073,1.000,0.994,1.079,1.092,1.171,1.118,1.139,1.103,1.022,1.016,0.961,1.006,1.085,1.080,1.200
 "05000","Arkansas",5,SAACCompLQ,240,"...","  Construction","Location quotient",0.988,1.018,1.024,0.673,0.418,0.406,0.667,0.536,0.552,0.652,0.527,0.924,1.067,1.223,0.807,0.828,0.766
 "05000","Arkansas",5,SAACCompLQ,250,"...","  Wholesale and transportation industries","Location quotient",(D),(D),(D),0.712,0.698,0.713,0.765,0.611,0.655,0.663,0.668,0.601,0.647,0.597,0.594,0.600,0.549
 "05000","Arkansas",5,SAACCompLQ,260,"...","  Retail industries","Location quotient",0.576,0.589,0.601,0.572,0.541,0.541,0.546,0.528,0.541,(D),0.674,0.636,0.627,0.624,0.595,0.594,0.579
 "05000","Arkansas",5,SAACCompLQ,300,"..."," All other industries 2/","Location quotient",1.032,1.035,1.034,1.030,1.021,1.015,1.013,1.025,1.028,1.024,1.020,1.018,1.024,1.027,1.030,1.034,1.042
"Note: See the included footnote file."
"SAACCompLQ: Arts Compensation Location Quotient 1/"
"Last updated: March 17, 2020-- new statistics for 2017; revised statistics for 2001-2016. "
"Source: U.S. Department of Commerce / Bureau of Economic Analysis / Regional Economic Accounts"
