GeoFIPS,GeoName,Region,TableName,LineCode,IndustryClassification,Description,Unit,2001,2002,2003,2004,2005,2006,2007,2008,2009,2010,2011,2012,2013,2014,2015,2016,2017
 "37000","North Carolina",5,SAACEmpLQ,10,"...","Total","Location quotient",0.836,0.846,0.833,0.813,0.785,0.776,0.765,0.771,0.777,0.781,0.784,0.789,0.794,0.803,0.812,0.799,0.796
 "37000","North Carolina",5,SAACEmpLQ,100,"..."," Core arts and cultural production","Location quotient",0.763,0.768,0.742,0.744,0.722,0.744,0.753,0.751,0.754,0.761,0.739,0.740,0.745,0.741,0.752,0.727,0.738
 "37000","North Carolina",5,SAACEmpLQ,111,"...","  Performing arts companies","Location quotient",0.916,0.851,0.688,0.555,0.332,0.358,0.362,0.385,0.379,0.379,0.374,0.381,0.373,0.364,0.379,0.360,0.361
 "37000","North Carolina",5,SAACEmpLQ,112,"...","  Promoters of performing arts and similar events","Location quotient",0.491,0.458,0.388,0.504,0.503,0.534,0.528,0.569,0.575,0.583,0.595,0.713,0.731,0.747,0.821,0.795,0.828
 "37000","North Carolina",5,SAACEmpLQ,113,"...","  Agents/managers for artists","Location quotient",0.367,0.708,0.510,0.492,0.537,0.683,0.515,0.401,0.524,0.578,0.486,0.492,0.489,0.501,0.501,0.499,0.514
 "37000","North Carolina",5,SAACEmpLQ,114,"...","  Independent artists, writers, and performers","Location quotient",0.381,0.410,0.429,0.435,0.440,0.519,0.637,0.526,0.593,0.648,0.668,0.770,0.770,0.727,0.686,0.550,0.566
 "37000","North Carolina",5,SAACEmpLQ,120,"...","  Museums","Location quotient",0.648,0.692,0.687,0.694,0.694,0.723,0.784,0.797,0.781,0.799,(D),(D),(D),(D),0.712,0.739,0.728
 "37000","North Carolina",5,SAACEmpLQ,131,"...","  Advertising","Location quotient",0.497,0.530,0.535,0.549,0.564,0.577,0.557,0.557,0.520,0.517,0.499,0.519,0.521,0.570,0.587,0.649,0.696
 "37000","North Carolina",5,SAACEmpLQ,132,"...","  Architectural services","Location quotient",0.782,0.783,0.796,0.790,0.782,0.774,0.787,0.812,0.795,0.774,0.734,0.720,0.706,0.687,0.690,0.707,0.721
 "37000","North Carolina",5,SAACEmpLQ,133,"...","  Landscape architectural services","Location quotient",1.219,1.197,1.185,1.092,1.114,1.350,1.676,1.479,1.471,1.571,1.666,1.727,1.922,2.071,2.223,1.301,1.312
 "37000","North Carolina",5,SAACEmpLQ,134,"...","  Interior design services","Location quotient",0.785,0.818,0.908,0.887,0.843,0.775,0.770,0.766,0.757,0.753,0.764,0.755,0.776,0.735,0.760,0.767,0.791
 "37000","North Carolina",5,SAACEmpLQ,135,"...","  Industrial design services","Location quotient",0.801,0.804,0.955,1.321,1.313,1.286,1.114,0.839,0.935,0.970,0.870,0.864,0.787,0.799,0.672,0.804,0.866
 "37000","North Carolina",5,SAACEmpLQ,136,"...","  Graphic design services","Location quotient",0.599,0.658,0.609,0.618,0.627,0.667,0.648,0.557,0.600,0.635,0.659,0.672,0.740,0.713,0.770,0.754,0.738
 "37000","North Carolina",5,SAACEmpLQ,137,"...","  Computer systems design","Location quotient",0.862,0.864,0.830,0.780,0.802,0.782,0.787,0.776,0.779,0.783,0.816,0.839,0.857,0.885,0.873,0.851,0.836
 "37000","North Carolina",5,SAACEmpLQ,138,"...","  Photography and photofinishing services","Location quotient",1.101,1.077,1.046,1.110,1.109,1.131,1.055,1.061,1.043,1.075,(D),(D),(D),(D),1.112,1.054,1.053
 "37000","North Carolina",5,SAACEmpLQ,139,"...","  All other design services","Location quotient",1.474,1.435,1.353,0.744,0.530,0.666,0.656,0.623,0.590,0.751,0.747,0.835,0.759,0.758,0.563,0.606,0.612
 "37000","North Carolina",5,SAACEmpLQ,140,"...","  Fine arts education","Location quotient",0.887,0.865,0.835,0.811,0.799,0.780,0.773,0.972,1.065,1.044,0.895,0.794,0.784,0.758,0.712,0.698,0.712
 "37000","North Carolina",5,SAACEmpLQ,150,"...","  Education services","Location quotient",0.691,0.756,0.776,0.849,0.901,0.896,0.901,0.888,0.946,0.979,0.972,0.936,0.913,0.902,0.905,0.937,0.910
 "37000","North Carolina",5,SAACEmpLQ,200,"..."," Supporting arts and cultural production","Location quotient",0.847,0.859,0.849,0.823,0.792,0.774,0.757,0.767,0.774,0.778,0.789,0.796,0.802,0.816,0.825,0.814,0.807
 "37000","North Carolina",5,SAACEmpLQ,211,"...","  Rental and leasing","Location quotient",0.835,0.830,0.834,0.824,0.857,0.907,0.872,0.815,0.824,0.788,0.761,0.665,0.606,0.535,0.506,0.515,0.502
 "37000","North Carolina",5,SAACEmpLQ,212,"...","  Grantmaking and giving services","Location quotient",0.584,0.620,0.641,0.650,0.671,0.669,0.690,0.654,0.652,0.614,0.638,0.699,0.693,0.661,0.669,0.651,0.639
 "37000","North Carolina",5,SAACEmpLQ,213,"...","  Unions","Location quotient",0.326,0.251,0.277,0.269,0.273,0.301,0.365,0.357,0.374,0.407,0.427,0.444,0.446,0.435,0.433,0.438,0.449
 "37000","North Carolina",5,SAACEmpLQ,214,"...","  Government","Location quotient",1.030,1.011,0.997,0.965,0.903,0.874,0.823,0.825,0.832,0.864,0.874,0.880,0.878,0.858,0.866,0.858,0.842
 "37000","North Carolina",5,SAACEmpLQ,215,"...","  Other support services","Location quotient",0.439,0.506,0.466,0.372,0.302,0.193,0.235,0.280,0.319,0.339,0.405,0.401,0.437,0.421,0.431,0.358,0.327
 "37000","North Carolina",5,SAACEmpLQ,221,"...","  Publishing","Location quotient",0.772,0.809,0.822,0.832,0.827,0.828,0.804,0.800,0.804,0.827,0.833,0.848,0.868,0.952,1.004,1.054,1.064
 "37000","North Carolina",5,SAACEmpLQ,222,"...","  Motion pictures","Location quotient",0.406,0.391,0.416,0.397,0.399,0.389,0.392,0.384,0.415,0.402,0.375,0.377,0.382,0.372,0.394,0.418,0.424
 "37000","North Carolina",5,SAACEmpLQ,223,"...","  Sound recording","Location quotient",0.308,(D),(D),(D),0.534,(D),0.469,0.523,(D),0.431,0.433,(D),0.492,(D),0.474,0.457,0.438
 "37000","North Carolina",5,SAACEmpLQ,224,"...","  Broadcasting","Location quotient",0.745,0.754,0.770,0.762,0.787,0.819,0.802,0.815,0.865,0.863,0.902,0.899,0.892,0.909,0.913,0.933,1.000
 "37000","North Carolina",5,SAACEmpLQ,225,"...","  Other information services","Location quotient",(D),0.231,0.220,0.243,0.310,0.379,0.329,0.368,0.411,0.418,0.416,0.447,0.381,0.364,0.328,0.275,0.259
 "37000","North Carolina",5,SAACEmpLQ,231,"...","  Jewelry and silverware manufacturing","Location quotient",0.127,0.144,0.142,0.128,0.159,0.181,0.203,0.192,(D),0.153,0.147,0.203,0.227,0.263,0.288,0.291,0.289
 "37000","North Carolina",5,SAACEmpLQ,232,"...","  Printed goods manufacturing","Location quotient",(D),0.735,0.763,0.771,0.766,0.766,0.772,0.776,0.784,0.756,0.797,0.787,0.815,0.851,0.857,0.884,0.888
 "37000","North Carolina",5,SAACEmpLQ,233,"...","  Musical instruments manufacturing","Location quotient",0.329,(D),0.333,0.352,(D),(D),0.341,0.342,0.342,0.361,0.364,0.350,0.431,0.459,0.484,0.556,0.562
 "37000","North Carolina",5,SAACEmpLQ,234,"...","  Custom architectural woodwork and metalwork manufacturing","Location quotient",4.985,4.748,4.599,4.162,3.773,3.015,2.501,2.212,2.027,1.947,1.881,1.727,1.691,1.588,1.533,1.439,1.448
 "37000","North Carolina",5,SAACEmpLQ,236,"...","  Other goods manufacturing","Location quotient",2.100,1.920,(D),(D),(D),1.252,1.253,1.379,1.546,1.534,(D),(D),(D),1.526,(D),(D),1.572
 "37000","North Carolina",5,SAACEmpLQ,240,"...","  Construction","Location quotient",0.579,0.553,0.718,0.877,0.849,0.696,0.695,0.866,0.770,0.595,0.499,0.434,0.572,0.961,1.036,0.776,0.598
 "37000","North Carolina",5,SAACEmpLQ,250,"...","  Wholesale and transportation industries","Location quotient",0.885,0.843,0.773,0.679,0.639,0.714,0.722,0.760,0.800,0.838,(D),0.907,(D),(D),(D),(D),1.028
 "37000","North Carolina",5,SAACEmpLQ,260,"...","  Retail industries","Location quotient",0.760,0.793,0.766,0.749,0.745,0.746,0.775,0.795,0.782,0.783,0.829,0.851,0.859,0.843,0.841,0.842,0.836
 "37000","North Carolina",5,SAACEmpLQ,300,"..."," All other industries 2/","Location quotient",0.989,0.988,0.986,0.983,0.981,0.983,0.982,0.979,0.973,0.970,0.969,0.972,0.975,0.976,0.978,0.979,0.981
"Note: See the included footnote file."
"SAACEmpLQ: Arts Employment Location Quotient 1/"
"Last updated: March 17, 2020-- new statistics for 2017; revised statistics for 2001-2016. "
"Source: U.S. Department of Commerce / Bureau of Economic Analysis / Regional Economic Accounts"
