GeoFIPS,GeoName,Region,TableName,LineCode,IndustryClassification,Description,Unit,2001,2002,2003,2004,2005,2006,2007,2008,2009,2010,2011,2012,2013,2014,2015,2016,2017
 "12000","Florida",5,SAACArtsEmp,1,"...","Total employment","Number of jobs",7473715,7515541,7664325,7890743,8163188,8381988,8376376,8100529,7598169,7519804,7601048,7760916,7935168,8191643,8472201,8735579,8922320
 "12000","Florida",5,SAACArtsEmp,10,"...","Total ACPSA employment","Number of jobs",286399,288324,280157,274713,270065,269709,263747,251246,232773,229548,233413,234557,235289,243682,249990,259511,260999
 "12000","Florida",5,SAACArtsEmp,100,"..."," Core arts and cultural production","Number of jobs",59080,58384,59389,59964,61869,64990,65860,62782,55480,53133,54348,55696,57560,62074,64366,66680,67483
 "12000","Florida",5,SAACArtsEmp,111,"...","  Performing arts companies","Number of jobs",6283,6315,7332,7318,7118,7465,7463,7131,7380,7522,7561,7239,7520,7950,8199,8415,8153
 "12000","Florida",5,SAACArtsEmp,112,"...","  Promoters of performing arts and similar events","Number of jobs",3542,3886,3929,3937,4134,4332,5043,5463,5383,5269,5139,5035,5226,6125,6482,6830,7685
 "12000","Florida",5,SAACArtsEmp,113,"...","  Agents/managers for artists","Number of jobs",268,294,295,390,368,384,415,479,478,458,692,606,620,867,823,842,717
 "12000","Florida",5,SAACArtsEmp,114,"...","  Independent artists, writers, and performers","Number of jobs",1310,1648,1645,1977,2368,2795,3201,2935,2519,2566,2464,2566,2578,2712,2721,2761,2818
 "12000","Florida",5,SAACArtsEmp,120,"...","  Museums","Number of jobs",4777,4879,5297,5269,5561,5773,5904,5853,5471,5341,5471,6004,6294,6461,6837,7204,7478
 "12000","Florida",5,SAACArtsEmp,131,"...","  Advertising","Number of jobs",10954,8657,8076,7836,7652,7367,7164,7237,6383,6323,6564,7319,7697,8719,8593,8733,8475
 "12000","Florida",5,SAACArtsEmp,132,"...","  Architectural services","Number of jobs",7210,7136,7329,7703,8630,9450,9326,8428,6114,5152,4899,5070,5288,5785,6285,6646,6811
 "12000","Florida",5,SAACArtsEmp,133,"...","  Landscape architectural services","Number of jobs",3630,3921,4056,4281,3872,4241,4140,3417,2933,2688,3033,3127,3148,3643,3927,4044,4072
 "12000","Florida",5,SAACArtsEmp,134,"...","  Interior design services","Number of jobs",4017,4016,4159,4447,4948,5284,5344,4845,3646,3253,3183,3270,3402,3740,4195,4357,4510
 "12000","Florida",5,SAACArtsEmp,135,"...","  Industrial design services","Number of jobs",376,575,561,694,857,1043,1049,970,735,693,637,545,585,588,420,434,426
 "12000","Florida",5,SAACArtsEmp,136,"...","  Graphic design services","Number of jobs",3805,3774,3838,3746,3977,4194,4135,3820,3206,2962,2982,3097,3163,3211,3337,3665,3536
 "12000","Florida",5,SAACArtsEmp,137,"...","  Computer systems design","Number of jobs",616,583,622,655,690,690,739,767,751,826,905,832,885,912,965,1042,1095
 "12000","Florida",5,SAACArtsEmp,138,"...","  Photography and photofinishing services","Number of jobs",7469,7648,7223,6626,6522,6589,6283,5823,5128,4728,5174,5170,4987,5165,5174,5040,4848
 "12000","Florida",5,SAACArtsEmp,139,"...","  All other design services","Number of jobs",301,245,330,416,404,343,407,438,416,368,360,362,378,419,488,573,535
 "12000","Florida",5,SAACArtsEmp,140,"...","  Fine arts education","Number of jobs",2885,2846,2730,2699,2730,2930,3094,3062,2702,2713,2785,3016,3231,3202,3381,3526,3591
 "12000","Florida",5,SAACArtsEmp,150,"...","  Education services","Number of jobs",1638,1960,1966,1969,2039,2112,2154,2114,2235,2269,2498,2439,2557,2575,2539,2568,2734
 "12000","Florida",5,SAACArtsEmp,200,"..."," Supporting arts and cultural production","Number of jobs",215082,217649,208986,203019,196312,192912,185991,177293,166875,166963,169803,170101,169122,172510,176133,182960,183656
 "12000","Florida",5,SAACArtsEmp,211,"...","  Rental and leasing","Number of jobs",5055,4959,5213,5236,4476,4328,3951,3458,2745,2087,1560,1382,1240,1063,1045,1187,1150
 "12000","Florida",5,SAACArtsEmp,212,"...","  Grantmaking and giving services","Number of jobs",226,232,250,227,209,225,237,211,240,239,225,260,265,285,311,335,328
 "12000","Florida",5,SAACArtsEmp,213,"...","  Unions","Number of jobs",544,499,558,546,567,595,546,577,610,519,589,581,680,654,734,647,747
 "12000","Florida",5,SAACArtsEmp,214,"...","  Government","Number of jobs",78824,80654,72093,65004,57901,51947,(D),45386,45678,45818,(D),(D),43987,43383,42752,42933,43006
 "12000","Florida",5,SAACArtsEmp,215,"...","  Other support services","Number of jobs",799,552,614,646,700,812,883,836,678,603,575,521,532,497,511,645,660
 "12000","Florida",5,SAACArtsEmp,221,"...","  Publishing","Number of jobs",18768,18607,19331,18069,18424,18963,19530,17649,14831,13613,13586,13166,(D),(D),13818,(D),13200
 "12000","Florida",5,SAACArtsEmp,222,"...","  Motion pictures","Number of jobs",14992,14610,14150,13068,13218,12965,13410,12209,11333,10417,10637,11200,10985,12003,12703,14014,15260
 "12000","Florida",5,SAACArtsEmp,223,"...","  Sound recording","Number of jobs",1336,1390,1225,1077,1072,1066,968,841,769,803,998,971,992,958,1089,1163,1182
 "12000","Florida",5,SAACArtsEmp,224,"...","  Broadcasting","Number of jobs",19611,19500,20522,21920,22984,23008,25284,25987,25448,26361,26731,27755,28299,28551,28421,28428,27368
 "12000","Florida",5,SAACArtsEmp,225,"...","  Other information services","Number of jobs",4564,3388,3258,3428,2997,3318,3011,3254,3019,2979,3187,3493,3387,3327,3421,3373,3454
 "12000","Florida",5,SAACArtsEmp,231,"...","  Jewelry and silverware manufacturing","Number of jobs",801,749,660,608,646,(D),686,648,455,438,444,619,643,650,675,700,726
 "12000","Florida",5,SAACArtsEmp,232,"...","  Printed goods manufacturing","Number of jobs",4074,3330,3207,3635,(D),(D),(D),4201,3595,3261,3198,3104,3121,3045,2978,2972,2862
 "12000","Florida",5,SAACArtsEmp,233,"...","  Musical instruments manufacturing","Number of jobs",156,171,174,175,118,103,83,78,(D),(D),71,79,74,63,60,56,59
 "12000","Florida",5,SAACArtsEmp,234,"...","  Custom architectural woodwork and metalwork manufacturing","Number of jobs",714,990,945,979,998,1094,1594,1539,1196,1046,1211,1361,1399,1407,1789,1938,2075
 "12000","Florida",5,SAACArtsEmp,236,"...","  Other goods manufacturing","Number of jobs",1140,1117,958,1109,(D),947,995,776,(D),(D),(D),(D),(D),(D),821,(D),906
 "12000","Florida",5,SAACArtsEmp,240,"...","  Construction","Number of jobs",11009,12723,13238,15256,16181,17269,13367,8920,9906,11118,9881,9078,8324,8934,9339,13754,12403
 "12000","Florida",5,SAACArtsEmp,250,"...","  Wholesale and transportation industries","Number of jobs",15841,17126,15838,15081,14355,13950,14762,14474,11188,12699,12455,12298,12242,12648,12809,12958,13185
 "12000","Florida",5,SAACArtsEmp,260,"...","  Retail industries","Number of jobs",36630,37053,36751,36954,36757,37849,36571,36251,34544,34415,38544,39278,39001,40988,42857,43495,45084
 "12000","Florida",5,SAACArtsEmp,300,"..."," All other industries 2/","Number of jobs",12237,12291,11782,11730,11884,11807,11896,11171,10418,9453,9261,8759,8607,9098,9492,9871,9859
"Note: See the included footnote file."
"SAACArtsEmp: ACPSA full-time and part-time employment by ACPSA industry 1/"
"Last updated: March 17, 2020-- new statistics for 2017; revised statistics for 2001-2016. "
"Source: U.S. Department of Commerce / Bureau of Economic Analysis / Regional Economic Accounts"
