GeoFIPS,GeoName,Region,TableName,LineCode,IndustryClassification,Description,Unit,2001,2002,2003,2004,2005,2006,2007,2008,2009,2010,2011,2012,2013,2014,2015,2016,2017
 "44000","Rhode Island",1,SAACCompLQ,10,"...","Total","Location quotient",1.207,1.116,1.135,1.095,1.142,1.145,1.114,1.161,0.978,0.920,0.910,0.911,0.875,0.857,0.818,0.794,0.806
 "44000","Rhode Island",1,SAACCompLQ,100,"..."," Core arts and cultural production","Location quotient",0.792,0.867,0.852,0.847,0.828,0.801,0.805,0.835,0.761,0.775,0.795,0.808,0.806,0.794,0.771,0.803,0.777
 "44000","Rhode Island",1,SAACCompLQ,111,"...","  Performing arts companies","Location quotient",0.901,1.047,0.913,0.929,0.946,0.875,0.903,0.941,1.011,1.027,1.000,0.983,(D),(D),0.937,1.025,0.890
 "44000","Rhode Island",1,SAACCompLQ,112,"...","  Promoters of performing arts and similar events","Location quotient",0.248,0.238,0.271,0.286,0.341,0.379,(D),0.390,0.415,0.387,0.329,0.346,0.413,0.429,0.407,0.405,0.419
 "44000","Rhode Island",1,SAACCompLQ,113,"...","  Agents/managers for artists","Location quotient",0.226,(D),(D),0.077,(D),(D),(D),(D),(D),(D),(D),0.205,0.216,0.095,(D),(D),(D)
 "44000","Rhode Island",1,SAACCompLQ,114,"...","  Independent artists, writers, and performers","Location quotient",0.269,0.327,0.292,0.243,0.274,0.292,0.338,0.232,0.185,0.183,0.172,0.163,0.163,0.199,0.256,0.207,0.183
 "44000","Rhode Island",1,SAACCompLQ,120,"...","  Museums","Location quotient",1.512,1.502,1.448,(D),1.394,1.431,1.569,1.538,1.468,1.472,1.452,1.454,1.438,1.442,1.504,1.725,1.685
 "44000","Rhode Island",1,SAACCompLQ,131,"...","  Advertising","Location quotient",0.525,0.534,0.536,0.529,0.537,0.518,0.475,0.442,0.433,0.430,0.413,0.429,0.436,0.426,0.441,0.468,0.462
 "44000","Rhode Island",1,SAACCompLQ,132,"...","  Architectural services","Location quotient",0.581,(D),0.660,0.637,0.644,0.642,0.648,0.624,0.627,0.613,(D),0.585,0.573,0.560,0.589,(D),(D)
 "44000","Rhode Island",1,SAACCompLQ,133,"...","  Landscape architectural services","Location quotient",0.341,(D),0.310,0.334,0.427,0.429,0.528,0.676,0.767,0.747,0.653,0.511,(D),(D),0.530,0.611,0.562
 "44000","Rhode Island",1,SAACCompLQ,134,"...","  Interior design services","Location quotient",0.907,(D),1.072,1.097,(D),(D),0.778,0.780,(D),(D),(D),0.785,0.837,0.808,0.945,0.973,(D)
 "44000","Rhode Island",1,SAACCompLQ,135,"...","  Industrial design services","Location quotient",2.290,2.374,2.667,2.335,2.345,2.430,2.700,2.842,1.508,0.707,0.504,0.569,0.740,0.825,0.732,0.973,0.893
 "44000","Rhode Island",1,SAACCompLQ,136,"...","  Graphic design services","Location quotient",0.741,0.896,0.882,0.811,0.736,(D),0.577,0.618,0.603,0.563,0.637,0.637,0.641,0.591,0.648,0.583,0.709
 "44000","Rhode Island",1,SAACCompLQ,137,"...","  Computer systems design","Location quotient",0.423,0.393,0.355,0.373,0.441,0.416,0.376,0.385,0.425,0.419,0.427,0.439,0.426,0.421,0.447,0.474,0.449
 "44000","Rhode Island",1,SAACCompLQ,138,"...","  Photography and photofinishing services","Location quotient",1.136,1.196,(D),0.884,0.914,0.946,0.939,(D),(D),1.071,1.072,1.151,1.093,1.036,(D),(D),(D)
 "44000","Rhode Island",1,SAACCompLQ,139,"...","  All other design services","Location quotient",1.590,(D),0.609,0.612,(D),0.376,0.198,0.122,(D),(D),(D),0.343,0.463,0.704,0.638,1.409,(D)
 "44000","Rhode Island",1,SAACCompLQ,140,"...","  Fine arts education","Location quotient",0.783,0.816,0.792,(D),0.772,0.820,0.878,0.763,0.737,0.699,0.667,0.666,0.658,0.667,0.743,0.782,0.810
 "44000","Rhode Island",1,SAACCompLQ,150,"...","  Education services","Location quotient",3.095,3.313,3.881,4.017,3.435,3.243,3.255,4.006,2.620,3.127,3.626,3.552,3.488,3.389,3.065,3.098,3.054
 "44000","Rhode Island",1,SAACCompLQ,200,"..."," Supporting arts and cultural production","Location quotient",1.310,1.178,1.208,1.159,1.226,1.243,1.204,1.257,1.033,0.952,0.935,0.935,0.888,0.868,0.824,0.784,0.806
 "44000","Rhode Island",1,SAACCompLQ,211,"...","  Rental and leasing","Location quotient",0.679,0.706,0.784,0.759,0.762,0.769,0.784,(D),0.779,0.673,0.603,0.689,0.665,0.638,0.592,(D),(D)
 "44000","Rhode Island",1,SAACCompLQ,212,"...","  Grantmaking and giving services","Location quotient",1.687,(D),1.405,1.374,1.507,1.470,1.567,1.715,1.703,1.636,1.737,1.687,1.664,1.648,1.617,1.498,1.536
 "44000","Rhode Island",1,SAACCompLQ,213,"...","  Unions","Location quotient",1.145,1.137,1.128,1.080,1.114,1.107,1.155,1.157,1.170,1.168,1.147,1.135,1.125,1.085,1.095,1.069,1.076
 "44000","Rhode Island",1,SAACCompLQ,214,"...","  Government","Location quotient",0.862,0.879,0.997,0.865,0.874,0.919,0.996,0.955,0.910,0.892,0.947,0.958,0.946,0.908,0.909,0.949,1.023
 "44000","Rhode Island",1,SAACCompLQ,215,"...","  Other support services","Location quotient",(D),(D),(D),(D),(D),(D),(D),(D),(D),(D),(D),(D),(D),(D),(D),(D),(D)
 "44000","Rhode Island",1,SAACCompLQ,221,"...","  Publishing","Location quotient",(D),0.897,0.868,0.909,1.197,0.875,0.798,0.763,0.769,0.713,0.834,0.773,0.696,0.646,0.575,0.548,0.498
 "44000","Rhode Island",1,SAACCompLQ,222,"...","  Motion pictures","Location quotient",0.171,0.209,0.209,0.206,0.221,0.590,0.162,0.357,0.287,0.394,0.258,0.213,0.200,0.273,0.290,0.228,0.226
 "44000","Rhode Island",1,SAACCompLQ,223,"...","  Sound recording","Location quotient",0.086,0.069,0.066,0.050,0.053,0.106,0.063,0.106,0.107,0.064,0.251,0.108,0.106,0.115,0.103,0.095,0.134
 "44000","Rhode Island",1,SAACCompLQ,224,"...","  Broadcasting","Location quotient",0.771,0.774,0.799,0.742,0.755,0.788,(D),0.887,0.894,0.847,0.838,(D),(D),(D),(D),(D),(D)
 "44000","Rhode Island",1,SAACCompLQ,225,"...","  Other information services","Location quotient",(D),(D),(D),(D),(D),(D),(D),0.453,0.453,0.414,(D),(D),(D),(D),(D),(D),(D)
 "44000","Rhode Island",1,SAACCompLQ,231,"...","  Jewelry and silverware manufacturing","Location quotient",57.833,54.874,46.648,47.722,45.373,45.443,44.529,41.304,40.899,40.843,42.176,35.857,34.111,(D),(D),(D),(D)
 "44000","Rhode Island",1,SAACCompLQ,232,"...","  Printed goods manufacturing","Location quotient",1.024,0.925,0.846,0.776,0.819,0.792,0.764,0.764,0.754,0.771,0.939,0.972,0.998,1.063,1.105,1.092,1.108
 "44000","Rhode Island",1,SAACCompLQ,233,"...","  Musical instruments manufacturing","Location quotient",(D),(D),(D),(D),(D),(D),(D),(D),(D),(D),(D),(D),(D),(D),(D),(D),(D)
 "44000","Rhode Island",1,SAACCompLQ,234,"...","  Custom architectural woodwork and metalwork manufacturing","Location quotient",0.994,1.027,(D),1.139,1.188,1.430,1.450,1.379,(D),1.196,(D),(D),(D),1.027,1.142,1.074,1.154
 "44000","Rhode Island",1,SAACCompLQ,236,"...","  Other goods manufacturing","Location quotient",1.162,1.066,0.861,0.529,0.500,0.554,0.520,0.514,0.607,0.772,1.831,1.542,(D),1.259,0.970,0.750,0.671
 "44000","Rhode Island",1,SAACCompLQ,240,"...","  Construction","Location quotient",1.213,0.779,0.919,0.775,0.890,0.968,0.860,0.540,0.427,0.555,0.349,0.647,1.568,1.392,1.251,0.647,0.471
 "44000","Rhode Island",1,SAACCompLQ,250,"...","  Wholesale and transportation industries","Location quotient",1.185,1.162,1.086,0.948,0.833,0.684,0.775,(D),(D),1.085,(D),(D),(D),(D),(D),(D),0.666
 "44000","Rhode Island",1,SAACCompLQ,260,"...","  Retail industries","Location quotient",(D),0.689,0.809,0.729,0.691,0.637,0.618,0.566,0.520,0.495,0.538,0.505,0.498,0.511,0.545,0.555,0.549
 "44000","Rhode Island",1,SAACCompLQ,300,"..."," All other industries 2/","Location quotient",0.952,0.957,0.968,0.969,0.964,0.965,0.966,0.970,0.981,0.979,0.977,0.982,0.995,0.999,1.001,1.007,1.007
"Note: See the included footnote file."
"SAACCompLQ: Arts Compensation Location Quotient 1/"
"Last updated: March 17, 2020-- new statistics for 2017; revised statistics for 2001-2016. "
"Source: U.S. Department of Commerce / Bureau of Economic Analysis / Regional Economic Accounts"
