GeoFIPS,GeoName,Region,TableName,LineCode,IndustryClassification,Description,Unit,2001,2002,2003,2004,2005,2006,2007,2008,2009,2010,2011,2012,2013,2014,2015,2016,2017
 "28000","Mississippi",5,SAACArtsVA,1,"...","Total value added","Thousands of dollars",67028578,68865828,73332218,77214359,80995728,85868959,91057566,96843561,93205630,95208377,96371618,99614586,101638062,104146049,105883414,107096554,110223379
 "28000","Mississippi",5,SAACArtsVA,10,"...","Total ACPSA value added","Thousands of dollars",1924593,1972078,1968805,2026860,2008543,2088654,2193982,2291167,2197821,2233524,2277047,2354514,2382086,2521079,2446776,2428555,2480831
 "28000","Mississippi",5,SAACArtsVA,100,"..."," Core arts and cultural production","Thousands of dollars",191924,219205,224039,222892,211840,233385,247354,263155,273098,264513,271887,281451,278959,280911,297411,269955,274264
 "28000","Mississippi",5,SAACArtsVA,111,"...","  Performing arts companies","Thousands of dollars",8520,8036,9743,14698,11306,10070,7283,9744,13430,9770,12240,9851,8873,8426,7584,7959,8231
 "28000","Mississippi",5,SAACArtsVA,112,"...","  Promoters of performing arts and similar events","Thousands of dollars",10435,14676,17063,16658,12899,12984,10248,10295,8725,11877,8168,11058,14247,15216,12274,12870,13430
 "28000","Mississippi",5,SAACArtsVA,113,"...","  Agents/managers for artists","Thousands of dollars",1913,2922,820,1053,940,1757,1777,1811,2068,1378,1324,1758,1059,879,1548,1305,1406
 "28000","Mississippi",5,SAACArtsVA,114,"...","  Independent artists, writers, and performers","Thousands of dollars",18687,25914,23195,16484,16864,23235,29411,25693,29254,30016,43880,61424,61518,60850,82883,55991,46565
 "28000","Mississippi",5,SAACArtsVA,120,"...","  Museums","Thousands of dollars",5255,5602,6068,6263,6310,5687,6597,7546,9170,8522,10963,13698,14528,15081,13989,14723,15305
 "28000","Mississippi",5,SAACArtsVA,131,"...","  Advertising","Thousands of dollars",40445,50023,50841,54897,53529,56336,60490,66663,64661,65586,62391,53828,55990,58137,61811,60242,61262
 "28000","Mississippi",5,SAACArtsVA,132,"...","  Architectural services","Thousands of dollars",37228,37889,40049,39909,41074,47876,56097,61454,64754,59414,59573,52873,52166,52786,47840,47931,54409
 "28000","Mississippi",5,SAACArtsVA,133,"...","  Landscape architectural services","Thousands of dollars",9817,9157,8463,6583,6911,7440,7451,4423,4689,4098,3267,3367,3843,3673,3856,3969,4320
 "28000","Mississippi",5,SAACArtsVA,134,"...","  Interior design services","Thousands of dollars",3659,4453,6111,7289,7124,10712,11114,10484,8998,9419,7145,8392,8829,8549,9703,8703,11884
 "28000","Mississippi",5,SAACArtsVA,135,"...","  Industrial design services","Thousands of dollars",1649,1872,1683,1510,1444,1480,1603,1840,1423,1414,2539,2562,2923,3328,3383,3302,2930
 "28000","Mississippi",5,SAACArtsVA,136,"...","  Graphic design services","Thousands of dollars",5169,5792,6002,5898,5648,5603,5504,7892,9083,8754,7279,6596,5958,6147,6321,6731,6106
 "28000","Mississippi",5,SAACArtsVA,137,"...","  Computer systems design","Thousands of dollars",1367,1441,1627,1959,2439,2981,3507,3615,3780,3791,3571,3880,3837,3663,3692,3833,4201
 "28000","Mississippi",5,SAACArtsVA,138,"...","  Photography and photofinishing services","Thousands of dollars",35154,38001,37470,32448,28461,28214,25835,28717,27727,26193,24596,25633,20021,18257,15751,14715,16190
 "28000","Mississippi",5,SAACArtsVA,139,"...","  All other design services","Thousands of dollars",1073,809,1350,1463,1405,1206,1179,1182,1112,882,1031,1425,1568,1108,1135,1085,978
 "28000","Mississippi",5,SAACArtsVA,140,"...","  Fine arts education","Thousands of dollars",1606,1370,1729,2250,2242,2388,3080,4319,5189,4554,3814,3515,3444,3967,4193,4433,4515
 "28000","Mississippi",5,SAACArtsVA,150,"...","  Education services","Thousands of dollars",9948,11246,11822,13530,13245,15415,16178,17476,19034,18844,20106,21590,20153,20845,21446,22164,22534
 "28000","Mississippi",5,SAACArtsVA,200,"..."," Supporting arts and cultural production","Thousands of dollars",1609855,1625385,1617431,1671893,1656521,1712829,1796866,1881053,1780130,1832347,1867080,1942123,1976116,2105868,2012377,2018199,2064786
 "28000","Mississippi",5,SAACArtsVA,211,"...","  Rental and leasing","Thousands of dollars",34856,33482,31101,29365,30100,39128,32699,34841,33461,28678,23183,19822,18760,17785,21953,22423,21277
 "28000","Mississippi",5,SAACArtsVA,212,"...","  Grantmaking and giving services","Thousands of dollars",864,853,960,795,801,1052,1223,1142,1133,1055,1163,877,905,865,1002,1462,2155
 "28000","Mississippi",5,SAACArtsVA,213,"...","  Unions","Thousands of dollars",1226,995,1094,1199,1167,1416,1292,1437,1647,1561,1633,1547,1575,1492,1659,1676,1816
 "28000","Mississippi",5,SAACArtsVA,214,"...","  Government","Thousands of dollars",707138,727103,704393,690979,649616,606466,582706,606720,623324,635659,659287,659207,665636,671141,675201,686351,699478
 "28000","Mississippi",5,SAACArtsVA,215,"...","  Other support services","Thousands of dollars",874,133,175,215,202,184,208,183,272,289,277,292,313,359,450,388,459
 "28000","Mississippi",5,SAACArtsVA,221,"...","  Publishing","Thousands of dollars",84698,101996,112654,122551,129837,122236,140040,129273,112808,110111,105364,103220,99868,113169,92351,92523,88935
 "28000","Mississippi",5,SAACArtsVA,222,"...","  Motion pictures","Thousands of dollars",16902,20581,21630,25201,22869,24402,29312,27245,31869,32362,24817,24872,31114,48243,36889,38232,32740
 "28000","Mississippi",5,SAACArtsVA,223,"...","  Sound recording","Thousands of dollars",131822,122428,105911,123897,88810,98960,82124,116277,53698,57817,41980,41130,34441,34981,40753,52978,77641
 "28000","Mississippi",5,SAACArtsVA,224,"...","  Broadcasting","Thousands of dollars",324988,342236,367498,390968,440021,463942,514354,585413,576844,566040,602677,710889,731389,797400,705553,731891,756839
 "28000","Mississippi",5,SAACArtsVA,225,"...","  Other information services","Thousands of dollars",1503,3349,4231,5666,5211,6441,2781,4221,5325,7103,10814,9765,12513,12404,14178,18425,20387
 "28000","Mississippi",5,SAACArtsVA,231,"...","  Jewelry and silverware manufacturing","Thousands of dollars",2269,2625,1949,2001,1401,1570,3342,2722,1479,984,1263,1146,1639,1717,1433,1585,1762
 "28000","Mississippi",5,SAACArtsVA,232,"...","  Printed goods manufacturing","Thousands of dollars",29673,25501,23291,25422,25793,27407,32118,27282,22788,19192,18129,16818,16984,16481,17170,16249,12303
 "28000","Mississippi",5,SAACArtsVA,233,"...","  Musical instruments manufacturing","Thousands of dollars",4264,1661,643,580,505,462,721,651,695,4762,5948,10028,5204,5736,5537,5400,4995
 "28000","Mississippi",5,SAACArtsVA,234,"...","  Custom architectural woodwork and metalwork manufacturing","Thousands of dollars",7826,10312,10078,10489,10378,10431,14284,16747,12359,9133,8470,9395,9562,9788,12006,12352,12395
 "28000","Mississippi",5,SAACArtsVA,236,"...","  Other goods manufacturing","Thousands of dollars",16460,16673,13265,11573,9803,9946,14801,12445,10560,9553,6882,7092,7555,8416,8349,7870,8173
 "28000","Mississippi",5,SAACArtsVA,240,"...","  Construction","Thousands of dollars",105080,75324,68726,69434,65736,88613,123732,95399,76335,111418,93826,71060,84421,122791,130886,72403,67996
 "28000","Mississippi",5,SAACArtsVA,250,"...","  Wholesale and transportation industries","Thousands of dollars",63602,65012,68165,69750,75932,78849,80124,78699,75711,92100,101972,99820,102033,97803,108164,118468,119629
 "28000","Mississippi",5,SAACArtsVA,260,"...","  Retail industries","Thousands of dollars",75811,75122,81667,91810,98339,131323,141006,140356,139821,144532,159393,155146,152203,145295,138842,137522,135805
 "28000","Mississippi",5,SAACArtsVA,300,"..."," All other industries 2/","Thousands of dollars",122814,127488,127335,132075,140182,142440,149762,146959,144594,136664,138081,130941,127011,134300,136988,140401,141780
"Note: See the included footnote file."
"SAACArtsVA: ACPSA value added by ACPSA industry 1/"
"Last updated: March 17, 2020-- new statistics for 2017; revised statistics for 2001-2016. "
"Source: U.S. Department of Commerce / Bureau of Economic Analysis / Regional Economic Accounts"
