GeoFIPS,GeoName,Region,TableName,LineCode,IndustryClassification,Description,Unit,2001,2002,2003,2004,2005,2006,2007,2008,2009,2010,2011,2012,2013,2014,2015,2016,2017
 "50000","Vermont",1,SAACArtsComp,1,"...","Total compensation","Thousands of dollars",11552170,11932814,12434431,13134699,13641748,14087474,14690151,15242977,14843271,15107285,15762767,16203335,16774152,17089423,17808497,18326149,18681634
 "50000","Vermont",1,SAACArtsComp,10,"...","Total ACPSA compensation","Thousands of dollars",452911,462448,479091,496282,501308,506038,515480,545270,520078,529265,531107,521898,539424,557764,580106,579243,572205
 "50000","Vermont",1,SAACArtsComp,100,"..."," Core arts and cultural production","Thousands of dollars",92427,95042,99707,105932,109680,116019,120028,116082,112267,111208,112895,122137,123388,129685,127634,139373,140955
 "50000","Vermont",1,SAACArtsComp,111,"...","  Performing arts companies","Thousands of dollars",4325,3892,4508,10135,6209,5706,4086,4557,(D),(D),(D),5540,5398,(D),6919,8276,9087
 "50000","Vermont",1,SAACArtsComp,112,"...","  Promoters of performing arts and similar events","Thousands of dollars",1964,3645,4055,3927,3874,4528,4698,4742,5191,4676,4665,6157,5987,6279,5804,6759,7101
 "50000","Vermont",1,SAACArtsComp,113,"...","  Agents/managers for artists","Thousands of dollars",805,(D),753,(D),714,624,570,(D),272,(D),(D),535,693,693,911,804,916
 "50000","Vermont",1,SAACArtsComp,114,"...","  Independent artists, writers, and performers","Thousands of dollars",14364,10264,10286,11832,15069,15250,17591,15002,15271,15634,10600,9664,12447,14443,9338,13597,12457
 "50000","Vermont",1,SAACArtsComp,120,"...","  Museums","Thousands of dollars",4853,7202,6643,6973,7701,8900,9744,10288,10626,9723,10245,13498,13116,13279,11192,12337,12859
 "50000","Vermont",1,SAACArtsComp,131,"...","  Advertising","Thousands of dollars",9835,8943,9226,9974,10663,11147,11301,10163,8663,8136,7381,7592,8295,8988,(D),(D),9688
 "50000","Vermont",1,SAACArtsComp,132,"...","  Architectural services","Thousands of dollars",17443,17656,19738,18153,18663,19464,21834,22287,17999,17428,19504,20310,21269,22198,23402,24114,23665
 "50000","Vermont",1,SAACArtsComp,133,"...","  Landscape architectural services","Thousands of dollars",4729,5837,5556,4515,4447,4323,3835,3342,3164,3077,3229,3693,3865,3719,3397,3599,3860
 "50000","Vermont",1,SAACArtsComp,134,"...","  Interior design services","Thousands of dollars",669,732,(D),(D),496,1106,1459,1333,1271,1130,1109,1476,1089,951,1202,1105,1069
 "50000","Vermont",1,SAACArtsComp,135,"...","  Industrial design services","Thousands of dollars",3096,2961,2647,(D),2348,2492,2845,3046,2733,3262,4411,6254,4018,3761,3337,3566,2980
 "50000","Vermont",1,SAACArtsComp,136,"...","  Graphic design services","Thousands of dollars",7923,7836,7683,7999,9485,11590,10597,10905,10627,11204,11443,15858,11867,10228,10993,9992,10417
 "50000","Vermont",1,SAACArtsComp,137,"...","  Computer systems design","Thousands of dollars",(D),(D),(D),(D),2629,3613,3000,3307,3496,3726,4065,4502,4820,5142,5990,6165,7179
 "50000","Vermont",1,SAACArtsComp,138,"...","  Photography and photofinishing services","Thousands of dollars",5757,5909,5522,4970,(D),3901,3593,(D),(D),2635,2175,2617,2127,(D),(D),(D),2141
 "50000","Vermont",1,SAACArtsComp,139,"...","  All other design services","Thousands of dollars",294,1301,(D),894,269,469,791,786,492,442,526,813,644,206,269,283,232
 "50000","Vermont",1,SAACArtsComp,140,"...","  Fine arts education","Thousands of dollars",(D),(D),(D),(D),(D),4999,5052,7155,9879,10078,10323,6532,7166,8101,8535,10105,10637
 "50000","Vermont",1,SAACArtsComp,150,"...","  Education services","Thousands of dollars",11319,13710,16116,16719,17757,17908,19033,15292,14756,14341,16461,17093,20586,23775,24963,28319,26667
 "50000","Vermont",1,SAACArtsComp,200,"..."," Supporting arts and cultural production","Thousands of dollars",342158,348455,360750,371478,372367,370809,375147,408561,387933,399567,399732,382166,398638,409962,433560,420375,411804
 "50000","Vermont",1,SAACArtsComp,211,"...","  Rental and leasing","Thousands of dollars",2622,3058,2681,(D),(D),(D),2537,(D),(D),1164,(D),(D),(D),(D),(D),(D),(D)
 "50000","Vermont",1,SAACArtsComp,212,"...","  Grantmaking and giving services","Thousands of dollars",(D),370,539,472,429,474,525,619,590,538,670,(D),(D),(D),1287,(D),(D)
 "50000","Vermont",1,SAACArtsComp,213,"...","  Unions","Thousands of dollars",694,600,672,731,779,917,826,924,1013,956,1117,1111,1382,1305,1371,1471,1646
 "50000","Vermont",1,SAACArtsComp,214,"...","  Government","Thousands of dollars",(D),(D),127096,(D),(D),117438,113016,136373,133781,125601,132095,131168,143591,141226,146762,151202,152460
 "50000","Vermont",1,SAACArtsComp,215,"...","  Other support services","Thousands of dollars",94,(D),(D),(D),248,(D),(D),(D),(D),152,131,(D),194,170,171,144,(D)
 "50000","Vermont",1,SAACArtsComp,221,"...","  Publishing","Thousands of dollars",48244,49940,54364,50229,50740,50334,53179,50156,47432,44824,(D),(D),52534,60935,(D),(D),(D)
 "50000","Vermont",1,SAACArtsComp,222,"...","  Motion pictures","Thousands of dollars",10259,8795,9764,9817,8636,9295,9371,8928,9573,9636,9445,8757,7128,(D),8509,9819,9620
 "50000","Vermont",1,SAACArtsComp,223,"...","  Sound recording","Thousands of dollars",178,244,292,248,234,301,1231,1525,1164,260,301,497,546,785,1333,683,423
 "50000","Vermont",1,SAACArtsComp,224,"...","  Broadcasting","Thousands of dollars",37630,41451,45805,47212,46431,44408,(D),53995,(D),(D),(D),(D),(D),(D),(D),(D),(D)
 "50000","Vermont",1,SAACArtsComp,225,"...","  Other information services","Thousands of dollars",4936,(D),4811,14231,18310,(D),(D),(D),(D),(D),(D),(D),(D),(D),(D),(D),(D)
 "50000","Vermont",1,SAACArtsComp,231,"...","  Jewelry and silverware manufacturing","Thousands of dollars",3023,2747,3568,3491,3906,4735,5878,8156,4631,3731,2864,4210,4569,5629,5815,5855,6814
 "50000","Vermont",1,SAACArtsComp,232,"...","  Printed goods manufacturing","Thousands of dollars",9919,8226,8410,9716,9883,8666,10119,10199,9749,9333,10509,10629,10847,10289,10088,9981,9974
 "50000","Vermont",1,SAACArtsComp,233,"...","  Musical instruments manufacturing","Thousands of dollars",897,1073,1145,933,960,1078,1033,1075,1060,1054,1043,1182,1228,1416,1378,1218,974
 "50000","Vermont",1,SAACArtsComp,234,"...","  Custom architectural woodwork and metalwork manufacturing","Thousands of dollars",13942,18471,(D),(D),(D),(D),21473,(D),(D),(D),(D),(D),(D),(D),16675,16367,(D)
 "50000","Vermont",1,SAACArtsComp,236,"...","  Other goods manufacturing","Thousands of dollars",2358,2354,2466,2672,2466,2628,3483,2851,2330,2847,4069,3643,3622,4455,4897,5194,5415
 "50000","Vermont",1,SAACArtsComp,240,"...","  Construction","Thousands of dollars",24007,18450,16841,16843,17771,8672,11372,13317,12519,21382,20320,16577,(D),22711,35703,(D),16844
 "50000","Vermont",1,SAACArtsComp,250,"...","  Wholesale and transportation industries","Thousands of dollars",(D),(D),13495,(D),14959,18136,17717,(D),(D),30136,29915,28010,23446,22536,22892,(D),(D)
 "50000","Vermont",1,SAACArtsComp,260,"...","  Retail industries","Thousands of dollars",48994,47224,53733,56119,56355,62349,61650,60207,52374,61134,46791,34894,38199,37268,38198,37495,37952
 "50000","Vermont",1,SAACArtsComp,300,"..."," All other industries 2/","Thousands of dollars",18326,18950,18635,18872,19261,19210,20306,20627,19878,18491,18481,17595,17398,18117,18912,19495,19446
"Note: See the included footnote file."
"SAACArtsComp: ACPSA compensation by ACPSA industry 1/"
"Last updated: March 17, 2020-- new statistics for 2017; revised statistics for 2001-2016. "
"Source: U.S. Department of Commerce / Bureau of Economic Analysis / Regional Economic Accounts"
