GeoFIPS,GeoName,Region,TableName,LineCode,IndustryClassification,Description,Unit,2001,2002,2003,2004,2005,2006,2007,2008,2009,2010,2011,2012,2013,2014,2015,2016,2017
 "17000","Illinois",3,SAACArtsEmp,1,"...","Total employment","Number of jobs",6189475,6082004,6011017,6010044,6045861,6125051,6168678,6137104,5846112,5790356,5851115,5922889,5965073,6043531,6139121,6176324,6211324
 "17000","Illinois",3,SAACArtsEmp,10,"...","Total ACPSA employment","Number of jobs",284528,278424,262265,250352,244458,236913,234074,231860,213783,207751,210452,211624,211184,211973,213322,217156,224102
 "17000","Illinois",3,SAACArtsEmp,100,"..."," Core arts and cultural production","Number of jobs",61294,59852,57031,56262,56880,57407,57736,58014,51994,49416,50805,52406,53864,55719,56538,(D),(D)
 "17000","Illinois",3,SAACArtsEmp,111,"...","  Performing arts companies","Number of jobs",5674,5694,5764,5676,5819,5732,5807,5914,5489,5329,5225,5518,5820,5933,6232,6203,6540
 "17000","Illinois",3,SAACArtsEmp,112,"...","  Promoters of performing arts and similar events","Number of jobs",1417,1387,1385,1229,1193,1174,1254,1275,1103,1041,1505,1717,1847,2058,2220,2369,3184
 "17000","Illinois",3,SAACArtsEmp,113,"...","  Agents/managers for artists","Number of jobs",210,198,227,210,222,253,260,269,278,285,260,282,291,352,328,321,350
 "17000","Illinois",3,SAACArtsEmp,114,"...","  Independent artists, writers, and performers","Number of jobs",1539,1750,1654,1640,1493,1571,1844,1623,1529,1624,1703,1636,1616,1689,1492,1507,1423
 "17000","Illinois",3,SAACArtsEmp,120,"...","  Museums","Number of jobs",6299,6284,6273,6281,6488,6690,7035,7025,6880,6930,6891,7046,7077,7147,7087,7543,7722
 "17000","Illinois",3,SAACArtsEmp,131,"...","  Advertising","Number of jobs",11640,10758,9882,9372,8972,8705,8212,8605,8079,8414,9297,10035,10700,11523,11901,11858,12058
 "17000","Illinois",3,SAACArtsEmp,132,"...","  Architectural services","Number of jobs",7720,7302,6968,6927,7253,7634,7878,7991,6476,5822,5783,5886,5939,6144,6304,6405,6539
 "17000","Illinois",3,SAACArtsEmp,133,"...","  Landscape architectural services","Number of jobs",4328,4281,4107,3912,3871,3615,3129,2889,2437,2128,1994,1950,1949,1980,1847,1946,1918
 "17000","Illinois",3,SAACArtsEmp,134,"...","  Interior design services","Number of jobs",1128,1034,1058,1183,1349,1586,1575,1494,1215,1043,1155,1144,1203,1357,1470,1559,1711
 "17000","Illinois",3,SAACArtsEmp,135,"...","  Industrial design services","Number of jobs",547,597,575,532,521,563,574,576,504,495,520,551,545,558,579,610,593
 "17000","Illinois",3,SAACArtsEmp,136,"...","  Graphic design services","Number of jobs",6016,5073,4859,4746,5134,5238,5290,5205,4549,4370,4430,4180,4124,4163,4292,4374,4268
 "17000","Illinois",3,SAACArtsEmp,137,"...","  Computer systems design","Number of jobs",666,543,509,503,544,582,624,662,653,707,777,857,908,926,969,1018,1058
 "17000","Illinois",3,SAACArtsEmp,138,"...","  Photography and photofinishing services","Number of jobs",6861,6442,6116,5578,5287,5234,5191,4866,4117,3718,3672,3523,3325,3131,3074,(D),(D)
 "17000","Illinois",3,SAACArtsEmp,139,"...","  All other design services","Number of jobs",132,130,127,125,157,265,314,361,391,309,305,268,355,379,423,452,451
 "17000","Illinois",3,SAACArtsEmp,140,"...","  Fine arts education","Number of jobs",3994,4109,3992,4324,4394,4305,4131,4304,4251,4191,4226,4552,4801,5056,5235,5525,5843
 "17000","Illinois",3,SAACArtsEmp,150,"...","  Education services","Number of jobs",3123,4272,3535,4024,4183,4261,4618,4953,4043,3011,3062,3260,3364,3325,3084,3265,3745
 "17000","Illinois",3,SAACArtsEmp,200,"..."," Supporting arts and cultural production","Number of jobs",213200,208666,195915,185034,178614,170667,167379,165217,153710,150998,152477,152500,150812,149499,149886,152170,156876
 "17000","Illinois",3,SAACArtsEmp,211,"...","  Rental and leasing","Number of jobs",4598,4272,4328,4234,3765,3555,3163,2908,2555,1989,1698,1547,1395,1301,1237,1319,1236
 "17000","Illinois",3,SAACArtsEmp,212,"...","  Grantmaking and giving services","Number of jobs",281,284,305,250,255,281,273,252,298,290,297,346,362,385,389,395,386
 "17000","Illinois",3,SAACArtsEmp,213,"...","  Unions","Number of jobs",1794,1602,1702,1627,1604,1645,1504,1699,1967,1696,1933,1903,2248,2121,2299,2015,2335
 "17000","Illinois",3,SAACArtsEmp,214,"...","  Government","Number of jobs",96867,98030,(D),77912,72010,65580,59768,60248,(D),59359,(D),(D),(D),(D),57530,56865,57838
 "17000","Illinois",3,SAACArtsEmp,215,"...","  Other support services","Number of jobs",131,91,94,98,115,129,145,139,110,94,88,91,95,90,84,86,78
 "17000","Illinois",3,SAACArtsEmp,221,"...","  Publishing","Number of jobs",20030,18914,17854,16521,15971,15841,16057,15390,13519,12527,11908,11227,10464,10412,11040,10611,9994
 "17000","Illinois",3,SAACArtsEmp,222,"...","  Motion pictures","Number of jobs",10055,9726,9326,9101,9258,9147,9307,9105,8707,8430,8239,8377,7903,7670,8241,9204,(D)
 "17000","Illinois",3,SAACArtsEmp,223,"...","  Sound recording","Number of jobs",1660,1517,1375,1509,1479,1399,1121,784,620,548,558,607,541,565,595,600,533
 "17000","Illinois",3,SAACArtsEmp,224,"...","  Broadcasting","Number of jobs",12579,13039,13049,13571,13537,13559,14924,15936,15706,15749,16174,16719,16772,16470,16101,15598,15666
 "17000","Illinois",3,SAACArtsEmp,225,"...","  Other information services","Number of jobs",3046,2156,2009,2035,2881,3468,2729,2931,2881,2946,3236,5510,5472,5748,6340,6575,6898
 "17000","Illinois",3,SAACArtsEmp,231,"...","  Jewelry and silverware manufacturing","Number of jobs",(D),838,845,(D),929,893,891,826,588,559,549,725,761,763,757,728,704
 "17000","Illinois",3,SAACArtsEmp,232,"...","  Printed goods manufacturing","Number of jobs",8449,6779,6713,7134,6958,6927,7985,7828,6713,5999,5470,5246,5229,4912,4614,4548,4451
 "17000","Illinois",3,SAACArtsEmp,233,"...","  Musical instruments manufacturing","Number of jobs",699,644,609,609,614,585,555,530,462,380,336,341,308,306,299,285,277
 "17000","Illinois",3,SAACArtsEmp,234,"...","  Custom architectural woodwork and metalwork manufacturing","Number of jobs",706,1026,1033,1002,1054,1102,1482,1584,1301,1232,1375,1418,1378,1337,1409,1473,1492
 "17000","Illinois",3,SAACArtsEmp,236,"...","  Other goods manufacturing","Number of jobs",(D),(D),(D),(D),811,789,899,745,(D),621,(D),(D),(D),(D),726,671,(D)
 "17000","Illinois",3,SAACArtsEmp,240,"...","  Construction","Number of jobs",5324,5552,5027,6853,6973,6302,6358,4604,3361,4151,3288,2804,3058,3681,3076,2890,2988
 "17000","Illinois",3,SAACArtsEmp,250,"...","  Wholesale and transportation industries","Number of jobs",15868,15746,14626,13975,13604,12619,13019,13530,10662,11726,12137,11360,11118,11072,11511,14735,18466
 "17000","Illinois",3,SAACArtsEmp,260,"...","  Retail industries","Number of jobs",29294,(D),26462,26981,26795,26845,27197,26180,23661,22703,24984,24316,23455,23027,23638,23571,23409
 "17000","Illinois",3,SAACArtsEmp,300,"..."," All other industries 2/","Number of jobs",10034,9906,9319,9055,8964,8839,8959,8629,8080,7337,7170,6718,6508,6755,6898,(D),(D)
"Note: See the included footnote file."
"SAACArtsEmp: ACPSA full-time and part-time employment by ACPSA industry 1/"
"Last updated: March 17, 2020-- new statistics for 2017; revised statistics for 2001-2016. "
"Source: U.S. Department of Commerce / Bureau of Economic Analysis / Regional Economic Accounts"
