GeoFIPS,GeoName,Region,TableName,LineCode,IndustryClassification,Description,Unit,2001,2002,2003,2004,2005,2006,2007,2008,2009,2010,2011,2012,2013,2014,2015,2016,2017
 "54000","West Virginia",5,SAACEmpLQ,10,"...","Total","Location quotient",0.856,0.851,0.813,0.802,0.807,0.786,0.780,0.766,0.743,0.745,0.738,0.726,0.711,0.693,0.689,0.735,0.713
 "54000","West Virginia",5,SAACEmpLQ,100,"..."," Core arts and cultural production","Location quotient",0.434,0.456,0.406,0.394,0.392,0.371,0.373,0.340,0.327,0.345,0.333,0.336,0.309,0.314,0.310,0.323,0.327
 "54000","West Virginia",5,SAACEmpLQ,111,"...","  Performing arts companies","Location quotient",0.414,0.617,0.533,0.521,0.521,0.534,0.578,0.517,0.414,0.477,0.445,0.398,0.440,0.404,0.408,0.396,0.408
 "54000","West Virginia",5,SAACEmpLQ,112,"...","  Promoters of performing arts and similar events","Location quotient",0.386,0.486,0.540,0.500,0.673,(D),0.441,0.276,0.249,0.212,0.210,0.223,0.209,0.342,0.300,0.342,0.316
 "54000","West Virginia",5,SAACEmpLQ,113,"...","  Agents/managers for artists","Location quotient",(D),0.000,(D),(D),(D),0.000,(D),(D),(D),(D),0.000,(D),0.100,0.111,0.128,0.129,(D)
 "54000","West Virginia",5,SAACEmpLQ,114,"...","  Independent artists, writers, and performers","Location quotient",(D),(D),(D),(D),(D),(D),(D),(D),(D),(D),0.150,(D),0.142,0.154,0.180,0.209,(D)
 "54000","West Virginia",5,SAACEmpLQ,120,"...","  Museums","Location quotient",0.277,0.266,0.236,0.229,0.225,(D),0.323,0.269,0.275,0.309,0.310,0.313,0.325,0.363,0.348,0.354,0.361
 "54000","West Virginia",5,SAACEmpLQ,131,"...","  Advertising","Location quotient",0.337,0.349,(D),(D),(D),(D),(D),(D),0.257,0.250,0.251,0.263,0.262,0.296,0.304,0.329,0.317
 "54000","West Virginia",5,SAACEmpLQ,132,"...","  Architectural services","Location quotient",0.190,(D),0.219,0.226,0.230,0.214,0.201,0.201,0.227,0.256,0.261,0.268,0.264,0.239,0.226,0.202,0.194
 "54000","West Virginia",5,SAACEmpLQ,133,"...","  Landscape architectural services","Location quotient",0.305,0.331,0.344,0.324,0.228,0.180,0.173,0.217,0.229,0.225,0.200,0.198,0.163,0.174,0.154,0.154,0.120
 "54000","West Virginia",5,SAACEmpLQ,134,"...","  Interior design services","Location quotient",0.072,(D),(D),0.157,0.172,0.170,0.187,0.181,0.149,0.124,0.129,0.116,0.089,0.119,0.097,0.084,(D)
 "54000","West Virginia",5,SAACEmpLQ,135,"...","  Industrial design services","Location quotient",(D),(D),(D),(D),(D),(D),(D),(D),(D),(D),(D),(D),(D),(D),(D),(D),0.818
 "54000","West Virginia",5,SAACEmpLQ,136,"...","  Graphic design services","Location quotient",0.222,0.183,0.156,0.146,0.142,0.150,0.150,0.153,0.178,0.177,0.165,0.181,0.185,0.191,0.204,0.178,0.164
 "54000","West Virginia",5,SAACEmpLQ,137,"...","  Computer systems design","Location quotient",0.279,0.347,0.369,0.377,0.380,0.320,(D),0.361,0.386,0.385,0.359,0.309,0.311,0.251,0.243,0.233,0.240
 "54000","West Virginia",5,SAACEmpLQ,138,"...","  Photography and photofinishing services","Location quotient",1.048,0.962,0.760,0.776,0.806,0.818,0.790,0.799,0.824,0.903,(D),(D),(D),(D),(D),(D),(D)
 "54000","West Virginia",5,SAACEmpLQ,139,"...","  All other design services","Location quotient",(D),(D),0.464,(D),(D),(D),(D),(D),(D),(D),(D),(D),(D),(D),(D),(D),(D)
 "54000","West Virginia",5,SAACEmpLQ,140,"...","  Fine arts education","Location quotient",(D),(D),(D),(D),(D),(D),(D),0.290,0.283,0.247,(D),(D),0.227,(D),(D),(D),(D)
 "54000","West Virginia",5,SAACEmpLQ,150,"...","  Education services","Location quotient",0.800,0.932,0.726,0.612,0.587,0.549,0.556,0.543,0.460,0.510,0.448,0.544,0.451,0.382,0.367,0.512,0.632
 "54000","West Virginia",5,SAACEmpLQ,200,"..."," Supporting arts and cultural production","Location quotient",0.958,0.945,0.912,0.903,0.913,0.895,0.890,0.884,0.854,0.849,0.846,0.833,0.825,0.802,0.800,0.860,0.831
 "54000","West Virginia",5,SAACEmpLQ,211,"...","  Rental and leasing","Location quotient",0.940,0.987,0.951,0.937,0.970,(D),1.118,1.252,1.211,(D),1.004,0.793,0.851,1.095,1.047,0.983,(D)
 "54000","West Virginia",5,SAACEmpLQ,212,"...","  Grantmaking and giving services","Location quotient",(D),(D),1.575,1.656,1.762,1.537,1.218,1.214,1.186,1.131,1.083,1.077,1.139,1.068,1.132,1.203,1.198
 "54000","West Virginia",5,SAACEmpLQ,213,"...","  Unions","Location quotient",1.668,1.605,1.593,1.586,1.559,1.627,1.549,1.514,1.469,1.483,1.512,1.498,1.555,1.577,1.583,1.493,1.427
 "54000","West Virginia",5,SAACEmpLQ,214,"...","  Government","Location quotient",1.232,1.229,1.201,1.205,1.203,1.189,1.219,1.186,1.147,1.171,1.182,1.216,1.188,1.157,1.159,1.210,1.249
 "54000","West Virginia",5,SAACEmpLQ,215,"...","  Other support services","Location quotient",2.331,2.193,2.145,2.384,2.277,1.817,1.623,1.582,1.435,1.329,1.295,1.131,1.093,1.013,0.973,0.976,0.991
 "54000","West Virginia",5,SAACEmpLQ,221,"...","  Publishing","Location quotient",0.626,(D),(D),(D),(D),(D),0.623,(D),(D),(D),(D),(D),(D),(D),(D),(D),(D)
 "54000","West Virginia",5,SAACEmpLQ,222,"...","  Motion pictures","Location quotient",0.353,0.346,0.328,0.303,0.348,0.359,0.350,0.326,0.374,0.359,0.334,0.318,0.310,0.310,0.311,0.295,0.313
 "54000","West Virginia",5,SAACEmpLQ,223,"...","  Sound recording","Location quotient",0.020,0.028,0.031,0.036,0.035,0.054,0.044,0.050,0.076,0.055,0.044,(D),(D),(D),(D),(D),(D)
 "54000","West Virginia",5,SAACEmpLQ,224,"...","  Broadcasting","Location quotient",1.076,1.075,1.116,1.089,1.097,1.066,1.026,1.007,0.979,1.028,1.088,0.971,(D),0.990,1.032,1.061,0.881
 "54000","West Virginia",5,SAACEmpLQ,225,"...","  Other information services","Location quotient",(D),0.156,0.152,(D),(D),0.169,0.115,0.100,0.094,0.086,0.070,0.058,0.051,0.048,0.047,0.044,0.044
 "54000","West Virginia",5,SAACEmpLQ,231,"...","  Jewelry and silverware manufacturing","Location quotient",(D),(D),(D),(D),(D),(D),(D),(D),(D),(D),(D),(D),0.000,0.000,0.000,(D),(D)
 "54000","West Virginia",5,SAACEmpLQ,232,"...","  Printed goods manufacturing","Location quotient",0.437,0.462,0.478,0.487,0.516,0.494,0.442,0.413,0.397,0.381,0.472,0.550,0.552,0.508,0.517,0.546,0.556
 "54000","West Virginia",5,SAACEmpLQ,233,"...","  Musical instruments manufacturing","Location quotient",(D),(D),(D),(D),(D),(D),(D),(D),(D),0.000,(D),(D),(D),(D),(D),(D),(D)
 "54000","West Virginia",5,SAACEmpLQ,234,"...","  Custom architectural woodwork and metalwork manufacturing","Location quotient",0.330,0.312,0.344,0.368,0.340,(D),0.394,0.402,(D),(D),0.479,0.461,(D),0.474,(D),(D),(D)
 "54000","West Virginia",5,SAACEmpLQ,236,"...","  Other goods manufacturing","Location quotient",(D),3.551,(D),2.927,2.742,2.636,2.478,2.356,2.866,3.141,2.500,2.769,2.948,2.742,2.862,2.735,2.357
 "54000","West Virginia",5,SAACEmpLQ,240,"...","  Construction","Location quotient",1.469,1.112,0.654,0.802,1.061,0.833,0.756,1.685,1.114,0.646,0.437,0.251,0.464,0.246,0.435,1.887,1.407
 "54000","West Virginia",5,SAACEmpLQ,250,"...","  Wholesale and transportation industries","Location quotient",(D),0.367,0.365,(D),0.339,0.327,0.387,0.378,0.359,(D),(D),(D),(D),(D),(D),(D),(D)
 "54000","West Virginia",5,SAACEmpLQ,260,"...","  Retail industries","Location quotient",0.967,0.952,0.956,0.944,0.985,1.039,1.029,0.897,0.837,0.826,0.867,0.852,0.842,0.779,0.728,0.742,0.748
 "54000","West Virginia",5,SAACEmpLQ,300,"..."," All other industries 2/","Location quotient",0.973,0.977,0.980,0.979,0.979,0.981,0.978,0.981,0.982,0.974,0.976,0.971,0.977,0.977,0.977,0.973,0.976
"Note: See the included footnote file."
"SAACEmpLQ: Arts Employment Location Quotient 1/"
"Last updated: March 17, 2020-- new statistics for 2017; revised statistics for 2001-2016. "
"Source: U.S. Department of Commerce / Bureau of Economic Analysis / Regional Economic Accounts"
