GeoFIPS,GeoName,Region,TableName,LineCode,IndustryClassification,Description,Unit,2001,2002,2003,2004,2005,2006,2007,2008,2009,2010,2011,2012,2013,2014,2015,2016,2017
 "44000","Rhode Island",1,SAACArtsVA,1,"...","Total value added","Thousands of dollars",35992143,38132119,40272792,43245616,45162373,47711791,47845638,47107768,47901406,49571772,50175924,51642022,53209947,54427284,56759393,57693908,58506341
 "44000","Rhode Island",1,SAACArtsVA,10,"...","Total ACPSA value added","Thousands of dollars",1702051,1697383,1835547,1945818,1995438,2065766,1951231,2071877,1794892,1830137,1818130,1795248,1870903,1883003,1913615,1950008,1998128
 "44000","Rhode Island",1,SAACArtsVA,100,"..."," Core arts and cultural production","Thousands of dollars",232958,267129,278240,280076,279516,288722,294650,318063,287927,299758,307834,332511,339173,356330,369442,383592,387857
 "44000","Rhode Island",1,SAACArtsVA,111,"...","  Performing arts companies","Thousands of dollars",26258,27712,26482,30984,31726,28868,27630,31534,35074,36846,38576,36116,36749,38663,33571,39560,34743
 "44000","Rhode Island",1,SAACArtsVA,112,"...","  Promoters of performing arts and similar events","Thousands of dollars",2961,4231,5512,5580,7122,9398,9505,10079,11234,10118,8138,9590,12053,13815,12848,14216,15536
 "44000","Rhode Island",1,SAACArtsVA,113,"...","  Agents/managers for artists","Thousands of dollars",1408,1050,993,602,519,1103,1540,1127,1200,1716,2404,4174,4570,2206,2520,2073,3837
 "44000","Rhode Island",1,SAACArtsVA,114,"...","  Independent artists, writers, and performers","Thousands of dollars",14164,19952,21846,18889,21568,25950,30399,22645,19196,20277,20153,21358,21630,28210,38277,30198,28682
 "44000","Rhode Island",1,SAACArtsVA,120,"...","  Museums","Thousands of dollars",16184,17641,19157,18155,20206,22034,25395,26954,27854,27306,28318,37277,37436,39373,35105,42800,42927
 "44000","Rhode Island",1,SAACArtsVA,131,"...","  Advertising","Thousands of dollars",35582,39653,40199,41321,40815,40217,37414,38951,35804,40721,41192,41213,41980,42804,45517,47926,48135
 "44000","Rhode Island",1,SAACArtsVA,132,"...","  Architectural services","Thousands of dollars",26427,29196,32293,30857,32448,35117,38741,38453,31811,29187,28642,30118,30481,32352,36414,37742,39951
 "44000","Rhode Island",1,SAACArtsVA,133,"...","  Landscape architectural services","Thousands of dollars",2463,2617,2551,2799,3660,4034,4979,6491,6078,5664,4663,3813,3810,3897,4538,5238,4871
 "44000","Rhode Island",1,SAACArtsVA,134,"...","  Interior design services","Thousands of dollars",11097,13540,16327,18549,18074,18572,16994,19356,16544,16554,14104,19947,21574,22925,28987,28443,30770
 "44000","Rhode Island",1,SAACArtsVA,135,"...","  Industrial design services","Thousands of dollars",8002,7524,8507,7320,7071,7608,8549,8605,4736,3226,3754,4028,4427,4957,6012,6758,6092
 "44000","Rhode Island",1,SAACArtsVA,136,"...","  Graphic design services","Thousands of dollars",17732,22943,21407,18654,15611,14306,11548,14046,11939,12570,14579,16164,15438,15102,17591,15885,19268
 "44000","Rhode Island",1,SAACArtsVA,137,"...","  Computer systems design","Thousands of dollars",1585,1348,1356,1525,2019,2113,2173,2379,2676,2972,3306,3828,3841,4053,4609,5271,5468
 "44000","Rhode Island",1,SAACArtsVA,138,"...","  Photography and photofinishing services","Thousands of dollars",33381,38373,29582,26038,24868,25098,24172,28493,27623,28498,27805,31814,30016,29442,26393,25045,26110
 "44000","Rhode Island",1,SAACArtsVA,139,"...","  All other design services","Thousands of dollars",1654,1136,1332,1715,1641,908,689,597,957,849,825,1162,1312,2028,2006,4083,2821
 "44000","Rhode Island",1,SAACArtsVA,140,"...","  Fine arts education","Thousands of dollars",3358,3142,3839,4538,4595,5075,5288,5355,5800,5739,5172,4648,4629,5117,5852,6409,6862
 "44000","Rhode Island",1,SAACArtsVA,150,"...","  Education services","Thousands of dollars",30703,37072,46859,52550,47577,48320,49633,62999,49400,57514,66204,67260,69230,71386,69202,71943,71785
 "44000","Rhode Island",1,SAACArtsVA,200,"..."," Supporting arts and cultural production","Thousands of dollars",1411820,1369179,1494624,1601621,1648863,1708918,1585822,1684832,1439933,1466814,1446837,1403065,1471912,1462172,1476855,1496966,1540055
 "44000","Rhode Island",1,SAACArtsVA,211,"...","  Rental and leasing","Thousands of dollars",15703,16514,17582,16606,15290,19189,17596,15958,14373,10856,8317,9047,8592,8182,8935,9574,11275
 "44000","Rhode Island",1,SAACArtsVA,212,"...","  Grantmaking and giving services","Thousands of dollars",2239,2329,2480,2314,2736,3337,4097,4147,4456,3931,4858,3726,4149,4401,4832,4505,4925
 "44000","Rhode Island",1,SAACArtsVA,213,"...","  Unions","Thousands of dollars",3043,2610,3040,3231,3189,3681,3409,3809,4258,4087,4182,3889,4250,4050,4285,4177,4604
 "44000","Rhode Island",1,SAACArtsVA,214,"...","  Government","Thousands of dollars",277547,303628,335227,285421,274388,274611,278104,277090,269624,275552,286108,285374,293098,291167,295847,310812,337401
 "44000","Rhode Island",1,SAACArtsVA,215,"...","  Other support services","Thousands of dollars",1854,1590,2042,2221,2266,2535,2871,2892,2465,2267,2171,2290,2239,2538,2598,2339,2835
 "44000","Rhode Island",1,SAACArtsVA,221,"...","  Publishing","Thousands of dollars",159116,177288,193976,212816,296453,202534,213304,193453,178465,171934,200645,183020,168248,158208,146992,148378,139354
 "44000","Rhode Island",1,SAACArtsVA,222,"...","  Motion pictures","Thousands of dollars",28632,41986,41236,44198,39600,114804,32447,75454,64681,105104,63299,49841,47616,63744,72050,59301,57711
 "44000","Rhode Island",1,SAACArtsVA,223,"...","  Sound recording","Thousands of dollars",5505,3803,2994,2081,1518,2929,1530,3152,3696,2559,9558,4950,4349,4889,4821,4641,6985
 "44000","Rhode Island",1,SAACArtsVA,224,"...","  Broadcasting","Thousands of dollars",179001,155138,196294,229630,275975,295933,328576,330204,327877,350279,350833,372229,394455,379731,407304,418077,421623
 "44000","Rhode Island",1,SAACArtsVA,225,"...","  Other information services","Thousands of dollars",12316,32442,35402,52011,53536,65965,27057,37795,36932,37711,42966,36849,35470,32283,36531,47655,48773
 "44000","Rhode Island",1,SAACArtsVA,231,"...","  Jewelry and silverware manufacturing","Thousands of dollars",500853,418433,435906,537048,461479,499619,454993,538304,355839,279634,242020,227682,257005,282242,259225,270781,303310
 "44000","Rhode Island",1,SAACArtsVA,232,"...","  Printed goods manufacturing","Thousands of dollars",24169,19289,17902,18472,20039,20640,23231,22348,19280,19307,22042,22188,23541,24352,24701,23832,23121
 "44000","Rhode Island",1,SAACArtsVA,233,"...","  Musical instruments manufacturing","Thousands of dollars",2802,1210,592,739,179,206,289,158,96,102,109,175,109,88,93,108,95
 "44000","Rhode Island",1,SAACArtsVA,234,"...","  Custom architectural woodwork and metalwork manufacturing","Thousands of dollars",3690,5393,5187,5953,6505,8368,12275,11927,8625,7437,6935,4863,4714,7686,9675,9441,9999
 "44000","Rhode Island",1,SAACArtsVA,236,"...","  Other goods manufacturing","Thousands of dollars",9874,9559,8393,5299,4763,5498,5625,4688,4763,5680,12609,10945,14991,10800,9199,7039,6518
 "44000","Rhode Island",1,SAACArtsVA,240,"...","  Construction","Thousands of dollars",48071,34785,42702,40507,58278,67865,50582,25911,22479,41005,18278,25327,67858,55369,54953,39198,28187
 "44000","Rhode Island",1,SAACArtsVA,250,"...","  Wholesale and transportation industries","Thousands of dollars",71902,76093,72304,68724,62614,54835,67227,82509,74415,103091,120889,113609,93799,82727,80416,81492,77350
 "44000","Rhode Island",1,SAACArtsVA,260,"...","  Retail industries","Thousands of dollars",65502,67090,81366,74349,70056,66369,62608,55031,47608,46275,51018,47063,47431,49714,54400,55616,55987
 "44000","Rhode Island",1,SAACArtsVA,300,"..."," All other industries 2/","Thousands of dollars",57272,61075,62682,64122,67059,68126,70759,68982,67032,63565,63459,59673,59818,64500,67318,69450,70216
"Note: See the included footnote file."
"SAACArtsVA: ACPSA value added by ACPSA industry 1/"
"Last updated: March 17, 2020-- new statistics for 2017; revised statistics for 2001-2016. "
"Source: U.S. Department of Commerce / Bureau of Economic Analysis / Regional Economic Accounts"
