GeoFIPS,GeoName,Region,TableName,LineCode,IndustryClassification,Description,Unit,2001,2002,2003,2004,2005,2006,2007,2008,2009,2010,2011,2012,2013,2014,2015,2016,2017
 "33000","New Hampshire",1,SAACArtsComp,1,"...","Total compensation","Thousands of dollars",27024400,27507342,28640025,30481704,31913090,33625524,34938486,35791737,35047997,35638080,36886047,37598903,38678436,40630064,42389807,43447708,45261171
 "33000","New Hampshire",1,SAACArtsComp,10,"...","Total ACPSA compensation","Thousands of dollars",1154648,1170874,1164875,1182648,1184452,1194992,1206687,1243250,1203843,1231554,1256242,1306411,1343664,1434052,1431056,1489903,1521612
 "33000","New Hampshire",1,SAACArtsComp,100,"..."," Core arts and cultural production","Thousands of dollars",148678,152547,149920,163807,156893,162255,177457,182272,167252,166793,170616,185716,186922,188369,202941,230859,239292
 "33000","New Hampshire",1,SAACArtsComp,111,"...","  Performing arts companies","Thousands of dollars",9358,7228,(D),10826,9323,10136,9986,(D),(D),11566,(D),(D),(D),(D),(D),(D),(D)
 "33000","New Hampshire",1,SAACArtsComp,112,"...","  Promoters of performing arts and similar events","Thousands of dollars",1721,2898,3351,3303,3499,4384,5536,5170,5182,4321,4317,5077,5856,5819,7105,7986,8687
 "33000","New Hampshire",1,SAACArtsComp,113,"...","  Agents/managers for artists","Thousands of dollars",6012,425,812,654,360,329,280,405,304,272,346,498,380,495,863,1387,1682
 "33000","New Hampshire",1,SAACArtsComp,114,"...","  Independent artists, writers, and performers","Thousands of dollars",9580,12454,14883,25417,11970,12861,20179,25500,19289,19834,20632,20357,26356,23602,23368,28156,27467
 "33000","New Hampshire",1,SAACArtsComp,120,"...","  Museums","Thousands of dollars",6069,8419,7479,(D),7735,8494,9399,9740,9811,9341,9707,12003,12362,12243,10467,10884,10806
 "33000","New Hampshire",1,SAACArtsComp,131,"...","  Advertising","Thousands of dollars",13412,12646,11859,(D),(D),16921,19557,18946,16549,(D),16759,18239,18786,20883,20674,21413,23607
 "33000","New Hampshire",1,SAACArtsComp,132,"...","  Architectural services","Thousands of dollars",23364,21986,22279,21725,25095,24810,28194,27408,22880,22079,22673,22292,23186,25070,26996,27333,29672
 "33000","New Hampshire",1,SAACArtsComp,133,"...","  Landscape architectural services","Thousands of dollars",2331,3222,4033,3990,4024,5079,5371,4087,4175,3517,3619,4014,4728,4794,5100,4996,6042
 "33000","New Hampshire",1,SAACArtsComp,134,"...","  Interior design services","Thousands of dollars",1440,2070,2181,1938,2036,1923,2316,1833,1130,938,1083,1492,1284,1392,1605,1788,1911
 "33000","New Hampshire",1,SAACArtsComp,135,"...","  Industrial design services","Thousands of dollars",8870,7763,6648,5097,4461,4096,4064,3088,2964,3210,3661,6144,4406,4911,3899,4123,3645
 "33000","New Hampshire",1,SAACArtsComp,136,"...","  Graphic design services","Thousands of dollars",12054,11268,11297,11128,12564,11339,12221,11815,10447,11269,11882,18142,15169,11849,15148,16840,16645
 "33000","New Hampshire",1,SAACArtsComp,137,"...","  Computer systems design","Thousands of dollars",5527,4493,4466,5024,(D),(D),(D),(D),(D),(D),(D),(D),8785,10003,11100,11642,12870
 "33000","New Hampshire",1,SAACArtsComp,138,"...","  Photography and photofinishing services","Thousands of dollars",14070,15521,12367,11574,(D),(D),(D),10679,10671,(D),8268,10239,(D),(D),(D),(D),(D)
 "33000","New Hampshire",1,SAACArtsComp,139,"...","  All other design services","Thousands of dollars",668,778,893,838,884,696,455,386,357,316,378,453,345,396,2317,2844,2610
 "33000","New Hampshire",1,SAACArtsComp,140,"...","  Fine arts education","Thousands of dollars",6673,5188,(D),9143,10104,10714,10479,12139,13290,13170,12041,10417,10503,11789,12490,12608,12777
 "33000","New Hampshire",1,SAACArtsComp,150,"...","  Education services","Thousands of dollars",27529,36186,32111,31807,30779,31724,30642,32103,31899,33822,34405,35597,34910,35841,42669,53885,53973
 "33000","New Hampshire",1,SAACArtsComp,200,"..."," Supporting arts and cultural production","Thousands of dollars",958992,970514,967625,969731,976820,980564,974692,1006625,984138,1016014,1036934,1074886,1111663,1197332,1177196,1206159,1228312
 "33000","New Hampshire",1,SAACArtsComp,211,"...","  Rental and leasing","Thousands of dollars",7193,(D),(D),(D),(D),7686,6780,5570,5436,4942,(D),3280,4215,4043,4401,4981,4952
 "33000","New Hampshire",1,SAACArtsComp,212,"...","  Grantmaking and giving services","Thousands of dollars",690,743,904,860,917,1088,1311,1333,1439,1227,1247,987,1041,999,1206,1182,1271
 "33000","New Hampshire",1,SAACArtsComp,213,"...","  Unions","Thousands of dollars",1382,1312,1479,1738,1692,1925,1713,1911,2114,2048,2326,2285,2620,2768,2772,2831,3227
 "33000","New Hampshire",1,SAACArtsComp,214,"...","  Government","Thousands of dollars",346651,377221,368896,353116,333875,315838,294977,303009,291668,309661,318230,330209,338402,350351,351026,360874,361620
 "33000","New Hampshire",1,SAACArtsComp,215,"...","  Other support services","Thousands of dollars",377,264,(D),(D),(D),(D),(D),524,354,372,324,401,358,411,461,(D),(D)
 "33000","New Hampshire",1,SAACArtsComp,221,"...","  Publishing","Thousands of dollars",248159,218198,218692,228474,234278,229902,244738,273360,251323,248300,236414,245192,258404,339378,284718,283663,294783
 "33000","New Hampshire",1,SAACArtsComp,222,"...","  Motion pictures","Thousands of dollars",18833,17787,23589,19446,20726,22110,23711,22429,24180,22268,24205,25470,27432,29895,33046,32487,35522
 "33000","New Hampshire",1,SAACArtsComp,223,"...","  Sound recording","Thousands of dollars",328,408,204,400,491,473,413,387,582,601,943,1463,1380,1685,2012,2271,2278
 "33000","New Hampshire",1,SAACArtsComp,224,"...","  Broadcasting","Thousands of dollars",63691,67986,(D),(D),(D),(D),(D),(D),(D),(D),(D),(D),170266,170009,184824,185873,176788
 "33000","New Hampshire",1,SAACArtsComp,225,"...","  Other information services","Thousands of dollars",(D),(D),(D),(D),(D),(D),(D),17282,17023,17408,18752,19021,23138,19262,22713,19138,20096
 "33000","New Hampshire",1,SAACArtsComp,231,"...","  Jewelry and silverware manufacturing","Thousands of dollars",4262,3460,4008,4524,5397,6265,6643,8357,3484,2411,2255,4190,3787,2772,2755,1050,1503
 "33000","New Hampshire",1,SAACArtsComp,232,"...","  Printed goods manufacturing","Thousands of dollars",28508,24321,23626,27708,29332,(D),32807,33033,28888,24333,24086,24122,23987,25579,24744,25581,25314
 "33000","New Hampshire",1,SAACArtsComp,233,"...","  Musical instruments manufacturing","Thousands of dollars",(D),(D),704,(D),(D),(D),(D),(D),(D),396,456,515,435,484,655,817,809
 "33000","New Hampshire",1,SAACArtsComp,234,"...","  Custom architectural woodwork and metalwork manufacturing","Thousands of dollars",5746,8090,7259,7030,(D),6920,(D),11123,(D),8201,(D),10431,(D),(D),(D),(D),(D)
 "33000","New Hampshire",1,SAACArtsComp,236,"...","  Other goods manufacturing","Thousands of dollars",12299,13468,14008,15526,15012,17620,22294,17486,14558,16529,16353,14684,14519,14589,16768,18290,21005
 "33000","New Hampshire",1,SAACArtsComp,240,"...","  Construction","Thousands of dollars",30522,35811,23185,16508,18904,25430,17473,12074,18491,25545,10950,16909,21872,18784,24032,(D),42058
 "33000","New Hampshire",1,SAACArtsComp,250,"...","  Wholesale and transportation industries","Thousands of dollars",(D),(D),(D),(D),37425,37331,30526,(D),(D),(D),41338,(D),(D),(D),(D),(D),(D)
 "33000","New Hampshire",1,SAACArtsComp,260,"...","  Retail industries","Thousands of dollars",153641,155908,156431,160267,162991,166852,164350,161399,151253,146932,165682,169331,163498,159705,160097,164893,162603
 "33000","New Hampshire",1,SAACArtsComp,300,"..."," All other industries 2/","Thousands of dollars",46978,47812,47329,49110,50739,52173,54537,54353,52453,48747,48692,45809,45079,48351,50918,52885,54008
"Note: See the included footnote file."
"SAACArtsComp: ACPSA compensation by ACPSA industry 1/"
"Last updated: March 17, 2020-- new statistics for 2017; revised statistics for 2001-2016. "
"Source: U.S. Department of Commerce / Bureau of Economic Analysis / Regional Economic Accounts"
