GeoFIPS,GeoName,Region,TableName,LineCode,IndustryClassification,Description,Unit,2001,2002,2003,2004,2005,2006,2007,2008,2009,2010,2011,2012,2013,2014,2015,2016,2017
 "47000","Tennessee",5,SAACArtsEmp,1,"...","Total employment","Number of jobs",2781665,2762428,2764842,2812871,2843584,2888427,2903666,2880821,2716243,2709735,2754090,2806427,2846413,2903888,2974988,3039723,3082590
 "47000","Tennessee",5,SAACArtsEmp,10,"...","Total ACPSA employment","Number of jobs",109427,107123,106339,103659,103333,101076,97401,96789,88647,88459,86613,85538,85967,86851,87560,89131,91093
 "47000","Tennessee",5,SAACArtsEmp,100,"..."," Core arts and cultural production","Number of jobs",22404,22040,22690,22165,22252,22626,22636,22671,(D),20750,20978,20896,21304,22502,23054,(D),(D)
 "47000","Tennessee",5,SAACArtsEmp,111,"...","  Performing arts companies","Number of jobs",3520,3280,3592,3742,3706,3690,3868,3719,3580,3641,3638,3755,3939,4035,4164,4144,4183
 "47000","Tennessee",5,SAACArtsEmp,112,"...","  Promoters of performing arts and similar events","Number of jobs",1060,1163,1342,1058,1068,1151,997,1007,1039,1052,1017,1081,1167,1323,1502,1533,1582
 "47000","Tennessee",5,SAACArtsEmp,113,"...","  Agents/managers for artists","Number of jobs",241,254,287,255,284,300,330,382,363,353,368,407,388,442,486,517,575
 "47000","Tennessee",5,SAACArtsEmp,114,"...","  Independent artists, writers, and performers","Number of jobs",383,778,836,884,988,1180,1212,1233,1140,1185,1207,1265,1457,1606,1605,1532,1593
 "47000","Tennessee",5,SAACArtsEmp,120,"...","  Museums","Number of jobs",2389,2348,2452,2549,2721,2837,2930,2900,2882,2939,2955,3092,3288,3513,3791,3904,4110
 "47000","Tennessee",5,SAACArtsEmp,131,"...","  Advertising","Number of jobs",2138,2079,2029,1987,1871,1785,1607,1699,1607,1613,1665,1822,1970,2305,2272,2334,2333
 "47000","Tennessee",5,SAACArtsEmp,132,"...","  Architectural services","Number of jobs",2507,2336,2280,2353,2492,2626,2708,2711,2304,2153,2414,1880,1922,2013,1822,1863,1881
 "47000","Tennessee",5,SAACArtsEmp,133,"...","  Landscape architectural services","Number of jobs",828,803,826,893,1000,976,914,932,808,812,756,599,635,653,655,583,689
 "47000","Tennessee",5,SAACArtsEmp,134,"...","  Interior design services","Number of jobs",378,353,398,375,373,430,444,440,368,305,302,340,375,428,467,484,528
 "47000","Tennessee",5,SAACArtsEmp,135,"...","  Industrial design services","Number of jobs",119,103,99,125,174,171,132,130,110,104,102,102,112,37,52,59,37
 "47000","Tennessee",5,SAACArtsEmp,136,"...","  Graphic design services","Number of jobs",952,838,874,761,917,948,938,949,881,758,831,833,750,855,878,890,860
 "47000","Tennessee",5,SAACArtsEmp,137,"...","  Computer systems design","Number of jobs",144,133,134,120,119,126,143,142,137,140,136,152,168,179,186,192,190
 "47000","Tennessee",5,SAACArtsEmp,138,"...","  Photography and photofinishing services","Number of jobs",5563,5118,4942,4613,4183,4027,3872,3793,(D),3033,3025,2892,2323,2212,2110,(D),(D)
 "47000","Tennessee",5,SAACArtsEmp,139,"...","  All other design services","Number of jobs",28,26,13,12,10,8,10,13,19,29,35,37,42,42,60,53,41
 "47000","Tennessee",5,SAACArtsEmp,140,"...","  Fine arts education","Number of jobs",955,911,1036,976,1041,1088,1198,1379,1348,1385,1216,1326,1351,1348,1381,1426,1468
 "47000","Tennessee",5,SAACArtsEmp,150,"...","  Education services","Number of jobs",1199,1519,1551,1463,1306,1282,1334,1243,1308,1247,1311,1313,1414,1512,1621,1461,1411
 "47000","Tennessee",5,SAACArtsEmp,200,"..."," Supporting arts and cultural production","Number of jobs",82510,80570,79370,77269,76855,74285,70568,70097,63523,64314,62296,61486,61581,61113,61156,62507,64080
 "47000","Tennessee",5,SAACArtsEmp,211,"...","  Rental and leasing","Number of jobs",2208,1988,2059,2032,1853,1834,1615,1419,1258,945,628,564,522,502,497,477,437
 "47000","Tennessee",5,SAACArtsEmp,212,"...","  Grantmaking and giving services","Number of jobs",60,71,88,80,56,58,50,49,58,57,58,65,68,70,75,81,85
 "47000","Tennessee",5,SAACArtsEmp,213,"...","  Unions","Number of jobs",280,233,239,228,225,221,197,210,241,217,241,232,258,246,262,224,251
 "47000","Tennessee",5,SAACArtsEmp,214,"...","  Government","Number of jobs",31365,31954,29006,26089,23160,20684,17257,17758,18179,18953,18688,18463,18431,18216,18093,17834,17540
 "47000","Tennessee",5,SAACArtsEmp,215,"...","  Other support services","Number of jobs",31,25,40,53,61,82,82,78,46,51,55,41,45,47,50,50,47
 "47000","Tennessee",5,SAACArtsEmp,221,"...","  Publishing","Number of jobs",6025,6002,6304,6069,6138,5920,5670,5381,4625,4426,4259,4233,4179,4142,4136,4207,3842
 "47000","Tennessee",5,SAACArtsEmp,222,"...","  Motion pictures","Number of jobs",6840,6397,6635,6504,6493,6567,6616,6902,6323,6372,(D),(D),(D),(D),(D),7564,8387
 "47000","Tennessee",5,SAACArtsEmp,223,"...","  Sound recording","Number of jobs",1695,1887,1725,1615,2229,1952,1954,1999,1931,1950,1950,1966,2001,2071,2118,2163,2227
 "47000","Tennessee",5,SAACArtsEmp,224,"...","  Broadcasting","Number of jobs",(D),(D),(D),(D),(D),6295,6872,7071,7077,7403,7639,7906,8000,8302,8102,7933,8505
 "47000","Tennessee",5,SAACArtsEmp,225,"...","  Other information services","Number of jobs",(D),(D),(D),491,581,515,447,533,517,475,446,411,361,343,379,432,602
 "47000","Tennessee",5,SAACArtsEmp,231,"...","  Jewelry and silverware manufacturing","Number of jobs",289,205,197,(D),82,(D),(D),70,62,65,64,84,67,37,42,58,72
 "47000","Tennessee",5,SAACArtsEmp,232,"...","  Printed goods manufacturing","Number of jobs",3900,3131,3004,3309,3221,3131,3496,3251,2753,2313,1806,1710,1765,1681,1576,1546,1492
 "47000","Tennessee",5,SAACArtsEmp,233,"...","  Musical instruments manufacturing","Number of jobs",1099,1056,1019,915,992,943,894,873,776,731,869,952,919,922,884,819,786
 "47000","Tennessee",5,SAACArtsEmp,234,"...","  Custom architectural woodwork and metalwork manufacturing","Number of jobs",578,600,539,515,498,464,627,632,473,450,460,488,599,581,613,637,648
 "47000","Tennessee",5,SAACArtsEmp,236,"...","  Other goods manufacturing","Number of jobs",(D),1623,1791,1628,(D),(D),(D),1529,1026,870,(D),(D),(D),(D),(D),1417,1344
 "47000","Tennessee",5,SAACArtsEmp,240,"...","  Construction","Number of jobs",2497,2100,3012,3694,5058,5088,3934,3928,2378,3655,2360,1390,1684,1828,1527,1655,2438
 "47000","Tennessee",5,SAACArtsEmp,250,"...","  Wholesale and transportation industries","Number of jobs",5294,4609,4207,4286,4656,4972,5469,5618,4097,4156,3829,3670,3624,3357,3468,3439,3287
 "47000","Tennessee",5,SAACArtsEmp,260,"...","  Retail industries","Number of jobs",13033,13044,13756,14155,14053,13965,13628,12794,11704,11225,12181,12341,12243,12045,12051,11972,12089
 "47000","Tennessee",5,SAACArtsEmp,300,"..."," All other industries 2/","Number of jobs",4513,4513,4278,4226,4226,4166,4198,4021,(D),3396,3339,3155,3083,3235,3350,(D),(D)
"Note: See the included footnote file."
"SAACArtsEmp: ACPSA full-time and part-time employment by ACPSA industry 1/"
"Last updated: March 17, 2020-- new statistics for 2017; revised statistics for 2001-2016. "
"Source: U.S. Department of Commerce / Bureau of Economic Analysis / Regional Economic Accounts"
