GeoFIPS,GeoName,Region,TableName,LineCode,IndustryClassification,Description,Unit,2001,2002,2003,2004,2005,2006,2007,2008,2009,2010,2011,2012,2013,2014,2015,2016,2017
 "29000","Missouri",4,SAACArtsComp,1,"...","Total compensation","Thousands of dollars",111750283,114800162,118207655,123177827,128913282,135292940,141064024,146965914,141992181,142637545,144656571,150263533,154859475,159467098,167189330,171013358,177126391
 "29000","Missouri",4,SAACArtsComp,10,"...","Total ACPSA compensation","Thousands of dollars",4257376,4412012,4411974,4469706,4415826,4608520,4911195,4945027,4601822,4373063,4328486,4454730,4436908,4532913,4792626,4883959,5080277
 "29000","Missouri",4,SAACArtsComp,100,"..."," Core arts and cultural production","Thousands of dollars",835926,809582,813096,822911,843216,885857,956034,985260,903279,845905,(D),(D),(D),(D),(D),(D),(D)
 "29000","Missouri",4,SAACArtsComp,111,"...","  Performing arts companies","Thousands of dollars",109640,87149,76346,88620,89057,85498,85944,89264,91523,88455,90247,88166,80839,78854,79719,89820,89671
 "29000","Missouri",4,SAACArtsComp,112,"...","  Promoters of performing arts and similar events","Thousands of dollars",25212,39040,40384,38321,37136,41660,44468,51662,54763,51701,46232,55072,57655,59138,54969,60896,63816
 "29000","Missouri",4,SAACArtsComp,113,"...","  Agents/managers for artists","Thousands of dollars",5340,5973,6773,7871,6444,7909,5359,5587,4965,6328,6061,11355,11018,7504,3752,4241,3628
 "29000","Missouri",4,SAACArtsComp,114,"...","  Independent artists, writers, and performers","Thousands of dollars",27289,25285,26546,28084,32995,29227,34824,29855,23868,22163,21842,20957,23898,26443,30342,33755,33186
 "29000","Missouri",4,SAACArtsComp,120,"...","  Museums","Thousands of dollars",26606,39824,33046,37725,41014,49311,58945,61760,63367,54421,53912,73423,71555,73661,68265,73443,75480
 "29000","Missouri",4,SAACArtsComp,131,"...","  Advertising","Thousands of dollars",124826,117353,122928,133362,140548,148366,155990,156721,131971,133260,132625,142455,147289,161995,169593,177323,190411
 "29000","Missouri",4,SAACArtsComp,132,"...","  Architectural services","Thousands of dollars",202944,195907,205080,199705,206652,228886,273010,288915,239488,206180,208388,217951,234260,241892,262792,277432,296001
 "29000","Missouri",4,SAACArtsComp,133,"...","  Landscape architectural services","Thousands of dollars",12690,11414,9400,9174,9480,13417,13730,13678,12668,12899,9511,10886,12119,12837,14283,18210,19376
 "29000","Missouri",4,SAACArtsComp,134,"...","  Interior design services","Thousands of dollars",9189,8398,8321,8671,13830,17855,18626,22492,14747,10721,9164,15596,11963,13453,14732,16395,18411
 "29000","Missouri",4,SAACArtsComp,135,"...","  Industrial design services","Thousands of dollars",3556,3024,2368,2053,2863,2336,1993,2212,1915,2449,2990,4293,3071,3150,1912,1999,1823
 "29000","Missouri",4,SAACArtsComp,136,"...","  Graphic design services","Thousands of dollars",45227,41533,43587,45201,46123,49044,48635,46336,46715,44263,46916,66972,55466,58539,68834,77153,79280
 "29000","Missouri",4,SAACArtsComp,137,"...","  Computer systems design","Thousands of dollars",12770,10642,11093,11785,12937,14280,16718,18250,16870,18315,20529,25399,26856,28456,31897,33817,36646
 "29000","Missouri",4,SAACArtsComp,138,"...","  Photography and photofinishing services","Thousands of dollars",162273,158646,158182,139131,129271,116924,112620,115987,114630,108889,(D),(D),(D),(D),(D),(D),(D)
 "29000","Missouri",4,SAACArtsComp,139,"...","  All other design services","Thousands of dollars",3520,2874,2391,1977,1850,2476,3567,3219,3159,2487,2849,4326,3194,3440,3275,3852,3588
 "29000","Missouri",4,SAACArtsComp,140,"...","  Fine arts education","Thousands of dollars",12840,11795,14368,18482,17944,17130,16613,17674,19233,20509,18592,18909,20376,23592,25006,27119,25534
 "29000","Missouri",4,SAACArtsComp,150,"...","  Education services","Thousands of dollars",52006,50726,52284,52749,55072,61537,64991,61647,63396,62866,72368,80278,76458,70161,73472,73655,76372
 "29000","Missouri",4,SAACArtsComp,200,"..."," Supporting arts and cultural production","Thousands of dollars",3243198,3417283,3417302,3463519,3382685,3529562,3753126,3753233,3502461,3345804,3314652,3335858,3347827,3404136,3613928,3633866,3785326
 "29000","Missouri",4,SAACArtsComp,211,"...","  Rental and leasing","Thousands of dollars",30914,36013,31560,38396,34641,37836,39466,32340,29659,26322,23405,23420,22348,22246,22296,19171,16804
 "29000","Missouri",4,SAACArtsComp,212,"...","  Grantmaking and giving services","Thousands of dollars",4092,4331,5250,5024,5135,6313,7741,7061,7148,6285,6913,5670,6874,7007,7560,6816,7586
 "29000","Missouri",4,SAACArtsComp,213,"...","  Unions","Thousands of dollars",11538,9640,10702,12078,11762,13257,11618,12942,13564,12773,13263,12439,13517,12621,12936,12822,13764
 "29000","Missouri",4,SAACArtsComp,214,"...","  Government","Thousands of dollars",1102883,1266749,1290438,1298689,1287579,1304002,1319987,1350811,1348995,1357042,1370523,1352419,1407803,1444239,1478870,1495118,1587658
 "29000","Missouri",4,SAACArtsComp,215,"...","  Other support services","Thousands of dollars",12400,10073,11137,13953,13108,16250,17453,4928,4573,4994,4137,4268,3973,4368,4994,5217,5885
 "29000","Missouri",4,SAACArtsComp,221,"...","  Publishing","Thousands of dollars",(D),459384,492945,476415,466425,473908,512882,546755,508492,364495,344112,340064,332090,332612,325957,311383,321042
 "29000","Missouri",4,SAACArtsComp,222,"...","  Motion pictures","Thousands of dollars",80063,81337,78683,82738,77573,83826,90253,85625,88268,73841,70976,74321,78127,74531,95969,100431,98174
 "29000","Missouri",4,SAACArtsComp,223,"...","  Sound recording","Thousands of dollars",6750,5541,6153,6210,6810,6914,6691,7758,7249,6458,5783,6155,5664,6795,6562,(D),6966
 "29000","Missouri",4,SAACArtsComp,224,"...","  Broadcasting","Thousands of dollars",(D),613240,(D),(D),(D),(D),721752,704563,623203,598660,(D),740962,702262,715627,793702,785639,811922
 "29000","Missouri",4,SAACArtsComp,225,"...","  Other information services","Thousands of dollars",35679,36477,26951,33308,38140,45038,26619,27560,26438,27100,29223,31140,(D),(D),(D),37242,50453
 "29000","Missouri",4,SAACArtsComp,231,"...","  Jewelry and silverware manufacturing","Thousands of dollars",6484,8055,9098,8702,9808,6992,6080,7784,5168,3868,2933,4069,4164,4460,3119,3032,4986
 "29000","Missouri",4,SAACArtsComp,232,"...","  Printed goods manufacturing","Thousands of dollars",142486,117650,113811,130583,134861,141876,(D),170408,140835,129626,117745,118241,123177,115839,107181,103190,100629
 "29000","Missouri",4,SAACArtsComp,233,"...","  Musical instruments manufacturing","Thousands of dollars",(D),(D),(D),(D),(D),(D),(D),(D),(D),(D),(D),(D),(D),(D),(D),(D),(D)
 "29000","Missouri",4,SAACArtsComp,234,"...","  Custom architectural woodwork and metalwork manufacturing","Thousands of dollars",22951,32635,28116,26413,25646,24180,31284,30361,23801,22737,23210,(D),(D),(D),25399,26776,26638
 "29000","Missouri",4,SAACArtsComp,236,"...","  Other goods manufacturing","Thousands of dollars",9820,(D),7210,(D),(D),(D),(D),(D),(D),(D),12991,11143,14099,16375,18704,17584,(D)
 "29000","Missouri",4,SAACArtsComp,240,"...","  Construction","Thousands of dollars",215746,243066,227935,176507,121147,174200,210538,161308,129795,147630,141521,95760,89403,106977,157855,175062,162387
 "29000","Missouri",4,SAACArtsComp,250,"...","  Wholesale and transportation industries","Thousands of dollars",172977,175160,158978,171199,190506,197018,206526,216201,167110,190335,204231,193322,194299,180410,181372,184582,218731
 "29000","Missouri",4,SAACArtsComp,260,"...","  Retail industries","Thousands of dollars",301037,305304,322819,328762,325319,351806,365083,377165,369907,364843,299261,296988,294729,299106,333624,340767,331386
 "29000","Missouri",4,SAACArtsComp,300,"..."," All other industries 2/","Thousands of dollars",178252,185147,181577,183276,189924,193100,202035,206534,196082,181353,(D),(D),(D),(D),(D),(D),(D)
"Note: See the included footnote file."
"SAACArtsComp: ACPSA compensation by ACPSA industry 1/"
"Last updated: March 17, 2020-- new statistics for 2017; revised statistics for 2001-2016. "
"Source: U.S. Department of Commerce / Bureau of Economic Analysis / Regional Economic Accounts"
