GeoFIPS,GeoName,Region,TableName,LineCode,IndustryClassification,Description,Unit,2001,2002,2003,2004,2005,2006,2007,2008,2009,2010,2011,2012,2013,2014,2015,2016,2017
 "25000","Massachusetts",1,SAACArtsComp,1,"...","Total compensation","Thousands of dollars",181081895,178779515,181515070,192524136,198937892,209443104,223053126,230088694,221470127,229498717,240320124,250007369,257361981,269913089,286453397,294055781,309253976
 "25000","Massachusetts",1,SAACArtsComp,10,"...","Total ACPSA compensation","Thousands of dollars",8383976,7712166,7695952,7927502,8216684,8756440,9332103,9687269,8966124,9259434,9528521,9852452,9949746,10478945,11124024,11527221,12446061
 "25000","Massachusetts",1,SAACArtsComp,100,"..."," Core arts and cultural production","Thousands of dollars",1729273,1644230,1611997,1707982,1783906,1993228,2183835,2214878,2019637,1946859,2100144,2283958,2307027,2449067,2550837,2725969,2900578
 "25000","Massachusetts",1,SAACArtsComp,111,"...","  Performing arts companies","Thousands of dollars",148844,111223,109799,133524,131501,157159,141550,132094,127420,142545,145591,144959,135025,158567,140734,164794,165333
 "25000","Massachusetts",1,SAACArtsComp,112,"...","  Promoters of performing arts and similar events","Thousands of dollars",27759,56665,54526,51908,54794,64058,86647,86514,84588,80046,77849,94501,101581,107597,110041,135069,135899
 "25000","Massachusetts",1,SAACArtsComp,113,"...","  Agents/managers for artists","Thousands of dollars",3115,3121,3662,4444,6119,4826,8283,10880,7732,7760,9258,9021,12795,13097,14868,17057,18367
 "25000","Massachusetts",1,SAACArtsComp,114,"...","  Independent artists, writers, and performers","Thousands of dollars",55448,41769,47683,48707,49572,51048,56543,88450,65814,62571,110369,82987,78265,116154,143671,125896,177709
 "25000","Massachusetts",1,SAACArtsComp,120,"...","  Museums","Thousands of dollars",84480,120822,104720,103933,113040,126550,141039,147608,148176,136930,139430,184909,195291,200468,170390,182778,185384
 "25000","Massachusetts",1,SAACArtsComp,131,"...","  Advertising","Thousands of dollars",257681,209806,220123,248301,273088,295983,335121,321031,254632,214018,234942,272281,278189,294623,301593,312198,332539
 "25000","Massachusetts",1,SAACArtsComp,132,"...","  Architectural services","Thousands of dollars",521851,475365,459708,419087,440689,490449,583916,590964,509900,470672,510860,520947,562291,589392,624686,629634,670108
 "25000","Massachusetts",1,SAACArtsComp,133,"...","  Landscape architectural services","Thousands of dollars",30851,31271,31536,36658,39575,45322,50296,52673,52888,53400,57693,63243,61733,74336,72163,76559,74379
 "25000","Massachusetts",1,SAACArtsComp,134,"...","  Interior design services","Thousands of dollars",30366,28948,26735,28638,29751,53028,62986,61048,40466,29147,29586,43431,32790,34007,36608,38625,38029
 "25000","Massachusetts",1,SAACArtsComp,135,"...","  Industrial design services","Thousands of dollars",16548,16506,19823,40807,35509,36101,24275,22843,18842,18655,20833,27933,19889,18311,17262,16564,16426
 "25000","Massachusetts",1,SAACArtsComp,136,"...","  Graphic design services","Thousands of dollars",108291,83538,78416,80713,84080,84556,86744,92720,69704,71322,70746,96781,70646,74195,77704,83808,83472
 "25000","Massachusetts",1,SAACArtsComp,137,"...","  Computer systems design","Thousands of dollars",43155,32981,35985,41824,48279,62845,75689,81334,83494,92071,103549,122465,132400,137319,157744,171236,192953
 "25000","Massachusetts",1,SAACArtsComp,138,"...","  Photography and photofinishing services","Thousands of dollars",101290,104705,91816,76944,71357,67533,67580,65815,58560,53827,47631,62326,56482,60009,62095,60627,64127
 "25000","Massachusetts",1,SAACArtsComp,139,"...","  All other design services","Thousands of dollars",6322,5370,5762,5412,4178,4510,5650,6012,4914,6602,8625,14024,13220,24333,28855,33126,31848
 "25000","Massachusetts",1,SAACArtsComp,140,"...","  Fine arts education","Thousands of dollars",51521,45132,59145,72952,73490,74079,74927,90989,100727,99227,95259,88290,87261,97534,105600,113450,115145
 "25000","Massachusetts",1,SAACArtsComp,150,"...","  Education services","Thousands of dollars",241751,277008,262558,314130,328884,375180,382588,363902,391782,408064,437923,455859,469170,449125,486822,564549,598857
 "25000","Massachusetts",1,SAACArtsComp,200,"..."," Supporting arts and cultural production","Thousands of dollars",6344053,5760550,5784858,5910186,6118861,6442954,6804963,7127889,6617787,7001697,7114330,7271375,7350371,7715925,8239202,8455337,9189653
 "25000","Massachusetts",1,SAACArtsComp,211,"...","  Rental and leasing","Thousands of dollars",39143,45651,35709,36973,34527,35933,31484,27455,23018,16581,14822,16498,16370,17591,20142,18607,16900
 "25000","Massachusetts",1,SAACArtsComp,212,"...","  Grantmaking and giving services","Thousands of dollars",5104,6199,7317,7391,8473,10721,13368,12968,14186,12117,14574,11843,13071,14200,15890,14784,15592
 "25000","Massachusetts",1,SAACArtsComp,213,"...","  Unions","Thousands of dollars",15369,12636,14947,16439,15893,19207,17933,21597,23241,21719,23141,22942,25487,26164,27191,28387,33677
 "25000","Massachusetts",1,SAACArtsComp,214,"...","  Government","Thousands of dollars",1587542,1586247,1548690,1592713,1592276,(D),1602347,1612881,1597427,1645123,1667967,1717276,1853654,1941716,2000825,2062625,2186910
 "25000","Massachusetts",1,SAACArtsComp,215,"...","  Other support services","Thousands of dollars",3656,2795,3714,4753,5096,5777,8002,9993,5388,4887,4640,4985,5383,4416,5132,5001,6773
 "25000","Massachusetts",1,SAACArtsComp,221,"...","  Publishing","Thousands of dollars",1997929,1777990,1803856,1797033,2014570,2115254,2315765,2324716,2193515,2442691,2521508,2582819,2583275,2698984,3009642,3050849,3239856
 "25000","Massachusetts",1,SAACArtsComp,222,"...","  Motion pictures","Thousands of dollars",184077,159548,161635,163865,164789,173840,181508,271847,265622,206279,214916,244763,245411,221513,212922,232008,293547
 "25000","Massachusetts",1,SAACArtsComp,223,"...","  Sound recording","Thousands of dollars",11602,10661,8201,9472,8000,8661,13857,14011,11645,(D),14810,16929,16360,18420,20418,20271,20368
 "25000","Massachusetts",1,SAACArtsComp,224,"...","  Broadcasting","Thousands of dollars",(D),(D),(D),(D),698660,736218,810616,870600,859754,861396,884161,890943,834200,848352,858864,799672,894534
 "25000","Massachusetts",1,SAACArtsComp,225,"...","  Other information services","Thousands of dollars",393929,258736,240763,264823,309694,366271,301057,395613,340397,459434,506709,620717,613195,721263,781969,712295,785374
 "25000","Massachusetts",1,SAACArtsComp,231,"...","  Jewelry and silverware manufacturing","Thousands of dollars",121706,92965,117301,129437,132016,135457,136819,157750,82018,60563,47600,75655,79006,84238,77778,74529,84617
 "25000","Massachusetts",1,SAACArtsComp,232,"...","  Printed goods manufacturing","Thousands of dollars",(D),(D),(D),143896,150156,177111,214256,205643,175458,(D),158725,151345,156496,149553,157312,144598,141884
 "25000","Massachusetts",1,SAACArtsComp,233,"...","  Musical instruments manufacturing","Thousands of dollars",23152,26446,27947,24997,28308,34348,33343,29932,30174,33281,32749,35716,33713,32659,34204,35620,35227
 "25000","Massachusetts",1,SAACArtsComp,234,"...","  Custom architectural woodwork and metalwork manufacturing","Thousands of dollars",20837,31030,28422,31028,32508,33150,51405,62696,49083,43011,46522,50939,50742,50971,56223,60194,63096
 "25000","Massachusetts",1,SAACArtsComp,236,"...","  Other goods manufacturing","Thousands of dollars",(D),(D),20892,(D),21292,(D),33821,18148,15773,17431,22817,18643,19320,20313,23622,23912,25565
 "25000","Massachusetts",1,SAACArtsComp,240,"...","  Construction","Thousands of dollars",290251,173945,186876,160150,135832,165191,202673,222992,186453,181577,147300,123241,123556,153737,220202,397908,513072
 "25000","Massachusetts",1,SAACArtsComp,250,"...","  Wholesale and transportation industries","Thousands of dollars",350452,317164,300374,316534,319019,314836,350709,387880,292693,352354,387289,300256,288955,284067,276119,296110,319804
 "25000","Massachusetts",1,SAACArtsComp,260,"...","  Retail industries","Thousands of dollars",464643,442584,444302,455686,447751,463548,486000,481168,451942,465339,404080,385865,392178,427768,440748,477966,512858
 "25000","Massachusetts",1,SAACArtsComp,300,"..."," All other industries 2/","Thousands of dollars",310650,307385,299098,309335,313918,320259,343304,344502,328699,310878,314048,297119,292348,313954,333985,345915,355831
"Note: See the included footnote file."
"SAACArtsComp: ACPSA compensation by ACPSA industry 1/"
"Last updated: March 17, 2020-- new statistics for 2017; revised statistics for 2001-2016. "
"Source: U.S. Department of Commerce / Bureau of Economic Analysis / Regional Economic Accounts"
