GeoFIPS,GeoName,Region,TableName,LineCode,IndustryClassification,Description,Unit,2001,2002,2003,2004,2005,2006,2007,2008,2009,2010,2011,2012,2013,2014,2015,2016,2017
 "35000","New Mexico",6,SAACCompLQ,10,"...","Total","Location quotient",0.860,0.875,0.864,0.867,0.861,0.851,0.842,0.862,0.830,0.799,0.763,0.779,0.738,0.725,0.737,0.766,0.786
 "35000","New Mexico",6,SAACCompLQ,100,"..."," Core arts and cultural production","Location quotient",0.605,0.620,0.627,0.618,0.566,0.527,0.571,0.571,(D),0.525,0.488,0.476,0.471,0.473,0.466,0.467,0.466
 "35000","New Mexico",6,SAACCompLQ,111,"...","  Performing arts companies","Location quotient",0.886,0.895,0.915,0.732,0.684,0.633,0.649,0.606,0.604,(D),0.535,(D),0.543,0.549,0.554,0.583,0.603
 "35000","New Mexico",6,SAACCompLQ,112,"...","  Promoters of performing arts and similar events","Location quotient",0.304,0.280,0.296,0.305,0.269,0.304,0.454,0.411,0.429,0.517,0.459,0.523,0.462,0.454,0.458,0.454,0.463
 "35000","New Mexico",6,SAACCompLQ,113,"...","  Agents/managers for artists","Location quotient",0.038,0.057,0.063,0.032,0.034,0.024,(D),(D),0.014,0.043,(D),0.015,(D),0.029,0.039,0.030,0.031
 "35000","New Mexico",6,SAACCompLQ,114,"...","  Independent artists, writers, and performers","Location quotient",0.594,0.570,0.475,0.513,0.508,0.323,(D),(D),0.334,0.301,0.281,0.295,0.319,0.339,0.348,0.356,0.338
 "35000","New Mexico",6,SAACCompLQ,120,"...","  Museums","Location quotient",0.595,0.645,0.710,0.712,(D),0.793,0.850,0.800,0.798,0.753,0.702,0.833,0.809,0.810,0.809,0.803,(D)
 "35000","New Mexico",6,SAACCompLQ,131,"...","  Advertising","Location quotient",0.190,0.208,0.203,0.207,(D),0.215,0.210,0.204,0.208,0.179,0.169,0.165,0.170,0.176,0.177,0.176,0.193
 "35000","New Mexico",6,SAACCompLQ,132,"...","  Architectural services","Location quotient",0.911,0.968,0.995,0.973,0.887,0.865,0.860,0.865,0.989,0.974,0.894,0.765,0.747,0.741,0.726,0.715,0.664
 "35000","New Mexico",6,SAACCompLQ,133,"...","  Landscape architectural services","Location quotient",1.709,2.409,2.358,2.266,1.153,0.996,1.094,1.109,0.782,0.660,0.662,0.690,0.682,0.610,0.638,0.685,0.726
 "35000","New Mexico",6,SAACCompLQ,134,"...","  Interior design services","Location quotient",0.349,0.298,0.337,0.343,0.297,0.259,0.304,0.328,0.279,0.262,0.245,0.240,0.223,0.261,0.245,0.251,0.276
 "35000","New Mexico",6,SAACCompLQ,135,"...","  Industrial design services","Location quotient",0.571,0.393,0.880,1.133,1.092,0.219,0.211,0.195,0.218,0.245,0.174,0.130,0.144,(D),(D),(D),0.011
 "35000","New Mexico",6,SAACCompLQ,136,"...","  Graphic design services","Location quotient",0.372,0.385,0.436,0.422,0.500,0.528,0.536,0.518,0.542,0.561,0.498,0.461,0.497,0.470,0.500,0.434,0.435
 "35000","New Mexico",6,SAACCompLQ,137,"...","  Computer systems design","Location quotient",0.480,0.437,0.401,0.338,0.345,0.338,0.411,0.395,0.373,0.390,0.382,0.405,0.384,0.360,0.343,0.318,0.331
 "35000","New Mexico",6,SAACCompLQ,138,"...","  Photography and photofinishing services","Location quotient",0.555,0.541,0.542,0.530,0.550,0.607,(D),(D),(D),(D),(D),(D),(D),(D),(D),(D),(D)
 "35000","New Mexico",6,SAACCompLQ,139,"...","  All other design services","Location quotient",0.082,0.085,0.257,0.288,0.275,0.790,0.762,0.595,0.504,0.240,0.251,0.298,0.265,(D),(D),(D),0.270
 "35000","New Mexico",6,SAACCompLQ,140,"...","  Fine arts education","Location quotient",0.858,0.761,0.793,0.858,0.914,0.899,1.040,1.115,1.018,1.009,1.154,1.211,1.277,1.322,1.354,1.345,1.351
 "35000","New Mexico",6,SAACCompLQ,150,"...","  Education services","Location quotient",0.363,0.333,0.376,0.439,0.429,0.399,0.389,0.382,0.334,0.327,0.301,0.295,0.275,0.284,0.265,0.282,0.279
 "35000","New Mexico",6,SAACCompLQ,200,"..."," Supporting arts and cultural production","Location quotient",0.917,0.933,0.920,0.927,0.934,0.935,0.912,0.939,0.900,0.862,0.825,0.853,0.799,0.782,0.801,0.839,0.867
 "35000","New Mexico",6,SAACCompLQ,211,"...","  Rental and leasing","Location quotient",0.780,0.807,0.891,0.932,1.017,1.008,(D),(D),1.116,1.014,(D),1.238,1.275,1.396,0.929,0.795,(D)
 "35000","New Mexico",6,SAACCompLQ,212,"...","  Grantmaking and giving services","Location quotient",1.210,1.154,1.168,1.153,1.156,1.144,1.091,1.147,1.293,1.336,1.295,1.298,1.292,1.358,1.343,1.205,1.199
 "35000","New Mexico",6,SAACCompLQ,213,"...","  Unions","Location quotient",0.527,0.525,0.533,0.540,0.535,0.532,0.525,0.546,0.542,0.533,0.546,0.531,0.541,0.539,0.526,0.516,0.606
 "35000","New Mexico",6,SAACCompLQ,214,"...","  Government","Location quotient",1.403,1.366,1.351,1.410,1.391,1.419,1.436,1.368,1.337,1.344,1.345,1.377,1.342,1.350,1.349,1.441,1.490
 "35000","New Mexico",6,SAACCompLQ,215,"...","  Other support services","Location quotient",(D),(D),(D),0.322,0.276,0.261,0.318,0.252,0.271,0.257,0.260,0.290,0.307,0.322,0.308,0.270,0.273
 "35000","New Mexico",6,SAACCompLQ,221,"...","  Publishing","Location quotient",(D),(D),(D),0.390,(D),0.389,0.365,0.344,0.308,0.293,0.278,0.255,0.244,0.226,0.222,0.230,0.215
 "35000","New Mexico",6,SAACCompLQ,222,"...","  Motion pictures","Location quotient",0.181,0.278,0.227,0.202,0.586,0.755,0.872,1.081,0.956,0.940,0.855,1.175,0.974,0.969,1.249,1.394,1.165
 "35000","New Mexico",6,SAACCompLQ,223,"...","  Sound recording","Location quotient",0.439,0.459,0.482,0.559,0.506,0.529,0.582,0.732,0.890,0.945,0.963,0.977,1.186,1.107,1.237,1.234,1.117
 "35000","New Mexico",6,SAACCompLQ,224,"...","  Broadcasting","Location quotient",0.669,(D),0.695,(D),(D),(D),(D),(D),(D),0.510,(D),(D),0.472,0.454,0.480,0.494,(D)
 "35000","New Mexico",6,SAACCompLQ,225,"...","  Other information services","Location quotient",(D),(D),(D),(D),(D),(D),0.233,0.231,(D),(D),0.132,0.106,0.069,0.068,0.076,(D),0.062
 "35000","New Mexico",6,SAACCompLQ,231,"...","  Jewelry and silverware manufacturing","Location quotient",4.999,5.405,5.519,5.184,5.117,4.975,4.770,4.686,4.436,4.884,4.750,4.468,4.236,4.290,4.487,4.571,4.690
 "35000","New Mexico",6,SAACCompLQ,232,"...","  Printed goods manufacturing","Location quotient",0.257,0.226,0.204,0.201,0.206,0.210,0.211,0.209,0.209,0.210,0.229,0.247,0.249,0.257,0.279,0.280,0.293
 "35000","New Mexico",6,SAACCompLQ,233,"...","  Musical instruments manufacturing","Location quotient",0.264,0.256,0.191,(D),(D),(D),(D),(D),(D),(D),0.059,0.064,0.055,(D),0.055,(D),(D)
 "35000","New Mexico",6,SAACCompLQ,234,"...","  Custom architectural woodwork and metalwork manufacturing","Location quotient",(D),(D),(D),(D),(D),(D),(D),0.665,0.548,0.495,0.493,(D),(D),(D),(D),(D),(D)
 "35000","New Mexico",6,SAACCompLQ,236,"...","  Other goods manufacturing","Location quotient",0.896,0.923,0.959,0.928,0.872,0.947,0.855,0.708,0.684,0.611,0.524,0.514,0.531,0.521,(D),0.463,0.544
 "35000","New Mexico",6,SAACCompLQ,240,"...","  Construction","Location quotient",0.787,0.804,0.934,1.062,1.103,0.946,0.955,1.403,1.641,1.020,1.353,1.689,1.513,1.240,1.090,0.982,1.007
 "35000","New Mexico",6,SAACCompLQ,250,"...","  Wholesale and transportation industries","Location quotient",(D),(D),(D),0.536,0.466,(D),0.474,0.429,0.422,0.378,(D),(D),(D),(D),0.326,0.347,0.341
 "35000","New Mexico",6,SAACCompLQ,260,"...","  Retail industries","Location quotient",1.381,1.291,1.273,1.276,1.230,1.201,1.176,1.213,1.092,1.062,0.846,0.786,0.790,0.753,0.766,0.731,0.665
 "35000","New Mexico",6,SAACCompLQ,300,"..."," All other industries 2/","Location quotient",0.842,0.842,0.839,0.833,0.829,0.856,0.874,0.875,(D),0.876,0.879,0.881,0.885,0.893,0.892,0.885,0.883
"Note: See the included footnote file."
"SAACCompLQ: Arts Compensation Location Quotient 1/"
"Last updated: March 17, 2020-- new statistics for 2017; revised statistics for 2001-2016. "
"Source: U.S. Department of Commerce / Bureau of Economic Analysis / Regional Economic Accounts"
