GeoFIPS,GeoName,Region,TableName,LineCode,IndustryClassification,Description,Unit,2001,2002,2003,2004,2005,2006,2007,2008,2009,2010,2011,2012,2013,2014,2015,2016,2017
 "20000","Kansas",4,SAACArtsEmp,1,"...","Total employment","Number of jobs",1429716,1410962,1392569,1403995,1409058,1432873,1465420,1473838,1422932,1407971,1417054,1433074,1447857,1471369,1481671,1480946,1483095
 "20000","Kansas",4,SAACArtsEmp,10,"...","Total ACPSA employment","Number of jobs",62370,62081,59443,57262,54648,53458,52988,53240,50840,48554,47909,46985,46684,47231,47667,46908,46316
 "20000","Kansas",4,SAACArtsEmp,100,"..."," Core arts and cultural production","Number of jobs",8063,8201,8337,8352,8192,8079,8081,8134,7836,7540,7563,7596,7586,7830,8018,8025,7769
 "20000","Kansas",4,SAACArtsEmp,111,"...","  Performing arts companies","Number of jobs",707,765,714,734,673,624,656,669,650,668,669,639,634,715,693,676,675
 "20000","Kansas",4,SAACArtsEmp,112,"...","  Promoters of performing arts and similar events","Number of jobs",418,429,480,524,472,598,461,418,527,555,656,661,614,664,667,716,652
 "20000","Kansas",4,SAACArtsEmp,113,"...","  Agents/managers for artists","Number of jobs",27,26,27,33,37,33,23,34,27,30,29,23,16,19,21,24,23
 "20000","Kansas",4,SAACArtsEmp,114,"...","  Independent artists, writers, and performers","Number of jobs",146,150,132,115,166,183,234,224,233,185,159,160,125,111,106,113,112
 "20000","Kansas",4,SAACArtsEmp,120,"...","  Museums","Number of jobs",566,556,572,599,590,604,610,625,589,597,616,637,701,732,(D),758,767
 "20000","Kansas",4,SAACArtsEmp,131,"...","  Advertising","Number of jobs",1434,1451,1263,1356,1292,1279,1275,1266,1151,1133,1253,1371,1369,1268,1224,1184,1182
 "20000","Kansas",4,SAACArtsEmp,132,"...","  Architectural services","Number of jobs",1092,1043,1042,1097,1118,1227,1241,1261,1131,1046,995,981,998,1029,1082,1141,1082
 "20000","Kansas",4,SAACArtsEmp,133,"...","  Landscape architectural services","Number of jobs",267,266,295,277,342,385,386,368,411,364,180,110,108,121,126,95,91
 "20000","Kansas",4,SAACArtsEmp,134,"...","  Interior design services","Number of jobs",149,158,158,193,209,224,254,246,212,218,259,256,192,197,203,198,182
 "20000","Kansas",4,SAACArtsEmp,135,"...","  Industrial design services","Number of jobs",37,27,37,32,40,33,39,36,26,54,73,96,122,158,199,135,152
 "20000","Kansas",4,SAACArtsEmp,136,"...","  Graphic design services","Number of jobs",466,449,432,445,432,434,436,432,362,301,330,345,378,430,473,484,489
 "20000","Kansas",4,SAACArtsEmp,137,"...","  Computer systems design","Number of jobs",96,81,69,73,78,80,84,94,97,105,115,122,123,122,(D),(D),(D)
 "20000","Kansas",4,SAACArtsEmp,138,"...","  Photography and photofinishing services","Number of jobs",1503,1378,1656,1556,1349,987,917,848,799,745,708,665,590,522,520,(D),(D)
 "20000","Kansas",4,SAACArtsEmp,139,"...","  All other design services","Number of jobs",5,32,43,11,26,18,24,66,69,49,61,35,35,35,68,70,76
 "20000","Kansas",4,SAACArtsEmp,140,"...","  Fine arts education","Number of jobs",536,683,723,715,729,798,830,890,904,890,919,942,1057,1133,1091,1127,1102
 "20000","Kansas",4,SAACArtsEmp,150,"...","  Education services","Number of jobs",614,706,694,593,641,572,610,657,648,600,541,554,524,575,618,610,537
 "20000","Kansas",4,SAACArtsEmp,200,"..."," Supporting arts and cultural production","Number of jobs",52154,51739,49098,46945,44505,43450,42924,43169,41164,39357,38732,37879,37630,37873,38090,37306,37000
 "20000","Kansas",4,SAACArtsEmp,211,"...","  Rental and leasing","Number of jobs",898,821,828,813,725,723,633,537,471,373,280,218,211,234,247,214,150
 "20000","Kansas",4,SAACArtsEmp,212,"...","  Grantmaking and giving services","Number of jobs",41,44,44,34,36,42,48,44,53,56,57,65,63,67,68,70,70
 "20000","Kansas",4,SAACArtsEmp,213,"...","  Unions","Number of jobs",128,136,140,140,145,146,137,150,150,139,158,155,184,173,182,165,183
 "20000","Kansas",4,SAACArtsEmp,214,"...","  Government","Number of jobs",25613,25802,24030,22085,20434,18699,17102,17590,17790,17464,16791,16422,16557,16444,16376,16135,15746
 "20000","Kansas",4,SAACArtsEmp,215,"...","  Other support services","Number of jobs",(D),(D),(D),49,(D),(D),(D),(D),33,30,27,14,11,13,12,13,15
 "20000","Kansas",4,SAACArtsEmp,221,"...","  Publishing","Number of jobs",5380,3927,3901,3627,3563,3542,3574,3432,3025,2867,2808,2721,2489,2443,2338,2152,1908
 "20000","Kansas",4,SAACArtsEmp,222,"...","  Motion pictures","Number of jobs",1756,2131,1978,1912,1828,1702,1731,1712,1767,1802,1763,1726,1709,1683,1682,1764,1909
 "20000","Kansas",4,SAACArtsEmp,223,"...","  Sound recording","Number of jobs",40,31,29,21,23,14,5,6,12,17,11,10,12,(D),33,43,48
 "20000","Kansas",4,SAACArtsEmp,224,"...","  Broadcasting","Number of jobs",(D),(D),(D),(D),(D),(D),(D),(D),(D),7415,7390,7628,7808,7800,(D),7788,(D)
 "20000","Kansas",4,SAACArtsEmp,225,"...","  Other information services","Number of jobs",310,(D),323,331,334,331,196,227,209,171,192,194,263,437,(D),566,774
 "20000","Kansas",4,SAACArtsEmp,231,"...","  Jewelry and silverware manufacturing","Number of jobs",9,20,10,(D),(D),(D),22,26,15,19,(D),(D),(D),29,(D),(D),(D)
 "20000","Kansas",4,SAACArtsEmp,232,"...","  Printed goods manufacturing","Number of jobs",(D),(D),(D),1686,(D),1724,2006,1911,(D),(D),1572,1507,1478,1407,1337,1276,1269
 "20000","Kansas",4,SAACArtsEmp,233,"...","  Musical instruments manufacturing","Number of jobs",71,74,74,(D),63,60,62,66,63,(D),(D),(D),(D),(D),(D),55,57
 "20000","Kansas",4,SAACArtsEmp,234,"...","  Custom architectural woodwork and metalwork manufacturing","Number of jobs",(D),188,157,160,160,166,226,226,160,126,136,152,176,176,204,216,220
 "20000","Kansas",4,SAACArtsEmp,236,"...","  Other goods manufacturing","Number of jobs",(D),(D),196,201,185,175,191,198,148,99,(D),(D),(D),111,(D),(D),(D)
 "20000","Kansas",4,SAACArtsEmp,240,"...","  Construction","Number of jobs",1270,1211,1158,986,1058,1244,1050,1304,917,1251,1369,953,496,743,1044,865,784
 "20000","Kansas",4,SAACArtsEmp,250,"...","  Wholesale and transportation industries","Number of jobs",1468,1655,1411,1365,1334,1320,1360,1255,956,1009,1065,1130,1113,1252,1159,(D),1110
 "20000","Kansas",4,SAACArtsEmp,260,"...","  Retail industries","Number of jobs",5546,5325,4865,5041,4876,4914,4863,4945,5004,4805,4946,4807,4875,4780,4797,4724,4524
 "20000","Kansas",4,SAACArtsEmp,300,"..."," All other industries 2/","Number of jobs",2152,2141,2008,1965,1951,1929,1984,1937,1840,1657,1614,1509,1468,1527,1558,1577,1546
"Note: See the included footnote file."
"SAACArtsEmp: ACPSA full-time and part-time employment by ACPSA industry 1/"
"Last updated: March 17, 2020-- new statistics for 2017; revised statistics for 2001-2016. "
"Source: U.S. Department of Commerce / Bureau of Economic Analysis / Regional Economic Accounts"
