GeoFIPS,GeoName,Region,TableName,LineCode,IndustryClassification,Description,Unit,2001,2002,2003,2004,2005,2006,2007,2008,2009,2010,2011,2012,2013,2014,2015,2016,2017
 "56000","Wyoming",7,SAACCompLQ,10,"...","Total","Location quotient",1.292,1.279,1.405,1.300,1.247,1.153,1.095,1.060,1.133,1.134,1.137,1.085,1.035,1.033,1.029,1.089,1.116
 "56000","Wyoming",7,SAACCompLQ,100,"..."," Core arts and cultural production","Location quotient",(D),(D),(D),(D),(D),(D),(D),(D),0.381,0.379,0.363,0.373,0.367,0.373,0.365,0.407,0.409
 "56000","Wyoming",7,SAACCompLQ,111,"...","  Performing arts companies","Location quotient",0.217,(D),0.294,0.315,0.273,0.304,0.348,0.295,0.332,0.435,0.425,0.319,0.277,0.371,0.290,0.318,0.324
 "56000","Wyoming",7,SAACCompLQ,112,"...","  Promoters of performing arts and similar events","Location quotient",(D),0.130,(D),(D),(D),(D),(D),(D),0.172,0.198,0.151,(D),0.294,0.296,0.276,0.388,0.566
 "56000","Wyoming",7,SAACCompLQ,113,"...","  Agents/managers for artists","Location quotient",0.059,(D),(D),(D),(D),(D),(D),(D),(D),(D),(D),(D),(D),(D),(D),(D),(D)
 "56000","Wyoming",7,SAACCompLQ,114,"...","  Independent artists, writers, and performers","Location quotient",0.527,0.415,0.681,0.544,0.520,0.481,0.471,0.323,0.254,0.285,0.216,(D),0.233,0.236,0.257,0.271,0.267
 "56000","Wyoming",7,SAACCompLQ,120,"...","  Museums","Location quotient",1.617,1.581,1.582,1.502,1.473,1.320,1.257,1.185,1.176,1.201,1.165,1.107,1.078,1.088,1.123,1.208,1.220
 "56000","Wyoming",7,SAACCompLQ,131,"...","  Advertising","Location quotient",0.149,0.154,0.153,0.147,0.156,0.144,0.134,0.119,0.112,0.113,0.126,(D),(D),(D),0.157,0.183,(D)
 "56000","Wyoming",7,SAACCompLQ,132,"...","  Architectural services","Location quotient",0.663,0.666,0.674,0.677,0.595,0.518,0.499,0.545,0.549,0.562,0.543,0.523,0.566,0.565,0.540,0.561,0.529
 "56000","Wyoming",7,SAACCompLQ,133,"...","  Landscape architectural services","Location quotient",0.601,0.471,0.461,0.517,0.420,0.359,0.287,0.287,(D),0.338,(D),0.404,0.396,0.378,0.394,0.445,0.548
 "56000","Wyoming",7,SAACCompLQ,134,"...","  Interior design services","Location quotient",0.734,0.757,0.671,0.559,0.553,0.496,0.464,0.418,0.567,0.499,0.530,0.511,0.619,0.591,0.613,0.644,0.735
 "56000","Wyoming",7,SAACCompLQ,135,"...","  Industrial design services","Location quotient",0.364,0.522,0.325,0.266,0.213,0.162,0.227,1.827,2.424,(D),1.876,(D),(D),(D),(D),(D),(D)
 "56000","Wyoming",7,SAACCompLQ,136,"...","  Graphic design services","Location quotient",0.105,(D),0.079,(D),0.093,0.103,0.133,0.126,0.141,(D),0.100,0.072,0.071,0.069,0.056,0.062,0.085
 "56000","Wyoming",7,SAACCompLQ,137,"...","  Computer systems design","Location quotient",(D),(D),(D),0.148,0.135,(D),(D),(D),(D),(D),(D),(D),(D),(D),(D),(D),(D)
 "56000","Wyoming",7,SAACCompLQ,138,"...","  Photography and photofinishing services","Location quotient",0.538,0.567,0.551,(D),0.566,0.482,0.416,0.369,0.415,(D),0.368,0.357,(D),0.310,0.280,0.307,(D)
 "56000","Wyoming",7,SAACCompLQ,139,"...","  All other design services","Location quotient",0.290,(D),0.207,(D),0.152,0.190,0.168,0.174,0.145,(D),0.052,(D),(D),(D),(D),(D),(D)
 "56000","Wyoming",7,SAACCompLQ,140,"...","  Fine arts education","Location quotient",0.369,0.355,0.388,(D),(D),(D),0.569,0.605,0.573,0.591,0.591,0.611,0.637,0.614,0.692,0.787,0.812
 "56000","Wyoming",7,SAACCompLQ,150,"...","  Education services","Location quotient",0.280,0.333,0.470,0.260,0.252,0.235,0.221,0.231,0.220,0.220,0.209,0.208,0.206,0.204,0.216,0.256,0.254
 "56000","Wyoming",7,SAACCompLQ,200,"..."," Supporting arts and cultural production","Location quotient",1.501,1.483,1.642,1.521,1.466,1.367,1.295,1.253,1.337,1.326,1.333,1.277,1.206,1.205,1.205,1.277,1.312
 "56000","Wyoming",7,SAACCompLQ,211,"...","  Rental and leasing","Location quotient",1.157,1.569,0.729,0.805,1.146,1.263,1.587,2.023,1.717,2.031,1.758,1.229,2.562,2.822,2.121,2.024,(D)
 "56000","Wyoming",7,SAACCompLQ,212,"...","  Grantmaking and giving services","Location quotient",0.745,0.824,0.905,0.964,0.836,0.770,0.582,0.563,0.594,0.635,(D),0.542,(D),(D),0.646,(D),(D)
 "56000","Wyoming",7,SAACCompLQ,213,"...","  Unions","Location quotient",(D),(D),(D),(D),(D),0.244,(D),0.224,(D),0.252,0.240,(D),0.240,0.254,0.267,(D),(D)
 "56000","Wyoming",7,SAACCompLQ,214,"...","  Government","Location quotient",3.092,2.936,3.375,3.079,3.058,2.937,3.012,2.826,2.939,2.924,2.872,2.915,2.882,2.918,3.074,3.346,3.454
 "56000","Wyoming",7,SAACCompLQ,215,"...","  Other support services","Location quotient",0.991,0.459,0.321,0.411,0.253,0.231,0.169,0.174,0.111,0.101,0.104,0.100,0.074,0.106,0.208,0.214,0.223
 "56000","Wyoming",7,SAACCompLQ,221,"...","  Publishing","Location quotient",0.387,(D),(D),(D),0.372,0.335,0.314,0.293,0.295,0.287,(D),(D),(D),(D),(D),(D),(D)
 "56000","Wyoming",7,SAACCompLQ,222,"...","  Motion pictures","Location quotient",0.182,0.216,0.176,0.164,0.189,0.174,0.189,0.158,0.178,0.186,0.201,0.194,0.212,0.211,0.227,0.203,0.175
 "56000","Wyoming",7,SAACCompLQ,223,"...","  Sound recording","Location quotient",(D),(D),(D),0.069,0.109,0.115,(D),0.206,0.216,0.202,0.185,0.166,0.178,0.164,0.194,0.186,(D)
 "56000","Wyoming",7,SAACCompLQ,224,"...","  Broadcasting","Location quotient",0.679,0.696,0.732,0.812,0.721,0.679,0.678,0.682,0.737,0.747,0.748,0.762,(D),(D),(D),(D),(D)
 "56000","Wyoming",7,SAACCompLQ,225,"...","  Other information services","Location quotient",0.102,0.128,0.155,0.155,0.180,0.347,0.152,(D),(D),(D),(D),(D),(D),(D),(D),0.066,0.097
 "56000","Wyoming",7,SAACCompLQ,231,"...","  Jewelry and silverware manufacturing","Location quotient",(D),(D),(D),(D),(D),(D),0.051,0.045,(D),(D),(D),(D),(D),(D),(D),(D),(D)
 "56000","Wyoming",7,SAACCompLQ,232,"...","  Printed goods manufacturing","Location quotient",0.218,0.189,0.201,0.213,0.215,0.200,0.174,0.178,0.172,0.193,0.224,0.236,0.230,(D),0.214,0.225,0.232
 "56000","Wyoming",7,SAACCompLQ,233,"...","  Musical instruments manufacturing","Location quotient",0.000,0.000,(D),(D),0.000,0.000,0.000,0.000,0.000,0.000,0.000,0.000,0.000,0.000,0.000,0.000,0.000
 "56000","Wyoming",7,SAACCompLQ,234,"...","  Custom architectural woodwork and metalwork manufacturing","Location quotient",0.431,0.385,0.365,(D),0.352,0.377,0.328,(D),(D),(D),(D),0.276,0.252,0.277,0.280,0.253,0.249
 "56000","Wyoming",7,SAACCompLQ,236,"...","  Other goods manufacturing","Location quotient",(D),0.780,0.811,0.925,1.047,1.055,0.952,0.890,0.947,0.961,0.774,0.750,0.826,0.896,0.928,1.052,1.157
 "56000","Wyoming",7,SAACCompLQ,240,"...","  Construction","Location quotient",1.542,1.084,1.823,2.082,1.883,1.943,1.801,2.227,2.256,2.036,4.119,3.143,1.881,2.205,1.190,1.038,1.750
 "56000","Wyoming",7,SAACCompLQ,250,"...","  Wholesale and transportation industries","Location quotient",0.172,0.151,(D),(D),0.180,(D),0.159,(D),(D),(D),(D),(D),0.297,0.290,(D),0.248,(D)
 "56000","Wyoming",7,SAACCompLQ,260,"...","  Retail industries","Location quotient",1.368,1.303,1.324,1.385,1.402,1.319,1.193,1.133,1.045,0.953,0.765,0.908,0.750,0.649,0.638,0.616,(D)
 "56000","Wyoming",7,SAACCompLQ,300,"..."," All other industries 2/","Location quotient",(D),(D),(D),(D),(D),(D),(D),(D),0.870,0.870,0.890,0.881,0.868,0.867,0.854,0.823,0.838
"Note: See the included footnote file."
"SAACCompLQ: Arts Compensation Location Quotient 1/"
"Last updated: March 17, 2020-- new statistics for 2017; revised statistics for 2001-2016. "
"Source: U.S. Department of Commerce / Bureau of Economic Analysis / Regional Economic Accounts"
