GeoFIPS,GeoName,Region,TableName,LineCode,IndustryClassification,Description,Unit,2001,2002,2003,2004,2005,2006,2007,2008,2009,2010,2011,2012,2013,2014,2015,2016,2017
 "01000","Alabama",5,SAACArtsComp,1,"...","Total compensation","Thousands of dollars",72064289,74181781,77119173,81625109,86396868,91146699,95286214,97638925,95339018,96826713,98908702,100368737,102185571,106012916,110349255,112914446,116079361
 "01000","Alabama",5,SAACArtsComp,10,"...","Total ACPSA compensation","Thousands of dollars",2324425,2439800,2383068,2394460,2396917,2388195,2364521,2406192,2334164,2323466,2366340,2301784,2328108,2395495,2485334,2485231,2531792
 "01000","Alabama",5,SAACArtsComp,100,"..."," Core arts and cultural production","Thousands of dollars",241165,252670,259548,264496,278895,296302,309949,329961,321495,299217,288306,306156,301959,310824,317705,329640,349504
 "01000","Alabama",5,SAACArtsComp,111,"...","  Performing arts companies","Thousands of dollars",22663,19591,19305,20302,19980,19148,18476,19040,20738,20596,21283,19770,18744,19983,19414,20204,(D)
 "01000","Alabama",5,SAACArtsComp,112,"...","  Promoters of performing arts and similar events","Thousands of dollars",5434,10248,10332,7947,8069,8972,9224,10448,13899,14466,16096,19645,21085,21864,20997,24083,17310
 "01000","Alabama",5,SAACArtsComp,113,"...","  Agents/managers for artists","Thousands of dollars",714,515,607,642,576,616,807,767,1019,1211,787,768,1079,1074,997,1086,1083
 "01000","Alabama",5,SAACArtsComp,114,"...","  Independent artists, writers, and performers","Thousands of dollars",5707,5778,8274,7679,10599,10679,8085,9521,9002,8054,7747,7189,9964,7676,8773,10528,11824
 "01000","Alabama",5,SAACArtsComp,120,"...","  Museums","Thousands of dollars",7378,15080,(D),(D),(D),18118,(D),(D),(D),20448,(D),24984,25117,(D),(D),27393,27916
 "01000","Alabama",5,SAACArtsComp,131,"...","  Advertising","Thousands of dollars",38911,37287,38565,43590,46600,49531,50895,54541,47278,47936,46162,46525,(D),48353,49069,(D),53926
 "01000","Alabama",5,SAACArtsComp,132,"...","  Architectural services","Thousands of dollars",65823,64200,70661,73016,80902,91094,102254,106287,98202,78814,75187,76164,77907,76947,83246,84585,99823
 "01000","Alabama",5,SAACArtsComp,133,"...","  Landscape architectural services","Thousands of dollars",5920,5603,6094,4046,3685,4756,4898,5074,5072,6660,6034,6201,6472,8246,7503,7985,7888
 "01000","Alabama",5,SAACArtsComp,134,"...","  Interior design services","Thousands of dollars",5482,5025,5063,5232,5149,5964,7266,5984,4721,4944,4295,5866,4329,4564,5144,6288,6808
 "01000","Alabama",5,SAACArtsComp,135,"...","  Industrial design services","Thousands of dollars",728,570,705,475,536,896,835,3700,3750,3748,3507,3681,1584,1716,1687,1930,2092
 "01000","Alabama",5,SAACArtsComp,136,"...","  Graphic design services","Thousands of dollars",6902,6734,7203,8309,8670,9158,9342,10654,9923,9976,8513,11077,9464,10918,12328,13226,16327
 "01000","Alabama",5,SAACArtsComp,137,"...","  Computer systems design","Thousands of dollars",9219,9689,10820,10978,11098,11535,13283,16388,16933,17637,18233,20226,18847,19974,20709,20375,20767
 "01000","Alabama",5,SAACArtsComp,138,"...","  Photography and photofinishing services","Thousands of dollars",42425,44997,40849,37160,34543,31112,30388,30971,31461,28660,(D),(D),(D),(D),(D),(D),(D)
 "01000","Alabama",5,SAACArtsComp,139,"...","  All other design services","Thousands of dollars",764,876,716,923,899,941,1071,1212,1108,901,971,1284,1114,1295,1075,889,1211
 "01000","Alabama",5,SAACArtsComp,140,"...","  Fine arts education","Thousands of dollars",7444,6597,(D),(D),(D),12767,(D),(D),(D),13258,12789,(D),(D),12313,12710,13004,13635
 "01000","Alabama",5,SAACArtsComp,150,"...","  Education services","Thousands of dollars",15653,19880,19065,19605,20812,21014,20277,20771,22378,21909,22488,23873,24913,26107,28770,28129,28035
 "01000","Alabama",5,SAACArtsComp,200,"..."," Supporting arts and cultural production","Thousands of dollars",1968549,2068278,2005647,2008604,1990837,1960994,1918339,1941038,1883366,1904845,1959557,1883921,1916168,1968281,2045698,2029598,2054984
 "01000","Alabama",5,SAACArtsComp,211,"...","  Rental and leasing","Thousands of dollars",20866,32380,28611,30018,26270,27579,24100,17741,15516,14638,10218,10074,10223,10394,12030,11472,10541
 "01000","Alabama",5,SAACArtsComp,212,"...","  Grantmaking and giving services","Thousands of dollars",1105,1313,1668,1674,1975,1519,1764,1648,1863,1637,1940,1548,1765,1945,2246,2205,2445
 "01000","Alabama",5,SAACArtsComp,213,"...","  Unions","Thousands of dollars",4371,3342,3730,3998,4249,4892,4442,4813,5102,4886,5093,4577,4993,4974,5052,5056,5488
 "01000","Alabama",5,SAACArtsComp,214,"...","  Government","Thousands of dollars",1023820,1047993,997952,932004,889077,833027,791099,837540,872251,890040,895373,871619,891209,908208,933436,936305,947580
 "01000","Alabama",5,SAACArtsComp,215,"...","  Other support services","Thousands of dollars",604,446,530,567,511,679,809,775,(D),(D),603,624,564,592,666,605,890
 "01000","Alabama",5,SAACArtsComp,221,"...","  Publishing","Thousands of dollars",147563,148223,166503,169447,171420,172502,181252,182559,173491,153986,(D),(D),(D),(D),(D),(D),166470
 "01000","Alabama",5,SAACArtsComp,222,"...","  Motion pictures","Thousands of dollars",25022,26862,31060,29375,29671,32211,34880,35130,38138,37306,37668,35803,32909,38050,44857,42056,48096
 "01000","Alabama",5,SAACArtsComp,223,"...","  Sound recording","Thousands of dollars",2344,1963,1694,2310,2182,(D),2727,3735,3851,3003,2949,3325,3660,5355,6080,6051,5951
 "01000","Alabama",5,SAACArtsComp,224,"...","  Broadcasting","Thousands of dollars",(D),(D),(D),(D),(D),360036,365082,371277,362852,356218,388932,385107,396963,410076,399657,393171,369917
 "01000","Alabama",5,SAACArtsComp,225,"...","  Other information services","Thousands of dollars",(D),(D),(D),(D),9974,(D),9015,(D),(D),13850,(D),(D),13822,13775,(D),(D),(D)
 "01000","Alabama",5,SAACArtsComp,231,"...","  Jewelry and silverware manufacturing","Thousands of dollars",1365,1318,1970,2033,2307,2744,3210,3735,2317,1800,1599,2304,2780,2766,2797,3046,4164
 "01000","Alabama",5,SAACArtsComp,232,"...","  Printed goods manufacturing","Thousands of dollars",(D),39447,(D),34223,34167,37405,41980,42735,(D),(D),28859,27906,29438,30200,29754,28273,27883
 "01000","Alabama",5,SAACArtsComp,233,"...","  Musical instruments manufacturing","Thousands of dollars",(D),(D),(D),(D),(D),0,0,(D),(D),0,0,0,0,0,0,0,0
 "01000","Alabama",5,SAACArtsComp,234,"...","  Custom architectural woodwork and metalwork manufacturing","Thousands of dollars",(D),(D),(D),(D),(D),27432,36686,39628,31268,27787,28392,(D),(D),(D),(D),(D),(D)
 "01000","Alabama",5,SAACArtsComp,236,"...","  Other goods manufacturing","Thousands of dollars",17785,17191,17585,19444,19085,22335,35776,30112,23479,22990,19066,18111,19560,22218,(D),27238,28796
 "01000","Alabama",5,SAACArtsComp,240,"...","  Construction","Thousands of dollars",122801,145606,139819,154431,147642,138349,98296,67871,52023,95237,91925,60760,57875,75325,107314,92252,116172
 "01000","Alabama",5,SAACArtsComp,250,"...","  Wholesale and transportation industries","Thousands of dollars",88717,87866,86204,94664,100635,117615,119419,123994,97005,97448,102514,96464,97351,93739,101172,106231,107099
 "01000","Alabama",5,SAACArtsComp,260,"...","  Retail industries","Thousands of dollars",143212,155105,153688,159182,166035,166940,167803,166645,159087,156344,174000,164778,164835,163388,152771,159212,158255
 "01000","Alabama",5,SAACArtsComp,300,"..."," All other industries 2/","Thousands of dollars",114711,118851,117872,121359,127186,130898,136233,135193,129304,119404,118477,111707,109981,116391,121931,125993,127303
"Note: See the included footnote file."
"SAACArtsComp: ACPSA compensation by ACPSA industry 1/"
"Last updated: March 17, 2020-- new statistics for 2017; revised statistics for 2001-2016. "
"Source: U.S. Department of Commerce / Bureau of Economic Analysis / Regional Economic Accounts"
