GeoFIPS,GeoName,Region,TableName,LineCode,IndustryClassification,Description,Unit,2001,2002,2003,2004,2005,2006,2007,2008,2009,2010,2011,2012,2013,2014,2015,2016,2017
 "40000","Oklahoma",6,SAACArtsEmp,1,"...","Total employment","Number of jobs",1577432,1556369,1524583,1543494,1573687,1616318,1645544,1673566,1618778,1605946,1624865,1657282,1679717,1699513,1705781,1689100,1694585
 "40000","Oklahoma",6,SAACArtsEmp,10,"...","Total ACPSA employment","Number of jobs",48198,48796,46299,46252,45726,45928,45719,45692,43557,44176,43842,43487,43225,43633,41844,41736,42010
 "40000","Oklahoma",6,SAACArtsEmp,100,"..."," Core arts and cultural production","Number of jobs",7603,7664,7474,7328,7229,7160,7206,7035,6568,6342,6546,(D),6507,6800,6811,7187,7001
 "40000","Oklahoma",6,SAACArtsEmp,111,"...","  Performing arts companies","Number of jobs",626,587,654,620,588,603,517,473,587,525,572,524,530,589,579,592,596
 "40000","Oklahoma",6,SAACArtsEmp,112,"...","  Promoters of performing arts and similar events","Number of jobs",256,382,381,235,186,237,365,239,224,308,331,299,254,255,283,320,347
 "40000","Oklahoma",6,SAACArtsEmp,113,"...","  Agents/managers for artists","Number of jobs",21,20,14,16,24,16,13,14,11,22,30,30,37,44,43,41,27
 "40000","Oklahoma",6,SAACArtsEmp,114,"...","  Independent artists, writers, and performers","Number of jobs",119,113,118,130,126,122,163,164,130,130,178,154,159,175,157,177,173
 "40000","Oklahoma",6,SAACArtsEmp,120,"...","  Museums","Number of jobs",418,486,512,569,544,583,633,678,652,(D),(D),808,866,928,(D),1111,1137
 "40000","Oklahoma",6,SAACArtsEmp,131,"...","  Advertising","Number of jobs",985,932,895,859,838,789,710,720,661,692,635,705,675,775,763,804,688
 "40000","Oklahoma",6,SAACArtsEmp,132,"...","  Architectural services","Number of jobs",1118,1132,1156,1203,1294,1275,1283,1319,1122,1060,1054,1053,1048,1048,1071,1148,1186
 "40000","Oklahoma",6,SAACArtsEmp,133,"...","  Landscape architectural services","Number of jobs",324,372,346,306,301,306,299,325,339,301,258,265,256,257,243,252,235
 "40000","Oklahoma",6,SAACArtsEmp,134,"...","  Interior design services","Number of jobs",227,234,163,184,199,229,239,259,212,205,230,264,257,274,291,304,276
 "40000","Oklahoma",6,SAACArtsEmp,135,"...","  Industrial design services","Number of jobs",5,3,3,10,11,13,12,3,3,3,3,3,(D),(D),5,7,7
 "40000","Oklahoma",6,SAACArtsEmp,136,"...","  Graphic design services","Number of jobs",351,333,352,347,339,396,406,403,400,375,356,327,331,366,393,359,349
 "40000","Oklahoma",6,SAACArtsEmp,137,"...","  Computer systems design","Number of jobs",85,73,71,76,79,80,90,103,103,98,97,103,102,116,128,126,131
 "40000","Oklahoma",6,SAACArtsEmp,138,"...","  Photography and photofinishing services","Number of jobs",2155,1994,1830,1734,1639,1513,1482,1451,1243,(D),(D),(D),(D),(D),(D),919,806
 "40000","Oklahoma",6,SAACArtsEmp,139,"...","  All other design services","Number of jobs",25,18,45,60,69,20,12,8,17,14,14,14,(D),(D),3,4,4
 "40000","Oklahoma",6,SAACArtsEmp,140,"...","  Fine arts education","Number of jobs",439,424,428,428,458,501,478,449,505,499,489,508,544,612,593,615,601
 "40000","Oklahoma",6,SAACArtsEmp,150,"...","  Education services","Number of jobs",449,561,506,552,535,477,503,426,360,355,371,422,444,371,389,408,438
 "40000","Oklahoma",6,SAACArtsEmp,200,"..."," Supporting arts and cultural production","Number of jobs",38216,38779,36627,36772,36341,36613,36307,36486,34945,35988,35473,35135,35043,35090,33272,32800,33284
 "40000","Oklahoma",6,SAACArtsEmp,211,"...","  Rental and leasing","Number of jobs",1024,971,977,979,891,869,803,752,680,555,461,407,381,335,312,259,259
 "40000","Oklahoma",6,SAACArtsEmp,212,"...","  Grantmaking and giving services","Number of jobs",44,45,47,42,44,50,56,55,55,53,47,57,58,60,65,67,64
 "40000","Oklahoma",6,SAACArtsEmp,213,"...","  Unions","Number of jobs",182,142,119,113,105,103,88,96,117,106,119,117,127,115,126,112,124
 "40000","Oklahoma",6,SAACArtsEmp,214,"...","  Government","Number of jobs",16405,16548,15146,14733,13906,13107,12310,12177,12502,12817,12669,12511,12683,12236,12212,12065,12220
 "40000","Oklahoma",6,SAACArtsEmp,215,"...","  Other support services","Number of jobs",43,26,23,23,23,23,27,64,55,65,59,40,39,35,34,37,31
 "40000","Oklahoma",6,SAACArtsEmp,221,"...","  Publishing","Number of jobs",2944,3027,3095,2915,2812,2880,3025,2961,2664,2442,2446,2410,2355,2291,2278,2214,2006
 "40000","Oklahoma",6,SAACArtsEmp,222,"...","  Motion pictures","Number of jobs",1657,1591,1548,1591,1502,1472,1495,1812,1934,1921,1742,1836,1771,1736,1994,2003,1980
 "40000","Oklahoma",6,SAACArtsEmp,223,"...","  Sound recording","Number of jobs",512,393,255,192,117,(D),(D),114,102,(D),94,77,63,(D),62,(D),53
 "40000","Oklahoma",6,SAACArtsEmp,224,"...","  Broadcasting","Number of jobs",4746,(D),(D),(D),4738,4780,4729,4950,4736,4783,4947,4907,4686,4777,4738,4699,4828
 "40000","Oklahoma",6,SAACArtsEmp,225,"...","  Other information services","Number of jobs",194,197,227,(D),333,360,270,251,260,229,234,238,278,292,307,334,357
 "40000","Oklahoma",6,SAACArtsEmp,231,"...","  Jewelry and silverware manufacturing","Number of jobs",461,489,468,475,500,433,415,393,292,258,(D),(D),(D),342,(D),346,(D)
 "40000","Oklahoma",6,SAACArtsEmp,232,"...","  Printed goods manufacturing","Number of jobs",(D),(D),(D),634,(D),614,(D),(D),(D),560,528,469,448,434,391,402,379
 "40000","Oklahoma",6,SAACArtsEmp,233,"...","  Musical instruments manufacturing","Number of jobs",(D),(D),(D),(D),(D),(D),9,(D),(D),(D),(D),(D),(D),(D),(D),(D),(D)
 "40000","Oklahoma",6,SAACArtsEmp,234,"...","  Custom architectural woodwork and metalwork manufacturing","Number of jobs",185,254,249,259,(D),284,392,402,339,343,417,454,406,457,507,521,495
 "40000","Oklahoma",6,SAACArtsEmp,236,"...","  Other goods manufacturing","Number of jobs",652,579,640,620,618,575,661,545,396,369,346,369,369,407,442,426,401
 "40000","Oklahoma",6,SAACArtsEmp,240,"...","  Construction","Number of jobs",1347,1518,1203,1550,1715,2449,2575,2363,2151,2639,1667,1413,1586,1727,1968,2210,2973
 "40000","Oklahoma",6,SAACArtsEmp,250,"...","  Wholesale and transportation industries","Number of jobs",1107,2002,2058,2177,2411,2739,2825,2950,2359,3130,3706,3839,3782,4139,1769,1715,1755
 "40000","Oklahoma",6,SAACArtsEmp,260,"...","  Retail industries","Number of jobs",5811,5719,5593,5648,5728,5757,5813,5925,5694,5612,5744,5616,5624,5618,5700,5309,5279
 "40000","Oklahoma",6,SAACArtsEmp,300,"..."," All other industries 2/","Number of jobs",2379,2353,2198,2152,2155,2155,2207,2171,2044,1846,1823,(D),1675,1742,1762,1748,1724
"Note: See the included footnote file."
"SAACArtsEmp: ACPSA full-time and part-time employment by ACPSA industry 1/"
"Last updated: March 17, 2020-- new statistics for 2017; revised statistics for 2001-2016. "
"Source: U.S. Department of Commerce / Bureau of Economic Analysis / Regional Economic Accounts"
