GeoFIPS,GeoName,Region,TableName,LineCode,IndustryClassification,Description,Unit,2001,2002,2003,2004,2005,2006,2007,2008,2009,2010,2011,2012,2013,2014,2015,2016,2017
 "02000","Alaska",8,SAACArtsEmp,1,"...","Total employment","Number of jobs",313492,319545,323689,329719,335454,342900,346504,351102,350471,352399,358363,364972,365773,365894,367734,361189,356975
 "02000","Alaska",8,SAACArtsEmp,10,"...","Total ACPSA employment","Number of jobs",15408,15796,14988,13850,13322,12970,12720,12838,12459,12555,12344,12426,12369,12038,12013,12061,11847
 "02000","Alaska",8,SAACArtsEmp,100,"..."," Core arts and cultural production","Number of jobs",1688,1679,1702,1573,1705,1705,1737,1738,1649,1556,1590,1639,1684,1729,1704,1696,1717
 "02000","Alaska",8,SAACArtsEmp,111,"...","  Performing arts companies","Number of jobs",290,305,269,136,169,165,170,148,175,141,160,179,176,167,155,178,209
 "02000","Alaska",8,SAACArtsEmp,112,"...","  Promoters of performing arts and similar events","Number of jobs",(D),(D),(D),50,(D),55,108,114,129,117,137,136,136,138,129,136,145
 "02000","Alaska",8,SAACArtsEmp,113,"...","  Agents/managers for artists","Number of jobs",(D),(D),(D),(D),(D),(D),(D),(D),0,(D),(D),(D),(D),(D),(D),(D),(D)
 "02000","Alaska",8,SAACArtsEmp,114,"...","  Independent artists, writers, and performers","Number of jobs",72,60,59,(D),73,(D),(D),(D),38,(D),(D),(D),(D),(D),(D),(D),(D)
 "02000","Alaska",8,SAACArtsEmp,120,"...","  Museums","Number of jobs",255,271,306,344,385,420,441,455,354,332,339,346,354,371,370,358,380
 "02000","Alaska",8,SAACArtsEmp,131,"...","  Advertising","Number of jobs",179,166,145,150,145,139,119,126,138,146,144,(D),166,(D),196,178,188
 "02000","Alaska",8,SAACArtsEmp,132,"...","  Architectural services","Number of jobs",358,364,385,396,426,414,428,412,384,366,352,343,338,328,294,259,218
 "02000","Alaska",8,SAACArtsEmp,133,"...","  Landscape architectural services","Number of jobs",(D),(D),42,46,46,(D),(D),(D),(D),(D),(D),23,(D),(D),(D),(D),(D)
 "02000","Alaska",8,SAACArtsEmp,134,"...","  Interior design services","Number of jobs",21,(D),29,(D),24,(D),(D),(D),21,19,(D),13,13,12,(D),(D),12
 "02000","Alaska",8,SAACArtsEmp,135,"...","  Industrial design services","Number of jobs",0,0,0,(D),(D),(D),(D),(D),(D),0,0,(D),(D),(D),(D),(D),(D)
 "02000","Alaska",8,SAACArtsEmp,136,"...","  Graphic design services","Number of jobs",13,(D),18,(D),17,(D),10,10,9,(D),16,19,23,35,47,48,45
 "02000","Alaska",8,SAACArtsEmp,137,"...","  Computer systems design","Number of jobs",14,15,(D),12,13,15,(D),16,19,20,21,21,21,18,17,18,18
 "02000","Alaska",8,SAACArtsEmp,138,"...","  Photography and photofinishing services","Number of jobs",(D),165,153,136,145,(D),(D),(D),(D),(D),94,89,93,(D),(D),(D),(D)
 "02000","Alaska",8,SAACArtsEmp,139,"...","  All other design services","Number of jobs",0,0,0,0,(D),(D),(D),(D),(D),(D),(D),(D),(D),(D),(D),(D),(D)
 "02000","Alaska",8,SAACArtsEmp,140,"...","  Fine arts education","Number of jobs",129,(D),(D),147,151,181,(D),189,(D),176,185,205,229,246,285,309,310
 "02000","Alaska",8,SAACArtsEmp,150,"...","  Education services","Number of jobs",67,67,69,60,57,57,59,58,57,57,57,53,55,56,54,48,51
 "02000","Alaska",8,SAACArtsEmp,200,"..."," Supporting arts and cultural production","Number of jobs",13300,13688,12872,11866,11205,10854,10563,10686,10403,10624,10383,10437,10346,9960,9958,10015,9792
 "02000","Alaska",8,SAACArtsEmp,211,"...","  Rental and leasing","Number of jobs",(D),(D),247,225,207,201,182,168,150,133,(D),(D),72,(D),(D),(D),(D)
 "02000","Alaska",8,SAACArtsEmp,212,"...","  Grantmaking and giving services","Number of jobs",17,18,22,20,21,(D),21,18,21,21,21,(D),27,26,27,(D),26
 "02000","Alaska",8,SAACArtsEmp,213,"...","  Unions","Number of jobs",(D),34,(D),(D),(D),41,37,40,48,45,51,49,56,54,57,50,(D)
 "02000","Alaska",8,SAACArtsEmp,214,"...","  Government","Number of jobs",9391,9598,8603,7600,6838,6223,5664,5766,5940,6153,6110,6019,5778,5641,5554,5567,5611
 "02000","Alaska",8,SAACArtsEmp,215,"...","  Other support services","Number of jobs",5,3,3,4,4,3,3,3,2,3,2,2,2,2,2,2,2
 "02000","Alaska",8,SAACArtsEmp,221,"...","  Publishing","Number of jobs",605,601,616,559,555,547,548,516,416,369,349,321,(D),(D),(D),(D),(D)
 "02000","Alaska",8,SAACArtsEmp,222,"...","  Motion pictures","Number of jobs",445,408,408,395,(D),(D),(D),(D),354,482,401,(D),402,392,(D),(D),(D)
 "02000","Alaska",8,SAACArtsEmp,223,"...","  Sound recording","Number of jobs",23,23,22,11,(D),(D),5,6,5,4,4,3,(D),4,2,(D),(D)
 "02000","Alaska",8,SAACArtsEmp,224,"...","  Broadcasting","Number of jobs",898,942,1033,1146,1230,1297,(D),1524,1570,1624,1665,1735,1735,1806,1879,1902,1757
 "02000","Alaska",8,SAACArtsEmp,225,"...","  Other information services","Number of jobs",67,47,(D),70,(D),(D),44,(D),(D),(D),63,64,(D),(D),(D),56,56
 "02000","Alaska",8,SAACArtsEmp,231,"...","  Jewelry and silverware manufacturing","Number of jobs",20,17,18,16,20,18,16,14,9,6,4,8,7,(D),(D),(D),(D)
 "02000","Alaska",8,SAACArtsEmp,232,"...","  Printed goods manufacturing","Number of jobs",64,47,45,49,47,51,59,58,56,58,61,60,61,60,55,53,51
 "02000","Alaska",8,SAACArtsEmp,233,"...","  Musical instruments manufacturing","Number of jobs",0,0,0,0,0,0,0,0,0,0,0,0,0,0,0,0,0
 "02000","Alaska",8,SAACArtsEmp,234,"...","  Custom architectural woodwork and metalwork manufacturing","Number of jobs",(D),(D),(D),(D),14,14,(D),12,8,8,10,(D),(D),9,12,(D),(D)
 "02000","Alaska",8,SAACArtsEmp,236,"...","  Other goods manufacturing","Number of jobs",8,8,9,1,2,1,1,2,(D),(D),1,1,2,2,2,1,(D)
 "02000","Alaska",8,SAACArtsEmp,240,"...","  Construction","Number of jobs",305,492,530,486,486,638,781,765,512,426,338,512,638,410,453,499,337
 "02000","Alaska",8,SAACArtsEmp,250,"...","  Wholesale and transportation industries","Number of jobs",219,253,(D),(D),274,289,319,322,262,273,(D),(D),(D),(D),255,236,(D)
 "02000","Alaska",8,SAACArtsEmp,260,"...","  Retail industries","Number of jobs",(D),(D),945,981,1012,1053,1079,(D),992,951,913,883,884,872,853,838,881
 "02000","Alaska",8,SAACArtsEmp,300,"..."," All other industries 2/","Number of jobs",420,429,414,411,412,411,420,414,407,375,371,350,339,349,352,349,338
"Note: See the included footnote file."
"SAACArtsEmp: ACPSA full-time and part-time employment by ACPSA industry 1/"
"Last updated: March 17, 2020-- new statistics for 2017; revised statistics for 2001-2016. "
"Source: U.S. Department of Commerce / Bureau of Economic Analysis / Regional Economic Accounts"
