GeoFIPS,GeoName,Region,TableName,LineCode,IndustryClassification,Description,Unit,2001,2002,2003,2004,2005,2006,2007,2008,2009,2010,2011,2012,2013,2014,2015,2016,2017
 "46000","South Dakota",4,SAACArtsComp,1,"...","Total compensation","Thousands of dollars",12186565,12696284,13275459,14027398,14697359,15386074,16456558,17319127,17207480,17850398,18678629,19482936,19949546,21145494,22060060,22736568,23742205
 "46000","South Dakota",4,SAACArtsComp,10,"...","Total ACPSA compensation","Thousands of dollars",559330,599613,602235,603357,589081,587465,603689,625085,617115,634453,634327,647310,656032,682352,691924,705279,743378
 "46000","South Dakota",4,SAACArtsComp,100,"..."," Core arts and cultural production","Thousands of dollars",79217,86700,79239,78868,57911,60302,64158,68566,68971,68974,68193,70149,71289,78144,78017,82578,86114
 "46000","South Dakota",4,SAACArtsComp,111,"...","  Performing arts companies","Thousands of dollars",(D),2176,1931,(D),2491,2243,2213,2183,2156,2205,2370,2492,2038,2287,1934,2328,2687
 "46000","South Dakota",4,SAACArtsComp,112,"...","  Promoters of performing arts and similar events","Thousands of dollars",3265,4969,5244,5779,5964,6556,6564,6234,7049,6408,6848,7644,8284,9442,9852,11632,11847
 "46000","South Dakota",4,SAACArtsComp,113,"...","  Agents/managers for artists","Thousands of dollars",(D),(D),(D),(D),(D),(D),(D),(D),(D),0,0,(D),(D),(D),(D),(D),(D)
 "46000","South Dakota",4,SAACArtsComp,114,"...","  Independent artists, writers, and performers","Thousands of dollars",(D),(D),(D),(D),(D),(D),(D),(D),(D),3881,3745,(D),(D),(D),(D),6689,(D)
 "46000","South Dakota",4,SAACArtsComp,120,"...","  Museums","Thousands of dollars",3416,5440,4708,5341,6124,6660,7795,8201,8736,8344,9355,12453,12334,12804,11252,12465,13013
 "46000","South Dakota",4,SAACArtsComp,131,"...","  Advertising","Thousands of dollars",6172,(D),6711,7366,8269,(D),9379,9237,8809,(D),9379,9328,(D),(D),(D),(D),11626
 "46000","South Dakota",4,SAACArtsComp,132,"...","  Architectural services","Thousands of dollars",10036,9168,9774,10246,10572,10619,12096,14097,13766,14640,14016,13643,14397,17046,15652,15378,16167
 "46000","South Dakota",4,SAACArtsComp,133,"...","  Landscape architectural services","Thousands of dollars",1939,1542,1538,1378,1400,1791,1842,2573,1868,2125,1554,1561,1548,1390,1314,1157,1188
 "46000","South Dakota",4,SAACArtsComp,134,"...","  Interior design services","Thousands of dollars",192,270,416,(D),(D),(D),(D),(D),(D),(D),(D),(D),(D),(D),(D),(D),(D)
 "46000","South Dakota",4,SAACArtsComp,135,"...","  Industrial design services","Thousands of dollars",(D),(D),0,0,0,0,0,0,0,0,0,0,0,0,0,0,0
 "46000","South Dakota",4,SAACArtsComp,136,"...","  Graphic design services","Thousands of dollars",1753,1940,979,893,1001,1011,1068,1154,968,945,916,1434,1218,1229,1335,1463,1548
 "46000","South Dakota",4,SAACArtsComp,137,"...","  Computer systems design","Thousands of dollars",(D),(D),(D),394,447,550,(D),790,874,909,1044,1377,1590,1691,1899,2168,2296
 "46000","South Dakota",4,SAACArtsComp,138,"...","  Photography and photofinishing services","Thousands of dollars",42632,46624,37941,35548,11647,10576,10477,11216,11930,11145,9545,7416,(D),(D),(D),(D),(D)
 "46000","South Dakota",4,SAACArtsComp,139,"...","  All other design services","Thousands of dollars",(D),(D),25,(D),(D),(D),(D),(D),(D),(D),(D),(D),(D),(D),(D),(D),(D)
 "46000","South Dakota",4,SAACArtsComp,140,"...","  Fine arts education","Thousands of dollars",(D),364,558,688,(D),(D),(D),(D),(D),(D),(D),(D),(D),1880,2008,2126,2083
 "46000","South Dakota",4,SAACArtsComp,150,"...","  Education services","Thousands of dollars",5009,6446,7117,6704,6779,7093,7064,7490,7705,7832,7974,8464,8078,8766,9162,9883,9811
 "46000","South Dakota",4,SAACArtsComp,200,"..."," Supporting arts and cultural production","Thousands of dollars",461052,493009,503192,504191,510116,505633,516326,532614,524647,543230,543477,555206,563046,580710,589039,596917,630848
 "46000","South Dakota",4,SAACArtsComp,211,"...","  Rental and leasing","Thousands of dollars",3598,3366,2802,2818,2887,3234,3107,(D),(D),(D),(D),(D),(D),(D),(D),1093,783
 "46000","South Dakota",4,SAACArtsComp,212,"...","  Grantmaking and giving services","Thousands of dollars",449,558,653,601,789,954,1194,1168,1354,1025,971,812,827,936,1130,1085,1165
 "46000","South Dakota",4,SAACArtsComp,213,"...","  Unions","Thousands of dollars",554,469,528,635,603,698,609,645,665,618,629,(D),665,648,626,662,765
 "46000","South Dakota",4,SAACArtsComp,214,"...","  Government","Thousands of dollars",255598,274291,269540,262597,250042,240788,232500,242487,254578,268352,271543,266938,266707,280353,287154,301121,323975
 "46000","South Dakota",4,SAACArtsComp,215,"...","  Other support services","Thousands of dollars",(D),(D),(D),(D),548,(D),(D),(D),(D),493,(D),(D),(D),(D),(D),(D),(D)
 "46000","South Dakota",4,SAACArtsComp,221,"...","  Publishing","Thousands of dollars",(D),(D),(D),(D),32286,33237,35963,35287,33637,32139,(D),(D),(D),(D),(D),(D),(D)
 "46000","South Dakota",4,SAACArtsComp,222,"...","  Motion pictures","Thousands of dollars",5516,(D),6698,6896,7221,9238,11876,(D),10087,9555,9498,9283,9973,12095,11865,11150,12113
 "46000","South Dakota",4,SAACArtsComp,223,"...","  Sound recording","Thousands of dollars",157,(D),158,156,230,219,100,134,136,79,85,106,123,135,165,155,117
 "46000","South Dakota",4,SAACArtsComp,224,"...","  Broadcasting","Thousands of dollars",48886,54362,(D),(D),(D),(D),82622,85913,88179,94370,99522,103730,101365,(D),(D),(D),(D)
 "46000","South Dakota",4,SAACArtsComp,225,"...","  Other information services","Thousands of dollars",851,654,763,992,1128,1621,918,1181,1205,966,1001,1089,1226,1896,2198,2566,2817
 "46000","South Dakota",4,SAACArtsComp,231,"...","  Jewelry and silverware manufacturing","Thousands of dollars",25490,21943,24917,27422,29180,30081,31479,37249,21761,16002,11423,15549,15684,17531,15758,15567,17092
 "46000","South Dakota",4,SAACArtsComp,232,"...","  Printed goods manufacturing","Thousands of dollars",8824,7939,8256,9365,10128,10775,13346,13793,13133,12596,11373,11867,12527,12150,11343,11225,11482
 "46000","South Dakota",4,SAACArtsComp,233,"...","  Musical instruments manufacturing","Thousands of dollars",(D),(D),(D),(D),(D),(D),(D),(D),(D),(D),(D),(D),(D),(D),(D),(D),(D)
 "46000","South Dakota",4,SAACArtsComp,234,"...","  Custom architectural woodwork and metalwork manufacturing","Thousands of dollars",(D),6099,(D),(D),10283,(D),(D),18083,13527,(D),(D),(D),17226,19303,(D),11969,10692
 "46000","South Dakota",4,SAACArtsComp,236,"...","  Other goods manufacturing","Thousands of dollars",19,(D),(D),21,25,259,308,259,211,(D),74,87,92,63,61,61,66
 "46000","South Dakota",4,SAACArtsComp,240,"...","  Construction","Thousands of dollars",16870,20654,19654,17404,29683,26777,19061,20067,25829,34353,30659,35101,42722,34660,37842,35662,55494
 "46000","South Dakota",4,SAACArtsComp,250,"...","  Wholesale and transportation industries","Thousands of dollars",22599,(D),22882,24253,22201,15476,(D),(D),12211,12086,12790,14348,14335,(D),18165,20206,20836
 "46000","South Dakota",4,SAACArtsComp,260,"...","  Retail industries","Thousands of dollars",34887,39770,43492,44275,44233,47646,48213,47328,44670,45614,44408,43784,45189,44624,45481,45620,39426
 "46000","South Dakota",4,SAACArtsComp,300,"..."," All other industries 2/","Thousands of dollars",19060,19904,19804,20298,21053,21529,23205,23905,23497,22249,22657,21955,21696,23498,24868,25784,26416
"Note: See the included footnote file."
"SAACArtsComp: ACPSA compensation by ACPSA industry 1/"
"Last updated: March 17, 2020-- new statistics for 2017; revised statistics for 2001-2016. "
"Source: U.S. Department of Commerce / Bureau of Economic Analysis / Regional Economic Accounts"
