GeoFIPS,GeoName,Region,TableName,LineCode,IndustryClassification,Description,Unit,2001,2002,2003,2004,2005,2006,2007,2008,2009,2010,2011,2012,2013,2014,2015,2016,2017
 "21000","Kentucky",5,SAACArtsComp,1,"...","Total compensation","Thousands of dollars",69012573,70951399,73789791,77614608,81596006,85006063,88929188,91478303,88625686,91667093,94649662,98028826,99076070,102373776,106971606,109384469,113172007
 "21000","Kentucky",5,SAACArtsComp,10,"...","Total ACPSA compensation","Thousands of dollars",2191159,2264340,2322345,2340233,2349499,2402433,2486645,2493130,2445488,2448147,2363528,2440135,2473258,2522377,2581903,2633493,2724698
 "21000","Kentucky",5,SAACArtsComp,100,"..."," Core arts and cultural production","Thousands of dollars",223722,229459,241891,234658,242078,259301,281288,293359,280540,274156,274680,307788,298448,(D),316716,337137,355100
 "21000","Kentucky",5,SAACArtsComp,111,"...","  Performing arts companies","Thousands of dollars",19254,16380,15830,19228,19367,19159,17754,19477,18778,19761,(D),(D),(D),20120,(D),(D),(D)
 "21000","Kentucky",5,SAACArtsComp,112,"...","  Promoters of performing arts and similar events","Thousands of dollars",6104,11136,11712,10551,10745,15547,21952,24429,26948,26176,24471,27551,29279,28644,26478,29275,28587
 "21000","Kentucky",5,SAACArtsComp,113,"...","  Agents/managers for artists","Thousands of dollars",2162,1226,1215,1121,909,769,1228,1434,1063,1646,2154,1287,1435,2030,1888,1764,1732
 "21000","Kentucky",5,SAACArtsComp,114,"...","  Independent artists, writers, and performers","Thousands of dollars",6726,9836,11747,9818,6195,7860,8503,9390,11067,10519,11924,9471,10805,10978,14581,16125,15625
 "21000","Kentucky",5,SAACArtsComp,120,"...","  Museums","Thousands of dollars",11268,16186,14232,15648,16842,17952,20954,21474,23052,22393,22640,38757,38542,40363,37448,45331,49761
 "21000","Kentucky",5,SAACArtsComp,131,"...","  Advertising","Thousands of dollars",38701,37720,38062,38848,40853,42784,47705,48989,46121,43876,41974,43862,45449,46872,48975,51829,55068
 "21000","Kentucky",5,SAACArtsComp,132,"...","  Architectural services","Thousands of dollars",54934,47059,50879,47957,49518,55558,63194,64056,54837,51930,52378,50645,52805,53905,62338,60242,67496
 "21000","Kentucky",5,SAACArtsComp,133,"...","  Landscape architectural services","Thousands of dollars",5943,6344,6775,5737,5249,6092,4564,5827,5511,5867,5306,5245,5412,5074,5341,5966,6793
 "21000","Kentucky",5,SAACArtsComp,134,"...","  Interior design services","Thousands of dollars",5318,4388,4645,4865,5226,6600,6944,6813,6132,5525,5135,6847,4803,5292,5841,6015,5856
 "21000","Kentucky",5,SAACArtsComp,135,"...","  Industrial design services","Thousands of dollars",1058,1045,2309,2454,6385,6180,5214,4399,3560,3091,3943,5601,4248,5348,3275,2966,2527
 "21000","Kentucky",5,SAACArtsComp,136,"...","  Graphic design services","Thousands of dollars",16582,18401,18721,17004,17824,17210,16991,18413,16579,17358,18780,27193,21075,24958,23260,24787,25491
 "21000","Kentucky",5,SAACArtsComp,137,"...","  Computer systems design","Thousands of dollars",4063,3749,4205,4975,5612,6050,7777,8047,8039,8537,9158,10231,10948,11301,12245,12682,12885
 "21000","Kentucky",5,SAACArtsComp,138,"...","  Photography and photofinishing services","Thousands of dollars",26683,29523,30247,26495,26430,25572,24115,23913,22960,21072,(D),(D),(D),(D),(D),(D),(D)
 "21000","Kentucky",5,SAACArtsComp,139,"...","  All other design services","Thousands of dollars",1126,919,863,1128,789,923,1161,1046,498,165,222,241,209,316,338,389,226
 "21000","Kentucky",5,SAACArtsComp,140,"...","  Fine arts education","Thousands of dollars",5762,4786,6209,7726,8169,8849,8820,10276,10782,10692,10205,9705,9582,8208,8130,8624,9480
 "21000","Kentucky",5,SAACArtsComp,150,"...","  Education services","Thousands of dollars",18039,20760,24239,21100,21964,22197,24411,25376,24613,25548,28473,31564,30536,30329,30984,31571,31081
 "21000","Kentucky",5,SAACArtsComp,200,"..."," Supporting arts and cultural production","Thousands of dollars",1853635,1916723,1963574,1985830,1984163,2018679,2075103,2071108,2041293,2058445,1972418,2020780,2066216,2097621,2142773,2168730,2239932
 "21000","Kentucky",5,SAACArtsComp,211,"...","  Rental and leasing","Thousands of dollars",14886,17314,14625,14991,14377,14586,13144,11392,10275,8456,7509,6955,6003,5981,6729,(D),6195
 "21000","Kentucky",5,SAACArtsComp,212,"...","  Grantmaking and giving services","Thousands of dollars",918,1002,1226,1208,1316,1719,2210,2108,2229,1802,2030,1519,1566,1716,2046,2258,2513
 "21000","Kentucky",5,SAACArtsComp,213,"...","  Unions","Thousands of dollars",4947,3896,4316,4735,4585,5480,5233,5816,6363,5900,6070,5808,6413,6287,6519,6668,7135
 "21000","Kentucky",5,SAACArtsComp,214,"...","  Government","Thousands of dollars",958453,1014768,1006395,969229,962941,966388,982654,984067,984846,1026723,980323,1004551,1045293,1049792,1057782,1075133,1116746
 "21000","Kentucky",5,SAACArtsComp,215,"...","  Other support services","Thousands of dollars",847,636,710,843,848,921,965,1532,848,732,661,721,665,689,1191,(D),(D)
 "21000","Kentucky",5,SAACArtsComp,221,"...","  Publishing","Thousands of dollars",135632,136383,134212,136694,138004,139416,146550,140878,127783,117021,125188,120264,119730,117162,119041,113769,106692
 "21000","Kentucky",5,SAACArtsComp,222,"...","  Motion pictures","Thousands of dollars",31677,35141,34552,37642,32904,31649,33005,33693,39433,36004,35260,36071,35871,38645,41284,47218,49509
 "21000","Kentucky",5,SAACArtsComp,223,"...","  Sound recording","Thousands of dollars",2442,2110,2185,2432,2694,3147,3288,3596,4296,4142,4256,5249,5696,7701,9446,10469,10237
 "21000","Kentucky",5,SAACArtsComp,224,"...","  Broadcasting","Thousands of dollars",189769,(D),(D),(D),(D),245978,267867,280342,296111,300205,313170,340794,323990,341734,325111,328857,353573
 "21000","Kentucky",5,SAACArtsComp,225,"...","  Other information services","Thousands of dollars",(D),2975,3333,5675,7755,17818,11484,12972,12579,13575,15599,15496,14738,16179,19676,20181,27548
 "21000","Kentucky",5,SAACArtsComp,231,"...","  Jewelry and silverware manufacturing","Thousands of dollars",1904,1844,2501,2869,3901,3485,2354,(D),(D),1617,3194,5014,5685,6880,5830,5387,6979
 "21000","Kentucky",5,SAACArtsComp,232,"...","  Printed goods manufacturing","Thousands of dollars",(D),(D),(D),(D),(D),(D),(D),142671,120188,112532,95654,94637,95620,92813,89049,86799,84407
 "21000","Kentucky",5,SAACArtsComp,233,"...","  Musical instruments manufacturing","Thousands of dollars",(D),(D),1598,1368,1297,1481,1419,1151,1097,977,685,468,412,363,346,455,508
 "21000","Kentucky",5,SAACArtsComp,234,"...","  Custom architectural woodwork and metalwork manufacturing","Thousands of dollars",(D),(D),(D),(D),(D),(D),(D),(D),(D),(D),12791,13263,10680,9988,13418,(D),(D)
 "21000","Kentucky",5,SAACArtsComp,236,"...","  Other goods manufacturing","Thousands of dollars",51916,52361,56079,57686,48182,51307,59599,50811,40098,35512,28129,23684,25056,26708,29998,33486,32692
 "21000","Kentucky",5,SAACArtsComp,240,"...","  Construction","Thousands of dollars",88293,101763,103241,115041,117320,119327,83929,78334,115502,92595,55266,59205,79026,86514,106187,92051,84326
 "21000","Kentucky",5,SAACArtsComp,250,"...","  Wholesale and transportation industries","Thousands of dollars",78808,76222,115953,121274,126775,127872,141436,138037,109118,130250,140835,139095,138871,138602,144355,145956,152328
 "21000","Kentucky",5,SAACArtsComp,260,"...","  Retail industries","Thousands of dollars",156285,146784,150824,154265,153315,156237,159733,160758,154523,(D),145797,147986,150900,149866,164767,179023,184476
 "21000","Kentucky",5,SAACArtsComp,300,"..."," All other industries 2/","Thousands of dollars",113802,118158,116881,119744,123258,124453,130253,128663,123655,115546,116430,111566,108594,(D),122414,127625,129666
"Note: See the included footnote file."
"SAACArtsComp: ACPSA compensation by ACPSA industry 1/"
"Last updated: March 17, 2020-- new statistics for 2017; revised statistics for 2001-2016. "
"Source: U.S. Department of Commerce / Bureau of Economic Analysis / Regional Economic Accounts"
