GeoFIPS,GeoName,Region,TableName,LineCode,IndustryClassification,Description,Unit,2001,2002,2003,2004,2005,2006,2007,2008,2009,2010,2011,2012,2013,2014,2015,2016,2017
 "53000","Washington",8,SAACArtsEmp,1,"...","Total employment","Number of jobs",2902109,2866055,2875580,2913982,2983095,3073003,3143460,3177384,3034437,2997266,3028900,3129397,3196913,3281055,3361645,3448659,3525299
 "53000","Washington",8,SAACArtsEmp,10,"...","Total ACPSA employment","Number of jobs",148729,145220,141659,138661,137724,138681,140373,142809,135490,133044,131452,132044,135021,141644,148001,158166,167004
 "53000","Washington",8,SAACArtsEmp,100,"..."," Core arts and cultural production","Number of jobs",25959,24083,23874,23601,23378,23935,24869,25309,22916,21647,21992,22257,22615,23462,24516,25952,(D)
 "53000","Washington",8,SAACArtsEmp,111,"...","  Performing arts companies","Number of jobs",3271,3056,3101,3337,3308,3230,3267,3423,3254,3061,2957,2882,2896,2920,2915,3031,3145
 "53000","Washington",8,SAACArtsEmp,112,"...","  Promoters of performing arts and similar events","Number of jobs",1151,1482,1575,1481,1660,1554,1704,1699,1791,1738,1754,1734,1919,2017,2161,2446,2553
 "53000","Washington",8,SAACArtsEmp,113,"...","  Agents/managers for artists","Number of jobs",61,57,44,41,50,44,45,59,55,48,44,41,45,47,54,57,107
 "53000","Washington",8,SAACArtsEmp,114,"...","  Independent artists, writers, and performers","Number of jobs",632,580,587,544,483,496,521,520,494,477,512,558,563,559,575,593,620
 "53000","Washington",8,SAACArtsEmp,120,"...","  Museums","Number of jobs",2058,1859,1988,2095,2036,2102,2262,2395,2283,2247,2300,2410,2469,2502,2496,2750,2848
 "53000","Washington",8,SAACArtsEmp,131,"...","  Advertising","Number of jobs",3650,3182,2882,2619,2621,2650,2573,2619,2425,2437,2659,2729,2729,2644,2670,2684,2767
 "53000","Washington",8,SAACArtsEmp,132,"...","  Architectural services","Number of jobs",4689,4159,4107,4177,4283,4721,5090,5220,4209,3746,3661,3694,3755,4006,4252,4584,4808
 "53000","Washington",8,SAACArtsEmp,133,"...","  Landscape architectural services","Number of jobs",814,791,769,693,678,726,654,637,543,425,395,392,383,402,433,452,500
 "53000","Washington",8,SAACArtsEmp,134,"...","  Interior design services","Number of jobs",405,357,370,439,480,554,610,612,509,439,434,460,508,636,702,722,725
 "53000","Washington",8,SAACArtsEmp,135,"...","  Industrial design services","Number of jobs",125,210,230,256,309,352,384,384,311,250,272,288,326,362,477,466,418
 "53000","Washington",8,SAACArtsEmp,136,"...","  Graphic design services","Number of jobs",1581,1251,1149,999,1017,1202,1332,1423,1271,1278,1405,1456,1362,1394,1392,1483,1454
 "53000","Washington",8,SAACArtsEmp,137,"...","  Computer systems design","Number of jobs",444,351,301,291,289,325,348,385,371,399,413,444,441,491,526,569,573
 "53000","Washington",8,SAACArtsEmp,138,"...","  Photography and photofinishing services","Number of jobs",4354,3803,3510,3171,2704,2469,2468,2250,1966,1755,1748,1600,1410,1357,1321,1278,(D)
 "53000","Washington",8,SAACArtsEmp,139,"...","  All other design services","Number of jobs",21,18,14,15,13,15,17,24,27,34,35,35,38,44,50,55,58
 "53000","Washington",8,SAACArtsEmp,140,"...","  Fine arts education","Number of jobs",1690,1769,1788,2016,2034,2088,2253,2320,2180,2203,2316,2439,2585,2786,3148,3472,3782
 "53000","Washington",8,SAACArtsEmp,150,"...","  Education services","Number of jobs",1012,1158,1460,1427,1414,1408,1340,1339,1229,1108,1087,1097,1183,1296,1343,1310,1289
 "53000","Washington",8,SAACArtsEmp,200,"..."," Supporting arts and cultural production","Number of jobs",118361,116771,113608,110960,110227,110628,111267,113364,108646,107833,105957,106493,109183,114791,120003,128631,136618
 "53000","Washington",8,SAACArtsEmp,211,"...","  Rental and leasing","Number of jobs",2401,2210,2367,2221,2005,1855,1690,1556,1314,881,596,487,394,294,307,367,366
 "53000","Washington",8,SAACArtsEmp,212,"...","  Grantmaking and giving services","Number of jobs",101,104,112,102,109,126,138,139,172,178,176,212,228,242,244,248,260
 "53000","Washington",8,SAACArtsEmp,213,"...","  Unions","Number of jobs",363,316,336,332,331,355,319,371,418,390,450,435,512,488,534,462,526
 "53000","Washington",8,SAACArtsEmp,214,"...","  Government","Number of jobs",52452,52860,49568,46252,43529,41012,38603,39239,38531,37915,37208,36526,36588,37157,37237,38557,39902
 "53000","Washington",8,SAACArtsEmp,215,"...","  Other support services","Number of jobs",75,35,24,30,43,43,44,39,30,29,28,21,20,21,21,49,49
 "53000","Washington",8,SAACArtsEmp,221,"...","  Publishing","Number of jobs",22446,22666,24044,23320,23924,25736,27796,28725,27889,27235,27395,27371,27196,27822,28428,29046,29481
 "53000","Washington",8,SAACArtsEmp,222,"...","  Motion pictures","Number of jobs",4862,4442,4431,4546,4575,4884,5021,5223,4945,4692,4628,4790,5047,5178,5591,5521,5811
 "53000","Washington",8,SAACArtsEmp,223,"...","  Sound recording","Number of jobs",300,305,286,(D),321,330,314,302,258,231,228,(D),220,231,(D),(D),313
 "53000","Washington",8,SAACArtsEmp,224,"...","  Broadcasting","Number of jobs",5454,5203,5274,5405,5488,5694,6120,6488,6515,6800,6800,6992,7177,7280,7429,7583,8716
 "53000","Washington",8,SAACArtsEmp,225,"...","  Other information services","Number of jobs",(D),1834,1513,2688,3415,3633,2978,3354,3233,3473,4537,5059,5653,6373,7895,9445,10424
 "53000","Washington",8,SAACArtsEmp,231,"...","  Jewelry and silverware manufacturing","Number of jobs",(D),(D),(D),246,(D),(D),(D),255,(D),(D),198,262,248,218,211,191,170
 "53000","Washington",8,SAACArtsEmp,232,"...","  Printed goods manufacturing","Number of jobs",1778,(D),(D),(D),(D),(D),(D),1496,(D),(D),1126,1083,1077,1056,975,1013,955
 "53000","Washington",8,SAACArtsEmp,233,"...","  Musical instruments manufacturing","Number of jobs",304,318,282,291,307,295,294,245,203,199,218,262,265,271,271,288,277
 "53000","Washington",8,SAACArtsEmp,234,"...","  Custom architectural woodwork and metalwork manufacturing","Number of jobs",337,444,426,422,435,480,709,744,563,528,555,563,(D),(D),753,806,800
 "53000","Washington",8,SAACArtsEmp,236,"...","  Other goods manufacturing","Number of jobs",600,555,567,586,629,586,749,791,613,580,514,(D),(D),(D),(D),(D),781
 "53000","Washington",8,SAACArtsEmp,240,"...","  Construction","Number of jobs",2852,3904,3762,3827,4196,3749,3651,2817,2582,2758,2521,1980,2064,2451,2365,2957,2969
 "53000","Washington",8,SAACArtsEmp,250,"...","  Wholesale and transportation industries","Number of jobs",3837,3775,3719,3586,3865,3818,3900,3890,3072,3506,3383,3019,2781,2612,2725,2629,2596
 "53000","Washington",8,SAACArtsEmp,260,"...","  Retail industries","Number of jobs",17070,16161,15390,15450,15466,16486,17171,17692,16826,17089,15398,16660,18537,21830,24064,28445,32220
 "53000","Washington",8,SAACArtsEmp,300,"..."," All other industries 2/","Number of jobs",4409,4367,4177,4100,4119,4118,4237,4135,3927,3564,3503,3293,3223,3390,3482,3582,(D)
"Note: See the included footnote file."
"SAACArtsEmp: ACPSA full-time and part-time employment by ACPSA industry 1/"
"Last updated: March 17, 2020-- new statistics for 2017; revised statistics for 2001-2016. "
"Source: U.S. Department of Commerce / Bureau of Economic Analysis / Regional Economic Accounts"
