GeoFIPS,GeoName,Region,TableName,LineCode,IndustryClassification,Description,Unit,2001,2002,2003,2004,2005,2006,2007,2008,2009,2010,2011,2012,2013,2014,2015,2016,2017
 "22000","Louisiana",5,SAACArtsEmp,1,"...","Total employment","Number of jobs",2012821,2001044,2004485,2012261,1980787,1948257,2011614,2035781,1995691,1982491,1996055,2016911,2038049,2067229,2075137,2048597,2046040
 "22000","Louisiana",5,SAACArtsEmp,10,"...","Total ACPSA employment","Number of jobs",58029,57843,57387,58330,54615,51599,53546,53974,49784,50643,50288,52052,54373,54180,55774,52827,52749
 "22000","Louisiana",5,SAACArtsEmp,100,"..."," Core arts and cultural production","Number of jobs",9589,9216,9331,10446,9137,8447,9006,9538,9123,9092,(D),9209,9504,10100,10174,10439,11023
 "22000","Louisiana",5,SAACArtsEmp,111,"...","  Performing arts companies","Number of jobs",910,745,731,740,477,439,472,(D),409,370,437,(D),419,471,419,430,532
 "22000","Louisiana",5,SAACArtsEmp,112,"...","  Promoters of performing arts and similar events","Number of jobs",461,479,368,1196,980,905,1103,1395,1436,1518,1383,1376,1556,1732,1775,1973,2034
 "22000","Louisiana",5,SAACArtsEmp,113,"...","  Agents/managers for artists","Number of jobs",40,35,32,20,18,36,44,38,21,20,23,7,8,11,14,18,21
 "22000","Louisiana",5,SAACArtsEmp,114,"...","  Independent artists, writers, and performers","Number of jobs",147,152,150,129,93,128,136,88,83,97,101,121,124,163,219,211,241
 "22000","Louisiana",5,SAACArtsEmp,120,"...","  Museums","Number of jobs",1492,1490,1566,1660,1464,1152,1403,1569,1600,1698,1772,1786,1873,1903,(D),(D),(D)
 "22000","Louisiana",5,SAACArtsEmp,131,"...","  Advertising","Number of jobs",1170,1156,1142,1243,1086,947,837,838,800,794,832,945,967,1141,1188,1170,1248
 "22000","Louisiana",5,SAACArtsEmp,132,"...","  Architectural services","Number of jobs",1114,1096,1329,1543,1545,1612,1751,1855,1430,1277,1249,1161,1178,1226,1213,1188,1211
 "22000","Louisiana",5,SAACArtsEmp,133,"...","  Landscape architectural services","Number of jobs",717,717,756,701,620,502,435,441,486,446,349,371,362,352,391,387,289
 "22000","Louisiana",5,SAACArtsEmp,134,"...","  Interior design services","Number of jobs",147,142,146,175,168,177,203,210,195,208,207,257,290,277,274,277,288
 "22000","Louisiana",5,SAACArtsEmp,135,"...","  Industrial design services","Number of jobs",25,21,24,18,24,22,16,20,17,12,12,14,11,13,14,24,20
 "22000","Louisiana",5,SAACArtsEmp,136,"...","  Graphic design services","Number of jobs",466,342,309,302,231,218,248,248,268,236,266,252,258,234,240,234,287
 "22000","Louisiana",5,SAACArtsEmp,137,"...","  Computer systems design","Number of jobs",71,69,72,91,120,138,140,103,105,105,109,113,109,107,116,130,142
 "22000","Louisiana",5,SAACArtsEmp,138,"...","  Photography and photofinishing services","Number of jobs",1642,1534,1452,1370,1165,1083,1075,(D),1018,955,(D),(D),762,733,(D),(D),(D)
 "22000","Louisiana",5,SAACArtsEmp,139,"...","  All other design services","Number of jobs",113,108,108,92,78,77,38,54,85,62,49,60,87,108,132,109,92
 "22000","Louisiana",5,SAACArtsEmp,140,"...","  Fine arts education","Number of jobs",508,525,563,620,582,547,597,647,647,696,727,824,861,910,980,1033,1064
 "22000","Louisiana",5,SAACArtsEmp,150,"...","  Education services","Number of jobs",566,603,584,546,487,464,508,530,523,599,557,583,640,718,708,667,845
 "22000","Louisiana",5,SAACArtsEmp,200,"..."," Supporting arts and cultural production","Number of jobs",45411,45607,45173,45085,42769,40554,41839,41793,38121,39246,38995,40723,42807,41924,43428,40227,39626
 "22000","Louisiana",5,SAACArtsEmp,211,"...","  Rental and leasing","Number of jobs",2204,2208,2249,2212,1999,1897,1780,1601,1374,1111,1017,1083,1103,873,772,788,724
 "22000","Louisiana",5,SAACArtsEmp,212,"...","  Grantmaking and giving services","Number of jobs",36,45,54,43,43,45,56,57,67,63,69,73,73,73,71,69,66
 "22000","Louisiana",5,SAACArtsEmp,213,"...","  Unions","Number of jobs",149,136,138,134,125,116,109,119,133,122,138,135,165,151,167,143,155
 "22000","Louisiana",5,SAACArtsEmp,214,"...","  Government","Number of jobs",21366,21917,20562,19972,18657,16746,16536,16575,16380,16437,16224,15762,16105,16306,14840,14735,15493
 "22000","Louisiana",5,SAACArtsEmp,215,"...","  Other support services","Number of jobs",31,18,19,17,17,13,13,12,12,7,8,8,8,9,10,9,10
 "22000","Louisiana",5,SAACArtsEmp,221,"...","  Publishing","Number of jobs",2690,2602,2678,2557,2382,(D),2290,2190,1909,1730,1656,1640,1561,1456,1425,1276,1196
 "22000","Louisiana",5,SAACArtsEmp,222,"...","  Motion pictures","Number of jobs",2111,2076,2825,3429,3931,3420,4315,5140,3042,4074,3757,5223,7076,6624,7964,5759,5491
 "22000","Louisiana",5,SAACArtsEmp,223,"...","  Sound recording","Number of jobs",80,75,88,(D),(D),(D),63,53,55,65,75,102,107,103,75,68,58
 "22000","Louisiana",5,SAACArtsEmp,224,"...","  Broadcasting","Number of jobs",(D),(D),(D),(D),4116,4233,4520,4828,4767,4896,4956,5156,5225,5339,5379,5202,5100
 "22000","Louisiana",5,SAACArtsEmp,225,"...","  Other information services","Number of jobs",351,270,259,232,230,231,175,224,214,258,270,251,263,253,242,242,188
 "22000","Louisiana",5,SAACArtsEmp,231,"...","  Jewelry and silverware manufacturing","Number of jobs",1398,1484,1499,1467,1673,1577,1529,1308,990,907,(D),(D),(D),(D),(D),(D),(D)
 "22000","Louisiana",5,SAACArtsEmp,232,"...","  Printed goods manufacturing","Number of jobs",(D),(D),(D),546,500,478,596,592,575,553,585,579,600,589,553,546,529
 "22000","Louisiana",5,SAACArtsEmp,233,"...","  Musical instruments manufacturing","Number of jobs",26,(D),(D),40,(D),33,33,32,35,24,(D),(D),(D),(D),(D),(D),(D)
 "22000","Louisiana",5,SAACArtsEmp,234,"...","  Custom architectural woodwork and metalwork manufacturing","Number of jobs",91,146,131,132,120,94,151,146,157,148,168,180,198,194,232,261,237
 "22000","Louisiana",5,SAACArtsEmp,236,"...","  Other goods manufacturing","Number of jobs",451,447,478,488,472,437,498,460,380,354,277,274,230,238,262,258,259
 "22000","Louisiana",5,SAACArtsEmp,240,"...","  Construction","Number of jobs",2627,2476,2740,2327,1544,2317,2100,1584,1620,2093,1781,1970,1419,1133,2363,1865,1325
 "22000","Louisiana",5,SAACArtsEmp,250,"...","  Wholesale and transportation industries","Number of jobs",1778,1813,1729,1741,1580,1447,1534,1528,1285,1448,1687,1683,1969,1970,2194,2225,2218
 "22000","Louisiana",5,SAACArtsEmp,260,"...","  Retail industries","Number of jobs",5860,5582,5315,5515,5283,5225,5541,5343,5126,4956,5458,5383,5478,5387,5669,5577,5369
 "22000","Louisiana",5,SAACArtsEmp,300,"..."," All other industries 2/","Number of jobs",3030,3020,2882,2799,2710,2598,2701,2643,2541,2305,(D),2119,2062,2156,2173,2161,2100
"Note: See the included footnote file."
"SAACArtsEmp: ACPSA full-time and part-time employment by ACPSA industry 1/"
"Last updated: March 17, 2020-- new statistics for 2017; revised statistics for 2001-2016. "
"Source: U.S. Department of Commerce / Bureau of Economic Analysis / Regional Economic Accounts"
