GeoFIPS,GeoName,Region,TableName,LineCode,IndustryClassification,Description,Unit,2001,2002,2003,2004,2005,2006,2007,2008,2009,2010,2011,2012,2013,2014,2015,2016,2017
 "37000","North Carolina",5,SAACArtsComp,1,"...","Total compensation","Thousands of dollars",160371299,162957779,168340289,178493489,188859252,201920367,214653542,219438233,211454924,216515016,222527671,232370554,237874021,250729957,263501208,271845644,283403091
 "37000","North Carolina",5,SAACArtsComp,10,"...","Total ACPSA compensation","Thousands of dollars",5444761,5506797,5445692,5465947,5347022,5556088,5766520,5963084,5754795,5935369,6174762,6404017,6689819,7197919,7670343,7746357,7930888
 "37000","North Carolina",5,SAACArtsComp,100,"..."," Core arts and cultural production","Thousands of dollars",829351,826507,832723,855062,890720,996609,1106039,1099217,1011394,978706,1012041,1145198,1175127,1241073,1321038,1312614,1410397
 "37000","North Carolina",5,SAACArtsComp,111,"...","  Performing arts companies","Thousands of dollars",67284,50822,41803,46821,35606,32701,33414,35070,35835,39994,44634,42122,39140,41881,39203,40729,40418
 "37000","North Carolina",5,SAACArtsComp,112,"...","  Promoters of performing arts and similar events","Thousands of dollars",24637,39579,32119,32589,30139,33904,38386,45512,50207,47358,47768,63231,65061,73721,82311,97550,104386
 "37000","North Carolina",5,SAACArtsComp,113,"...","  Agents/managers for artists","Thousands of dollars",4051,6445,5117,4307,6173,7144,6856,6081,6184,7679,8927,12204,14498,15923,20147,23421,24392
 "37000","North Carolina",5,SAACArtsComp,114,"...","  Independent artists, writers, and performers","Thousands of dollars",49452,25629,31403,30072,34408,41839,57497,55293,65135,67620,75066,96980,111268,97095,106224,68005,74743
 "37000","North Carolina",5,SAACArtsComp,120,"...","  Museums","Thousands of dollars",27706,43574,37547,39663,43127,51160,62876,65653,65507,61829,(D),(D),(D),(D),75099,83523,84528
 "37000","North Carolina",5,SAACArtsComp,131,"...","  Advertising","Thousands of dollars",77888,76236,84849,91089,103381,116315,122815,123629,101336,97089,100335,116058,119958,131232,141147,168628,191561
 "37000","North Carolina",5,SAACArtsComp,132,"...","  Architectural services","Thousands of dollars",192616,184905,196702,195173,215846,246245,286164,296274,239072,206780,210608,210236,222160,233348,254572,278089,305828
 "37000","North Carolina",5,SAACArtsComp,133,"...","  Landscape architectural services","Thousands of dollars",42687,48692,49567,50960,58933,78597,103889,88335,68240,68573,73545,84123,104153,120600,134373,72815,76078
 "37000","North Carolina",5,SAACArtsComp,134,"...","  Interior design services","Thousands of dollars",18154,18685,21568,23013,24873,27409,33742,29552,21205,17764,18004,24736,20664,22557,26583,27897,29729
 "37000","North Carolina",5,SAACArtsComp,135,"...","  Industrial design services","Thousands of dollars",15255,15323,17232,22272,21895,24509,21111,17807,16571,15591,16829,22557,16467,18636,16384,18402,18256
 "37000","North Carolina",5,SAACArtsComp,136,"...","  Graphic design services","Thousands of dollars",39409,39567,38760,39222,40763,49340,54200,43795,37409,39932,44101,61347,62178,66394,79579,83481,106282
 "37000","North Carolina",5,SAACArtsComp,137,"...","  Computer systems design","Thousands of dollars",22631,19235,20189,20398,23488,27208,32183,32500,32804,37761,41957,51589,49475,56802,62108,62957,67046
 "37000","North Carolina",5,SAACArtsComp,138,"...","  Photography and photofinishing services","Thousands of dollars",165441,166192,156804,147596,137162,135726,123849,114479,106935,97641,(D),(D),(D),(D),96648,88406,90317
 "37000","North Carolina",5,SAACArtsComp,139,"...","  All other design services","Thousands of dollars",8823,8947,10892,7995,4886,4990,4768,4570,3602,4660,5269,7567,6719,7070,5814,6930,6564
 "37000","North Carolina",5,SAACArtsComp,140,"...","  Fine arts education","Thousands of dollars",22157,18567,22970,26230,28445,29816,29654,44518,55437,58602,50948,42812,43021,46170,41680,42809,46352
 "37000","North Carolina",5,SAACArtsComp,150,"...","  Education services","Thousands of dollars",51160,64110,65199,77664,81598,89707,94633,96148,105915,109833,117156,120231,123863,134661,139166,148973,143915
 "37000","North Carolina",5,SAACArtsComp,200,"..."," Supporting arts and cultural production","Thousands of dollars",4359869,4418411,4356884,4348904,4184339,4277283,4360476,4567456,4463828,4694609,4901721,5007513,5265779,5688133,6064608,6137203,6215866
 "37000","North Carolina",5,SAACArtsComp,211,"...","  Rental and leasing","Thousands of dollars",27846,32752,28541,28489,28193,35318,31690,25986,23338,20170,17079,16479,14500,13319,14837,17134,16110
 "37000","North Carolina",5,SAACArtsComp,212,"...","  Grantmaking and giving services","Thousands of dollars",4111,4844,5796,5674,6602,8546,11153,9831,10620,8508,10297,8729,10338,10194,11642,10992,11587
 "37000","North Carolina",5,SAACArtsComp,213,"...","  Unions","Thousands of dollars",7878,3978,5011,5314,4964,6856,8398,9456,11097,12237,12780,12866,14436,14081,14441,14961,16168
 "37000","North Carolina",5,SAACArtsComp,214,"...","  Government","Thousands of dollars",2117350,2164579,2066658,1969535,1788181,1695392,1576250,1653716,1710870,1796530,1804979,1758921,1789602,1804045,1891201,1925560,1959112
 "37000","North Carolina",5,SAACArtsComp,215,"...","  Other support services","Thousands of dollars",2014,1822,1542,2128,2458,1245,1674,1977,1612,1576,1579,1906,1615,1656,1916,1672,1838
 "37000","North Carolina",5,SAACArtsComp,221,"...","  Publishing","Thousands of dollars",518980,529789,576020,586490,586496,624873,655078,659607,645898,649942,679497,725682,793461,984837,1136061,1209304,1259963
 "37000","North Carolina",5,SAACArtsComp,222,"...","  Motion pictures","Thousands of dollars",78571,69028,75683,77648,80995,86564,99377,106244,110435,115077,110809,115574,119593,126344,155250,164098,150225
 "37000","North Carolina",5,SAACArtsComp,223,"...","  Sound recording","Thousands of dollars",11811,(D),(D),(D),12947,(D),14767,18948,(D),14867,15057,(D),18609,(D),22981,23537,22466
 "37000","North Carolina",5,SAACArtsComp,224,"...","  Broadcasting","Thousands of dollars",428733,453916,493752,524743,557068,589636,661437,708849,754569,781676,836231,916348,952995,1008354,1003379,1043056,1070107
 "37000","North Carolina",5,SAACArtsComp,225,"...","  Other information services","Thousands of dollars",(D),20556,23705,30151,47943,78894,53458,70372,76486,76349,85249,118377,112069,108847,115059,104619,116883
 "37000","North Carolina",5,SAACArtsComp,231,"...","  Jewelry and silverware manufacturing","Thousands of dollars",5777,5976,7772,6175,9752,11436,11835,12857,(D),4754,4107,9414,10992,13228,13659,14056,16016
 "37000","North Carolina",5,SAACArtsComp,232,"...","  Printed goods manufacturing","Thousands of dollars",(D),96787,97491,111890,116600,123299,152531,148769,121871,114675,112236,102113,106180,109129,105250,106798,105413
 "37000","North Carolina",5,SAACArtsComp,233,"...","  Musical instruments manufacturing","Thousands of dollars",3908,(D),4067,3925,(D),(D),4919,4314,4600,5145,5030,5856,7244,6786,8484,9712,9226
 "37000","North Carolina",5,SAACArtsComp,234,"...","  Custom architectural woodwork and metalwork manufacturing","Thousands of dollars",122671,158336,146316,133346,121823,101288,121144,112157,77775,72190,73271,75627,74215,69291,78765,75635,75501
 "37000","North Carolina",5,SAACArtsComp,236,"...","  Other goods manufacturing","Thousands of dollars",121424,97673,(D),(D),(D),63717,77516,72505,64357,69607,(D),(D),(D),77596,(D),(D),94781
 "37000","North Carolina",5,SAACArtsComp,240,"...","  Construction","Thousands of dollars",133797,122024,146841,201443,191274,168635,154885,168117,140124,138106,105604,76164,110166,209668,258486,221560,185997
 "37000","North Carolina",5,SAACArtsComp,250,"...","  Wholesale and transportation industries","Thousands of dollars",307793,303474,262248,243614,229242,316212,352633,401224,348269,481178,(D),574483,(D),(D),(D),(D),655315
 "37000","North Carolina",5,SAACArtsComp,260,"...","  Retail industries","Thousands of dollars",329092,337618,327814,330951,333854,349365,371730,382527,340007,332022,386032,401217,425372,436556,437506,443006,449156
 "37000","North Carolina",5,SAACArtsComp,300,"..."," All other industries 2/","Thousands of dollars",255541,261879,256085,261981,271963,282196,300005,296411,279574,262053,261000,251306,248913,268713,284697,296540,304624
"Note: See the included footnote file."
"SAACArtsComp: ACPSA compensation by ACPSA industry 1/"
"Last updated: March 17, 2020-- new statistics for 2017; revised statistics for 2001-2016. "
"Source: U.S. Department of Commerce / Bureau of Economic Analysis / Regional Economic Accounts"
