GeoFIPS,GeoName,Region,TableName,LineCode,IndustryClassification,Description,Unit,2001,2002,2003,2004,2005,2006,2007,2008,2009,2010,2011,2012,2013,2014,2015,2016,2017
 "25000","Massachusetts",1,SAACEmpLQ,10,"...","Total","Location quotient",1.091,1.051,1.055,1.071,1.093,1.123,1.144,1.148,1.118,1.114,1.106,1.111,1.101,1.089,1.091,1.101,1.124
 "25000","Massachusetts",1,SAACEmpLQ,100,"..."," Core arts and cultural production","Location quotient",1.406,1.397,1.377,1.425,1.447,1.491,1.495,1.480,1.468,1.474,1.480,1.475,1.471,1.435,1.448,1.485,1.486
 "25000","Massachusetts",1,SAACEmpLQ,111,"...","  Performing arts companies","Location quotient",1.102,1.083,1.157,1.198,1.167,1.209,1.152,1.108,1.106,1.168,1.236,1.198,1.156,1.206,1.202,1.230,1.216
 "25000","Massachusetts",1,SAACEmpLQ,112,"...","  Promoters of performing arts and similar events","Location quotient",0.935,1.082,1.132,1.120,1.278,1.391,1.695,1.846,1.599,1.726,1.722,1.717,1.683,1.555,1.538,1.592,1.475
 "25000","Massachusetts",1,SAACEmpLQ,113,"...","  Agents/managers for artists","Location quotient",0.264,0.270,0.280,0.353,0.404,0.328,0.318,0.332,0.322,0.338,0.346,0.321,0.417,0.423,0.445,0.372,0.359
 "25000","Massachusetts",1,SAACEmpLQ,114,"...","  Independent artists, writers, and performers","Location quotient",0.465,0.439,0.434,0.451,0.452,0.437,0.371,0.437,0.435,0.433,0.455,0.558,0.547,0.597,0.733,0.720,0.797
 "25000","Massachusetts",1,SAACEmpLQ,120,"...","  Museums","Location quotient",1.798,1.888,1.873,1.798,1.792,1.781,1.746,1.702,1.648,1.640,1.602,1.575,1.643,1.595,1.553,1.529,1.529
 "25000","Massachusetts",1,SAACEmpLQ,131,"...","  Advertising","Location quotient",1.190,1.085,1.052,1.090,1.088,1.103,1.136,1.152,1.087,0.975,0.977,1.002,0.973,0.994,0.996,1.010,1.042
 "25000","Massachusetts",1,SAACEmpLQ,132,"...","  Architectural services","Location quotient",1.922,1.882,1.756,1.645,1.657,1.643,1.643,1.659,1.682,1.705,1.776,1.754,1.787,1.743,1.743,1.679,1.682
 "25000","Massachusetts",1,SAACEmpLQ,133,"...","  Landscape architectural services","Location quotient",0.605,0.607,0.634,0.747,0.812,0.833,0.902,0.963,1.066,1.134,1.214,1.248,1.240,1.363,1.282,1.366,1.307
 "25000","Massachusetts",1,SAACEmpLQ,134,"...","  Interior design services","Location quotient",1.035,1.071,0.845,0.795,0.777,1.160,1.211,1.207,0.922,0.837,0.859,0.909,0.864,0.847,0.814,0.854,0.846
 "25000","Massachusetts",1,SAACEmpLQ,135,"...","  Industrial design services","Location quotient",0.805,0.881,1.106,2.002,1.711,1.609,0.972,1.024,1.089,1.110,1.061,1.082,0.851,0.787,0.735,0.735,0.709
 "25000","Massachusetts",1,SAACEmpLQ,136,"...","  Graphic design services","Location quotient",1.261,1.133,1.085,1.125,1.121,1.072,1.089,1.124,1.066,1.060,0.986,0.976,0.923,0.896,0.875,0.868,0.839
 "25000","Massachusetts",1,SAACEmpLQ,137,"...","  Computer systems design","Location quotient",1.394,1.274,1.276,1.353,1.416,1.496,1.552,1.580,1.635,1.549,1.598,1.695,1.782,1.784,1.831,1.864,1.830
 "25000","Massachusetts",1,SAACEmpLQ,138,"...","  Photography and photofinishing services","Location quotient",0.840,0.842,0.820,0.780,0.782,0.792,0.818,0.796,0.755,0.769,0.773,0.812,0.849,0.844,0.817,0.821,0.782
 "25000","Massachusetts",1,SAACEmpLQ,139,"...","  All other design services","Location quotient",0.796,0.790,0.718,0.596,0.532,0.583,0.606,0.667,0.578,0.735,0.715,0.823,0.861,1.223,1.379,1.444,1.456
 "25000","Massachusetts",1,SAACEmpLQ,140,"...","  Fine arts education","Location quotient",1.761,1.789,1.880,1.937,1.937,1.908,1.901,1.900,1.917,1.883,1.892,1.901,1.825,1.787,1.817,1.849,1.753
 "25000","Massachusetts",1,SAACEmpLQ,150,"...","  Education services","Location quotient",3.758,3.557,3.331,3.749,3.775,4.080,3.928,3.454,3.585,3.615,3.602,3.480,3.442,3.097,3.197,3.538,3.723
 "25000","Massachusetts",1,SAACEmpLQ,200,"..."," Supporting arts and cultural production","Location quotient",1.014,0.964,0.972,0.978,0.998,1.022,1.045,1.054,1.020,1.015,1.000,1.004,0.990,0.981,0.979,0.978,1.008
 "25000","Massachusetts",1,SAACEmpLQ,211,"...","  Rental and leasing","Location quotient",0.956,0.928,0.909,0.894,0.872,0.806,0.738,0.650,0.610,0.540,0.504,0.530,0.513,0.552,0.519,0.488,0.458
 "25000","Massachusetts",1,SAACEmpLQ,212,"...","  Grantmaking and giving services","Location quotient",0.756,0.787,0.818,0.866,0.913,0.961,0.978,1.031,0.991,0.969,1.039,1.069,1.033,1.001,0.985,0.931,0.890
 "25000","Massachusetts",1,SAACEmpLQ,213,"...","  Unions","Location quotient",0.817,0.845,0.890,0.889,0.913,0.932,0.946,0.955,0.957,0.973,0.996,1.028,1.041,1.084,1.091,1.105,1.176
 "25000","Massachusetts",1,SAACEmpLQ,214,"...","  Government","Location quotient",0.755,0.734,0.743,0.788,0.827,(D),0.881,0.855,0.818,0.819,0.828,0.833,0.849,0.857,0.855,0.866,0.882
 "25000","Massachusetts",1,SAACEmpLQ,215,"...","  Other support services","Location quotient",0.760,0.728,0.863,0.983,0.975,0.914,0.972,1.218,0.841,0.784,0.808,0.774,0.833,0.805,0.805,0.741,1.009
 "25000","Massachusetts",1,SAACEmpLQ,221,"...","  Publishing","Location quotient",1.974,1.925,1.900,1.910,1.997,2.013,2.036,2.070,2.135,2.250,2.318,2.358,2.340,2.368,2.420,2.409,2.474
 "25000","Massachusetts",1,SAACEmpLQ,222,"...","  Motion pictures","Location quotient",0.582,0.585,0.574,0.551,0.536,0.525,0.575,0.700,0.699,0.608,0.597,0.658,0.660,0.594,0.550,0.558,0.624
 "25000","Massachusetts",1,SAACEmpLQ,223,"...","  Sound recording","Location quotient",0.470,0.358,0.369,0.384,0.368,0.382,0.397,0.422,0.388,(D),0.513,0.506,0.528,0.488,0.477,0.449,0.503
 "25000","Massachusetts",1,SAACEmpLQ,224,"...","  Broadcasting","Location quotient",(D),(D),(D),(D),0.978,1.003,0.987,0.987,0.961,0.940,0.868,0.857,0.795,0.781,0.774,0.744,0.833
 "25000","Massachusetts",1,SAACEmpLQ,225,"...","  Other information services","Location quotient",2.530,2.490,2.287,2.065,1.893,1.897,1.827,1.963,1.824,2.157,2.073,2.108,1.951,1.841,1.730,1.502,1.425
 "25000","Massachusetts",1,SAACEmpLQ,231,"...","  Jewelry and silverware manufacturing","Location quotient",2.420,2.369,2.611,2.714,2.523,2.455,2.431,2.278,2.068,1.965,1.892,2.151,2.278,2.167,2.173,2.143,2.133
 "25000","Massachusetts",1,SAACEmpLQ,232,"...","  Printed goods manufacturing","Location quotient",(D),(D),(D),1.021,1.028,1.091,1.094,1.089,1.056,(D),1.064,1.042,1.044,1.023,1.015,0.983,0.971
 "25000","Massachusetts",1,SAACEmpLQ,233,"...","  Musical instruments manufacturing","Location quotient",1.348,1.483,1.570,1.752,1.846,1.961,2.011,2.029,1.893,1.975,1.984,1.921,1.893,1.835,1.795,1.807,1.822
 "25000","Massachusetts",1,SAACEmpLQ,234,"...","  Custom architectural woodwork and metalwork manufacturing","Location quotient",0.612,0.676,0.697,0.746,0.783,0.785,0.859,0.902,0.924,0.917,0.912,0.856,0.827,0.817,0.811,0.833,0.890
 "25000","Massachusetts",1,SAACEmpLQ,236,"...","  Other goods manufacturing","Location quotient",(D),(D),0.481,(D),0.534,(D),0.614,0.485,0.510,0.525,0.634,0.577,0.573,0.537,0.562,0.549,0.565
 "25000","Massachusetts",1,SAACEmpLQ,240,"...","  Construction","Location quotient",0.919,0.563,0.682,0.540,0.477,0.558,0.748,0.918,0.811,0.627,0.562,0.570,0.517,0.581,0.730,1.192,1.411
 "25000","Massachusetts",1,SAACEmpLQ,250,"...","  Wholesale and transportation industries","Location quotient",0.983,0.955,0.920,0.940,0.966,0.919,0.936,0.973,0.929,0.886,0.889,0.753,0.721,0.671,0.679,0.685,0.674
 "25000","Massachusetts",1,SAACEmpLQ,260,"...","  Retail industries","Location quotient",1.033,0.991,0.991,0.984,0.984,0.979,1.001,0.976,0.945,0.969,0.875,0.841,0.833,0.837,0.809,0.810,0.794
 "25000","Massachusetts",1,SAACEmpLQ,300,"..."," All other industries 2/","Location quotient",1.020,1.024,1.027,1.028,1.028,1.028,1.026,1.027,1.033,1.035,1.032,1.020,1.015,1.013,1.011,1.013,1.012
"Note: See the included footnote file."
"SAACEmpLQ: Arts Employment Location Quotient 1/"
"Last updated: March 17, 2020-- new statistics for 2017; revised statistics for 2001-2016. "
"Source: U.S. Department of Commerce / Bureau of Economic Analysis / Regional Economic Accounts"
